sample_id,plant_species,latitude,longitude,MAT,MAP,pH,amf_seq_richness,amf_genus_richness,total_reads
3,Arrhenatherum elatius,50.5714,14.6514,8.7,580,6.42,7,2,84
4,Pancratium maritimum,38.0341,12.5335,18.6,511,,3,1,9
5,Daucus carota,50.0572,14.3542,8.7,485,7.25,4,3,9
7,Achillea millefolium,50.0572,14.3542,8.7,485,7.25,3,2,3
8,Achillea millefolium,50.0572,14.3542,8.7,485,7.25,10,4,48
9,Daucus carota,49.5289,17.0861,9.1,617,7.59,310,3,293195
10,Pancratium maritimum,40.8485,14.0475,17.4,831,,2496,3,9833452
11,Pancratium maritimum,40.8485,14.0475,17.4,831,,2222,3,6963875
13,Symphiotrichum novi-belgii,50.115,14.2897,8.5,509,6.33,12,7,34
14,Arrhenatherum elatius,50.085,14.2944,8.4,491,7.08,802,4,2923524
15,Pancratium maritimum,38.0341,12.5335,18.6,511,,1,1,1
19,Daucus carota,50.085,14.2944,8.4,491,7.08,207,5,436015
20,Achillea millefolium,50.0903,14.6369,9.1,563,5.99,1101,5,9995587
21,Daucus carota,50.5714,14.6514,8.7,580,6.42,3,2,9
24,Echinops sphaerocephalus,50.0853,14.2792,8.4,507,7.1,17,5,178
25,Pancratium maritimum,40.8485,14.0475,17.4,831,,99,1,10890
27,Daucus carota,50.0572,14.3542,8.7,485,7.25,4,3,8
29,Pancratium maritimum,35.8633,12.8548,19.2,394,,20483,1,1346409039
30,Erigeron annuus,50.0867,14.6342,9.1,563,4.77,770,3,3741544
35,Achillea millefolium,50.0583,14.3481,8.7,467,6.76,1,1,4
36,Daucus carota,50.0864,14.6356,9.1,563,5.57,648,3,7051812
39,Conyza canadensis,49.7354,16.96,9.1,585,7.41,2,1,4
45,Tanacetum vulgare,50.2486,14.8917,9.2,588,7.38,645,7,1114710
46,Arrhenatherum elatius,50.0861,14.6364,9.1,563,5.37,1455,2,47587006
48,Knautia arvensis,50.0643,12.7943,6.2,652,5.73,1,1,1
49,Tanacetum vulgare,50.2481,14.8922,9.2,588,7.43,694,2,15863694
50,Arrhenatherum elatius,49.9989,14.3386,9.0,460,7.55,66,5,2909
51,Arrhenatherum elatius,50.0861,14.6364,9.1,563,5.37,2099,6,74207639
52,Tanacetum vulgare,50.2486,14.8917,9.2,588,7.38,476,9,361238
53,Daucus carota,50.085,14.2944,8.4,491,7.08,2583,1,90632304
54,Arrhenatherum elatius,49.9992,14.3336,9.0,460,7.59,401,6,330015
55,Erigeron annuus,50.0867,14.6342,9.1,563,4.77,665,5,2560704
56,Tanacetum vulgare,50.0867,14.6342,9.1,563,4.77,1807,1,50251202
58,Erigeron annuus,50.5714,14.6514,8.7,580,6.42,2,2,2
59,Pancratium maritimum,35.8633,12.8548,19.2,394,,16558,2,941043046
60,Arrhenatherum elatius,50.0583,14.3481,8.7,467,6.76,1,1,4
61,Artemisia vulgaris,49.5288,17.0863,9.1,617,7.66,58,6,7573
62,Pancratium maritimum,40.8485,14.0475,17.4,831,,106,3,12569
63,Daucus carota,50.0267,14.5414,8.9,535,5.18,999,3,6303288
64,Arrhenatherum elatius,50.1392,14.3699,8.9,464,7.05,3,3,13
65,Arrhenatherum elatius,50.085,14.2944,8.4,491,7.08,71,1,11289
66,Arrhenatherum elatius,50.0583,14.3481,8.7,467,6.76,4,3,12
67,Daucus carota,50.0853,14.2792,8.4,507,7.1,4,2,11
68,Arrhenatherum elatius,50.0269,14.5419,9.0,512,6.48,783,5,3318877
69,Arrhenatherum elatius,49.9989,14.3386,9.0,460,7.55,49,3,4023
70,Achillea millefolium,50.0583,14.3481,8.7,467,6.76,86,3,42142
71,Arrhenatherum elatius,50.0269,14.5419,9.0,512,6.48,32,4,713
73,Arrhenatherum elatius,50.0853,14.2792,8.4,507,7.1,5,3,24
74,Tanacetum vulgare,50.0267,14.5414,8.9,535,5.18,35,3,31814
75,Echinops sphaerocephalus,49.9989,14.3386,9.0,460,7.55,6,3,49
76,Tanacetum vulgare,50.0267,14.5414,8.9,535,5.18,231,3,176578
77,Daucus carota,50.0269,14.5419,9.0,512,6.48,26,1,5304
78,Arrhenatherum elatius,50.2078,14.6825,9.5,534,6.51,2,2,6
79,Solidago canadensis,50.0267,14.5414,8.9,535,5.18,502,3,1270119
81,Daucus carota,50.5714,14.6514,8.7,580,6.42,112,7,23580
82,Daucus carota,50.21,14.6792,9.4,558,4.93,22,3,1283
83,Solidago canadensis,50.21,14.6792,9.4,558,4.93,26,4,692
84,Artemisia vulgaris,49.7357,16.96,9.1,585,7.51,66,7,3363
85,Tanacetum vulgare,50.2078,14.6825,9.5,534,6.51,13,4,83
86,Arrhenatherum elatius,50.2078,14.6825,9.5,534,6.51,700,4,13004689
91,Pancratium maritimum,35.8633,12.8548,19.2,394,,14156,5,387229970
94,Arrhenatherum elatius,50.0867,14.6308,9.1,556,4.7,3,2,14
95,Arrhenatherum elatius,50.2481,14.8922,9.2,588,7.43,90,2,37203
98,Achillea millefolium,50.1147,14.2922,8.5,506,6.25,223,3,730781
99,Vitis vinifera,46.3122,4.7225,11.2,840,7.96,4,1,40
100,Symphiotrichum novi-belgii,50.115,14.2897,8.5,509,6.33,4,2,37
101,Tanacetum vulgare,50.2486,14.8917,9.2,588,7.38,14,4,871
102,Arrhenatherum elatius,49.9989,14.3386,9.0,460,7.55,55,4,5585
103,Pancratium maritimum,35.8633,12.8548,19.2,394,,11172,4,238851884
104,Achillea millefolium,50.0572,14.3547,8.7,485,6.29,31,4,2492
106,Arrhenatherum elatius,50.0903,14.6369,9.1,563,5.99,3,3,4
107,Achillea millefolium,50.115,14.2897,8.5,509,6.33,19,4,173
108,Arrhenatherum elatius,49.9992,14.3336,9.0,460,7.59,968,5,3797490
109,Arrhenatherum elatius,50.0572,14.3547,8.7,485,6.29,984,5,3315714
110,Arrhenatherum elatius,50.5714,14.6442,8.6,577,5.47,15,2,159
111,Arrhenatherum elatius,50.0901,14.6371,9.1,563,4.62,426,6,978478
112,Daucus carota,50.0269,14.5419,9.0,512,6.48,915,2,11785933
113,Achillea millefolium,50.115,14.2897,8.5,509,6.33,162,7,43444
114,Daucus carota,49.5289,17.0861,9.1,617,7.59,270,3,516846
115,Arrhenatherum elatius,49.5288,17.0863,9.1,617,7.66,26,5,325
116,Daucus carota,50.1147,14.2922,8.5,506,6.25,147,2,241408
117,Knautia arvensis,50.0632,12.7536,6.0,682,5.13,1,1,5
118,Pancratium maritimum,38.0341,12.5335,18.6,511,,1,1,1
119,Arrhenatherum elatius,50.0572,14.3542,8.7,485,7.25,426,4,970230
121,Echinops sphaerocephalus,50.0572,14.3547,8.7,485,6.29,103,7,12861
123,Erigeron annuus,50.5714,14.6514,8.7,580,6.42,350,4,267061
126,Symphiotrichum novi-belgii,50.0901,14.6371,9.1,563,4.62,19,3,1601
127,Arrhenatherum elatius,50.085,14.2944,8.4,491,7.08,2,2,2
129,Arrhenatherum elatius,50.0867,14.6342,9.1,563,4.77,3,3,18
131,Daucus carota,50.0867,14.6308,9.1,556,4.7,1845,5,20706548
132,Knautia arvensis,50.0632,12.7536,6.0,682,4.65,2,1,4
133,Conyza canadensis,49.5289,17.0861,9.1,617,7.59,174,3,525603
134,Daucus carota,50.115,14.2897,8.5,509,6.33,5,3,22
135,Arrhenatherum elatius,50.1393,14.3697,8.9,464,7.09,1,1,1
136,Arrhenatherum elatius,50.115,14.2897,8.5,509,6.33,2,1,3
137,Tanacetum vulgare,50.0864,14.6356,9.1,563,5.57,224,7,640956
142,Centaurea stoebe,48.201,16.974,10.7,612,7.84,2,1,8
143,Tanacetum vulgare,50.0867,14.6308,9.1,556,4.7,1261,2,21706421
144,Achillea millefolium,50.085,14.2944,8.4,491,7.08,1,1,2
146,Tanacetum vulgare,50.0861,14.6364,9.1,563,5.37,1995,5,24892011
147,Arrhenatherum elatius,50.0572,14.3547,8.7,485,6.29,3,2,6
149,Achillea millefolium,50.0903,14.6369,9.1,563,5.99,239,3,120281
152,Arrhenatherum elatius,49.5289,17.0861,9.1,617,7.59,23,2,1649
153,Daucus carota,50.115,14.2897,8.5,509,6.33,13,3,430
154,Artemisia vulgaris,49.7357,16.96,9.1,585,7.51,292,7,73313
155,Symphiotrichum novi-belgii,50.0572,14.3561,8.7,485,6.68,119,2,39420
156,Daucus carota,50.2486,14.8917,9.2,588,7.38,4,3,12
157,Daucus carota,50.2481,14.8922,9.2,588,7.43,94,5,7374
158,Arrhenatherum elatius,50.5714,14.6442,8.6,577,5.47,257,3,88052
159,Knautia arvensis,50.074,12.7813,6.2,666,4.73,1,1,5
160,Arrhenatherum elatius,50.1147,14.2922,8.5,506,6.25,72,3,522475
161,Daucus carota,50.0867,14.6308,9.1,556,4.7,3103,3,39986719
163,Arrhenatherum elatius,50.2486,14.8917,9.2,588,7.38,570,5,1050466
164,Daucus carota,49.7357,16.96,9.1,585,7.51,1,1,1
165,Artemisia vulgaris,49.7354,16.96,9.1,585,7.41,230,9,64252
168,Arrhenatherum elatius,49.7357,16.96,9.1,585,7.51,8,1,44
169,Pancratium maritimum,38.0341,12.5335,18.6,511,,2,1,4
171,Daucus carota,50.0267,14.5414,8.9,535,5.18,239,2,339070
172,Daucus carota,49.9989,14.3386,9.0,460,7.55,374,3,3115609
180,Arrhenatherum elatius,50.0864,14.6356,9.1,563,5.57,22,4,545
183,Artemisia vulgaris,49.5289,17.0861,9.1,617,7.59,23,2,841
184,Erigeron annuus,50.5714,14.6514,8.7,580,6.42,448,4,156171
185,Vitis vinifera,47.0711,4.86222,11.2,761,8.02,101,3,89082
186,Daucus carota,49.9992,14.3336,9.0,460,7.59,2,1,2
187,Arrhenatherum elatius,49.7354,16.96,9.1,585,7.41,40,6,11499
188,Symphiotrichum novi-belgii,50.0572,14.3561,8.7,485,6.68,1,1,4
189,Arrhenatherum elatius,50.0572,14.3561,8.7,485,6.68,10,2,83
191,Daucus carota,50.0901,14.6371,9.1,563,4.62,4,3,8
193,Erigeron annuus,50.5714,14.6514,8.7,580,6.42,274,4,307753
194,Daucus carota,50.5714,14.6442,8.6,577,5.47,7,5,25
196,Daucus carota,50.2078,14.6825,9.5,534,6.51,1,1,1
197,Daucus carota,50.1392,14.3699,8.9,464,7.05,63,3,31844
198,Artemisia vulgaris,49.7354,16.96,9.1,585,7.41,151,5,50786
199,Achillea millefolium,50.085,14.2944,8.4,491,7.08,144,4,157377
201,Daucus carota,50.0853,14.2792,8.4,507,7.1,3,3,6
203,Daucus carota,50.5714,14.6442,8.6,577,5.47,5,3,37
204,Daucus carota,50.5714,14.6442,8.6,577,5.47,496,5,1276753
206,Vitis vinifera,46.9256,4.7125,10.8,790,8.11,17,2,7172
209,Daucus carota,50.0269,14.5419,9.0,512,6.48,894,2,6005146
210,Daucus carota,50.1147,14.2922,8.5,506,6.25,1,1,3
211,Daucus carota,50.5714,14.6514,8.7,580,6.42,1573,7,5493279
212,Daucus carota,50.2481,14.8922,9.2,588,7.43,302,3,163100
213,Tanacetum vulgare,50.5714,14.6442,8.6,577,5.47,1658,3,22467247
214,Daucus carota,50.0901,14.6371,9.1,563,4.62,27,4,2237
215,Arrhenatherum elatius,50.0864,14.6356,9.1,563,5.57,98,5,22332
216,Arrhenatherum elatius,50.0864,14.6356,9.1,563,5.57,39,2,94265
217,Daucus carota,50.0864,14.6356,9.1,563,5.57,8,3,44
218,Arrhenatherum elatius,50.0864,14.6356,9.1,563,5.57,523,2,1208489
219,Tanacetum vulgare,50.0269,14.5419,9.0,512,6.48,421,5,1184579
220,Arrhenatherum elatius,50.0867,14.6308,9.1,556,4.7,176,3,106202
221,Tanacetum vulgare,50.0867,14.6308,9.1,556,4.7,345,3,860084
222,Arrhenatherum elatius,49.7354,16.96,9.1,585,7.41,71,4,12301
223,Achillea millefolium,50.0583,14.3481,8.7,467,6.76,136,3,83289
224,Echinops sphaerocephalus,49.9989,14.3386,9.0,460,7.55,1,1,8
226,Arrhenatherum elatius,49.5288,17.0863,9.1,617,7.66,11,5,36
228,Arrhenatherum elatius,50.21,14.6792,9.4,558,4.93,663,5,4675825
230,Achillea millefolium,50.085,14.2944,8.4,491,7.08,3,2,12
236,Daucus carota,50.0861,14.6364,9.1,563,5.37,650,4,2647423
239,Daucus carota,50.0903,14.6369,9.1,563,5.99,414,4,732830
240,Solidago canadensis,50.0267,14.5414,8.9,535,5.18,872,4,4053377
241,Arrhenatherum elatius,49.9992,14.3336,9.0,460,7.59,274,7,227195
242,Arrhenatherum elatius,50.0572,14.3542,8.7,485,7.25,134,2,39632
243,Daucus carota,49.9992,14.3336,9.0,460,7.59,5,2,135
244,Tanacetum vulgare,50.2481,14.8922,9.2,588,7.43,6,4,37
245,Arrhenatherum elatius,50.0901,14.6371,9.1,563,4.62,131,2,46777
246,Artemisia vulgaris,50.1393,14.3697,8.9,464,7.09,701,3,5893500
249,Arrhenatherum elatius,50.0267,14.5414,8.9,535,5.18,26,5,609
250,Arrhenatherum elatius,50.1392,14.3699,8.9,464,7.05,2,1,4
253,Daucus carota,50.0853,14.2792,8.4,507,7.1,826,3,19695128
256,Solidago canadensis,50.21,14.6792,9.4,558,4.93,859,4,4708916
257,Daucus carota,50.0572,14.3547,8.7,485,6.29,107,5,55462
260,Conyza canadensis,50.1393,14.3697,8.9,464,7.09,181,2,230556
262,Daucus carota,50.0864,14.6356,9.1,563,5.57,212,5,122630
263,Knautia arvensis,50.0643,12.7943,6.2,652,5.49,1,1,1
265,Arrhenatherum elatius,50.5714,14.6442,8.6,577,5.47,4,3,13
266,Tanacetum vulgare,50.0269,14.5419,9.0,512,6.48,322,8,393211
267,Tanacetum vulgare,50.2078,14.6825,9.5,534,6.51,49,3,14836
268,Arrhenatherum elatius,49.5289,17.0861,9.1,617,7.59,1,1,1
269,Symphiotrichum novi-belgii,50.0901,14.6371,9.1,563,4.62,745,4,3877838
270,Tanacetum vulgare,50.0867,14.6342,9.1,563,4.77,301,2,708302
272,Arrhenatherum elatius,49.7354,16.96,9.1,585,7.41,570,6,700024
276,Arrhenatherum elatius,49.9989,14.3386,9.0,460,7.55,23,6,500
277,Artemisia vulgaris,49.5288,17.0863,9.1,617,7.66,5,3,267
278,Daucus carota,50.0903,14.6369,9.1,563,5.99,117,4,39550
279,Arrhenatherum elatius,50.115,14.2897,8.5,509,6.33,8,4,27
280,Echinops sphaerocephalus,49.9989,14.3386,9.0,460,7.55,134,3,71810
283,Arrhenatherum elatius,50.5714,14.6514,8.7,580,6.42,14,2,6291
285,Arrhenatherum elatius,50.2078,14.6825,9.5,534,6.51,655,1,5063805
286,Achillea millefolium,50.0853,14.2792,8.4,507,7.1,177,2,292219
287,Artemisia vulgaris,49.5289,17.0861,9.1,617,7.59,12,4,95
288,Achillea millefolium,50.0903,14.6369,9.1,563,5.99,411,2,1005843
289,Arrhenatherum elatius,50.0269,14.5419,9.0,512,6.48,12,2,233
290,Daucus carota,50.0867,14.6308,9.1,556,4.7,6,5,23
291,Achillea millefolium,50.0572,14.3561,8.7,485,6.68,12,2,254
292,Achillea millefolium,50.0901,14.6371,9.1,563,4.62,739,3,5264170
295,Solidago canadensis,50.0861,14.6364,9.1,563,5.37,1625,4,6322419
297,Symphiotrichum novi-belgii,50.0901,14.6371,9.1,563,4.62,214,6,237669
298,Centaurea stoebe,48.201,16.974,10.7,612,7.5,43,3,1415
300,Daucus carota,50.085,14.2944,8.4,491,7.08,13,2,229
301,Knautia arvensis,50.074,12.7813,6.2,666,4.99,3,2,24
302,Daucus carota,49.9989,14.3386,9.0,460,7.55,89,1,13475
305,Arrhenatherum elatius,50.0867,14.6308,9.1,556,4.7,2710,3,204546546
306,Daucus carota,49.7354,16.96,9.1,585,7.41,60,1,7544
308,Arrhenatherum elatius,49.9992,14.3336,9.0,460,7.59,495,8,411126
309,Arrhenatherum elatius,50.5714,14.6514,8.7,580,6.42,4,3,7
310,Daucus carota,50.1392,14.3699,8.9,464,7.05,11,2,661
311,Vitis vinifera,47.0711,4.86222,11.2,761,8.02,8,1,448
312,Vitis vinifera,46.9256,4.7125,10.8,790,8.11,91,3,151946
313,Arrhenatherum elatius,50.0903,14.6369,9.1,563,5.99,213,3,427565
315,Daucus carota,50.1393,14.3697,8.9,464,7.09,2,2,5
316,Solidago canadensis,50.0861,14.6364,9.1,563,5.37,684,5,4224259
317,Conyza canadensis,49.5289,17.0861,9.1,617,7.59,3,3,7
319,Vitis vinifera,47.0692,4.85583,11.2,752,7.99,4,2,18
321,Tanacetum vulgare,50.2486,14.8917,9.2,588,7.38,400,5,354248
322,Vitis vinifera,46.2639,4.76583,11.9,840,7.63,32,2,11072
325,Daucus carota,50.2481,14.8922,9.2,588,7.43,10,2,291
327,Tanacetum vulgare,50.0267,14.5414,8.9,535,5.18,539,1,1177326
328,Daucus carota,50.0867,14.6342,9.1,563,4.77,17,3,537
329,Tanacetum vulgare,50.0867,14.6342,9.1,563,4.77,1556,4,18591935
330,Arrhenatherum elatius,49.5288,17.0863,9.1,617,7.66,5,3,79
331,Daucus carota,49.5288,17.0863,9.1,617,7.66,2,1,5
333,Daucus carota,50.0901,14.6371,9.1,563,4.62,979,4,15601603
335,Tanacetum vulgare,50.0861,14.6364,9.1,563,5.37,1891,2,44825218
336,Daucus carota,50.0861,14.6364,9.1,563,5.37,1643,5,9838120
339,Daucus carota,50.2486,14.8917,9.2,588,7.38,15,4,1482
340,Daucus carota,50.0867,14.6342,9.1,563,4.77,1,1,1
341,Vitis vinifera,46.3936,4.74694,11.7,783,8.09,13,1,3549
342,Vitis vinifera,46.9172,4.69917,10.7,857,8.12,416,3,4040386
343,Arrhenatherum elatius,50.1392,14.3699,8.9,464,7.05,2,2,11
344,Daucus carota,50.1393,14.3697,8.9,464,7.09,18,3,1219
345,Conyza canadensis,50.1393,14.3697,8.9,464,7.09,4,2,28
346,Daucus carota,50.0572,14.3561,8.7,485,6.68,43,6,2300
347,Artemisia vulgaris,49.7354,16.96,9.1,585,7.41,230,6,978047
348,Artemisia vulgaris,50.1393,14.3697,8.9,464,7.09,5,3,19
349,Achillea millefolium,50.1147,14.2922,8.5,506,6.25,139,2,91470
350,Daucus carota,50.0867,14.6308,9.1,556,4.7,167,5,54181
353,Echinops sphaerocephalus,50.0572,14.3547,8.7,485,6.29,416,5,199342
354,Daucus carota,49.7357,16.96,9.1,585,7.51,2,2,4
355,Artemisia vulgaris,50.1392,14.3699,8.9,464,7.05,76,2,42302
357,Tanacetum vulgare,50.2481,14.8922,9.2,588,7.43,57,4,17525
358,Daucus carota,50.0864,14.6356,9.1,563,5.57,367,3,1396317
359,Daucus carota,50.115,14.2897,8.5,509,6.33,1222,2,8995596
360,Daucus carota,50.0572,14.3547,8.7,485,6.29,3,1,5
361,Daucus carota,49.9989,14.3386,9.0,460,7.55,158,2,55896
362,Arrhenatherum elatius,50.1147,14.2922,8.5,506,6.25,848,3,2659972
367,Daucus carota,50.0572,14.3542,8.7,485,7.25,1,1,1
368,Achillea millefolium,50.0572,14.3542,8.7,485,7.25,50,7,8404
369,Arrhenatherum elatius,50.2078,14.6825,9.5,534,6.51,7,5,17
370,Arrhenatherum elatius,50.0572,14.3542,8.7,485,7.25,2,2,2
371,Daucus carota,50.0572,14.3547,8.7,485,6.29,2,1,6
376,Daucus carota,50.0572,14.3542,8.7,485,7.25,3,1,18
377,Arrhenatherum elatius,50.0269,14.5419,9.0,512,6.48,756,2,3976635
378,Daucus carota,50.21,14.6792,9.4,558,4.93,1175,3,15442279
379,Knautia arvensis,50.074,12.7813,6.2,666,5.09,1,1,5
380,Tanacetum vulgare,50.5714,14.6514,8.7,580,6.42,22,1,3762
382,Daucus carota,50.5714,14.6514,8.7,580,6.42,17,4,353
383,Arrhenatherum elatius,50.0853,14.2792,8.4,507,7.1,3,2,35
384,Symphiotrichum novi-belgii,50.115,14.2897,8.5,509,6.33,299,4,249036
385,Vitis vinifera,46.9172,4.69917,10.7,857,8.12,94,4,28897
386,Solidago canadensis,50.0861,14.6364,9.1,563,5.37,351,4,720307
388,Arrhenatherum elatius,50.115,14.2897,8.5,509,6.33,2,2,7
389,Daucus carota,49.7354,16.96,9.1,585,7.41,12,4,69
391,Tanacetum vulgare,50.21,14.6792,9.4,558,4.93,29,2,154716
392,Vitis vinifera,46.9161,4.69861,11.6,745,8.06,9,3,67
395,Arrhenatherum elatius,49.7357,16.96,9.1,585,7.51,78,4,163395
397,Daucus carota,50.0903,14.6369,9.1,563,5.99,574,3,1329870
398,Solidago canadensis,50.0861,14.6364,9.1,563,5.37,923,6,6178535
399,Artemisia vulgaris,49.5288,17.0863,9.1,617,7.66,24,4,2172
400,Tanacetum vulgare,50.0867,14.6342,9.1,563,4.77,815,1,5865555
402,Erigeron annuus,50.0867,14.6342,9.1,563,4.77,208,3,1010489
404,Arrhenatherum elatius,50.0572,14.3547,8.7,485,6.29,318,3,180463
406,Achillea millefolium,50.0572,14.3561,8.7,485,6.68,1,1,1
408,Arrhenatherum elatius,50.0903,14.6369,9.1,563,5.99,16,4,425
410,Tanacetum vulgare,50.0867,14.6308,9.1,556,4.7,5,2,17
411,Arrhenatherum elatius,50.0572,14.3561,8.7,485,6.68,9,3,716
412,Daucus carota,50.1147,14.2922,8.5,506,6.25,839,2,4758137
413,Daucus carota,50.2078,14.6825,9.5,534,6.51,7,3,55
414,Echinops sphaerocephalus,50.0853,14.2792,8.4,507,7.1,2,2,2
415,Achillea millefolium,50.0853,14.2792,8.4,507,7.1,2,2,2
416,Daucus carota,50.0583,14.3481,8.7,467,6.76,24,3,909
417,Solidago canadensis,50.21,14.6792,9.4,558,4.93,1024,8,13559180
418,Daucus carota,50.0267,14.5414,8.9,535,5.18,104,2,139132
419,Arrhenatherum elatius,50.115,14.2897,8.5,509,6.33,9,3,97
420,Tanacetum vulgare,50.2481,14.8922,9.2,588,7.43,247,1,1799889
421,Daucus carota,50.0861,14.6364,9.1,563,5.37,823,3,6905896
422,Daucus carota,49.9989,14.3386,9.0,460,7.55,102,2,135551
423,Daucus carota,50.1392,14.3699,8.9,464,7.05,17,1,680
424,Arrhenatherum elatius,50.2481,14.8922,9.2,588,7.43,7,3,19
426,Daucus carota,50.085,14.2944,8.4,491,7.08,33,6,1456
429,Arrhenatherum elatius,50.0861,14.6364,9.1,563,5.37,2284,4,57730530
431,Tanacetum vulgare,50.0861,14.6364,9.1,563,5.37,1582,4,30779084
432,Solidago canadensis,50.0267,14.5414,8.9,535,5.18,1700,4,11710291
433,Daucus carota,49.7357,16.96,9.1,585,7.51,12,4,75
438,Daucus carota,50.2481,14.8922,9.2,588,7.43,3,1,33
439,Conyza canadensis,50.1393,14.3697,8.9,464,7.09,470,6,3119832
441,Arrhenatherum elatius,50.2486,14.8917,9.2,588,7.38,853,3,3144707
443,Achillea millefolium,50.0572,14.3561,8.7,485,6.68,27,3,4807
445,Artemisia vulgaris,49.5289,17.0861,9.1,617,7.59,5,2,12
446,Symphiotrichum novi-belgii,50.0572,14.3561,8.7,485,6.68,61,2,74401
447,Daucus carota,49.5289,17.0861,9.1,617,7.59,34,2,2366
450,Tanacetum vulgare,50.0269,14.5419,9.0,512,6.48,229,5,491698
453,Arrhenatherum elatius,50.1393,14.3697,8.9,464,7.09,368,1,271952
454,Symphiotrichum novi-belgii,50.115,14.2897,8.5,509,6.33,17,1,1020
455,Achillea millefolium,50.1147,14.2922,8.5,506,6.25,407,4,1947192
456,Achillea millefolium,50.0903,14.6369,9.1,563,5.99,1216,3,10780107
459,Daucus carota,49.5288,17.0863,9.1,617,7.66,8,2,982
460,Tanacetum vulgare,50.5714,14.6442,8.6,577,5.47,1166,4,13354079
462,Arrhenatherum elatius,50.0861,14.6364,9.1,563,5.37,4,2,20
464,Tanacetum vulgare,50.5714,14.6442,8.6,577,5.47,388,4,1186231
465,Arrhenatherum elatius,50.1393,14.3697,8.9,464,7.09,6,2,52
466,Daucus carota,50.0583,14.3481,8.7,467,6.76,6,3,57
467,Arrhenatherum elatius,50.0572,14.3542,8.7,485,7.25,36,3,5947
469,Conyza canadensis,49.7354,16.96,9.1,585,7.41,5,3,45
470,Echinops sphaerocephalus,50.0853,14.2792,8.4,507,7.1,67,5,5394
474,Erigeron annuus,50.2486,14.8917,9.2,588,7.38,298,6,267335
475,Tanacetum vulgare,50.0267,14.5414,8.9,535,5.18,460,4,963739
477,Arrhenatherum elatius,50.085,14.2944,8.4,491,7.08,2,1,2
479,Daucus carota,49.7354,16.96,9.1,585,7.41,7,3,60
480,Achillea millefolium,50.0901,14.6371,9.1,563,4.62,1089,2,54056777
483,Tanacetum vulgare,50.21,14.6792,9.4,558,4.93,76,2,853176
485,Arrhenatherum elatius,50.0867,14.6342,9.1,563,4.77,5,1,31
486,Vitis vinifera,46.9161,4.69861,11.6,745,8.06,23,3,1089
488,Artemisia vulgaris,49.7357,16.96,9.1,585,7.51,207,3,91292
489,Knautia arvensis,50.074,12.7813,6.2,666,5.13,1,1,5
490,Vitis vinifera,47.0711,4.86222,11.2,761,8.02,99,2,129327
491,Daucus carota,50.0583,14.3481,8.7,467,6.76,4,3,21
492,Tanacetum vulgare,50.0867,14.6308,9.1,556,4.7,1447,4,11503900
493,Daucus carota,50.0267,14.5414,8.9,535,5.18,925,1,9144407
496,Arrhenatherum elatius,50.1393,14.3697,8.9,464,7.09,965,3,2798893
497,Daucus carota,50.0572,14.3561,8.7,485,6.68,2,2,8
500,Symphiotrichum novi-belgii,50.0572,14.3561,8.7,485,6.68,268,5,127139
501,Arrhenatherum elatius,50.0901,14.6371,9.1,563,4.62,3,2,8
502,Echinops sphaerocephalus,49.9989,14.3386,9.0,460,7.55,1,1,2
504,Daucus carota,50.5714,14.6442,8.6,577,5.47,2,2,8
508,Daucus carota,50.2486,14.8917,9.2,588,7.38,555,4,555137
510,Achillea millefolium,50.0572,14.3547,8.7,485,6.29,8,3,83
511,Arrhenatherum elatius,50.0853,14.2792,8.4,507,7.1,4,2,12
514,Arrhenatherum elatius,50.2481,14.8922,9.2,588,7.43,1,1,1
515,Echinops sphaerocephalus,50.0572,14.3547,8.7,485,6.29,208,7,91430
516,Arrhenatherum elatius,50.0572,14.3561,8.7,485,6.68,9,1,342
517,Daucus carota,50.115,14.2897,8.5,509,6.33,6,2,20
518,Achillea millefolium,50.115,14.2897,8.5,509,6.33,47,2,6132
521,Arrhenatherum elatius,50.21,14.6792,9.4,558,4.93,8,3,132
525,Daucus carota,50.0901,14.6371,9.1,563,4.62,286,5,344694
527,Tanacetum vulgare,50.5714,14.6442,8.6,577,5.47,2839,4,101479895
528,Arrhenatherum elatius,49.7357,16.96,9.1,585,7.51,64,3,53553
529,Daucus carota,50.0867,14.6342,9.1,563,4.77,16,1,37568
530,Erigeron annuus,50.0867,14.6342,9.1,563,4.77,658,3,14534396
531,Artemisia vulgaris,49.7357,16.96,9.1,585,7.51,175,10,53127
532,Conyza canadensis,49.5289,17.0861,9.1,617,7.59,63,3,50266
533,Tanacetum vulgare,50.0861,14.6364,9.1,563,5.37,1243,4,9126874
535,Arrhenatherum elatius,49.5289,17.0861,9.1,617,7.59,3,3,8
536,Achillea millefolium,50.0853,14.2792,8.4,507,7.1,14,2,723
537,Vitis vinifera,47.1717,4.93778,10.5,766,7.84,2,2,8
538,Arrhenatherum elatius,50.0583,14.3481,8.7,467,6.76,2,2,7
539,Daucus carota,49.5289,17.0861,9.1,617,7.59,1,1,2
541,Daucus carota,49.9992,14.3336,9.0,460,7.59,2,2,3
543,Achillea millefolium,50.0901,14.6371,9.1,563,4.62,1082,3,21060308
544,Daucus carota,50.21,14.6792,9.4,558,4.93,5,3,38
546,Centaurea stoebe,48.201,16.974,10.7,612,7.96,6,1,72
548,Knautia arvensis,50.0588,12.7877,6.3,655,5.61,1,1,8
551,Tanacetum vulgare,50.2078,14.6825,9.5,534,6.51,7,2,84
558,Arrhenatherum elatius,50.0867,14.6342,9.1,563,4.77,7,4,31
559,Daucus carota,50.0867,14.6342,9.1,563,4.77,544,3,1951522
560,Daucus carota,50.0861,14.6364,9.1,563,5.37,1384,5,6902699
564,Arrhenatherum elatius,50.0901,14.6371,9.1,563,4.62,127,3,40848
565,Echinops sphaerocephalus,50.0853,14.2792,8.4,507,7.1,29,3,4005
567,Echinops sphaerocephalus,50.0572,14.3547,8.7,485,6.29,44,2,5721
568,Vitis vinifera,46.3936,4.74694,11.7,783,8.09,8,3,343
569,Tanacetum vulgare,50.21,14.6792,9.4,558,4.93,322,4,881973
571,Solidago canadensis,50.0267,14.5414,8.9,535,5.18,1186,4,6598473
577,Knautia arvensis,50.0643,12.7943,6.2,652,6.02,1,1,4
578,Daucus carota,49.7357,16.96,9.1,585,7.51,14,4,118
579,Vitis vinifera,46.3122,4.7225,11.2,840,7.96,9,1,6615
580,Vitis vinifera,47.0692,4.85583,11.2,752,7.99,3,2,43
581,Daucus carota,49.7354,16.96,9.1,585,7.41,1,1,2
586,Arrhenatherum elatius,50.21,14.6792,9.4,558,4.93,2,2,2
587,Vitis vinifera,47.1528,4.96806,11.5,692,8.02,34,2,41586
588,Vitis vinifera,47.1608,4.94806,11.0,721,8.06,9,2,505
589,Vitis vinifera,47.1608,4.94806,11.0,721,8.06,28,1,12152
590,Vitis vinifera,47.1608,4.94806,11.0,721,8.06,7,1,1701
591,Vitis vinifera,46.2639,4.76583,11.9,840,7.63,46,1,64078
592,Daucus carota,50.0269,14.5419,9.0,512,6.48,44,5,2597
595,Daucus carota,50.21,14.6792,9.4,558,4.93,3,2,24
596,Daucus carota,49.5288,17.0863,9.1,617,7.66,177,2,211031
597,Achillea millefolium,50.085,14.2944,8.4,491,7.08,4,2,13
599,Daucus carota,49.5288,17.0863,9.1,617,7.66,3,2,22
601,Erigeron annuus,50.2486,14.8917,9.2,588,7.38,2,2,5
604,Vitis vinifera,47.0711,4.86222,11.2,761,8.02,12,3,184
608,Tanacetum vulgare,50.0864,14.6356,9.1,563,5.57,747,3,4526371
610,Arrhenatherum elatius,49.7354,16.96,9.1,585,7.41,7,4,34
612,Vitis vinifera,47.1717,4.93778,10.5,766,7.84,17,1,6664
613,Arrhenatherum elatius,50.0903,14.6369,9.1,563,5.99,282,5,175292
615,Vitis vinifera,46.9256,4.7125,10.8,790,8.11,54,3,12689
620,Symphiotrichum novi-belgii,50.0901,14.6371,9.1,563,4.62,271,4,315630
621,Daucus carota,50.0903,14.6369,9.1,563,5.99,1332,4,10963464
622,Arrhenatherum elatius,50.5714,14.6514,8.7,580,6.42,32,2,7432
623,Vitis vinifera,46.4908,4.78889,11.5,810,8.07,5,1,245
625,Tanacetum vulgare,50.5714,14.6514,8.7,580,6.42,6,2,22
626,Solidago canadensis,50.21,14.6792,9.4,558,4.93,484,3,2776671
627,Artemisia vulgaris,49.7354,16.96,9.1,585,7.41,20,5,1591
628,Achillea millefolium,50.0901,14.6371,9.1,563,4.62,1138,3,41663286
631,Arrhenatherum elatius,50.0267,14.5414,8.9,535,5.18,5,3,50
632,Knautia arvensis,50.0588,12.7877,6.3,655,5.59,4,1,73
633,Achillea millefolium,50.0572,14.3547,8.7,485,6.29,6,2,36
636,Tanacetum vulgare,50.0864,14.6356,9.1,563,5.57,2188,5,220731906
637,Knautia arvensis,50.0643,12.7943,6.2,652,5.58,1,1,8
638,Knautia arvensis,50.065,12.7509,6.0,682,5.33,2,1,20
639,Achillea millefolium,50.0572,14.3547,8.7,485,6.29,7,5,16
640,Tanacetum vulgare,50.0269,14.5419,9.0,512,6.48,6,3,17
641,Erigeron annuus,50.2486,14.8917,9.2,588,7.38,161,5,83132
642,Knautia arvensis,50.0588,12.7877,6.3,655,5.54,6,1,288
643,Daucus carota,50.2078,14.6825,9.5,534,6.51,15,2,1027
645,Knautia arvensis,50.0632,12.7536,6.0,682,4.65,2,1,20
646,Erigeron annuus,50.2486,14.8917,9.2,588,7.38,333,2,513716
648,Arrhenatherum elatius,50.1147,14.2922,8.5,506,6.25,565,4,642219
650,Knautia arvensis,50.0588,12.7877,6.3,655,5.58,1,1,8
653,Vitis vinifera,46.4908,4.78889,11.5,810,8.07,10,1,910
654,Conyza canadensis,49.7354,16.96,9.1,585,7.41,2145,8,6834731
657,Daucus carota,50.0583,14.3481,8.7,467,6.76,26,2,1945
660,Artemisia vulgaris,49.5288,17.0863,9.1,617,7.66,1,1,1
662,Arrhenatherum elatius,50.1392,14.3699,8.9,464,7.05,5,1,25
663,Tanacetum vulgare,50.21,14.6792,9.4,558,4.93,4,3,15
665,Tanacetum vulgare,50.5714,14.6514,8.7,580,6.42,357,3,788291
666,Artemisia vulgaris,50.1393,14.3697,8.9,464,7.09,75,3,18486
671,Daucus carota,50.2078,14.6825,9.5,534,6.51,191,3,459835
672,Knautia arvensis,50.0588,12.7877,6.3,655,5.63,1,1,8
673,Conyza canadensis,50.1393,14.3697,8.9,464,7.09,505,1,7574123
674,Arrhenatherum elatius,50.0853,14.2792,8.4,507,7.1,1,1,8
678,Arrhenatherum elatius,50.0267,14.5414,8.9,535,5.18,300,3,2460402
684,Achillea millefolium,50.0853,14.2792,8.4,507,7.1,1,1,1
685,Knautia arvensis,50.0588,12.7877,6.3,655,5.88,1,1,4
686,Daucus carota,50.0853,14.2792,8.4,507,7.1,1,1,8
687,Vitis vinifera,47.1717,4.93778,10.5,766,7.84,2,1,42
688,Arrhenatherum elatius,50.0267,14.5414,8.9,535,5.18,428,4,1965392
689,Vitis vinifera,46.9256,4.7125,10.8,790,8.11,5,2,71
690,Arrhenatherum elatius,50.2481,14.8922,9.2,588,7.43,183,3,118155
695,Tanacetum vulgare,50.2078,14.6825,9.5,534,6.51,5,3,18
702,Vitis vinifera,47.1608,4.94806,11.0,721,8.06,50,3,8334
704,Arrhenatherum elatius,50.1147,14.2922,8.5,506,6.25,3,2,6
705,Achillea millefolium,50.1147,14.2922,8.5,506,6.25,6,2,29
707,Arrhenatherum elatius,49.7357,16.96,9.1,585,7.51,5,3,30
710,Arrhenatherum elatius,50.0572,14.3547,8.7,485,6.29,59,4,3223
711,Knautia arvensis,50.0588,12.7877,6.3,655,5.56,18,1,2592
713,Vitis vinifera,47.1528,4.96806,11.5,692,8.02,7,2,637
715,Centaurea stoebe,48.201,16.974,10.7,612,7.37,89,2,4348
724,Artemisia vulgaris,50.1392,14.3699,8.9,464,7.05,31,2,20822
726,Vitis vinifera,46.2639,4.76583,11.9,840,7.63,46,2,6468
731,Vitis vinifera,46.3936,4.74694,11.7,783,8.09,2,1,28
734,Vitis vinifera,46.3936,4.74694,11.7,783,8.09,14,2,410
735,Vitis vinifera,46.2639,4.76583,11.9,840,7.63,18,2,1330
736,Centaurea stoebe,48.201,16.974,10.7,612,7.42,8,3,74
737,Centaurea stoebe,48.201,16.974,10.7,612,7.94,15,1,480
741,Arrhenatherum elatius,50.21,14.6792,9.4,558,4.93,3,2,6
743,Centaurea stoebe,48.201,16.974,10.7,612,7.23,6,1,36
746,Arrhenatherum elatius,49.5288,17.0863,9.1,617,7.66,1,1,4
750,Arrhenatherum elatius,50.2486,14.8917,9.2,588,7.38,5,2,22
753,Arrhenatherum elatius,50.2486,14.8917,9.2,588,7.38,7,1,25
754,Tanacetum vulgare,50.0864,14.6356,9.1,563,5.57,8,2,80
759,Knautia arvensis,50.0716,12.7864,6.2,648,4.69,2,1,20
761,Daucus carota,50.0572,14.3547,8.7,485,6.29,5,2,11
771,Conyza canadensis,49.7354,16.96,9.1,585,7.41,5,3,15
773,Daucus carota,49.9992,14.3336,9.0,460,7.59,5,3,22
777,Centaurea stoebe,48.201,16.974,10.7,612,7.03,8,2,55
778,Artemisia vulgaris,50.1392,14.3699,8.9,464,7.05,3,2,5
780,Achillea millefolium,50.115,14.2897,8.5,509,6.33,4,2,39
783,Achillea millefolium,49.9992,14.3336,9.0,460,7.59,7,5,35
792,Centaurea stoebe,48.201,16.974,10.7,612,7.49,2,1,2
803,Centaurea stoebe,48.201,16.974,10.7,612,6.9,1,1,1
804,Daucus carota,50.1393,14.3697,8.9,464,7.09,6,4,27
807,Arrhenatherum elatius,50.5714,14.6442,8.6,577,5.47,1,1,1
809,Centaurea stoebe,48.201,16.974,10.7,612,7.24,1,1,8
812,Arrhenatherum elatius,50.0867,14.6342,9.1,563,4.77,2,1,4
817,Achillea millefolium,50.0583,14.3481,8.7,467,6.76,2,2,7
818,Tanacetum vulgare,50.5714,14.6514,8.7,580,6.42,6,1,92
823,Achillea millefolium,49.9992,14.3336,9.0,460,7.59,3,1,27
828,Achillea millefolium,49.9989,14.3386,9.0,460,7.55,2,2,3
829,Daucus carota,50.1393,14.3697,8.9,464,7.09,6,4,25
834,Achillea millefolium,49.9992,14.3336,9.0,460,7.59,2,2,6
837,Centaurea stoebe,48.201,16.974,10.7,612,8.22,1,1,2
841,Daucus carota,50.1392,14.3699,8.9,464,7.05,2,1,4
842,Centaurea stoebe,48.201,16.974,10.7,612,7.09,2,2,5
843,Vitis vinifera,46.4908,4.78889,11.5,810,8.07,2,2,8
845,Centaurea stoebe,48.201,16.974,10.7,612,7.16,5,2,27
850,Artemisia vulgaris,50.1392,14.3699,8.9,464,7.05,2,1,4
852,Achillea millefolium,49.9989,14.3386,9.0,460,7.55,3,2,10
853,Achillea millefolium,49.9989,14.3386,9.0,460,7.55,2,2,9
855,Centaurea stoebe,48.201,16.974,10.7,612,7.57,1,1,1
858,Centaurea stoebe,48.201,16.974,10.7,612,7.01,8,2,55
859,Centaurea stoebe,48.201,16.974,10.7,612,7.03,3,1,9
861,Achillea millefolium,50.0572,14.3542,8.7,485,7.25,1,1,1
864,Arrhenatherum elatius,50.0867,14.6308,9.1,556,4.7,4,3,7
868,Centaurea stoebe,48.201,16.974,10.7,612,7.33,1,1,1
870,Centaurea stoebe,48.201,16.974,10.7,612,7.13,4,3,11
871,Centaurea stoebe,48.201,16.974,10.7,612,7.68,8,1,32
874,Centaurea stoebe,48.201,16.974,10.7,612,7.22,8,2,109
875,Centaurea stoebe,48.201,16.974,10.7,612,7.24,2,1,4
878,Centaurea stoebe,48.201,16.974,10.7,612,7.3,6,2,24
881,Centaurea stoebe,48.201,16.974,10.7,612,8.02,3,1,63
894,Botrychium lunaria,46.0884,7.53912,0.6,844,5.59,21,1,3654
896,Vinca minor,44.7544,-0.395278,13.5,881,,30,2,1218
900,Asclepias speciosa,46.3219,-114.129,8.7,295,,814,2,1617938
902,Plantago lanceolata,60.3448,19.9242,6.1,569,6.4,36,2,1386
907,Plantago lanceolata,60.3465,19.9281,6.2,552,,3,2,7
916,Zea mays,35.3802,139.466,15.9,1589,5.43,3315,5,29023385
917,Glycine max,35.3802,139.466,15.9,1589,5.78,3906,5,45615137
919,Eragostis tef,-26.0079,29.2006,16.1,738,4.03,325,2,1044793
930,Talipariti tiliaceum,-17.5592,-149.43,25.6,2598,5.8,41,1,4141
931,Botrychium lunaria,46.0874,7.5439,-0.3,886,6.61,47,2,6113
932,Botrychium lunaria,46.2042,7.48364,-0.7,1044,4.98,5,1,100
933,Botrychium lunaria,46.2041,7.48342,-0.7,1044,4.56,8,1,256
936,Botrychium lunaria,46.0885,7.53896,0.6,844,5.34,39,2,16379
937,Botrychium lunaria,46.2043,7.48348,-0.7,1044,5.04,177,2,196241
938,Botrychium lunaria,46.2044,7.48377,-0.7,1044,5.27,9,1,234
939,Eragostis tef,-25.9993,29.1859,16.0,778,4.39,927,4,2579685
940,Eragostis tef,-25.9993,29.1859,16.0,778,4.39,1085,7,1498726
941,Plantago lanceolata,60.3651,19.7889,6.2,549,6.8,63,4,5489
946,Zea mays,35.3802,139.466,15.9,1589,5.2,2042,4,11905031
950,Plantago lanceolata,60.2357,19.5432,6.3,527,5.0,2,2,2
951,Hyparrhenia hirta,37.8255,-1.16249,17.6,272,8.37,12081,3,997875795
970,Asclepias speciosa,46.3219,-114.129,8.7,295,,145,2,18953
984,Plantago lanceolata,60.3648,19.7892,6.2,549,,91,2,22051
985,Asclepias speciosa,46.3219,-114.129,8.7,295,,584,3,752160
992,Plantago lanceolata,60.074,20.1642,6.3,517,6.2,52,2,7141
1000,NA_,35.2969,133.583,12.5,1902,,1,1,1
1001,Plantago lanceolata,60.1408,20.2683,6.2,548,6.3,20,1,1260
1008,Glycine max,35.3802,139.466,15.9,1589,5.78,1150,4,7231204
1009,Zea mays,35.3802,139.466,15.9,1589,5.2,2503,4,10554285
1010,Zea mays,35.3802,139.466,15.9,1589,5.78,1796,5,16609059
1011,Zea mays,35.3802,139.466,15.9,1589,5.4,1965,2,9551626
1012,Zea mays,35.3802,139.466,15.9,1589,5.57,2096,3,15349431
1013,Glycine max,35.3802,139.466,15.9,1589,5.43,2269,3,14562274
1014,Glycine max,35.3802,139.466,15.9,1589,5.43,1626,4,11650230
1015,Zea mays,35.3802,139.466,15.9,1589,5.4,2225,4,14966290
1016,Glycine max,35.3802,139.466,15.9,1589,5.54,1392,3,12876897
1017,Glycine max,35.3802,139.466,15.9,1589,5.54,1242,3,9793246
1018,Glycine max,35.3802,139.466,15.9,1589,5.43,2523,4,22911460
1019,Zea mays,35.3802,139.466,15.9,1589,5.4,2688,3,10804532
1020,Glycine max,35.3802,139.466,15.9,1589,5.57,3397,5,29710672
1021,Glycine max,35.3802,139.466,15.9,1589,5.57,3282,6,31992384
1022,Zea mays,35.3802,139.466,15.9,1589,5.2,2161,3,13082367
1023,Zea mays,35.3802,139.466,15.9,1589,5.2,2148,5,11428360
1024,Zea mays,35.3802,139.466,15.9,1589,5.57,1657,5,11444893
1025,Zea mays,35.3802,139.466,15.9,1589,5.4,1740,5,6999482
1026,Zea mays,35.3802,139.466,15.9,1589,5.4,2042,5,8952045
1027,Zea mays,35.3802,139.466,15.9,1589,5.4,2007,4,8358438
1028,Zea mays,35.3802,139.466,15.9,1589,5.54,3826,5,40160014
1029,Zea mays,35.3802,139.466,15.9,1589,5.2,1694,3,6150996
1030,Zea mays,35.3802,139.466,15.9,1589,5.2,2158,5,11714155
1031,Zea mays,35.3802,139.466,15.9,1589,5.54,1949,3,12442858
1032,Zea mays,35.3802,139.466,15.9,1589,5.4,1863,3,7693209
1033,Glycine max,35.3802,139.466,15.9,1589,5.54,2330,2,24710100
1034,Zea mays,35.3802,139.466,15.9,1589,5.3,3161,5,29068030
1035,Zea mays,35.3802,139.466,15.9,1589,5.3,2368,4,12951068
1036,Zea mays,35.3802,139.466,15.9,1589,5.78,1992,2,24173669
1037,Zea mays,35.3802,139.466,15.9,1589,5.4,2021,2,7763703
1038,Zea mays,35.3802,139.466,15.9,1589,5.43,3547,5,32412531
1039,Zea mays,35.3802,139.466,15.9,1589,5.4,2179,5,8488542
1040,Glycine max,35.3802,139.466,15.9,1589,5.78,1592,5,9303161
1047,Plantago lanceolata,60.1302,20.2762,6.2,555,5.6,806,3,2294116
1052,Eragostis tef,-26.003,29.1912,16.0,775,4.16,1171,7,5944063
1053,Chimonanthus salicifolius,29.25,118.12,15.6,2110,,6,1,60
1056,Vitis vinifera,39.8349,3.01889,17.3,754,8.3,49,3,17392
1066,Vitis vinifera,39.8349,3.01889,17.3,754,8.3,80,2,44152
1070,Cenchrus setaceus,38.0204,-1.16159,18.8,278,7.77,5255,3,120070665
1071,Hyparrhenia hirta,38.0205,-1.16165,18.8,278,7.74,953,3,1507636
1072,Hyparrhenia hirta,38.221,-0.50939,18.7,339,8.61,1813,2,8802627
1073,Hyparrhenia hirta,38.2154,-0.50812,18.9,305,8.61,9587,3,574694659
1074,Cenchrus setaceus,38.2154,-0.50812,18.9,305,8.67,1814,3,12748583
1077,Dichrostachys cinerea,-24.7514,28.5761,19.2,631,4.2,4,3,8
1081,Eragostis tef,-26.0051,29.1983,16.0,757,4.69,519,3,1873235
1082,Plantago lanceolata,56.5364,16.4769,7.8,518,6.7,5,1,35
1086,Vitis vinifera,39.8349,3.01889,17.3,754,8.3,409,5,1539629
1091,Convallaria majalis,58.28,27.32,5.8,628,,281,1,1009071
1092,Zea mays,35.3802,139.466,15.9,1589,5.54,3734,5,37271362
1094,Plantago lanceolata,60.2355,19.5432,6.3,527,7.6,2,1,4
1095,Malus domestica,50.84,5.43,10.3,861,5.1,31,1,2883
1099,Vitis vinifera,39.8349,3.01889,17.3,754,8.3,55,3,22156
1102,Malus domestica,50.82,4.92,10.3,782,7.1,1,1,1
1103,Malus domestica,50.73,5.14,10.1,801,6.9,3,2,15
1107,Plantago lanceolata,60.3347,19.8004,6.1,563,6.0,1238,3,6176775
1108,Hyparrhenia hirta,38.0193,-1.16083,18.8,278,8.25,4371,3,104725389
1109,Cenchrus setaceus,38.2182,-0.50816,18.9,306,8.67,120,3,19671
1110,Cenchrus setaceus,38.019,-1.16062,18.8,278,8.45,6153,3,92368927
1111,Asclepias speciosa,46.3219,-114.129,8.7,295,,357,3,228227
1112,Hyparrhenia hirta,38.0192,-1.16073,18.8,278,8.25,14,3,358
1113,Asclepias speciosa,46.3219,-114.129,8.7,295,,1179,3,3089620
1115,Cenchrus setaceus,38.0192,-1.16073,18.8,278,8.45,9,3,59
1116,Asclepias speciosa,46.3219,-114.129,8.7,295,,1897,3,11797078
1117,Cenchrus setaceus,38.0205,-1.16165,18.8,278,7.77,622,4,1459169
1118,Asclepias speciosa,46.3219,-114.129,8.7,295,,120,3,26868
1119,Asclepias speciosa,46.3219,-114.129,8.7,295,,853,2,1685734
1120,Cenchrus setaceus,38.0207,-1.16185,18.8,278,7.77,8,3,37
1121,Hyparrhenia hirta,38.019,-1.16062,18.8,278,8.25,304,3,294346
1122,Asclepias speciosa,46.3219,-114.129,8.7,295,,3,2,53
1123,Plantago lanceolata,60.074,20.1643,6.3,517,6.3,80,3,13944
1124,Achillea millefolium,68.1612,17.5321,0.9,565,3.28,1,1,1
1144,Stachys sylvatica,50.8747,4.98412,10.5,734,5.468,35,2,2933
1145,Cenchrus setaceus,37.824,-1.16193,17.7,271,8.76,276,3,202188
1146,Vitis vinifera,39.8349,3.01889,17.3,754,8.3,104,4,59189
1151,Eragostis tef,-25.994,29.188,16.0,778,4.12,595,5,1242135
1152,Plantago lanceolata,60.218,19.5405,6.3,522,5.8,100,3,26053
1153,Asclepias speciosa,46.3219,-114.129,8.7,295,,282,3,195722
1155,Potentilla hyparctica,78.2208,15.6167,-5.9,291,5.8,53,3,3838
1156,Plantago lanceolata,60.3651,19.7889,6.2,549,6.8,22,3,754
1157,Nephrolepis hirsutula,-17.5458,-149.434,24.2,3140,5.3,1,1,1
1164,Plantago lanceolata,60.2355,19.5941,6.3,523,7.1,683,4,1634280
1167,Talipariti tiliaceum,-17.5458,-149.434,24.2,3140,5.3,7,2,25
1168,Hedera helix,43.5911,-1.2481,14.4,1374,,37,3,1445
1169,Hyparrhenia hirta,38.0684,-1.15289,17.7,360,8.42,59,3,2898
1174,Vachellia seyal,14.5781,-17.0172,25.8,472,6.1,274,1,448538
1175,NA_,34.9603,135.938,15.7,1537,,9,1,360
1187,Asclepias speciosa,46.3219,-114.129,8.7,295,,108,2,15744
1189,Triticum aestivum,50.3,-107.683,4.0,402,6.5,54,1,7938
1192,Populus deltoides,30.4689,116.991,17.5,1392,7.65,77,5,15234
1193,Eragostis tef,-26.0091,29.2023,16.1,738,4.03,668,4,950128
1194,Plantago lanceolata,60.3343,19.8005,6.1,563,5.3,71,3,15113
1199,Nicotiana glauca,38.0463,-1.19511,18.6,303,7.85,567,4,3639071
1200,Asclepias speciosa,46.3219,-114.129,8.7,295,,250,2,72310
1201,Chloris truncata,-35.1175,138.665,14.6,775,4.0,3,1,12
1204,Malus domestica,50.78,4.08,10.4,814,6.5,6,2,186
1205,Themeda triandra,-37.3333,142.15,13.5,643,5.0,2,1,8
1206,Poa attenuata,43.0519,104.058,4.1,125,6.7,45,2,3590
1212,Plantago lanceolata,60.3448,19.9242,6.1,569,6.4,224,5,97055
1214,Botrychium lunaria,46.0885,7.53898,0.6,844,5.47,10,1,820
1215,Vitis vinifera,39.8349,3.01889,17.3,754,8.3,72,4,43542
1219,Asclepias speciosa,46.3219,-114.129,8.7,295,,1002,2,2380461
1225,Rubus saxatilis,61.2536,73.1664,-1.5,569,4.8,4,1,152
1226,Vitis vinifera,39.8349,3.01889,17.3,754,8.3,87,4,56761
1229,Plantago lanceolata,60.2182,19.5401,6.3,522,6.5,22,3,404
1230,Botrychium lunaria,46.0872,7.5437,-0.3,886,6.61,39,2,4198
1231,Plantago lanceolata,60.218,19.5405,6.3,522,5.9,41,2,3309
1239,Santiria trimera,0.6172,10.3992,22.7,2080,3.5,3,1,12
1245,Dryopteris sp.,16.1783,-61.7317,23.5,1986,4.2,28,1,4480
1246,Poncirus trifoliata,25.2827,114.971,20.3,1436,6.4,1,1,3
1247,Malus domestica,50.93,5.09,10.5,735,6.7,14,2,1021
1248,Vitis vinifera,39.8349,3.01889,17.3,754,8.3,105,4,49389
1253,Commelina benghalensis,-24.7514,28.5761,19.2,631,4.2,16,2,156
1254,Eragostis tef,-26.0018,29.1895,16.0,775,4.16,315,6,648247
1269,Plantago lanceolata,60.3447,19.9239,6.1,569,6.1,2,1,4
1270,Asclepias speciosa,46.3219,-114.129,8.7,295,,497,3,446080
1275,Botrychium lunaria,46.0876,7.54385,-0.3,886,6.58,93,3,93306
1280,Zea mays,35.3802,139.466,15.9,1589,5.43,3765,5,40626028
1284,Prunella vulgaris,58.1075,22.1917,7.0,583,7.1,7,1,105
1290,Plantago lanceolata,60.1302,20.2755,6.2,555,6.3,11,2,193
1291,Asclepias speciosa,46.3219,-114.129,8.7,295,,1715,3,8746581
1293,Glycine max,35.3802,139.466,15.9,1589,5.57,2949,6,22308475
1299,Elymus nutans,33.6667,101.85,1.5,571,5.3,68,1,12580
1308,Asclepias speciosa,46.3219,-114.129,8.7,295,,66,3,3814
1310,Alnus glutinosa,50.8728,4.98764,10.5,734,3.123,73,1,16060
1318,Asclepias speciosa,46.3219,-114.129,8.7,295,,271,2,85349
1320,NA_,34.4533,136.246,13.0,2743,,1,1,8
1322,Alnus glutinosa,50.8612,4.96052,10.5,741,4.071,108,1,219996
1326,Plantago lanceolata,60.3471,19.9274,6.2,552,6.8,42,1,3276
1335,Vitis vinifera,39.8349,3.01889,17.3,754,8.3,33,3,6873
1337,Stipa krylovii,47.7578,107.132,-2.4,271,,32,2,2068
1338,Allium amphibolum,43.0519,104.058,4.1,125,6.7,96,2,22560
1339,Galium verum,58.1075,22.1917,7.0,583,7.1,106,1,25546
1340,Festuca lenensis,43.0519,104.058,4.1,125,6.7,6,2,56
1341,Filipendula vulgaris,58.1075,22.1917,7.0,583,7.1,3,1,9
1343,Koeleria macrantha,43.5017,104.058,-1.5,171,6.7,10,2,117
1344,Malus domestica,50.73,5.14,10.1,801,6.9,11,1,198
1345,Acer saccharum,45.43,-73.94,7.3,1025,6.04,34,1,2108
1347,Stachys sylvatica,50.8888,4.98816,10.4,739,5.032,8,1,256
1349,Dichrostachys cinerea,-24.6778,28.6608,19.5,581,6.2,4,1,20
1368,Loropetalum chinense,29.25,118.12,15.6,2110,,34,3,1589
1384,Zea mays,35.3802,139.466,15.9,1589,5.3,957,3,1640224
1392,Plantago lanceolata,60.3343,19.8005,6.1,563,5.3,206,3,128760
1393,Eragostis tef,-25.9931,29.188,16.0,778,4.12,990,3,7388749
1396,Eragostis tef,-26.0017,29.192,16.0,757,4.16,368,5,390031
1404,Hyparrhenia hirta,38.0204,-1.16159,18.8,278,7.74,795,3,1115031
1405,Asclepias speciosa,46.3219,-114.129,8.7,295,,248,3,72302
1409,Podococcus barteri,0.6172,10.3992,22.7,2080,3.5,1,1,1
1412,Malus domestica,50.85,4.94,10.5,731,7.1,7,3,299
1414,Nicotiana glauca,37.8278,-0.765528,19.1,266,8.47,1266,3,34092843
1416,NA_,68.2381,17.4261,2.7,622,4.7,90,1,30240
1419,Botrychium lunaria,46.0875,7.54402,-0.3,886,6.68,11,2,188
1420,Plantago lanceolata,60.3468,19.9274,6.2,552,,4,1,52
1422,Botrychium lunaria,46.0886,7.53884,0.6,844,5.23,14,1,1652
1423,Botrychium lunaria,46.1964,7.48475,-0.9,1041,5.58,15,2,3011
1425,Vitis vinifera,39.8349,3.01889,17.3,754,8.3,19,4,411
1426,Potentilla hyparctica,78.2208,15.6167,-5.9,291,5.8,73,4,10965
1429,Asclepias speciosa,46.3219,-114.129,8.7,295,,1742,3,8783283
1431,Botrychium lunaria,46.0875,7.54401,-0.3,886,6.65,29,2,1962
1432,Cenchrus setaceus,37.8255,-1.16249,17.6,272,8.76,42,3,1048
1434,Asclepias speciosa,46.3219,-114.129,8.7,295,,400,2,243656
1435,Plantago lanceolata,60.2355,19.5941,6.3,523,5.2,67,4,32200
1441,Nicotiana glauca,38.0334,-1.16275,18.5,299,8.51,228,4,1280957
1442,Cenchrus setaceus,38.0193,-1.16083,18.8,278,8.45,2578,3,204388171
1444,Combretum micranthum,14.5822,-17.0161,25.8,477,6.4,28,1,1792
1452,Rubus saxatilis,58.28,27.32,5.8,628,,247,2,361851
1458,Asclepias speciosa,46.3219,-114.129,8.7,295,,1831,2,9577530
1485,Plantago lanceolata,60.1407,20.2685,6.2,548,5.7,3307,4,40694087
1488,Ballota undulata,30.5928,34.7122,16.9,114,,196,2,97696
1489,Botrychium lunaria,46.1963,7.48523,-0.9,1041,5.92,14,1,4452
1493,Citrus tangerina,25.2827,114.971,20.3,1436,6.4,1,1,2
1494,Citrus tangerina,25.2827,114.971,20.3,1436,6.4,2,1,6
1497,Plantago lanceolata,60.2355,19.5941,6.3,523,7.1,2842,4,35144167
1499,Heliotropium ramosissimum,16.8053,-22.9211,23.3,78,7.5,69,3,6487
1501,Citrullus colocynthis,16.8053,-22.9211,23.3,78,7.5,114,5,15802
1502,Plantago lanceolata,60.2182,19.5401,6.3,522,6.5,22,1,1166
1504,Plantago lanceolata,60.3347,19.8004,6.1,563,6.0,55,2,7963
1505,Eragostis tef,-25.9935,29.186,16.0,778,4.12,550,2,824563
1506,Solidago spiraeifolia,56.06,159.912,0.0,477,4.8,1,1,1
1510,Zea mays,35.3802,139.466,15.9,1589,5.78,1757,3,19087083
1511,Botrychium lunaria,46.0886,7.53892,0.6,844,5.24,205,1,386425
1512,Botrychium lunaria,46.0884,7.53914,0.6,844,5.17,70,1,28000
1513,Botrychium lunaria,46.2042,7.48335,-0.7,1044,5.41,28,2,4808
1514,Digitaria macroblephara,-2.5811,35.1411,20.3,674,7.0,44,3,5443
1515,Brachypodium retusum,39.4086,2.74667,17.3,616,7.3,10,2,218
1516,Embothrium coccineum,-38.6993,-71.6155,8.0,1287,5.7,5,2,18
1517,Phagnalon saxatile,39.4086,2.74667,17.3,616,7.3,23,2,465
1518,Themeda triandra,-2.5811,35.1411,20.3,674,7.0,12,2,126
1520,Artemisia frigida,43.0519,104.058,4.1,125,6.7,76,2,12284
1521,Salvia rosmarinus,39.4083,2.74528,17.3,616,7.2,23,2,644
1522,Megathyrsus maximus,-24.6778,28.6608,19.5,581,6.2,130,5,22845
1523,Megathyrsus maximus,-24.6778,28.6608,19.5,581,6.2,36,2,1121
1524,Themeda triandra,-2.5811,35.1411,20.3,674,7.0,28,3,1507
1525,Digitaria macroblephara,-2.5811,35.1411,20.3,674,7.0,16,2,391
1527,Vachellia erioloba,-24.6778,28.6608,19.5,581,6.2,30,1,1830
1528,Digitaria macroblephara,-1.808,35.2133,19.6,902,5.5,13,3,225
1529,Sporobolus fimbriatus,-2.6814,35.1208,20.0,726,6.8,283,4,255777
1530,Azorella trifurcata,-52.055,-71.4225,6.3,344,5.3,13,2,228
1531,Chondrosum gracile,50.7667,-104.617,3.1,412,6.9,18,2,828
1535,Hyparrhenia hirta,37.824,-1.16193,17.7,271,8.37,16,3,227
1536,Eragostis tef,-25.9954,29.1861,16.0,778,4.12,459,4,929249
1537,Stachys sylvatica,50.8461,4.88374,10.4,725,6.085,281,3,256201
1540,Helictochloa pratensis,56.5364,16.4769,7.8,518,6.7,79,1,12403
1541,Asphodelus aestivus,39.4083,2.74528,17.3,616,7.2,66,3,11195
1542,Agropyron cristatum,47.7578,107.132,-2.4,271,,27,3,827
1543,Plantago lanceolata,60.3654,19.7891,6.2,549,,27,3,1929
1547,Botrychium lunaria,46.1964,7.48473,-0.9,1041,6.24,48,2,24522
1549,Poncirus trifoliata,25.2827,114.971,20.3,1436,6.4,2,1,6
1550,Morella rubra,29.25,118.12,15.6,2110,,1,1,1
1552,Itea oblonga,29.25,118.12,15.6,2110,,4,2,19
1554,Tamarix aphylla,34.66,3.25,15.1,287,,525,2,2188749
1555,Tamarix aphylla,32.91,2.5,19.3,127,,69,4,16320
1556,Tamarix aphylla,35.7,2.83,17.0,412,,398,2,1108388
1557,Tamarix aphylla,35.07,3.02,16.3,315,,249,2,542167
1559,Allium bidentatum,47.7578,107.132,-2.4,271,,28,2,1080
1560,Botrychium lunaria,46.2045,7.48362,-0.7,1044,4.86,10,1,370
1561,Botrychium lunaria,46.1963,7.48522,-0.9,1041,5.93,19,3,2160
1562,Botrychium lunaria,46.1964,7.48528,-0.9,1041,5.25,14,1,1260
1563,Botrychium lunaria,46.0885,7.53921,0.6,844,5.3,129,1,157251
1564,Botrychium lunaria,46.2044,7.48378,-0.7,1044,5.29,87,3,78126
1565,Maianthemum bifolium,61.2603,73.148,-1.5,561,4.1,17,1,3808
1567,Botrychium lunaria,46.1964,7.48476,-0.9,1041,6.23,26,2,2480
1568,Botrychium lunaria,46.0886,7.53883,0.6,844,5.55,26,1,3146
1572,Asclepias speciosa,46.3219,-114.129,8.7,295,,268,3,79636
1573,Poncirus trifoliata,25.2827,114.971,20.3,1436,6.4,3,1,12
1575,Botrychium lunaria,46.0885,7.53906,0.6,844,5.37,161,1,218316
1576,Botrychium lunaria,46.0886,7.53882,0.6,844,5.66,21,1,23478
1577,Botrychium lunaria,46.1964,7.48504,-0.9,1041,5.93,158,1,166058
1578,Festuca vivipara,64.9456,-23.3558,4.2,1280,4.8,1,1,1
1579,Botrychium lunaria,46.2045,7.48362,-0.7,1044,5.09,11,1,748
1580,Botrychium lunaria,46.0872,7.54381,-0.3,886,6.73,61,3,8742
1581,Botrychium lunaria,46.2045,7.48362,-0.7,1044,5.45,12,2,1651
1582,Botrychium lunaria,46.2041,7.48342,-0.7,1044,5.29,5,1,190
1583,Botrychium lunaria,46.2043,7.4835,-0.7,1044,4.95,7,2,69
1585,Botrychium lunaria,46.1965,7.48475,-0.9,1041,5.28,150,2,474119
1586,Botrychium lunaria,46.0885,7.53918,0.6,844,5.54,3,2,51
1587,Botrychium lunaria,46.2044,7.48377,-0.7,1044,4.95,10,1,900
1588,Botrychium lunaria,46.0885,7.53919,0.6,844,5.43,36,1,206784
1595,Convallaria majalis,58.28,27.32,5.8,628,,13,1,832
1596,Plantago lanceolata,60.1406,20.2686,6.2,548,5.1,126,6,13235
1599,Stachys sylvatica,50.8869,4.99069,10.4,739,5.626,117,2,38630
1600,Azorella trifurcata,-52.055,-71.4225,6.3,344,5.3,8,1,120
1602,Plantago lanceolata,60.3651,19.7889,6.2,549,6.8,84,4,12569
1608,Eragostis tef,-26.0035,29.1947,16.0,757,4.69,1128,5,7188905
1610,Alnus glutinosa,50.8872,4.99079,10.4,739,5.294,45,1,6030
1613,Botrychium lunaria,46.1963,7.48475,-0.9,1041,5.98,15,1,2340
1614,Malus domestica,50.73,5.14,10.1,801,6.9,11,1,1430
1615,Plantago lanceolata,60.1304,20.2753,6.2,555,5.2,6,2,20
1617,Eragostis tef,-25.9984,29.1856,16.0,778,4.39,1449,3,19612572
1618,Alnus glutinosa,50.8714,4.98632,10.5,734,5.18,3,2,5
1624,Asclepias speciosa,46.3219,-114.129,8.7,295,,43,3,1211
1625,Plantago lanceolata,60.3346,19.8006,6.1,563,4.5,26,3,572
1626,Taraxacum officinale,-52.058,-71.4211,6.3,344,5.5,43,2,3490
1629,Veronica incana,47.7578,107.132,-2.4,271,,4,3,6
1633,Hedera helix,43.5911,-1.2481,14.4,1374,,87,2,17091
1634,Vitis vinifera,39.8349,3.01889,17.3,754,8.3,119,3,110188
1638,Asclepias speciosa,46.3219,-114.129,8.7,295,,87,2,7059
1641,Vitis vinifera,39.8349,3.01889,17.3,754,8.3,349,6,1195827
1643,Asclepias speciosa,46.3219,-114.129,8.7,295,,695,3,583783
1647,Asclepias speciosa,46.3219,-114.129,8.7,295,,502,2,278434
1661,Artemisia frigida,47.7578,107.132,-2.4,271,,12,2,204
1668,Goodenia geniculata,-37.3333,142.15,13.5,643,5.0,5,1,45
1671,Stachys sylvatica,50.8724,4.98985,10.5,734,5.731,65,2,12277
1678,Botrychium lunaria,46.0872,7.5438,-0.3,886,6.62,24,3,1679
1679,Botrychium lunaria,46.0874,7.54378,-0.3,886,6.65,7,2,73
1680,Botrychium lunaria,46.0872,7.54383,-0.3,886,6.56,11,2,241
1681,Botrychium lunaria,46.0876,7.54401,-0.3,886,6.79,70,3,39135
1682,Botrychium lunaria,46.1963,7.48525,-0.9,1041,6.1,25,2,3146
1683,Botrychium lunaria,46.1965,7.48474,-0.9,1041,5.65,34,1,5168
1684,Botrychium lunaria,46.1964,7.48526,-0.9,1041,5.68,13,2,445
1685,Botrychium lunaria,46.0886,7.53896,0.6,844,5.24,175,1,233450
1686,Botrychium lunaria,46.0876,7.54386,-0.3,886,6.71,11,2,200
1687,Botrychium lunaria,46.1964,7.48503,-0.9,1041,5.55,47,2,9340
1688,Botrychium lunaria,46.0874,7.54379,-0.3,886,6.41,6,2,77
1689,Botrychium lunaria,46.0874,7.54378,-0.3,886,6.7,4,2,10
1690,Botrychium lunaria,46.0876,7.54386,-0.3,886,6.63,5,2,94
1691,Botrychium lunaria,46.1963,7.485,-0.9,1041,5.9,11,2,340
1692,Botrychium lunaria,46.1963,7.48502,-0.9,1041,6.41,42,3,17764
1693,Botrychium lunaria,46.0874,7.5439,-0.3,886,6.48,2,1,38
1694,Botrychium lunaria,46.1963,7.485,-0.9,1041,5.94,303,3,274893
1695,Botrychium lunaria,46.0874,7.54391,-0.3,886,6.55,39,2,11102
1696,Botrychium lunaria,46.1964,7.48502,-0.9,1041,5.65,13,2,2425
1698,Alnus glutinosa,50.8623,4.96335,10.5,741,5.753,3,1,132
1699,Malus domestica,50.77,5.15,10.2,838,6.6,4,1,156
1701,Rubus saxatilis,58.28,27.32,5.8,628,,379,1,2963780
1702,Campanula jacobaea,15.1803,-23.6908,20.6,335,5.2,13,4,77
1703,Stachys sylvatica,50.8424,4.88869,10.4,725,7.512,297,2,252684
1705,Plantago lanceolata,60.0741,20.1638,6.3,517,5.7,163,5,52457
1708,Eragostis tef,-26.0042,29.1973,16.0,757,4.69,468,3,612018
1709,Achillea millefolium,68.2381,17.4261,2.7,622,4.7,123,1,131487
1711,Eragostis tef,-26.0029,29.1899,16.0,775,4.16,315,6,589635
1713,Nicotiana glauca,37.8278,-0.765528,19.1,266,8.4,211,4,234869
1714,Acer platanoides,45.43,-73.94,7.3,1025,5.44,132,1,52272
1715,Acer saccharum,45.43,-73.94,7.3,1025,5.66,110,2,14036
1717,Plantago lanceolata,60.3447,19.9239,6.1,569,6.1,154,2,66770
1718,Vitis vinifera,39.8349,3.01889,17.3,754,8.3,216,2,505044
1719,Eragostis tef,-26.009,29.2012,16.1,738,4.03,336,3,547456
1720,Photinia glabra,29.25,118.12,15.6,2110,,1,1,1
1724,Simarouba amara,9.11006,-79.8434,26.1,2921,5.5,3,2,6
1726,Rubus saxatilis,58.28,27.32,5.8,628,,101,1,96253
1727,Ternstroemia gymnanthera,29.25,118.12,15.6,2110,,47,1,10340
1733,Plantago lanceolata,60.3346,19.8006,6.1,563,4.6,9,2,81
1736,Eragostis tef,-25.9999,29.1872,16.0,778,4.39,664,7,661035
1739,Spinifex sericeus,-36.9183,174.453,15.4,1407,6.56,39,1,6318
1741,Cenchrus setaceus,38.0804,-1.1504,17.7,374,8.45,5243,3,156203497
1750,Megathyrsus maximus,-24.7514,28.5761,19.2,631,4.2,50,1,5550
1752,Vitis vinifera,39.8349,3.01889,17.3,754,8.3,92,1,86940
1755,Plantago lanceolata,60.218,19.5405,6.3,522,6.0,4,4,10
1763,Asclepias speciosa,46.3219,-114.129,8.7,295,,295,3,103379
1765,Vitis vinifera,39.8349,3.01889,17.3,754,8.3,82,3,57922
1766,Vitis vinifera,39.8349,3.01889,17.3,754,8.3,97,2,81985
1767,Vitis vinifera,39.8349,3.01889,17.3,754,8.3,395,5,1505469
1768,Vitis vinifera,39.8349,3.01889,17.3,754,8.3,132,4,112551
1769,Azorella trifurcata,-52.055,-71.4225,6.3,344,5.3,14,3,290
1771,Plantago lanceolata,60.1406,20.2686,6.2,548,5.1,62,4,3093
1772,NA_,68.2381,17.4261,2.7,622,4.7,127,2,37927
1773,Botrychium lunaria,46.0884,7.53911,0.6,844,5.34,159,1,241998
1777,Plantago lanceolata,60.213,19.6715,6.3,504,5.9,12,2,189
1780,Eragostis tef,-26.0,29.1887,16.0,778,4.39,586,6,1077168
1781,Stachys sylvatica,50.8516,4.91323,10.4,729,5.928,174,2,97573
1787,Hyparrhenia hirta,38.2182,-0.50816,18.9,306,8.61,1573,3,13228249
1788,Eragostis tef,-26.0083,29.2022,16.1,738,4.03,878,4,4262277
1791,Triraphis mollis,-23.7669,133.876,22.4,278,4.9,1,1,2
1792,Cenchrus ciliaris,-23.7669,133.876,22.4,278,4.9,3,1,30
1794,Plantago lanceolata,60.3468,19.9274,6.2,552,,3,2,5
1799,Vitis vinifera,39.8349,3.01889,17.3,754,8.3,99,4,86308
1806,Plantago lanceolata,60.3346,19.8006,6.1,563,4.6,38,3,1864
1807,Malus domestica,50.82,4.76,10.3,765,6.6,19,2,505
1812,Plantago lanceolata,60.0741,20.1638,6.3,517,5.7,113,3,35113
1813,Vitis vinifera,39.8349,3.01889,17.3,754,8.3,301,4,816465
1816,Digitaria eriantha,-24.7514,28.5761,19.2,631,4.2,15,2,357
1817,Stachys sylvatica,50.8408,4.91774,10.4,750,4.865,273,1,371007
1824,Asclepias speciosa,46.3219,-114.129,8.7,295,,851,3,1616141
1828,Eragostis tef,-26.0033,29.1963,16.0,757,4.69,372,5,355024
1829,Stachys sylvatica,50.8663,4.96412,10.5,741,,5,1,110
1830,Plantago lanceolata,60.218,19.5405,6.3,522,5.7,10,2,119
1831,Stachys sylvatica,50.8623,4.96335,10.5,741,4.874,221,2,191436
1833,Tamarix aphylla,32.91,2.5,19.3,127,,25,2,1935
1838,Faidherbia albida,-18.884,34.4106,24.6,988,,156,3,27455
1840,Vitis vinifera,39.8349,3.01889,17.3,754,8.3,106,5,84701
1844,Eragostis tef,-25.9993,29.1869,16.0,778,4.39,1192,3,9892091
1846,Tamarix aphylla,35.07,3.02,16.3,315,,317,2,647803
1851,Malus domestica,50.82,4.76,10.3,765,6.6,45,2,4496
1853,Vitis vinifera,39.8349,3.01889,17.3,754,8.3,71,3,33573
1854,Vitis vinifera,39.8349,3.01889,17.3,754,8.3,58,2,29356
1855,Vitis vinifera,39.8349,3.01889,17.3,754,8.3,60,2,27318
1856,Vitis vinifera,39.8349,3.01889,17.3,754,8.3,61,3,22587
1859,Vitis vinifera,39.8349,3.01889,17.3,754,8.3,41,4,9957
1860,NA_,68.1719,17.7351,-1.0,655,3.3,3,1,12
1868,Plantago lanceolata,60.2183,19.5392,6.3,522,6.1,2,1,4
1873,Cocos nucifera,-15.0794,-148.148,27.0,1810,7.3,1,1,2
1874,Asclepias speciosa,46.3219,-114.129,8.7,295,,1235,2,3404477
1878,Asclepias speciosa,46.3219,-114.129,8.7,295,,513,3,476146
1880,Eragostis tef,-26.0018,29.1908,16.0,775,4.16,1284,6,4151740
1881,Plantago lanceolata,60.3465,19.9281,6.2,552,,25,2,905
1882,Capparis erythrocarpus,-18.9118,34.3904,24.6,967,,2,1,4
1887,Botrychium lunaria,46.0886,7.53895,0.6,844,5.02,3,1,36
1897,Malus domestica,50.92,5.41,10.5,764,4.9,1,1,1
1898,Plantago lanceolata,60.3343,19.8005,6.1,563,5.3,517,4,915211
1899,Plantago lanceolata,60.3347,19.8004,6.1,563,6.0,240,3,181766
1902,Plantago lanceolata,60.1407,20.2685,6.2,548,5.7,6,1,48
1903,Trifolium pratense,68.2381,17.4261,2.7,622,4.7,2,1,4
1908,Plantago lanceolata,60.3344,19.8007,6.1,563,5.3,16,3,132
1911,Plantago lanceolata,60.3648,19.7892,6.2,549,,2,1,4
1912,Plantago lanceolata,60.3447,19.9242,6.1,569,6.3,17,2,1057
1916,Voyria tenella,9.11006,-79.8434,26.1,2921,,4,1,20
1917,Acer platanoides,45.43,-73.94,7.3,1025,6.1,26,1,1248
1922,Plantago lanceolata,58.1075,22.1917,7.0,583,7.1,11,1,231
1923,Tamarix aphylla,34.66,3.25,15.1,287,,442,1,1545674
1928,Asclepias speciosa,46.3219,-114.129,8.7,295,,182,1,73528
1929,Hedera colchica,41.9408,43.4192,7.8,984,4.8,5,1,13
1940,Nicotiana glauca,38.0334,-1.16275,18.5,299,8.69,238,4,958093
1943,Trifolium repens,68.1656,17.7002,-1.0,657,4.23,49,1,3773
1959,Sorghum bicolor,13.101,32.7611,28.7,333,8.17,153,2,248721
1989,Sorghum bicolor,13.101,32.7611,28.7,333,8.17,83,2,161846
1994,Cenchrus setaceus,37.8245,-1.1621,17.7,271,8.76,26,4,390
1998,Galium verum,58.1094,22.1914,7.1,576,7.1,4,1,20
1999,Vitis vinifera,39.8349,3.01889,17.3,754,8.3,117,3,120639
2001,Malus domestica,50.76,5.05,10.2,821,4.9,1,1,1
2002,Tamarix aphylla,32.91,2.5,19.3,127,,2,1,8
2006,Convallaria majalis,58.28,27.32,5.8,628,,10,1,530
2013,Alnus glutinosa,50.8724,4.98985,10.5,734,6.471,1,1,1
2016,Plantago lanceolata,60.2357,19.5433,6.3,527,5.0,31,3,1651
2018,Botrychium lunaria,46.2043,7.4835,-0.7,1044,5.06,6,2,156
2020,Vitis vinifera,39.8349,3.01889,17.3,754,8.3,180,3,320532
2021,Arum italicum,43.5911,-1.2481,14.4,1374,,68,1,16116
2022,Eragostis tef,-26.0085,29.2012,16.1,738,4.03,626,6,1172759
2026,Stachys sylvatica,50.8614,4.96331,10.5,741,4.476,262,2,188836
2027,Trifolium repens,68.24,17.4253,2.7,622,4.1,301,1,1007146
2028,Hyparrhenia hirta,37.8245,-1.1621,17.7,271,8.37,22,3,355
2029,Chamaecyparis obtusa,35.3386,139.056,13.8,1607,,10,4,148
2030,Plantago lanceolata,60.3471,19.9274,6.2,552,6.8,2,1,4
2032,Poncirus trifoliata,25.2827,114.971,20.3,1436,6.4,2,1,48
2034,Acer saccharum,45.43,-73.94,7.3,1025,5.77,67,1,12797
2041,Plantago lanceolata,60.1302,20.2755,6.2,555,6.3,2,2,2
2044,Asclepias speciosa,46.3219,-114.129,8.7,295,,12,1,204
2047,Asclepias speciosa,46.3219,-114.129,8.7,295,,1172,2,2704849
2055,NA_,34.9603,135.938,15.7,1537,,6,1,102
2057,Camellia fraterna,29.25,118.12,15.6,2110,,1,1,1
2059,Asclepias speciosa,46.3219,-114.129,8.7,295,,682,2,684276
2066,Sorghum bicolor,13.101,32.7611,28.7,333,8.17,33,2,5973
2068,Alnus glutinosa,50.861,4.96012,10.5,741,5.637,1,1,1
2069,Itea oblonga,29.25,118.12,15.6,2110,,9,2,90
2070,Thalictrum minus,56.0583,159.904,0.1,476,4.9,98,2,28742
2072,Populus deltoides,30.4689,116.991,17.5,1392,7.88,49,3,4861
2073,Alnus glutinosa,50.8625,4.96292,10.5,741,3.748,61,1,60878
2076,Commelina benghalensis,-24.7514,28.5761,19.2,631,4.2,7,2,49
2085,Cenchrus setaceus,38.221,-0.50939,18.7,339,8.67,6340,3,242365124
2089,Vitis vinifera,39.8349,3.01889,17.3,754,8.3,388,3,1421709
2090,Vitis vinifera,39.8349,3.01889,17.3,754,8.3,303,1,896577
2092,Plantago lanceolata,60.2357,19.5433,6.3,527,5.0,194,1,161602
2096,Stachys sylvatica,50.8661,4.97416,10.5,738,5.534,70,3,6061
2097,Botrychium lunaria,46.0885,7.53909,0.6,844,5.22,39,2,16569
2099,Cocos nucifera,-15.1247,-148.227,27.0,1872,7.2,22,1,880
2109,Ajuga reptans,43.5911,-1.2481,14.4,1374,,15,2,290
2110,Eragrostis barrelieri,-23.7669,133.876,22.4,278,4.9,249,1,339636
2112,Eragostis tef,-25.9945,29.1861,16.0,778,4.12,839,7,1335262
2118,Salvia rosmarinus,39.4083,2.74528,17.3,616,7.2,21,3,579
2120,Briza media,47.4728,10.0678,4.7,2209,6.0,1,1,1
2123,Solidago virgaurea,68.1639,17.5182,0.0,615,3.3,340,1,1417800
2126,Plantago lanceolata,60.2355,19.5432,6.3,527,7.6,1,1,1
2133,Tamarix aphylla,32.91,2.5,19.3,127,,22,4,518
2137,Stachys sylvatica,50.8516,4.91323,10.4,729,5.928,12,1,384
2138,Stachys sylvatica,50.8629,4.90779,10.4,751,5.262,131,1,72312
2139,Galium verum,58.1075,22.1917,7.0,583,7.1,63,2,8912
2140,Stachys sylvatica,50.8717,4.98648,10.5,734,4.06,5,1,80
2142,Stachys sylvatica,50.8595,4.97775,10.5,738,3.995,18,2,1062
2143,Stachys sylvatica,50.8709,4.98105,10.5,739,5.528,15,3,4721
2144,Scorzoneroides autumnalis,47.47,10.0572,5.6,2113,5.7,31,1,4247
2145,Stachys sylvatica,50.8724,4.98985,10.5,734,5.731,107,2,24553
2148,Stachys sylvatica,50.8461,4.88374,10.4,725,6.085,88,2,24274
2157,Acer platanoides,45.43,-73.94,7.3,1025,5.45,1,1,1
2158,Malus domestica,50.86,5.29,10.4,811,6.9,2,2,8
2160,Triraphis mollis,-23.7667,133.877,22.4,279,5.0,207,1,419382
2161,Botrychium lunaria,46.2042,7.48337,-0.7,1044,5.54,49,2,42398
2162,Alnus glutinosa,50.8625,4.9604,10.5,741,4.667,4,1,44
2164,Malus domestica,51.17,4.6,10.5,789,5.6,11,1,176
2168,Asclepias speciosa,46.3219,-114.129,8.7,295,,61,3,6627
2183,Plantago lanceolata,60.218,19.5405,6.3,522,5.7,22,2,1072
2188,Eragrostis barrelieri,-23.7669,133.876,22.4,278,4.9,10,3,99
2189,Malus domestica,50.86,5.16,10.5,781,6.8,1,1,3
2195,Stachys sylvatica,50.8732,4.93951,10.4,765,4.622,209,2,171468
2198,Talipariti tiliaceum,-17.5592,-149.43,25.6,2598,5.8,3,1,15
2204,Alnus glutinosa,50.8498,4.93659,10.4,739,3.697,74,1,36482
2217,NA_,35.1461,139.157,16.1,1756,,2,1,6
2220,Toxicodendron succedaneum,29.25,118.12,15.6,2110,,3,2,5
2221,Vitis vinifera,39.8349,3.01889,17.3,754,8.3,23,2,4467
2222,Goodenia geniculata,-37.3333,142.15,13.5,643,5.0,1,1,3
2225,Stachys sylvatica,50.8595,4.97775,10.5,738,3.995,29,1,1769
2228,Sorghastrum pellitum,-32.7561,-64.9244,9.8,931,,1,1,1
2230,Alseis blackiana,9.11006,-79.8434,26.1,2921,,3,2,15
2232,Podococcus barteri,0.6172,10.4136,22.2,2432,3.6,4,1,8
2233,Oryza sativa,25.8667,88.672,24.8,1949,5.872,155,2,62330
2236,Alniphyllum fortunei,29.25,118.12,15.6,2110,,2,2,2
2238,NA_,35.1461,139.157,16.1,1756,,7,1,84
2241,Stachys sylvatica,50.8874,4.90163,10.2,811,5.048,129,1,51342
2244,Asclepias speciosa,46.3219,-114.129,8.7,295,,82,2,6568
2247,Alnus glutinosa,50.8867,4.99109,10.4,739,5.396,23,1,1288
2248,Rubus saxatilis,58.28,27.32,5.8,628,,120,2,188384
2253,Oryza sativa,25.8554,88.6774,24.8,1946,5.689,72,1,23400
2256,Cocos nucifera,-15.1242,-148.226,27.0,1872,7.3,10,1,160
2257,Asclepias speciosa,46.3219,-114.129,8.7,295,,641,3,603604
2259,Festuca lenensis,43.0519,104.058,4.1,125,6.7,43,2,4515
2270,Chondrosum gracile,50.7667,-104.617,3.1,412,6.9,17,1,493
2274,Plantago lanceolata,60.1408,20.2683,6.2,548,6.3,760,3,1907512
2275,Lens culinaris,50.3,-107.683,4.0,402,6.5,346,3,347290
2276,Asclepias speciosa,46.3219,-114.129,8.7,295,,182,2,49332
2277,Populus deltoides,30.4689,116.991,17.5,1392,7.95,22,3,1166
2279,Vitis vinifera,39.8349,3.01889,17.3,754,8.3,354,3,1338427
2281,Plantago lanceolata,60.3648,19.7892,6.2,549,,13,1,364
2282,Asclepias speciosa,46.3219,-114.129,8.7,295,,32,2,1384
2363,Plantago lanceolata,60.218,19.5405,6.3,522,5.7,2,1,4
2364,Chimonanthus salicifolius,29.25,118.12,15.6,2110,,5,1,25
2365,Solidago virgaurea,68.1639,17.5182,0.0,615,3.3,109,1,76627
2366,Itea oblonga,29.25,118.12,15.6,2110,,2,1,6
2369,Zea mays,35.3802,139.466,15.9,1589,5.57,1883,3,10936089
2371,Artocarpus altilis,20.7992,-156.038,24.2,2464,,14,1,490
2384,Stachys sylvatica,50.8721,4.98048,10.5,739,5.468,122,2,61469
2385,Stachys sylvatica,50.8506,4.93283,10.5,736,5.301,17,3,785
2387,Stachys sylvatica,50.8721,4.98048,10.5,739,5.468,318,2,255495
2388,Stachys sylvatica,50.8424,4.88869,10.4,725,7.512,54,2,5698
2390,Plantago lanceolata,60.213,19.6715,6.3,504,5.9,2,1,4
2395,Paris incompleta,41.9408,43.4192,7.8,984,4.8,1,1,2
2396,Eragostis tef,-26.0057,29.1969,16.0,757,4.69,83,1,28520
2397,Asclepias speciosa,46.3219,-114.129,8.7,295,,335,3,193785
2399,Nicotiana glauca,38.0334,-1.16275,18.5,299,8.51,720,3,3315234
2400,Asclepias speciosa,46.3219,-114.129,8.7,295,,596,3,366710
2404,Rubus saxatilis,58.28,27.32,5.8,628,,207,2,300126
2411,Voyria tenella,9.11006,-79.8434,26.1,2921,,1,1,1
2413,Veratrum oxysepalum,53.0425,158.67,2.0,929,4.2,6,1,72
2414,Malus domestica,50.76,5.05,10.2,821,4.9,1,1,1
2416,Ruscus aculeatus,43.5911,-1.2481,14.4,1374,,6,1,78
2420,Scorzoneroides autumnalis,64.9456,-23.3558,4.2,1280,4.8,2,1,6
2423,Alnus glutinosa,50.8758,4.9855,10.5,729,3.65,40,1,6960
2424,Alnus glutinosa,50.8756,4.98592,10.5,729,4.083,1,1,1
2429,Stachys sylvatica,50.8581,4.94588,10.5,731,4.09,190,1,402040
2430,Cinnamomum subavenium,29.25,118.12,15.6,2110,,1,1,1
2433,Vitis vinifera,39.8349,3.01889,17.3,754,8.3,14,4,322
2435,Stipa krylovii,47.7578,107.132,-2.4,271,,50,3,4628
2436,Artemisia frigida,43.0519,104.058,4.1,125,6.7,7,1,112
2437,Taraxacum officinale,-52.055,-71.4225,6.3,344,5.3,16,2,652
2438,Phacelia secunda,-38.6485,-71.6461,7.6,1167,5.0,31,2,1613
2441,Cenchrus setaceus,38.0723,-1.15342,17.7,360,8.45,1255,3,5288569
2447,Oryza sativa,25.8365,88.6635,24.8,1936,6.094,85,1,65424
2451,NA_,34.9603,135.938,15.7,1537,,2,2,2
2452,Toxicodendron succedaneum,29.25,118.12,15.6,2110,,12,1,204
2454,Botrychium lunaria,46.1964,7.48528,-0.9,1041,5.02,22,2,3676
2456,Botrychium lunaria,46.2041,7.4834,-0.7,1044,4.84,23,1,9821
2457,Botrychium lunaria,46.0885,7.53909,0.6,844,5.2,80,1,47280
2463,Botrychium lunaria,46.2042,7.48364,-0.7,1044,5.01,128,1,248704
2467,Vitis vinifera,39.8349,3.01889,17.3,754,8.3,55,4,20867
2468,Vitis vinifera,39.8349,3.01889,17.3,754,8.3,39,2,9746
2469,Convallaria majalis,58.28,27.32,5.8,628,,1,1,1
2474,Alnus glutinosa,50.8663,4.97488,10.5,738,5.828,2,2,2
2475,Plantago lanceolata,60.0741,20.1638,6.3,517,5.7,606,2,1340478
2476,Agropyron cristatum,43.5017,104.058,-1.5,171,6.7,4,1,92
2477,Stachys sylvatica,50.8473,4.89068,10.4,725,7.375,54,3,3314
2480,Plantago lanceolata,60.0742,20.1658,6.3,517,7.3,19,2,514
2485,Megathyrsus maximus,-24.6778,28.6608,19.5,581,6.2,3,1,18
2486,Tamarix aphylla,32.91,2.5,19.3,127,,11,3,71
2488,Tamarix aphylla,35.07,3.02,16.3,315,,458,3,1346489
2490,Tamarix aphylla,34.66,3.25,15.1,287,,347,4,826623
2493,Tamarix aphylla,32.91,2.5,19.3,127,,24,2,2071
2494,Tamarix aphylla,35.07,3.02,16.3,315,,181,4,128301
2502,Hyparrhenia hirta,38.0207,-1.16185,18.8,278,7.74,1293,4,5375551
2503,Tamarix aphylla,34.66,3.25,15.1,287,,710,4,4312860
2504,Tamarix aphylla,34.66,3.25,15.1,287,,456,2,1588962
2507,Pallenis spinosa,35.4592,23.8008,18.1,744,6.2,1,1,1
2508,Artocarpus altilis,20.7992,-156.038,24.2,2464,,11,1,407
2511,Triticum aestivum,50.3,-107.683,4.0,402,6.5,8,2,253
2521,Triticum aestivum,50.3,-107.683,4.0,402,6.5,158,2,69358
2522,Cicer arietinum,50.3,-107.683,4.0,402,6.5,50,2,1930
2523,Plantago lanceolata,60.2355,19.5432,6.3,527,7.6,45,2,2772
2524,Asclepias speciosa,46.3219,-114.129,8.7,295,,188,3,27501
2529,Leymus mollis,40.9203,-124.139,13.8,1229,6.6,5,1,65
2530,Nicotiana glauca,38.0334,-1.16275,18.5,299,8.69,903,3,10129172
2531,Plantago lanceolata,60.2182,19.5401,6.3,522,6.5,15,1,270
2542,Enteropogon prieurii,14.5822,-17.0161,25.8,477,6.4,60,1,15300
2543,Digitaria macroblephara,-2.6814,35.1208,20.0,726,6.8,38,3,3927
2551,Asphodelus aestivus,39.4083,2.74528,17.3,616,7.2,37,2,1563
2556,Heliotropium ramosissimum,16.8053,-22.9211,23.3,78,7.5,116,2,42437
2557,Asphodelus aestivus,39.4083,2.74528,17.3,616,7.2,50,3,4980
2569,Conyza pannosa,15.1781,-23.6867,20.6,335,5.2,104,3,30807
2573,Adinandra millettii,29.25,118.12,15.6,2110,,2,1,4
2574,Acer platanoides,45.43,-73.94,7.3,1025,5.7,30,1,2040
2576,Hypochaeris radicata,-37.3333,142.15,13.5,643,5.0,7,1,301
2577,Daphniphyllum oldhamii,29.25,118.12,15.6,2110,,3,2,7
2578,Daphniphyllum oldhamii,29.25,118.12,15.6,2110,,4,2,16
2582,Elymus nutans,33.6667,101.85,1.5,571,5.3,29,3,1121
2589,Plantago lanceolata,60.1407,20.2685,6.2,548,5.7,301,2,307673
2592,Morella rubra,29.25,118.12,15.6,2110,,1,1,1
2593,Montinia caryophyllacea,-33.993,18.9742,14.3,1314,,2,2,2
2595,Alnus glutinosa,50.8874,4.99042,10.4,739,5.302,7,1,140
2598,Vitis vinifera,39.8349,3.01889,17.3,754,8.3,45,4,12060
2603,Hedera nepalensis,29.4208,79.5689,12.6,2140,4.05,15,1,855
2604,Podocarpus coriaceus,16.1783,-61.7317,23.5,1986,4.1,59,1,15930
2607,Asclepias speciosa,46.3219,-114.129,8.7,295,,647,2,543260
2608,Asclepias speciosa,46.3219,-114.129,8.7,295,,1797,2,9321769
2609,Asclepias speciosa,46.3219,-114.129,8.7,295,,1899,3,12065978
2613,Malus domestica,50.88,4.96,10.3,795,6.3,5,2,18
2614,Malus domestica,50.76,5.05,10.2,821,4.9,2,1,6
2616,Dichanthium annulatum,22.3744,81.9022,25.3,1262,5.45,15,4,82
2619,Plantago lanceolata,60.3344,19.8007,6.1,563,5.3,6,2,44
2621,Asclepias speciosa,46.3219,-114.129,8.7,295,,29,3,889
2625,Helictochloa pratensis,58.1094,22.1914,7.1,576,7.1,19,2,238
2628,Malus domestica,50.76,5.05,10.2,821,4.9,214,1,140598
2633,Plantago lanceolata,60.0742,20.1658,6.3,517,7.3,43,2,3911
2636,Plantago lanceolata,60.2137,19.6718,6.3,504,6.1,8,1,192
2637,Plantago lanceolata,60.3471,19.9274,6.2,552,6.8,4,2,44
2639,Plantago lanceolata,60.2355,19.5942,6.3,523,5.2,45,3,11303
2640,Plantago lanceolata,60.3344,19.8007,6.1,563,5.3,6,3,14
2643,Plantago lanceolata,60.074,20.1642,6.3,517,6.2,554,3,1183113
2645,Elymus nutans,33.6667,101.85,1.5,571,5.3,67,2,10008
2651,Stachys sylvatica,50.8879,4.98713,10.4,739,4.621,113,2,33265
2653,Nephrolepis hirsutula,-17.5592,-149.43,25.6,2598,5.8,6,1,96
2655,Alnus glutinosa,50.8611,4.96078,10.5,741,3.952,20,1,4800
2658,Triraphis mollis,-23.7667,133.877,22.4,279,5.0,32,1,6432
2659,Themeda triandra,-37.3333,142.15,13.5,643,5.3,65,1,18525
2661,Calamagrostis purpurea,56.06,159.912,0.0,477,4.8,3,2,12
2662,Themeda triandra,-1.8444,35.2008,20.0,846,6.0,44,3,2116
2663,Santolina chamaecyparissus,39.4086,2.74667,17.3,616,7.3,45,2,6583
2664,Lavandula latifolia,37.4,-2.83333,9.3,622,,177,1,126378
2665,Nicotiana glauca,38.0463,-1.19511,18.6,303,7.88,5,2,13
2666,Lavandula latifolia,37.4,-2.83333,9.3,622,,43,3,3385
2667,Phacelia secunda,-38.6993,-71.6155,8.0,1287,5.7,12,1,324
2668,Themeda triandra,-2.5811,35.1411,20.3,674,7.0,13,1,429
2669,Santolina chamaecyparissus,39.4086,2.74667,17.3,616,7.3,13,2,149
2676,Helictochloa pratensis,58.1075,22.1917,7.0,583,7.1,87,2,15454
2677,Plantago lanceolata,60.1304,20.2753,6.2,555,5.1,1,1,1
2678,Malus domestica,50.88,4.96,10.3,795,6.3,1,1,2
2681,Alnus glutinosa,50.8728,4.98762,10.5,734,3.253,3,1,36
2682,Sorghum bicolor,13.101,32.7611,28.7,333,8.17,1,1,1
2683,Stachys sylvatica,50.8471,4.92774,10.4,735,,229,1,215947
2692,Stachys sylvatica,50.8562,4.89343,10.4,735,5.305,39,2,3396
2694,Plantago lanceolata,60.2183,19.5392,6.3,522,6.1,10,3,218
2698,Sorghum bicolor,13.101,32.7611,28.7,333,8.17,42,1,13944
2699,Sorghum bicolor,13.101,32.7611,28.7,333,8.17,1,1,1
2704,Sorghum bicolor,13.101,32.7611,28.7,333,8.17,60,1,80580
2713,Cocos nucifera,-15.0794,-148.148,27.0,1810,7.3,2,1,4
2714,Acer platanoides,45.43,-73.94,7.3,1025,6.34,4,2,31
2715,Acer saccharum,45.43,-73.94,7.3,1025,5.27,55,2,3660
2718,Plantago lanceolata,60.0742,20.1658,6.3,517,7.3,1,1,1
2726,Ranunculus sulphureus,78.2208,15.6167,-5.9,291,5.8,4,1,16
2746,Malus domestica,50.78,4.08,10.4,814,6.5,49,2,15689
2748,Trientalis europaea,69.7983,27.0864,-0.1,400,3.1,33,1,1815
2753,Poncirus trifoliata,30.5777,114.304,17.3,1197,5.9,34,2,1960
2761,Acer platanoides,45.43,-73.94,7.3,1025,5.65,48,1,7488
2768,Stachys sylvatica,50.8458,4.88249,10.4,733,5.811,206,3,145964
2769,Stachys sylvatica,50.8562,4.89343,10.4,735,5.305,41,2,3496
2770,Stachys sylvatica,50.8752,4.98414,10.5,729,4.512,196,2,105050
2771,Veronica spicata,58.1094,22.1914,7.1,576,7.1,6,1,84
2773,Mercurialis perennis,44.7544,-0.395278,13.5,881,,3,1,33
2774,Viola mirabilis,58.5839,23.568,6.6,586,7.0,1,1,1
2778,Plantago lanceolata,60.3468,19.9274,6.2,552,,78,2,13659
2792,Saxifraga oppositifolia,78.2006,15.8153,-5.9,275,5.7,7,2,49
2793,Nephrolepis hirsutula,-17.5458,-149.434,24.2,3140,5.3,69,2,4758
2796,Plantago lanceolata,60.2355,19.5941,6.3,523,5.2,145,3,61349
2797,Oryza sativa,25.8896,88.6679,24.8,1965,6.369,22,1,2156
2799,Thalictrum foetidum,43.5017,104.058,-1.5,171,6.7,1,1,1
2808,Galium verum,56.5364,16.4769,7.8,518,6.7,82,1,13366
2813,Stachys sylvatica,50.8767,4.95963,10.3,795,4.496,189,1,131166
2815,Digitaria eriantha,-24.6778,28.6608,19.5,581,6.2,147,2,38663
2816,Medicago truncatula,34.74,9.64,19.5,234,8.1,12,2,96
2817,Nephrolepis hirsutula,-17.5592,-149.43,25.6,2598,5.8,43,2,2356
2822,Talipariti tiliaceum,-17.5458,-149.434,24.2,3140,5.3,6,2,30
2823,Alnus glutinosa,50.8512,4.93619,10.5,731,4.007,70,1,11480
2824,Plantago lanceolata,60.3465,19.9281,6.2,552,,5,3,15
2825,Asclepias speciosa,46.3219,-114.129,8.7,295,,629,2,820841
2826,Ternstroemia gymnanthera,29.25,118.12,15.6,2110,,2,2,2
2832,Sesleria caerulea,58.5844,23.5697,6.6,586,7.0,9,1,90
2838,Plantago lanceolata,60.2183,19.5392,6.3,522,6.1,53,3,6531
2840,Trifolium repens,68.1656,17.7002,-1.0,657,4.23,371,1,605472
2844,Artocarpus altilis,20.7992,-156.038,24.2,2464,,17,3,595
2849,Spinifex sericeus,-36.9183,174.453,15.4,1407,6.72,18,2,516
2852,Dichrostachys cinerea,-24.7514,28.5761,19.2,631,4.2,11,1,132
2853,Ternstroemia gymnanthera,29.25,118.12,15.6,2110,,1,1,2
2856,Galium elegans,29.4308,79.6394,12.6,2063,4.05,3,2,9
2858,Amorphophallus sp.,16.8594,100.465,27.0,1519,4.6,5,2,18
2859,Elymus nutans,33.6667,101.85,1.5,571,5.3,254,1,349758
2862,Nicotiana glauca,37.8278,-0.765528,19.1,266,8.4,196,3,498723
2868,Artocarpus altilis,20.7992,-156.038,24.2,2464,,199,4,82312
2872,Cymbopogon nardus,-33.993,18.9742,14.3,1314,,12,1,624
2873,Solidago virgaurea,68.3943,17.8007,-0.6,677,,17,1,748
2879,Schima superba,29.25,118.12,15.6,2110,,2,1,4
2884,Syzygium buxifolium,29.25,118.12,15.6,2110,,18,4,180
2888,Adinandra millettii,29.25,118.12,15.6,2110,,7,3,38
2896,Acer saccharum,45.43,-73.94,7.3,1025,6.38,2,1,4
2902,Vitis vinifera,39.8349,3.01889,17.3,754,8.3,72,3,30772
2906,Rubus saxatilis,58.28,27.32,5.8,628,,233,1,757017
2911,Triticum aestivum,50.3,-107.683,4.0,402,6.5,7,2,28
2918,Alnus glutinosa,50.8609,4.96079,10.5,741,3.632,12,1,288
2919,Alnus glutinosa,50.8625,4.96303,10.5,741,3.681,34,1,9282
2920,Alnus glutinosa,50.8759,4.98546,10.5,729,4.443,11,3,189
2922,Citrus sp.,30.5777,114.304,17.3,1197,5.9,1,1,1
2929,Asclepias speciosa,46.3219,-114.129,8.7,295,,122,3,14068
2933,Stachys sylvatica,50.8581,4.94588,10.5,731,4.09,236,1,256296
2936,Stachys sylvatica,50.8707,4.97764,10.5,739,5.978,167,2,119521
2937,Asclepias speciosa,46.3219,-114.129,8.7,295,,94,2,10679
2938,Asclepias speciosa,46.3219,-114.129,8.7,295,,275,2,121016
2942,Plantago lanceolata,60.1302,20.2755,6.2,555,6.3,17,2,174
2948,Toxicodendron succedaneum,29.25,118.12,15.6,2110,,1,1,1
2950,Acer platanoides,45.43,-73.94,7.3,1025,5.84,14,1,336
2954,Oryza sativa,25.8554,88.6774,24.8,1946,5.689,16,1,992
2956,Vincetoxicum hirundinaria,56.5364,16.4769,7.8,518,6.7,1,1,1
2957,Filipendula vulgaris,58.1075,22.1917,7.0,583,7.1,4,1,28
2958,Dryopteris sp.,16.1783,-61.7317,23.5,1986,4.2,4,2,16
2959,Helictochloa pratensis,58.1094,22.1914,7.1,576,7.1,20,3,278
2961,Trifolium pratense,68.1672,17.5247,-0.3,661,3.77,1,1,1
2966,Vitis vinifera,39.8349,3.01889,17.3,754,8.3,118,3,120035
2967,Digitaria eriantha,-24.6778,28.6608,19.5,581,6.2,59,5,2525
2971,Solidago missouriensis,50.7667,-104.617,3.1,412,6.2,1,1,1
2972,Plantago argentina,-32.7689,-64.9405,9.9,832,5.1,3,1,18
2974,Genista cinerea,37.4,-2.83333,9.3,622,,227,3,222434
2981,Digitaria macroblephara,-2.1458,35.0472,20.6,933,5.5,37,2,1975
2982,Acer saccharum,45.43,-73.94,7.3,1025,5.84,4,1,20
2983,Asclepias speciosa,46.3219,-114.129,8.7,295,,95,3,6210
2985,Triticum aestivum,50.3,-107.683,4.0,402,6.5,2,1,4
2991,NA_,68.4024,17.7888,1.0,617,5.05,142,1,63900
2994,Koeleria macrantha,43.5017,104.058,-1.5,171,6.7,5,2,25
2996,Malus domestica,50.77,4.08,10.4,847,6.2,38,3,1197
3001,Syzygium buxifolium,29.25,118.12,15.6,2110,,7,3,21
3009,Plantago lanceolata,58.1075,22.1917,7.0,583,7.1,55,2,6481
3011,Nicotiana glauca,38.0463,-1.19511,18.6,303,7.85,1428,4,43495913
3018,Trifolium repens,68.3985,17.7791,-0.2,685,4.7,122,2,56058
3030,Schima superba,29.25,118.12,15.6,2110,,2,1,4
3034,Digitaria macroblephara,-1.8444,35.2008,20.0,846,6.0,42,2,3210
3035,Phagnalon saxatile,39.4083,2.74528,17.3,616,7.2,20,3,672
3037,Spinifex sericeus,-36.9183,174.453,15.4,1407,6.56,10,1,330
3038,Spinifex sericeus,-36.9183,174.453,15.4,1407,6.92,12,2,338
3040,Agrostis capillaris,64.4128,-15.3661,2.2,1384,5.0,39,4,4935
3041,Senna obtusifolia,14.5781,-17.0172,25.8,472,6.1,13,3,475
3043,Chamaecyparis obtusa,34.9608,135.939,15.7,1537,,1,1,1
3048,Malus domestica,50.86,5.16,10.5,781,6.8,1,1,5
3054,Talipariti tiliaceum,-17.5458,-149.434,24.2,3140,5.3,1,1,1
3056,Nicotiana glauca,37.8236,-0.976111,18.5,264,8.67,130,5,114708
3059,Machilus thunbergii,29.25,118.12,15.6,2110,,2,2,2
3063,Nicotiana glauca,38.0334,-1.16275,18.5,299,8.69,1566,3,21336486
3064,Nicotiana glauca,38.0463,-1.19511,18.6,303,7.85,1088,3,16833370
3067,Chimonanthus salicifolius,29.25,118.12,15.6,2110,,1,1,1
3097,Solidago virgaurea,69.8136,27.1736,-0.7,387,,3,1,9
3100,Plantago lanceolata,60.0741,20.1643,6.3,517,6.3,106,2,25300
3103,Asclepias speciosa,46.3219,-114.129,8.7,295,,2079,3,8869605
3104,NA_,35.1461,139.157,16.1,1756,,116,2,26912
3109,Filipendula vulgaris,56.5389,16.4597,7.7,538,6.5,1,1,1
3114,Galium verum,58.1075,22.1917,7.0,583,7.1,7,1,63
3116,Phagnalon saxatile,39.4083,2.74528,17.3,616,7.2,83,2,30870
3117,Artemisia frigida,43.0519,104.058,4.1,125,6.7,11,1,286
3118,Lathyrus magellanicus,-38.6993,-71.6155,8.0,1287,5.7,30,2,1020
3119,Stachys sylvatica,50.8459,4.8941,10.4,721,7.159,113,2,33637
3123,Campanula rotundifolia,64.42,-15.3978,2.9,1318,4.9,64,1,14784
3125,Malus domestica,50.74,5.29,10.1,811,6.1,3,1,24
3128,Stachys sylvatica,50.8747,4.98412,10.5,734,5.468,119,2,27825
3129,Hedera helix,43.5911,-1.2481,14.4,1374,,4,1,20
3130,Ajuga reptans,43.5911,-1.2481,14.4,1374,,211,2,175983
3131,Hedera helix,43.5911,-1.2481,14.4,1374,,14,1,448
3135,Solidago virgaurea,68.4024,17.7888,1.0,617,5.05,144,1,32688
3140,Malus domestica,50.84,5.43,10.3,861,5.1,23,3,667
3143,Stipa krylovii,47.7578,107.132,-2.4,271,,9,2,107
3148,Chamaecyparis obtusa,34.9608,135.939,15.7,1537,,1,1,1
3151,Prunella vulgaris,56.5389,16.4597,7.7,538,6.5,19,2,407
3152,Gerbera crocea,-33.993,18.9742,14.3,1314,,3,2,13
3156,Malus domestica,50.78,4.08,10.4,814,6.5,7,1,1652
3157,Simarouba amara,9.11006,-79.8434,26.1,2921,5.5,2,1,12
3159,Botrychium lunaria,46.0873,7.54368,-0.3,886,6.45,16,2,991
3162,Potentilla acaulis,47.7578,107.132,-2.4,271,,13,2,209
3163,Erodium crassifolium,30.5928,34.7122,16.9,114,,8,1,64
3164,Stachys sylvatica,50.8717,4.98648,10.5,734,4.06,13,2,337
3165,Stachys sylvatica,50.8752,4.98414,10.5,729,4.512,161,3,35155
3166,Alnus glutinosa,50.8512,4.93645,10.5,731,3.6,264,1,1356168
3167,Plantago lanceolata,60.2184,19.5393,6.3,522,5.6,1,1,1
3168,Allium bidentatum,47.7578,107.132,-2.4,271,,4,3,6
3170,Voyria tenella,9.11006,-79.8434,26.1,2921,,1,1,2
3178,Aristida contorta,-23.7667,133.877,22.4,279,5.0,266,1,422674
3189,Acer platanoides,45.43,-73.94,7.3,1025,5.56,239,1,137186
3196,Malus domestica,50.82,4.76,10.3,765,6.6,12,1,240
3197,Asphodelus ramosus,30.5933,34.7114,16.9,114,,151,2,23619
3200,Poncirus trifoliata,25.2827,114.971,20.3,1436,6.4,3,1,81
3202,Citrus tangerina,25.2827,114.971,20.3,1436,6.4,1,1,1
3208,Asclepias speciosa,46.3219,-114.129,8.7,295,,755,3,679551
3209,Leymus mollis,40.9076,-124.144,13.8,1227,6.4,10,1,240
3211,Asclepias speciosa,46.3219,-114.129,8.7,295,,1676,2,8503124
3214,Sorghum bicolor,13.101,32.7611,28.7,333,8.17,28,1,6720
3226,Digitaria eriantha,-24.6778,28.6608,19.5,581,6.2,3,1,9
3229,Platycladus orientalis,35.12,107.41,9.7,750,8.0,7,1,98
3230,Stachys sylvatica,50.8629,4.90779,10.4,751,5.262,20,2,672
3232,Elymus nutans,33.6667,101.85,1.5,571,5.3,11,2,212
3233,Populus deltoides,30.4689,116.991,17.5,1392,7.9,16,1,2544
3235,Potentilla acaulis,47.7578,107.132,-2.4,271,,6,2,71
3246,Festuca ovina,61.2536,73.1664,-1.5,569,4.8,53,2,13157
3247,Anemone hepatica,58.5839,23.568,6.6,586,7.0,52,2,11954
3250,Alnus glutinosa,50.8657,4.90411,10.4,751,5.508,13,1,377
3251,Alnus glutinosa,50.8866,4.99082,10.4,739,5.221,22,1,1342
3257,Vitis vinifera,39.8349,3.01889,17.3,754,8.3,48,4,14088
3260,Cicer arietinum,50.3,-107.683,4.0,402,6.5,56,2,3262
3270,Sorghum bicolor,13.101,32.7611,28.7,333,8.17,5,1,25
3278,Phacelia secunda,-38.6993,-71.6155,8.0,1287,5.7,17,4,119
3280,Eragrostis barrelieri,-23.7669,133.876,22.4,278,4.9,1,1,2
3284,Lotus jacobaeus,15.1803,-23.6908,20.6,335,5.2,3,1,12
3286,Colophospermum mopane,-19.028,34.1836,24.2,1033,,4,1,24
3291,Virola sebifera,9.11006,-79.8434,26.1,2921,5.5,5,2,21
3293,Alseis blackiana,9.11006,-79.8434,26.1,2921,5.5,1,1,1
3294,Alseis blackiana,9.11006,-79.8434,26.1,2921,5.5,10,3,94
3295,Sorghum bicolor,13.101,32.7611,28.7,333,8.17,7,1,63
3296,Filipendula vulgaris,56.5389,16.4597,7.7,538,6.5,2,2,3
3303,Santolina chamaecyparissus,39.4083,2.74528,17.3,616,7.2,193,2,116178
3307,Malus domestica,50.88,5.02,10.5,765,7.5,1,1,1
3310,Ballota undulata,30.5928,34.7122,16.9,114,,960,2,3127092
3311,Themeda triandra,-1.808,35.2133,19.6,902,5.5,30,3,915
3312,Oryza sativa,25.8362,88.6644,24.8,1936,6.538,45,2,7185
3314,Acer platanoides,45.43,-73.94,7.3,1025,5.76,13,1,338
3315,Hedera nepalensis,29.4208,79.5689,12.6,2140,4.05,1,1,1
3316,Malus domestica,50.74,5.09,10.2,780,7.8,32,2,2856
3319,Solidago virgaurea,61.2603,73.148,-1.5,561,4.1,36,2,3702
3327,Machilus thunbergii,29.25,118.12,15.6,2110,,1,1,1
3329,Asclepias speciosa,46.3219,-114.129,8.7,295,,433,3,239177
3333,Solidago virgaurea,68.146,17.4845,-0.9,655,3.64,1,1,1
3336,Stachys sylvatica,50.8851,4.8976,10.3,794,5.509,176,1,355168
3338,Stachys sylvatica,50.8623,4.96335,10.5,741,4.874,496,2,1091672
3340,Stachys sylvatica,50.8732,4.93951,10.4,765,4.622,117,2,80835
3341,Stachys sylvatica,50.8851,4.8976,10.3,794,5.509,325,1,798525
3342,Alnus glutinosa,50.8866,4.99096,10.4,739,5.908,21,1,1449
3343,Plantago lanceolata,56.5364,16.4769,7.8,518,6.7,14,1,378
3345,Asclepias speciosa,46.3219,-114.129,8.7,295,,57,3,2866
3348,Koeleria macrantha,43.5017,104.058,-1.5,171,6.7,4,1,60
3351,Potentilla acaulis,47.7578,107.132,-2.4,271,,29,2,1301
3352,Prosopis juliflora,14.5822,-17.0161,25.8,477,6.4,23,1,3266
3356,Tamarix aphylla,35.07,3.02,16.3,315,,114,3,90026
3360,Malus domestica,50.92,5.2,10.5,774,6.6,1,1,1
3370,Solidago virgaurea,68.162,17.5949,1.3,654,4.53,25,1,1700
3374,Leymus mollis,40.9195,-124.139,13.8,1229,6.6,1,1,1
3375,Acer platanoides,45.43,-73.94,7.3,1025,5.47,13,1,429
3377,Acer saccharum,45.43,-73.94,7.3,1025,6.07,66,1,10956
3378,Poncirus trifoliata,30.5777,114.304,17.3,1197,5.9,20,2,575
3382,Citrus sp.,30.5777,114.304,17.3,1197,5.9,1,1,2
3385,Acer saccharum,45.43,-73.94,7.3,1025,5.93,80,1,19600
3389,Talipariti tiliaceum,-17.5592,-149.43,25.6,2598,5.8,1,1,1
3392,Malus domestica,50.84,5.43,10.3,861,5.1,7,1,133
3394,Loropetalum chinense,29.25,118.12,15.6,2110,,23,3,718
3396,Stachys sylvatica,50.8653,4.90386,10.4,751,5.327,83,1,24236
3398,Acer platanoides,45.43,-73.94,7.3,1025,5.54,94,1,12408
3403,Rytidosperma setaceum,-41.7728,147.303,12.0,604,4.3,1,1,1
3404,Hedera helix,43.5911,-1.2481,14.4,1374,,3,1,45
3406,Thalictrum minus,53.0403,158.672,1.9,977,4.5,1,1,5
3408,Cenchrus setaceus,38.0684,-1.15289,17.7,360,8.45,828,3,1114104
3410,Maianthemum bifolium,61.2603,73.148,-1.5,561,4.1,4,1,16
3411,Cacalia kamtschatica,53.0425,158.67,2.0,929,4.2,17,1,816
3412,Malus domestica,50.73,5.14,10.1,801,6.9,1,1,1
3413,Acer saccharum,45.43,-73.94,7.3,1025,5.83,29,1,1856
3414,Alnus glutinosa,50.85,4.93665,10.5,731,5.074,57,2,16073
3420,Malus domestica,50.86,5.29,10.4,811,6.9,1,1,2
3423,Ranunculus pedatifidus,43.5017,104.058,-1.5,171,6.7,14,3,244
3424,Plantago argentina,-32.7689,-64.9405,9.9,832,5.1,1,1,1
3426,Thalictrum foetidum,43.5017,104.058,-1.5,171,6.7,35,2,2189
3427,NA_,68.1656,17.7002,-1.0,657,3.48,3,1,12
3455,Tamarix aphylla,35.7,2.83,17.0,412,,64,2,11432
3458,Stachys sylvatica,50.8709,4.98105,10.5,739,5.528,200,2,132694
3459,Convallaria majalis,58.28,27.32,5.8,628,,67,1,33433
3462,Megathyrsus maximus,-24.7514,28.5761,19.2,631,4.2,18,2,472
3466,Achillea millefolium,68.16,17.5835,1.5,630,,1242,1,9360954
3467,Trifolium pratense,68.24,17.4253,2.7,622,4.1,8,1,112
3469,Machilus thunbergii,29.25,118.12,15.6,2110,,1,1,1
3470,Chimonanthus salicifolius,29.25,118.12,15.6,2110,,1,1,1
3477,Galium verum,56.5364,16.4769,7.8,518,6.7,3,1,9
3478,Olearia sp.,-35.1175,138.665,14.6,775,4.5,1,1,1
3482,Acer saccharum,45.43,-73.94,7.3,1025,5.26,121,1,38236
3485,Acer platanoides,45.43,-73.94,7.3,1025,6.1,5,2,33
3522,Malus domestica,50.86,5.04,10.4,784,7.1,2,1,16
3524,Nicotiana glauca,38.0334,-1.16275,18.5,299,8.51,137,4,118405
3526,Loropetalum chinense,29.25,118.12,15.6,2110,,58,2,4963
3532,Trifolium repens,68.3985,17.7791,-0.2,685,4.7,38,1,4674
3535,Stachys sylvatica,50.8506,4.9361,10.5,731,,202,1,196344
3539,Ranunculus pedatifidus,43.5017,104.058,-1.5,171,6.7,18,3,582
3540,Nicotiana glauca,37.8278,-0.765528,19.1,266,8.4,10,3,66
3541,Plantago lanceolata,60.3447,19.9242,6.1,569,7.0,4,3,6
3542,Eragostis tef,-25.9963,29.186,16.0,778,4.12,358,7,198087
3543,Eragrostis barrelieri,-23.7667,133.877,22.4,279,5.0,67,1,38659
3549,Stachys sylvatica,50.8888,4.98816,10.4,739,5.032,49,1,6811
3550,Taraxacum officinale,-52.058,-71.4211,6.3,344,5.5,13,2,205
3551,Medicago truncatula,34.53,9.61,19.0,230,8.3,115,3,14627
3553,Acer saccharum,45.43,-73.94,7.3,1025,5.3,19,1,779
3555,Sorghum bicolor,13.101,32.7611,28.7,333,8.17,105,1,121695
3558,Dichrostachys cinerea,-24.6778,28.6608,19.5,581,6.2,19,1,361
3563,Ainsliaea aptera,29.4308,79.6394,12.6,2063,4.05,3,2,9
3565,Distylium myricoides,29.25,118.12,15.6,2110,,3,1,18
3567,Acer saccharum,45.43,-73.94,7.3,1025,5.51,41,1,5166
3569,Acer saccharum,45.43,-73.94,7.3,1025,5.42,53,2,3635
3574,Helianthemum viscarium,30.5928,34.7122,16.9,114,,1,1,2
3575,Borreria eryngioides,-32.7561,-64.9244,9.8,931,,1,1,1
3578,Triticum aestivum,50.3,-107.683,4.0,402,6.5,24,1,1776
3593,Malus domestica,50.86,5.29,10.4,811,6.9,12,2,242
3597,Nicotiana glauca,37.8278,-0.765528,19.1,266,8.47,96,3,101665
3600,Syzygium buxifolium,29.25,118.12,15.6,2110,,6,1,36
3602,Chimonanthus salicifolius,29.25,118.12,15.6,2110,,1,1,1
3607,Pisum sativum,50.3,-107.683,4.0,402,6.5,36,3,1059
3612,Megathyrsus maximus,-24.7514,28.5761,19.2,631,4.2,1,1,1
3613,NA_,35.3386,139.057,13.8,1607,,18,2,2614
3614,Achillea millefolium,68.1591,17.5773,1.8,591,4.65,435,1,846945
3616,Acer saccharum,45.43,-73.94,7.3,1025,5.24,5,1,35
3619,Leptorhynchos squamatus,-37.3333,142.15,13.5,643,5.0,2,1,6
3622,Trifolium repens,68.24,17.4253,2.7,622,4.1,1,1,1
3625,Pulicaria diffusa,16.8133,-22.9158,23.0,86,7.6,2,1,6
3626,Aristida funiculata,16.8133,-22.9158,23.0,86,7.6,1,1,1
3632,Nicotiana glauca,38.0463,-1.19511,18.6,303,7.88,153,4,159258
3635,Prunella vulgaris,56.5389,16.4597,7.7,538,6.5,3,3,4
3637,Triraphis mollis,-23.7667,133.877,22.4,279,5.0,143,1,246103
3640,Agropyron cristatum,43.5017,104.058,-1.5,171,6.7,19,3,501
3646,Dichanthium annulatum,22.3744,81.9022,25.3,1262,5.45,2,1,4
3651,Linnaea borealis,56.06,159.912,0.0,477,4.8,2,2,9
3654,Nicotiana glauca,37.8278,-0.765528,19.1,266,8.47,641,3,6705514
3655,Ammophila arenaria,40.9176,-124.14,13.8,1229,6.6,296,1,492248
3656,Chondrosum gracile,50.7667,-104.617,3.1,412,6.9,4,1,16
3659,Talipariti tiliaceum,-17.5592,-149.43,25.6,2598,5.8,10,1,120
3661,Talipariti tiliaceum,-17.5458,-149.434,24.2,3140,5.3,6,1,36
3662,Nephrolepis hirsutula,-17.5592,-149.43,25.6,2598,5.8,2,1,4
3664,Talipariti tiliaceum,-17.5458,-149.434,24.2,3140,5.3,5,2,18
3669,Nicotiana glauca,37.8236,-0.976111,18.5,264,8.67,550,3,3707890
3673,Plantago lanceolata,60.1304,20.2753,6.2,555,5.1,1,1,1
3676,Filipendula vulgaris,56.5389,16.4597,7.7,538,6.5,3,1,5
3679,Malus domestica,50.86,5.16,10.5,781,6.8,4,1,120
3681,Stachys sylvatica,50.8874,4.90163,10.2,811,5.048,164,1,93480
3683,Triticum aestivum,50.3,-107.683,4.0,402,6.5,85,3,22487
3684,Triticum aestivum,50.3,-107.683,4.0,402,6.5,97,3,34298
3687,Malus domestica,50.78,4.08,10.4,814,6.5,16,1,5120
3688,Malus domestica,50.74,5.09,10.2,780,7.8,105,3,26489
3689,Plantago lanceolata,60.2184,19.5393,6.3,522,5.6,285,3,229138
3692,Achillea millefolium,68.1614,17.5384,1.7,535,5.29,146,1,93440
3693,Zyziphus mauritiana,-19.0223,34.1814,24.2,1001,,1,1,1
3694,Acer platanoides,45.43,-73.94,7.3,1025,5.38,8,1,50
3695,Podococcus barteri,0.6172,10.4136,22.2,2432,3.6,2,1,4
3697,Vitis vinifera,39.8349,3.01889,17.3,754,8.3,81,3,56528
3701,Artocarpus altilis,20.7992,-156.038,24.2,2464,,16,1,1312
3705,Triticum aestivum,50.3,-107.683,4.0,402,6.5,30,2,678
3706,Helictochloa pratensis,58.1094,22.1914,7.1,576,7.1,9,2,66
3708,Populus deltoides,30.4689,116.991,17.5,1392,7.53,20,2,932
3709,Populus deltoides,30.4689,116.991,17.5,1392,7.84,1,1,1
3714,Artemisia frigida,47.7578,107.132,-2.4,271,,34,2,2090
3718,Malus domestica,50.88,5.02,10.5,765,7.5,14,1,2436
3719,Plantago lanceolata,56.5364,16.4769,7.8,518,6.7,4,1,16
3722,Chamaecyparis obtusa,35.795,140.096,15.8,1369,,5,1,100
3723,Syzygium buxifolium,29.25,118.12,15.6,2110,,11,2,139
3724,Chaerophyllum andicola,-32.7561,-64.9244,9.8,931,,9,2,265
3727,Voyria tenella,9.11006,-79.8434,26.1,2921,,16,1,1936
3728,Brachypodium retusum,39.4086,2.74667,17.3,616,7.3,30,2,1135
3732,Asclepias speciosa,46.3219,-114.129,8.7,295,,25,2,1245
3735,Talipariti tiliaceum,-17.5592,-149.43,25.6,2598,5.8,2,1,4
3742,Malus domestica,50.92,5.41,10.5,764,4.9,1,1,1
3745,Oryza sativa,25.9028,88.6719,24.8,1997,5.694,25,1,7125
3746,Solidago virgaurea,61.2536,73.1664,-1.5,569,4.8,2,1,4
3754,Chimonanthus salicifolius,29.25,118.12,15.6,2110,,1,1,1
3756,Vinca minor,44.7544,-0.395278,13.5,881,,47,3,2889
3760,Lilium debile,53.0403,158.672,1.9,977,4.5,3,2,13
3761,Arum italicum,43.5911,-1.2481,14.4,1374,,1,1,2
3763,Stachys sylvatica,50.8936,4.91349,10.2,810,4.171,547,2,1795785
3764,Stachys sylvatica,50.868,4.97664,10.5,739,4.81,207,2,111711
3768,Asclepias speciosa,46.3219,-114.129,8.7,295,,204,3,73793
3770,Santolina chamaecyparissus,39.4083,2.74528,17.3,616,7.2,54,3,7027
3771,Potentilla acaulis,47.7578,107.132,-2.4,271,,19,1,1140
3773,Tamarix aphylla,35.7,2.83,17.0,412,,114,4,93975
3774,Stachys sylvatica,50.8471,4.92774,10.4,735,,127,2,62133
3778,Lathyrus magellanicus,-38.6993,-71.6155,8.0,1287,5.7,7,1,56
3783,Solidago virgaurea,68.1621,17.6469,0.7,620,3.89,22,1,990
3787,Goodenia geniculata,-37.3333,142.15,13.5,643,5.0,2,1,18
3789,Pulicaria diffusa,16.8133,-22.9158,23.0,86,7.6,93,1,21762
3796,Trifolium pratense,68.1672,17.5247,-0.3,661,3.77,54,1,16254
3797,Linnaea borealis,56.06,159.912,0.0,477,4.8,12,1,192
3801,Cenchrus ciliaris,-23.7669,133.876,22.4,278,4.9,6,1,48
3802,Botrychium lunaria,46.2042,7.48335,-0.7,1044,5.5,89,1,45568
3803,Neolitsea aurata,29.25,118.12,15.6,2110,,1,1,1
3804,NA_,68.1603,17.5262,0.9,565,3.09,33,1,2409
3806,Eragrostis barrelieri,-23.7667,133.877,22.4,279,5.0,82,2,10815
3809,Campanula jacobaea,15.1781,-23.6867,20.6,335,5.2,58,3,4856
3810,Linnaea borealis,56.06,159.912,0.0,477,4.8,1,1,10
3811,Portulaca lutea,-15.0794,-148.148,27.0,1810,7.3,1,1,1
3818,Triticum aestivum,50.3,-107.683,4.0,402,6.5,39,1,4875
3820,Stachys sylvatica,50.868,4.97664,10.5,739,4.81,435,2,657963
3822,Cocos nucifera,-15.0808,-148.148,27.0,1810,8.2,1,1,1
3826,Spinifex sericeus,-36.9183,174.453,15.4,1407,6.92,21,2,350
3827,Stachys sylvatica,50.8473,4.89068,10.4,725,7.375,223,3,112379
3830,Alseis blackiana,9.11006,-79.8434,26.1,2921,5.5,5,1,85
3836,Alniphyllum fortunei,29.25,118.12,15.6,2110,,5,1,25
3838,Hesperostipa comata,50.7667,-104.617,3.1,412,6.2,2,1,8
3839,Psychotria urbaniana,16.1783,-61.7317,23.5,1986,4.2,9,2,69
3841,Stipa pubescens,-33.6753,151.214,17.0,1316,3.9,57,2,13049
3848,Stachys sylvatica,50.8581,4.98325,10.4,756,6.565,33,2,3585
3849,Botrychium lunaria,46.2042,7.48364,-0.7,1044,4.79,14,1,1484
3851,Malus domestica,50.74,5.09,10.2,780,7.8,2,1,6
3852,Poa attenuata,43.0519,104.058,4.1,125,6.7,31,2,2045
3853,Stachys sylvatica,50.8707,4.97764,10.5,739,5.978,195,3,92410
3856,Triticum aestivum,50.3,-107.683,4.0,402,6.5,1,1,1
3857,Loropetalum chinense,29.25,118.12,15.6,2110,,15,4,199
3858,Galium verum,56.5364,16.4769,7.8,518,6.7,36,1,5976
3865,Talipariti tiliaceum,-17.5592,-149.43,25.6,2598,5.8,2,1,6
3868,Triticum aestivum,50.3,-107.683,4.0,402,6.5,59,2,10152
3873,Toxicodendron succedaneum,29.25,118.12,15.6,2110,,2,1,4
3874,Populus deltoides,30.4689,116.991,17.5,1392,7.86,34,4,704
3875,Tamarix aphylla,35.7,2.83,17.0,412,,780,5,3108042
3879,Poncirus trifoliata,30.5777,114.304,17.3,1197,5.9,31,1,2790
3883,Malus domestica,50.92,5.41,10.5,764,4.9,45,3,4690
3884,Rosmarinus officinalis,37.4,-2.83333,9.3,622,,73,3,14356
3889,Oryza sativa,25.9028,88.6719,24.8,1997,5.694,532,1,4213857
3901,Alnus glutinosa,50.8867,4.99078,10.4,739,4.298,33,1,8019
3903,Linnaea borealis,61.2536,73.1664,-1.5,569,4.8,78,1,34788
3906,Triticum aestivum,50.3,-107.683,4.0,402,6.5,3,2,4
3909,Oryza sativa,25.8612,88.6703,24.8,1950,5.691,4,1,16
3910,Acer platanoides,45.43,-73.94,7.3,1025,5.76,245,2,178140
3911,Prunella vulgaris,58.1075,22.1917,7.0,583,7.1,19,3,431
3919,Microsorum scolopendria,-15.0794,-148.148,27.0,1810,7.3,20,1,660
3926,Borreria eryngioides,-32.7689,-64.9405,9.9,832,5.1,1,1,1
3927,Cocos nucifera,-15.1247,-148.227,27.0,1872,7.2,1,1,1
3929,Hypericum empetrifolium,35.4592,23.8008,18.1,744,6.2,11,1,352
3932,Stachys sylvatica,50.8459,4.8941,10.4,721,7.159,5,1,60
3934,Stachys sylvatica,50.8614,4.96331,10.5,741,4.476,151,3,85289
3939,Stachys sylvatica,50.8879,4.98713,10.4,739,4.621,45,2,5809
3940,Stachys sylvatica,50.8702,4.94848,10.4,762,4.841,123,1,60024
3944,Populus deltoides,30.4689,116.991,17.5,1392,7.85,10,3,53
3947,Lilium debile,53.0403,158.672,1.9,977,4.5,7,1,210
3952,Oryza sativa,25.8277,88.6647,24.8,1917,5.965,36,1,7668
3955,Gymnostoma deplancheanum,-22.1836,166.729,22.5,1590,6.0,3,1,24
3958,Malus domestica,50.77,5.15,10.2,838,6.6,21,1,1050
3959,Malus domestica,50.92,5.2,10.5,774,6.6,1,1,1
3962,Elymus nutans,33.6667,101.85,1.5,571,5.3,3,1,9
3966,Stachys sylvatica,50.8936,4.91349,10.2,810,4.171,538,2,1362032
3975,Helictochloa pratensis,56.5364,16.4769,7.8,518,6.7,56,2,5376
3983,Nephrolepis hirsutula,-17.5592,-149.43,25.6,2598,5.8,2,1,4
3984,Malus domestica,50.96,5.2,10.5,789,6.5,27,3,850
3995,Loropetalum chinense,29.25,118.12,15.6,2110,,24,1,888
4002,Plantago lanceolata,60.2131,19.6715,6.3,504,5.6,8,2,34
4007,Crossopterix febrifuga,-18.9639,34.3836,24.5,1010,,11,4,83
4009,Alnus glutinosa,50.8509,4.93629,10.5,731,3.374,44,1,6204
4010,Achillea millefolium,68.1637,17.6873,-0.1,611,,40,1,3600
4013,Schima superba,29.25,118.12,15.6,2110,,5,1,30
4014,Camellia fraterna,29.25,118.12,15.6,2110,,1,1,1
4016,Photinia glabra,29.25,118.12,15.6,2110,,1,1,1
4017,Barleria sp.,22.3744,81.9022,25.3,1262,5.45,5,1,40
4018,Barleria sp.,22.3744,81.9022,25.3,1262,5.45,1,1,1
4020,Oryza sativa,25.8326,88.624,24.8,1880,5.786,29,1,4785
4028,Virola sebifera,9.11006,-79.8434,26.1,2921,5.5,4,2,12
4029,Virola sebifera,9.11006,-79.8434,26.1,2921,,3,1,24
4031,Trifolium repens,68.4182,17.7666,2.5,612,3.33,39,1,3432
4032,NA_,68.1612,17.5321,0.9,565,3.28,24,1,984
4033,Cicer arietinum,50.3,-107.683,4.0,402,6.5,49,4,1475
4042,Syzygium buxifolium,29.25,118.12,15.6,2110,,1,1,4
4043,Plantago lanceolata,60.2137,19.6718,6.3,504,6.1,164,2,73253
4044,Asclepias speciosa,46.3219,-114.129,8.7,295,,143,3,33795
4047,Vachellia erioloba,-24.6778,28.6608,19.5,581,6.2,29,2,1205
4048,Sorghum bicolor,13.101,32.7611,28.7,333,8.17,2,1,4
4050,Plantago lanceolata,60.3654,19.7891,6.2,549,,109,2,25427
4055,Trifolium pratense,68.24,17.4253,2.7,622,4.1,273,1,647283
4057,Leymus mollis,40.9105,-124.143,13.8,1225,6.6,9,1,225
4063,Themeda triandra,-2.1458,35.0472,20.6,933,5.5,48,2,3375
4066,Androsace incana,47.7578,107.132,-2.4,271,,26,2,820
4080,Themeda triandra,-1.808,35.2133,19.6,902,5.5,12,2,105
4082,Podococcus barteri,0.6172,10.3992,22.7,2080,3.5,3,1,9
4083,Plantago lanceolata,60.0741,20.1643,6.3,517,6.3,47,2,6441
4084,Microsorum scolopendria,-15.0794,-148.148,27.0,1810,7.3,12,1,312
4086,Talipariti tiliaceum,-17.5458,-149.434,24.2,3140,5.3,21,1,861
4090,Trifolium repens,68.2381,17.4261,2.7,622,4.7,44,1,4576
4091,Solidago virgaurea,69.7983,27.0864,-0.1,400,3.1,2,1,4
4095,Eragrostis barrelieri,-23.7667,133.877,22.4,279,5.0,291,2,196621
4099,Convallaria majalis,58.28,27.32,5.8,628,,34,2,6337
4108,Gymnostoma deplancheanum,-22.1836,166.729,22.5,1590,6.0,2,2,17
4111,Vachellia seyal,14.5781,-17.0172,25.8,472,6.1,159,1,244542
4144,Solidago virgaurea,68.146,17.4845,-0.9,655,3.33,16,1,592
4177,Tamarix aphylla,35.7,2.83,17.0,412,,177,3,213844
4180,Cocos nucifera,-15.1247,-148.227,27.0,1872,7.2,8,1,96
4181,Botrychium lunaria,46.0873,7.54369,-0.3,886,6.44,18,2,1052
4187,Thalictrum minus,53.0403,158.672,1.9,977,4.5,7,1,84
4190,Linnaea borealis,56.06,159.912,0.0,477,4.8,38,2,5810
4191,Plantago lanceolata,60.1302,20.2762,6.2,555,5.6,239,1,181401
4201,Polyalthia suaveolens,0.6172,10.3992,22.7,2080,3.5,1,1,1
4203,Arum italicum,43.5911,-1.2481,14.4,1374,,1,1,1
4207,Stachys sylvatica,50.8458,4.88249,10.4,733,5.811,7,2,103
4208,Spinifex sericeus,-36.9183,174.453,15.4,1407,6.92,4,1,20
4211,Dichrostachys cinerea,-24.7514,28.5761,19.2,631,4.2,10,1,100
4216,Prunella vulgaris,64.9456,-23.3558,4.2,1280,4.8,1,1,1
4228,Malus domestica,50.88,4.96,10.3,795,6.3,5,1,55
4231,Daphniphyllum oldhamii,29.25,118.12,15.6,2110,,3,2,5
4239,Malus domestica,50.82,4.76,10.3,765,6.6,6,1,66
4240,Plantago lanceolata,56.5389,16.4597,7.7,538,6.5,2,2,2
4242,Acer platanoides,45.43,-73.94,7.3,1025,5.19,1,1,1
4247,Machilus thunbergii,29.25,118.12,15.6,2110,,1,1,1
4248,Erodium crassifolium,30.5933,34.7114,16.9,114,,13,2,120
4250,Pterocephalus brevis,30.5928,34.7122,16.9,114,,331,2,116482
4253,Paris incompleta,41.9408,43.4192,7.8,984,4.8,54,2,11332
4255,Triticum aestivum,50.3,-107.683,4.0,402,6.5,16,2,142
4268,Nephrolepis hirsutula,-17.5458,-149.434,24.2,3140,5.3,1,1,2
4271,Acer saccharum,45.43,-73.94,7.3,1025,6.13,7,1,133
4283,Dichrostachys cinerea,-24.7514,28.5761,19.2,631,4.2,8,2,43
4285,Acer saccharum,45.43,-73.94,7.3,1025,5.86,2,1,10
4287,Cocos nucifera,-15.0794,-148.148,27.0,1810,7.3,42,3,2739
4290,Lens culinaris,50.3,-107.683,4.0,402,6.5,10,2,94
4295,Plantago lanceolata,60.074,20.1642,6.3,517,6.2,332,4,369689
4296,Acer saccharum,45.43,-73.94,7.3,1025,6.15,20,1,1260
4302,Triticum aestivum,50.3,-107.683,4.0,402,6.5,21,2,1361
4304,Trachystemon orientalis,41.9333,43.4233,7.8,984,4.2,34,2,1614
4306,Rubus saxatilis,64.42,-15.3978,2.9,1318,4.9,5,2,17
4307,Maianthemum bifolium,61.2603,73.148,-1.5,561,4.1,1,1,1
4316,Aspalathus cordata,-33.988,18.9555,15.6,1120,,20,2,1312
4327,Podococcus barteri,0.6172,10.4136,22.2,2432,3.6,3,1,27
4330,Nephrolepis hirsutula,-17.5592,-149.43,25.6,2598,5.8,14,2,272
4333,Azorella trifurcata,-52.058,-71.4211,6.3,344,5.5,8,2,127
4335,Megathyrsus maximus,-24.7514,28.5761,19.2,631,4.2,20,1,440
4339,Solidago spiraeifolia,56.06,159.912,0.0,477,4.8,9,1,360
4341,Malus domestica,50.92,5.41,10.5,764,4.9,18,2,290
4349,Populus deltoides,30.4689,116.991,17.5,1392,8.02,51,6,2439
4398,Acer saccharum,45.43,-73.94,7.3,1025,5.74,157,2,35414
4410,Solidago chilensis,-38.6485,-71.6461,7.6,1167,5.0,2,1,8
4412,Aristida contorta,-23.7669,133.876,22.4,278,4.9,25,1,4600
4416,Crotalaria albida,22.3772,81.8992,25.2,1404,5.45,1,1,1
4417,Acer platanoides,45.43,-73.94,7.3,1025,5.68,3,1,12
4419,Aristida funiculata,16.8053,-22.9211,23.3,78,7.5,6,2,27
4421,Citrullus colocynthis,16.8133,-22.9158,23.0,86,7.6,1,1,2
4427,Malus domestica,50.82,4.92,10.3,782,7.1,1,1,3
4428,Stipa krylovii,47.7578,107.132,-2.4,271,,12,2,255
4431,Festuca lenensis,43.0519,104.058,4.1,125,6.7,21,2,782
4436,Adinandra millettii,29.25,118.12,15.6,2110,,2,1,4
4444,Calamagrostis purpurea,56.0583,159.904,0.1,476,4.9,70,2,9523
4447,Montinia caryophyllacea,-33.993,18.9742,14.3,1314,,2,1,4
4448,Triticum aestivum,50.3,-107.683,4.0,402,6.5,216,1,324216
4450,Oryza sativa,25.8639,88.5903,24.8,1918,6.476,5,1,200
4452,Ainsliaea latifolia,29.4208,79.5689,12.6,2140,4.05,3,1,9
4454,Artocarpus altilis,20.7992,-156.038,24.2,2464,,4,2,16
4462,Achillea millefolium,68.1672,17.5247,-0.3,661,3.77,3,1,12
4464,Trifolium repens,68.24,17.4253,2.7,622,4.1,15,1,840
4469,NA_,68.4106,17.7754,1.9,599,2.95,30,1,1860
4470,Plantago lanceolata,60.3654,19.7891,6.2,549,,16,1,384
4474,Deschampsia cespitosa,64.8506,-23.2975,3.5,1306,4.4,5,1,35
4475,NA_,68.1656,17.7002,-1.0,657,4.23,9,1,171
4476,Plantago media,47.47,10.0572,5.6,2113,5.7,1,1,2
4482,Trifolium repens,68.2381,17.4261,2.7,622,4.7,69,1,23322
4487,Solidago virgaurea,68.1639,17.5182,0.0,615,3.3,16,1,1216
4488,NA_,68.1639,17.5182,0.0,615,3.3,31,1,2294
4492,Galium verum,64.4128,-15.3661,2.2,1384,5.0,2,1,4
4512,Triticum aestivum,50.3,-107.683,4.0,402,6.5,26,2,1178
4513,Taraxacum officinale,-52.055,-71.4225,6.3,344,5.3,2,1,6
4514,Microsorum scolopendria,-15.1247,-148.227,27.0,1872,7.2,3,2,7
4516,Cacalia kamtschatica,53.0403,158.672,1.9,977,4.5,3,1,12
4519,Allium amphibolum,43.0519,104.058,4.1,125,6.7,62,2,10696
4520,Ruscus aculeatus,44.7544,-0.395278,13.5,881,,1,1,1
4521,Veronica incana,47.7578,107.132,-2.4,271,,4,2,16
4522,Thalictrum foetidum,43.5017,104.058,-1.5,171,6.7,4,2,15
4523,Filipendula vulgaris,58.1075,22.1917,7.0,583,7.1,71,1,11644
4524,Agropyron cristatum,43.5017,104.058,-1.5,171,6.7,3,2,11
4525,Artemisia ludoviciana,50.7667,-104.617,3.1,412,6.2,2,1,6
4526,Santiria trimera,0.6172,10.3992,22.7,2080,3.5,2,1,2
4527,Agropyron cristatum,43.5017,104.058,-1.5,171,6.7,12,2,288
4529,Artemisia frigida,47.7578,107.132,-2.4,271,,5,3,30
4530,Stachys sylvatica,50.8702,4.94848,10.4,762,4.841,250,2,200695
4531,Amorphophallus sp.,16.8594,100.465,27.0,1519,4.6,1,1,1
4537,Malus domestica,50.82,4.92,10.3,782,7.1,1,1,2
4544,Muraltia alopecuroides,-33.988,18.9555,15.6,1120,,6,1,54
4545,Echinochloa colona,14.5822,-17.0161,25.8,477,6.4,80,1,26000
4547,Nicotiana glauca,37.8236,-0.976111,18.5,264,8.72,330,4,1426666
4548,Trifolium pratense,47.4728,10.0678,4.7,2209,6.0,5,1,35
4555,Voyria tenella,9.11006,-79.8434,26.1,2921,,7,1,133
4559,Voyria tenella,9.11006,-79.8434,26.1,2921,,4,1,20
4563,Azorella trifurcata,-52.055,-71.4225,6.3,344,5.3,7,1,77
4566,Veronica spicata,58.1094,22.1914,7.1,576,7.1,8,1,88
4584,Sorghum bicolor,13.101,32.7611,28.7,333,8.17,34,2,3845
4587,Acer saccharum,45.43,-73.94,7.3,1025,5.65,5,1,60
4592,Acer saccharum,45.43,-73.94,7.3,1025,5.51,4,1,72
4597,Sporobolus fimbriatus,-2.6814,35.1208,20.0,726,6.8,3,1,84
4598,Toxicodendron succedaneum,29.25,118.12,15.6,2110,,6,1,78
4605,Ainsliaea aptera,29.4308,79.6394,12.6,2063,4.05,1,1,1
4609,Triraphis mollis,-23.7667,133.877,22.4,279,5.0,130,1,196820
4610,Polyalthia suaveolens,0.6172,10.3992,22.7,2080,3.5,2,1,4
4612,Lotus brunneri,16.8133,-22.9158,23.0,86,7.6,2,1,4
4615,Veronica incana,47.7578,107.132,-2.4,271,,43,1,8256
4627,Aristida contorta,-23.7667,133.877,22.4,279,5.0,51,1,26265
4629,Vincetoxicum hirundinaria,56.5364,16.4769,7.8,518,6.7,20,1,1020
4630,Ammophila arenaria,40.9145,-124.141,13.8,1228,5.3,1,1,1
4635,Populus deltoides,30.4689,116.991,17.5,1392,7.76,33,3,2736
4638,Stachys sylvatica,50.8581,4.98325,10.4,756,6.565,93,2,21437
4643,Daphniphyllum oldhamii,29.25,118.12,15.6,2110,,2,1,4
4646,Pisum sativum,50.3,-107.683,4.0,402,6.5,140,2,84412
4647,Ainsliaea latifolia,29.4208,79.5689,12.6,2140,4.05,40,2,2646
4651,Pultenaea daphnoides,-33.6753,151.214,17.0,1316,3.9,12,1,348
4654,Agropyron cristatum,47.7578,107.132,-2.4,271,,15,3,127
4655,Photinia glabra,29.25,118.12,15.6,2110,,1,1,1
4657,Populus deltoides,30.4689,116.991,17.5,1392,7.85,13,1,221
4660,Sorghum bicolor,13.101,32.7611,28.7,333,8.17,2,1,4
4665,NA_,68.1719,17.7351,-1.0,655,3.3,79,1,25438
4666,Prunella vulgaris,56.5389,16.4597,7.7,538,6.5,11,3,59
4667,Acer saccharum,45.43,-73.94,7.3,1025,5.86,20,1,1000
4669,Helictochloa pratensis,58.1075,22.1917,7.0,583,7.1,39,3,1472
4675,Alseis blackiana,9.11006,-79.8434,26.1,2921,5.5,5,2,38
4706,Ballota undulata,30.5928,34.7122,16.9,114,,315,1,256095
4707,Avenella flexuosa,69.7983,27.0864,-0.1,400,3.1,662,3,1188966
4709,Itea oblonga,29.25,118.12,15.6,2110,,1,1,1
4710,Potentilla acaulis,47.7578,107.132,-2.4,271,,21,2,761
4711,Thalictrum foetidum,43.5017,104.058,-1.5,171,6.7,14,3,542
4712,Helictochloa pratensis,56.5364,16.4769,7.8,518,6.7,41,1,3157
4713,Aspalathus cordata,-33.988,18.9555,15.6,1120,,2,1,4
4718,Malus domestica,50.77,4.08,10.4,847,6.2,20,1,1040
4723,Malus domestica,50.96,5.2,10.5,789,6.5,9,2,43
4724,Desmopsis panamensis,9.11006,-79.8434,26.1,2921,,8,2,48
4729,Plantago argentina,-32.7561,-64.9244,9.8,931,,1,1,1
4730,Malus domestica,50.78,4.08,10.4,814,6.5,9,1,972
4743,Trifolium repens,68.1591,17.5773,1.8,591,4.65,19,1,1482
4747,Populus deltoides,30.4689,116.991,17.5,1392,7.81,36,1,5184
4748,Begonia susaniae,0.6172,10.3992,22.7,2080,3.5,1,1,1
4749,Acer platanoides,45.43,-73.94,7.3,1025,6.26,478,2,507966
4752,Rumex acetosella,-52.055,-71.4225,6.3,344,5.3,12,2,234
4753,Artemisia frigida,43.0519,104.058,4.1,125,6.7,10,2,166
4762,Filipendula vulgaris,58.1094,22.1914,7.1,576,7.1,1,1,5
4763,Solidago spiraeifolia,56.06,159.912,0.0,477,4.8,1,1,2
4769,Lens culinaris,50.3,-107.683,4.0,402,6.5,25,2,343
4771,Dicranopteris linearis,0.6172,10.4136,22.2,2432,,92,1,22264
4775,Cenchrus polystachios,16.8594,100.465,27.0,1519,4.6,2,2,2
4779,Lomandra multiflora,-35.1175,138.665,14.6,775,4.5,3,1,9
4781,Spinifex sericeus,-36.9183,174.453,15.4,1407,6.72,5,2,29
4787,Itea oblonga,29.25,118.12,15.6,2110,,4,3,6
4789,Distylium myricoides,29.25,118.12,15.6,2110,,14,1,266
4790,Adinandra millettii,29.25,118.12,15.6,2110,,5,2,31
4795,Populus deltoides,30.4689,116.991,17.5,1392,7.91,10,2,154
4796,Machilus thunbergii,29.25,118.12,15.6,2110,,1,1,1
4798,Cinnamomum subavenium,29.25,118.12,15.6,2110,,1,1,1
4800,Ternstroemia gymnanthera,29.25,118.12,15.6,2110,,3,2,9
4801,Itea oblonga,29.25,118.12,15.6,2110,,3,1,9
4802,Schima superba,29.25,118.12,15.6,2110,,1,1,1
4804,Schima superba,29.25,118.12,15.6,2110,,2,1,4
4807,Cinnamomum subavenium,29.25,118.12,15.6,2110,,1,1,1
4809,Ternstroemia gymnanthera,29.25,118.12,15.6,2110,,10,1,200
4812,Neolitsea aurata,29.25,118.12,15.6,2110,,1,1,1
4818,Schima superba,29.25,118.12,15.6,2110,,3,1,9
4820,Morella rubra,29.25,118.12,15.6,2110,,2,1,4
4825,Koeleria macrantha,50.7667,-104.617,3.1,412,6.2,1,1,1
4826,Medicago truncatula,34.38,9.64,21.2,191,8.0,10,2,58
4833,Arum italicum,43.5911,-1.2481,14.4,1374,,14,1,350
4836,Anemone hepatica,58.5839,23.568,6.6,586,7.0,2,1,2
4837,Oryza sativa,25.8639,88.5903,24.8,1918,6.476,76,2,43026
4848,Amphicarpaea bracteata,39.2433,-86.2167,12.1,1197,3.5,34,1,4556
4849,Amphicarpaea bracteata,39.2433,-86.2167,12.1,1197,3.5,15,1,870
4854,Calamagrostis purpurea,56.06,159.912,0.0,477,4.8,1,1,1
4857,Trifolium repens,68.4003,17.7774,0.9,615,,26,1,2262
4860,Acer saccharum,45.43,-73.94,7.3,1025,5.82,24,1,1440
4862,NA_,68.1591,17.5773,1.8,591,4.65,47,1,9823
4863,Acer platanoides,45.43,-73.94,7.3,1025,5.39,5,1,25
4865,Pisum sativum,50.3,-107.683,4.0,402,6.5,75,3,5092
4866,Triticum aestivum,50.3,-107.683,4.0,402,6.5,45,2,1772
4867,Asphodelus aestivus,39.4083,2.74528,17.3,616,7.2,2,1,6
4868,Leymus mollis,40.908,-124.144,13.8,1227,6.6,88,1,28336
4871,Leptorhynchos squamatus,-37.3333,142.15,13.5,643,5.3,8,1,240
4872,Helictochloa pratensis,56.5364,16.4769,7.8,518,6.7,21,1,777
4874,Megathyrsus maximus,-24.6778,28.6608,19.5,581,6.2,15,1,225
4879,Agrostis perennans,-52.055,-71.4225,6.3,344,5.3,1,1,2
4887,NA_,68.1621,17.6469,0.7,620,2.79,13,1,533
4894,Talipariti tiliaceum,-17.5592,-149.43,25.6,2598,5.8,23,1,782
4899,Santolina chamaecyparissus,39.4086,2.74667,17.3,616,7.3,32,2,1198
4901,Malus domestica,50.88,5.02,10.5,765,7.5,14,2,326
4905,Ammophila arenaria,40.9054,-124.145,13.8,1227,6.5,40,1,5440
4906,Portulaca lutea,-15.0794,-148.148,27.0,1810,7.3,9,1,90
4907,Brachypodium retusum,39.4086,2.74667,17.3,616,7.3,18,2,468
4910,Malus domestica,50.96,5.2,10.5,789,6.5,13,1,364
4911,Spinifex sericeus,-36.9183,174.453,15.4,1407,7.05,104,3,35490
4913,Veronica incana,47.7578,107.132,-2.4,271,,9,2,150
4916,Spinifex sericeus,-36.9183,174.453,15.4,1407,6.56,9,1,108
4918,Crotalaria prostrata,22.3744,81.9022,25.3,1262,5.45,1,1,1
4919,NA_,68.1591,17.5773,1.8,591,3.35,7,1,189
4920,NA_,68.1614,17.5384,1.7,535,3.68,14,1,952
4925,Plantago lanceolata,60.2355,19.5432,6.3,527,,14,1,266
4928,Acer platanoides,45.43,-73.94,7.3,1025,5.98,31,1,2728
4930,Acer platanoides,45.43,-73.94,7.3,1025,5.84,16,1,336
4934,Scorzoneroides autumnalis,64.9456,-23.3558,4.2,1280,4.8,9,1,369
4943,Acer platanoides,45.43,-73.94,7.3,1025,5.2,18,2,500
4948,Ammophila arenaria,40.9047,-124.145,13.8,1227,6.6,56,1,13608
4951,Borreria eryngioides,-32.7689,-64.9405,9.9,832,5.1,1,1,1
4956,Campanula rotundifolia,64.42,-15.3978,2.9,1318,4.9,434,1,1345400
4962,Sorghum bicolor,13.101,32.7611,28.7,333,8.17,1,1,1
4966,Paris incompleta,41.9408,43.4192,7.8,984,4.8,137,1,47265
4979,Santolina chamaecyparissus,39.4083,2.74528,17.3,616,7.2,28,3,892
4980,Poa attenuata,43.0519,104.058,4.1,125,6.7,348,2,482336
4981,Salvia rosmarinus,39.4086,2.74667,17.3,616,7.3,34,3,2707
4982,Digitaria macroblephara,-2.3364,34.5103,22.2,946,5.3,40,3,3152
4984,Phacelia secunda,-52.058,-71.4211,6.3,344,5.5,15,2,387
4988,Populus deltoides,30.4689,116.991,17.5,1392,7.76,34,4,849
4990,Acer platanoides,45.43,-73.94,7.3,1025,4.89,2,1,4
4991,Leymus mollis,40.9207,-124.139,13.8,1229,6.2,26,2,2126
4995,Agropyron cristatum,47.7578,107.132,-2.4,271,,16,2,208
4996,Digitaria macroblephara,-2.1458,35.0472,20.6,933,5.5,1,1,1
4997,Agropyron cristatum,47.7578,107.132,-2.4,271,,7,2,53
4998,Digitaria macroblephara,-2.3364,34.5103,22.2,946,5.3,6,2,38
4999,Themeda triandra,-1.808,35.2133,19.6,902,5.5,2,1,6
5000,Digitaria macroblephara,-2.1458,35.0472,20.6,933,5.5,7,2,117
5001,Sporobolus fimbriatus,-2.6814,35.1208,20.0,726,6.8,10,2,212
5002,Digitaria macroblephara,-2.6814,35.1208,20.0,726,6.8,19,3,534
5007,Artemisia frigida,47.7578,107.132,-2.4,271,,218,3,99604
5008,Ammophila arenaria,40.9185,-124.14,13.8,1229,5.6,2,2,2
5009,Schima superba,29.25,118.12,15.6,2110,,28,6,997
5011,Leymus mollis,40.9203,-124.139,13.8,1229,6.4,34,1,3774
5012,Ammophila arenaria,40.9241,-124.137,13.8,1229,6.6,48,1,7920
5015,Glandularia dissecta,-32.7689,-64.9405,9.9,832,5.1,1,1,1
5023,Lilium debile,53.0403,158.672,1.9,977,4.5,1,1,1
5024,Artocarpus altilis,20.7992,-156.038,24.2,2464,,6,1,84
5025,Gerbera crocea,-33.993,18.9742,14.3,1314,,7,1,119
5026,Nicotiana glauca,38.0463,-1.19511,18.6,303,7.88,349,2,1529584
5030,Allium bidentatum,47.7578,107.132,-2.4,271,,15,3,241
5031,Triticum aestivum,50.3,-107.683,4.0,402,6.5,40,1,6520
5034,Alnus glutinosa,50.8624,4.96049,10.5,741,5.19,1,1,1
5037,Lomandra multiflora,-35.1175,138.665,14.6,775,4.5,17,2,273
5041,Thalictrum minus,56.0583,159.904,0.1,476,4.9,11,1,847
5042,Aristida contorta,-23.7669,133.876,22.4,278,4.9,3,1,12
5043,Glandularia dissecta,-32.7689,-64.9405,9.9,832,5.1,1,1,1
5046,Oryza sativa,25.8517,88.6876,24.8,1946,5.723,44,1,6424
5050,Achillea millefolium,68.1622,17.5263,0.9,565,,31,1,5735
5051,NA_,68.1656,17.7002,-1.0,657,3.48,228,1,285456
5055,NA_,68.1639,17.5182,0.0,615,4.41,18,1,504
5060,Ainsliaea latifolia,29.4208,79.5689,12.6,2140,4.05,4,1,80
5061,Nephrolepis hirsutula,-17.5592,-149.43,25.6,2598,5.8,6,1,42
5064,Aristida contorta,-23.7667,133.877,22.4,279,5.0,9,2,88
5065,Stipa pubescens,-33.6753,151.214,17.0,1316,3.9,79,1,34365
5067,Trifolium repens,68.1622,17.5263,0.9,565,,1,1,2
5070,Trifolium repens,68.1656,17.7002,-1.0,657,4.23,4,1,336
5087,Acanthaceae sp.,16.8594,100.465,27.0,1519,5.2,2,1,2
5088,Acer saccharum,45.43,-73.94,7.3,1025,5.69,15,1,555
5092,Themeda triandra,-2.3364,34.5103,22.2,946,5.3,27,3,1194
5100,Voyria tenella,9.07852,-79.7989,26.2,2637,,9,1,270
5101,Montinia caryophyllacea,-33.988,18.9555,15.6,1120,,2,2,20
5104,Montinia caryophyllacea,-33.993,18.9742,14.3,1314,,3,1,24
5105,Cinnamomum subavenium,29.25,118.12,15.6,2110,,1,1,1
5106,Voyria tenella,9.11006,-79.8434,26.1,2921,,11,1,726
5107,Simarouba amara,9.11006,-79.8434,26.1,2921,,2,2,4
5111,Heisteria concinna,9.11006,-79.8434,26.1,2921,5.5,3,1,18
5113,Voyria tenella,9.11006,-79.8434,26.1,2921,,11,1,330
5115,Phagnalon saxatile,39.4083,2.74528,17.3,616,7.2,21,3,478
5116,Salvia rosmarinus,39.4086,2.74667,17.3,616,7.3,42,2,3414
5117,Veronica spicata,58.1094,22.1914,7.1,576,7.1,3,1,21
5120,Voyria tenella,9.11006,-79.8434,26.1,2921,,12,1,648
5122,Chloris truncata,-35.1175,138.665,14.6,775,4.5,1,1,1
5124,Sanicula elata,44.7544,-0.395278,13.5,881,,4,1,72
5125,Ainsliaea latifolia,29.4208,79.5689,12.6,2140,4.05,3,1,18
5127,Dichrostachys cinerea,-24.6778,28.6608,19.5,581,6.2,376,1,439920
5131,Acer platanoides,45.43,-73.94,7.3,1025,5.99,1,1,1
5134,Plectranthus mollis,29.4208,79.5689,12.6,2140,4.05,1,1,2
5136,Filipendula vulgaris,58.1094,22.1914,7.1,576,7.1,13,1,364
5137,Podophyllum peltatum,39.2361,-86.2205,12.1,1196,5.0,4,1,32
5139,Geranium sessiliflorum,-52.058,-71.4211,6.3,344,5.5,36,3,2389
5140,Galium verum,58.1094,22.1914,7.1,576,7.1,2,1,4
5143,Rubus saxatilis,61.2536,73.1664,-1.5,569,4.8,17,2,433
5145,Potentilla acaulis,47.7578,107.132,-2.4,271,,1,1,1
5146,Senna obtusifolia,14.5781,-17.0172,25.8,472,6.1,13,1,268
5147,Allium amphibolum,43.0519,104.058,4.1,125,6.7,85,3,19455
5148,Oxalis valdiviensis,-38.6993,-71.6155,8.0,1287,5.7,6,2,26
5152,Plantago argentina,-32.7689,-64.9405,9.9,832,5.1,5,3,11
5153,Spinifex sericeus,-36.9183,174.453,15.4,1407,7.05,68,2,13205
5154,Thalictrum minus,53.0403,158.672,1.9,977,4.5,2,1,18
5162,Themeda triandra,-37.3333,142.15,13.5,643,5.0,1,1,8
5167,Azorella trifurcata,-52.058,-71.4211,6.3,344,5.5,17,2,301
5168,Phagnalon saxatile,39.4083,2.74528,17.3,616,7.2,27,2,2081
5171,Themeda triandra,-2.3364,34.5103,22.2,946,5.3,10,2,144
5176,Desmopsis panamensis,9.11006,-79.8434,26.1,2921,,1,1,1
5177,Themeda triandra,-37.3333,142.15,13.5,643,5.3,10,2,156
5181,Triticum aestivum,50.3,-107.683,4.0,402,6.5,10,3,116
5183,Hedera nepalensis,29.4208,79.5689,12.6,2140,4.05,39,4,1139
5190,Acer platanoides,45.43,-73.94,7.3,1025,6.47,16,1,432
5196,Stachys sylvatica,50.874,4.99213,10.5,730,,1,1,1
5199,Spinifex sericeus,-36.9183,174.453,15.4,1407,7.05,70,2,7252
5206,Chamaecyparis obtusa,35.795,140.096,15.8,1369,,10,1,290
5210,Oryza sativa,25.8563,88.6741,24.8,1950,5.499,82,1,42312
5215,Linnaea borealis,61.2603,73.148,-1.5,561,4.1,4,1,240
5222,Cacalia kamtschatica,53.0425,158.67,2.0,929,4.2,50,1,31000
5223,Phagnalon saxatile,39.4086,2.74667,17.3,616,7.3,9,3,47
5228,Cornus suecica,69.8136,27.1736,-0.7,387,,24,2,707
5230,Thymus zygis,37.4,-2.83333,9.3,622,,44,2,6666
5231,Rosmarinus officinalis,37.4,-2.83333,9.3,622,,337,4,745814
5233,Sesleria caerulea,58.5844,23.5697,6.6,586,7.0,2,2,2
5239,Thymus mastichina,37.4,-2.83333,9.3,622,,162,4,94057
5240,Ranunculus sulphureus,78.2208,15.6167,-5.9,291,5.8,25,1,2725
5246,Morella rubra,29.25,118.12,15.6,2110,,13,1,247
5252,Triticum aestivum,50.3,-107.683,4.0,402,6.5,111,3,36198
5263,Cymbopogon nardus,-33.988,18.9555,15.6,1120,,43,1,3053
5267,Geum urbanum,44.7544,-0.395278,13.5,881,,11,1,187
5268,Podocarpus coriaceus,16.1783,-61.7317,23.5,1986,4.2,9,1,234
5273,Photinia glabra,29.25,118.12,15.6,2110,,10,1,120
5276,Hedera colchica,41.9408,43.4192,7.8,984,4.8,12,1,216
5278,Helictochloa pratensis,58.1094,22.1914,7.1,576,7.1,44,1,3080
5280,Prunella vulgaris,58.5844,23.5697,6.6,586,7.0,1,1,1
5285,Heliotropium ramosissimum,16.8053,-22.9211,23.3,78,7.5,12,2,89
5288,Amphicarpaea bracteata,39.2361,-86.2205,12.1,1196,5.0,2,1,14
5289,Taraxacum officinale,-52.058,-71.4211,6.3,344,5.5,7,1,84
5290,Cacalia kamtschatica,53.0403,158.672,1.9,977,4.5,7,1,616
5299,Mercurialis perennis,44.7544,-0.395278,13.5,881,,1,1,1
5305,Olearia sp.,-35.1175,138.665,14.6,775,4.0,2,2,2
5308,Adinandra millettii,29.25,118.12,15.6,2110,,2,1,4
5324,Distylium myricoides,29.25,118.12,15.6,2110,,1,1,1
5325,Ranunculus sulphureus,78.2208,15.6167,-5.9,291,5.8,2,1,4
5327,Elephantopus scaber,16.8594,100.465,27.0,1519,4.6,35,1,1470
5330,Brachypodium retusum,39.4086,2.74667,17.3,616,7.3,5,2,13
5333,Epacris microphylla,-33.6753,151.214,17.0,1316,3.8,57,1,16359
5344,Acer saccharum,45.43,-73.94,7.3,1025,5.99,47,1,3337
5348,Acer platanoides,45.43,-73.94,7.3,1025,4.89,9,2,65
5349,Leymus mollis,40.9153,-124.141,13.8,1228,6.5,176,1,113520
5359,Chondrosum gracile,50.7667,-104.617,3.1,412,6.9,8,1,216
5360,Populus deltoides,30.4689,116.991,17.5,1392,7.9,40,5,1291
5362,Cymbopogon nardus,-33.988,18.9555,15.6,1120,,3,1,18
5363,Pisum sativum,50.3,-107.683,4.0,402,6.5,176,3,31971
5364,Artocarpus altilis,20.7992,-156.038,24.2,2464,,7,1,294
5367,Acer platanoides,45.43,-73.94,7.3,1025,5.27,18,1,954
5377,Solidago missouriensis,50.7667,-104.617,3.1,412,6.9,3,1,12
5384,Glandularia dissecta,-32.7689,-64.9405,9.9,832,5.1,3,1,12
5403,Sporobolus ioclados,-2.6814,35.1208,20.0,726,6.8,5,2,66
5413,Eragrostis barrelieri,-23.7669,133.876,22.4,278,4.9,4,1,20
5416,Eperua grandiflora,5.2572,-52.9297,26.1,2540,3.9,1,1,1
5418,Acer platanoides,45.43,-73.94,7.3,1025,6.07,68,1,12240
5440,Malus domestica,50.82,4.76,10.3,765,6.6,1,1,1
5442,Prosopis juliflora,14.5822,-17.0161,25.8,477,6.4,6,2,41
5447,Populus deltoides,30.4689,116.991,17.5,1392,7.85,41,3,2021
5449,Koeleria macrantha,50.7667,-104.617,3.1,412,6.2,2,1,10
5453,Thalictrum minus,56.0583,159.904,0.1,476,4.9,75,2,10169
5456,Triticum aestivum,50.3,-107.683,4.0,402,6.5,16,2,126
5462,Genista cinerea,37.4,-2.83333,9.3,622,,73,4,12094
5466,Heliotropium ramosissimum,16.8053,-22.9211,23.3,78,7.5,2,1,6
5468,Viola mirabilis,58.5839,23.568,6.6,586,7.0,3,1,36
5472,Goodenia geniculata,-37.3333,142.15,13.5,643,5.0,4,1,64
5476,Helichrysum stoechas,35.4592,23.8008,18.1,744,6.2,5,3,8
5477,Krigia biflora,39.2433,-86.2167,12.1,1197,3.5,4,1,44
5485,Sorghastrum pellitum,-32.7689,-64.9405,9.9,832,5.1,1,1,7
5490,Populus deltoides,30.4689,116.991,17.5,1392,8.02,14,5,103
5491,Malus domestica,50.85,4.94,10.5,731,7.1,1,1,1
5493,Voyria tenella,9.17936,-79.8296,26.5,2516,,2,1,4
5500,Daucus annuus,15.1803,-23.6908,20.6,335,5.2,203,3,39069
5503,Sarcococca sp.,22.3744,81.9022,25.3,1262,5.45,5,1,30
5509,NA_,68.4182,17.7666,2.5,612,3.33,4,1,532
5513,Artemisia frigida,50.7667,-104.617,3.1,412,6.9,41,2,6254
5521,Azorella trifurcata,-52.058,-71.4211,6.3,344,5.5,25,2,881
5525,Heterotheca villosa,50.7667,-104.617,3.1,412,6.9,22,1,1386
5526,Solidago chilensis,-38.6485,-71.6461,7.6,1167,5.0,4,1,20
5544,Commelina benghalensis,-24.7514,28.5761,19.2,631,4.2,5,1,70
5551,Oryza sativa,25.8642,88.5901,24.8,1918,5.87,1,1,1
5556,Voyria tenella,9.11006,-79.8434,26.1,2921,,10,1,440
5560,Festuca lenensis,43.0519,104.058,4.1,125,6.7,17,2,339
5566,Acer platanoides,45.43,-73.94,7.3,1025,6.09,98,2,15002
5568,Plantago afra,30.5933,34.7114,16.9,114,,3,2,7
5593,Achillea millefolium,68.1672,17.5247,-0.3,661,3.77,1,1,4
5598,Morella rubra,29.25,118.12,15.6,2110,,3,3,3
5601,Triticum aestivum,50.3,-107.683,4.0,402,6.5,16,1,1168
5602,Triticum aestivum,50.3,-107.683,4.0,402,6.5,20,2,332
5604,Linnaea borealis,61.2536,73.1664,-1.5,569,4.8,84,2,37932
5607,Vachellia erioloba,-24.6778,28.6608,19.5,581,6.2,17,1,297
5608,Sorghum bicolor,13.101,32.7611,28.7,333,8.17,3,1,15
5609,Oryza sativa,25.8672,88.5902,24.8,1936,6.378,3,1,15
5621,Tetragastris panamensis,9.11006,-79.8434,26.1,2921,5.5,2,1,16
5624,Simarouba amara,9.11006,-79.8434,26.1,2921,,1,1,1
5626,Alnus glutinosa,50.859,4.9779,10.5,738,3.112,3,1,12
5630,Artemisia frigida,50.7667,-104.617,3.1,412,6.9,1,1,1
5632,Chondrosum gracile,50.7667,-104.617,3.1,412,6.9,11,2,85
5645,Aristida contorta,-23.7667,133.877,22.4,279,5.0,2,1,4
5647,Microsorum scolopendria,-15.1247,-148.227,27.0,1872,7.2,2,1,4
5651,Santiria trimera,0.6172,10.3992,22.7,2080,3.5,1,1,2
5652,Ammophila arenaria,40.9153,-124.141,13.8,1228,6.4,201,2,178627
5660,NA_,68.1719,17.7351,-1.0,655,4.26,32,1,4128
5661,Leymus mollis,40.9047,-124.145,13.8,1227,6.6,113,1,54353
5662,Conyza pannosa,15.1781,-23.6867,20.6,335,5.2,7,2,45
5682,Combretum micranthum,14.5781,-17.0172,25.8,472,6.1,3,2,7
5683,Calamagrostis purpurea,53.0403,158.672,1.9,977,4.5,2,1,4
5685,Achillea millefolium,68.1614,17.5384,1.7,535,5.29,11,1,176
5694,Begonia susaniae,0.6172,10.4136,22.2,2432,3.6,24,2,1455
5697,Alnus glutinosa,50.8623,4.96319,10.5,741,6.068,1,1,1
5705,Nicotiana glauca,37.8236,-0.976111,18.5,264,8.67,4,3,6
5707,Epacris microphylla,-33.6753,151.214,17.0,1316,3.8,1,1,1
5709,Podococcus barteri,0.6172,10.4136,22.2,2432,3.6,2,1,4
5717,Voyria tenella,9.11006,-79.8434,26.1,2921,,2,1,4
5719,Voyria tenella,9.11006,-79.8434,26.1,2921,,15,1,1980
5721,Simarouba amara,9.11006,-79.8434,26.1,2921,,14,2,376
5726,Themeda triandra,-2.1458,35.0472,20.6,933,5.5,10,1,180
5743,Ruscus aculeatus,43.5911,-1.2481,14.4,1374,,4,1,24
5747,NA_,68.162,17.5949,1.3,654,4.53,23,1,4462
5748,Malus domestica,50.93,5.09,10.5,735,6.7,1,1,3
5759,Syzygium buxifolium,29.25,118.12,15.6,2110,,8,2,155
5769,Vietnamosasa pusilla,16.8594,100.465,27.0,1519,5.2,30,1,2790
5780,Rosmarinus officinalis,37.4,-2.83333,9.3,622,,231,3,192368
5791,Lomandra insularis,-22.1822,166.732,22.2,1720,4.3,2,1,6
5796,Gerbera crocea,-33.993,18.9742,14.3,1314,,2,2,2
5799,Santolina chamaecyparissus,39.4086,2.74667,17.3,616,7.3,4,2,16
5815,Digitaria macroblephara,-1.8444,35.2008,20.0,846,6.0,10,2,135
5816,Stipa pubescens,-33.6753,151.214,17.0,1316,3.9,161,1,138138
5821,Montinia caryophyllacea,-33.988,18.9555,15.6,1120,,12,1,348
5826,Triticum aestivum,50.3,-107.683,4.0,402,6.5,26,1,2158
5830,Festuca vivipara,64.8506,-23.2975,3.5,1306,4.4,3,2,8
5831,Digitaria macroblephara,-2.3364,34.5103,22.2,946,5.3,11,1,275
5832,Populus deltoides,30.4689,116.991,17.5,1392,8.09,36,3,1391
5834,Themeda triandra,-2.3364,34.5103,22.2,946,5.3,10,3,97
5839,Plantago lanceolata,60.2184,19.5393,6.3,522,5.6,7,2,99
5843,Phagnalon saxatile,39.4086,2.74667,17.3,616,7.3,9,1,369
5844,Alopecurus magellanicus,78.2006,15.8153,-5.9,275,5.7,3,1,9
5845,Leymus mollis,40.9091,-124.143,13.8,1225,6.6,1,1,1
5846,Plantago argentina,-32.7561,-64.9244,9.8,931,,1,1,1
5852,Solidago chilensis,-38.6485,-71.6461,7.6,1167,5.0,1,1,1
5853,Toxicodendron succedaneum,29.25,118.12,15.6,2110,,1,1,1
5863,Sorocea affinis,9.11006,-79.8434,26.1,2921,5.5,2,2,2
5864,Polyalthia suaveolens,0.6172,10.3992,22.7,2080,3.5,2,2,2
5872,Arum italicum,43.5911,-1.2481,14.4,1374,,2,1,8
5878,Triticum aestivum,50.3,-107.683,4.0,402,6.5,28,1,3164
5883,Ainsliaea aptera,29.4308,79.6394,12.6,2063,4.05,1,1,1
5891,Ammophila arenaria,40.9076,-124.144,13.8,1227,6.4,27,1,3834
5905,Oryza sativa,25.8571,88.599,24.8,1905,6.314,257,1,401434
5906,Commelina benghalensis,-24.7514,28.5761,19.2,631,4.2,8,2,45
5909,Populus deltoides,30.4689,116.991,17.5,1392,7.67,14,1,504
5920,Avenella flexuosa,69.7983,27.0864,-0.1,400,3.1,378,1,382158
5934,Ammophila arenaria,40.9114,-124.142,13.8,1225,6.5,83,1,25481
5935,Ammophila arenaria,40.9105,-124.143,13.8,1225,6.6,109,1,47415
5936,Leymus mollis,40.9176,-124.14,13.8,1229,6.4,94,1,37318
5937,Ammophila arenaria,40.9054,-124.145,13.8,1227,6.6,222,1,246420
5938,Leymus mollis,40.9114,-124.142,13.8,1225,6.5,59,1,14691
5939,Leymus mollis,40.9176,-124.14,13.8,1229,6.6,83,2,21150
5941,Malus domestica,50.86,5.16,10.5,781,6.8,1,1,4
5943,Solidago virgaurea,68.1749,17.8426,-1.0,595,4.4,98,1,19600
5944,Hypochaeris radicata,-37.3333,142.15,13.5,643,5.0,62,1,9858
5949,Leymus mollis,40.9145,-124.141,13.8,1228,5.3,1,1,2
5950,Podocarpus coriaceus,16.1783,-61.7317,23.5,1986,4.1,12,1,432
5960,Trifolium pratense,68.24,17.4253,2.7,622,4.1,7,1,105
5961,Plantago afra,30.5928,34.7122,16.9,114,,3,1,9
5962,Santiria trimera,0.6172,10.3992,22.7,2080,3.5,3,1,12
5964,NA_,68.1614,17.5384,1.7,535,5.29,6,1,204
5965,Geranium sylvaticum,64.4128,-15.3661,2.2,1384,5.0,6,2,48
5966,Briza media,47.4728,10.0678,4.7,2209,6.0,5,1,95
5967,Poa attenuata,43.0519,104.058,4.1,125,6.7,42,2,3186
5971,Anemone hepatica,58.5839,23.568,6.6,586,7.0,1,1,1
5974,Campanula jacobaea,15.1781,-23.6867,20.6,335,5.2,9,2,46
5976,Cenchrus ciliaris,-23.7667,133.877,22.4,279,5.0,8,1,96
5987,Trifolium repens,68.1591,17.5773,1.8,591,4.65,6,1,354
5994,Ternstroemia gymnanthera,29.25,118.12,15.6,2110,,2,2,3
5995,Rosmarinus officinalis,37.4,-2.83333,9.3,622,,12,2,268
6008,Scorzoneroides autumnalis,47.47,10.0572,5.6,2113,5.7,1,1,2
6009,Hesperostipa comata,50.7667,-104.617,3.1,412,6.2,7,1,238
6012,Prunella vulgaris,47.4728,10.0678,4.7,2209,6.0,1,1,1
6013,Ajuga reptans,43.5911,-1.2481,14.4,1374,,6,2,51
6021,Chloris truncata,-35.1175,138.665,14.6,775,4.0,4,1,32
6023,Simarouba amara,9.11006,-79.8434,26.1,2921,5.5,7,2,188
6028,Potentilla acaulis,47.7578,107.132,-2.4,271,,24,2,1571
6032,Leymus mollis,40.9054,-124.145,13.8,1227,6.5,100,1,36900
6033,Leymus mollis,40.9054,-124.145,13.8,1227,6.6,54,1,12042
6034,Ammophila arenaria,40.9191,-124.139,13.8,1229,6.6,102,1,39576
6035,Leymus mollis,40.9191,-124.139,13.8,1229,6.6,5,1,80
6036,Leymus mollis,40.9153,-124.141,13.8,1228,6.4,23,2,921
6037,Nicotiana glauca,37.8236,-0.976111,18.5,264,8.72,23,3,513
6038,Nicotiana glauca,37.8236,-0.976111,18.5,264,8.72,349,4,1559190
6039,Ammophila arenaria,40.9145,-124.141,13.8,1228,6.4,12,1,360
6040,Ammophila arenaria,40.9091,-124.143,13.8,1225,6.6,6,1,36
6045,Linnaea borealis,61.2603,73.148,-1.5,561,4.1,7,1,854
6048,Combretum micranthum,14.5781,-17.0172,25.8,472,6.1,1,1,2
6050,Oryza sativa,25.8583,88.5888,24.8,1918,6.146,6,1,84
6056,Artemisia frigida,50.7667,-104.617,3.1,412,6.9,5,2,21
6057,Actinotus minor,-33.6753,151.214,17.0,1316,3.9,12,1,624
6059,Thalictrum minus,53.0425,158.67,2.0,929,4.2,2,1,10
6060,Ruscus aculeatus,43.5911,-1.2481,14.4,1374,,21,1,1155
6062,Koeleria macrantha,43.5017,104.058,-1.5,171,6.7,6,2,36
6063,Ranunculus pedatifidus,43.5017,104.058,-1.5,171,6.7,17,2,801
6065,Ranunculus pedatifidus,43.5017,104.058,-1.5,171,6.7,19,3,551
6069,Dicorynia guianensis,5.2572,-52.9297,26.1,2540,3.9,1,1,1
6088,Solidago missouriensis,50.7667,-104.617,3.1,412,6.9,1,1,1
6089,Helianthemum viscarium,30.5928,34.7122,16.9,114,,236,1,163076
6092,Salvia rosmarinus,39.4086,2.74667,17.3,616,7.3,3,1,24
6095,Digitaria macroblephara,-2.6814,35.1208,20.0,726,6.8,8,3,154
6097,Medicago truncatula,34.49,9.58,18.1,217,8.0,255,3,60847
6101,Cenchrus ciliaris,-23.7669,133.876,22.4,278,4.9,2,1,2
6108,Trientalis europaea,69.7983,27.0864,-0.1,400,3.1,34,1,2040
6112,Eperua grandiflora,5.2583,-52.9297,26.1,2590,3.9,1,1,1
6121,Solidago virgaurea,61.2536,73.1664,-1.5,569,4.8,1,1,1
6122,Plectranthus mollis,29.4208,79.5689,12.6,2140,4.05,9,1,180
6123,Strobilanthes sp.,29.4308,79.6394,12.6,2063,4.05,4,2,12
6125,Solidago virgaurea,61.2603,73.148,-1.5,561,4.1,9,2,102
6126,Scorzoneroides autumnalis,64.9456,-23.3558,4.2,1280,4.8,2,1,4
6127,Deschampsia cespitosa,64.8506,-23.2975,3.5,1306,4.4,3,1,9
6131,NA_,68.1621,17.6469,0.7,620,2.79,21,1,1302
6135,Alnus glutinosa,50.8726,4.98774,10.5,734,3.113,20,1,1200
6139,Cacalia kamtschatica,53.0425,158.67,2.0,929,4.2,9,1,351
6141,NA_,68.1639,17.5182,0.0,615,4.41,38,1,3420
6142,Solidago virgaurea,68.4024,17.7888,1.0,617,5.05,18,1,612
6144,Potentilla acaulis,47.7578,107.132,-2.4,271,,3,2,13
6148,Lens culinaris,50.3,-107.683,4.0,402,6.5,17,2,256
6150,Cecropia obtusa,4.5567,-52.2086,24.5,4062,3.7,1,1,1
6151,Trifolium repens,68.1656,17.7002,-1.0,657,4.23,10,1,180
6152,NA_,68.162,17.5949,1.3,654,4.53,12,1,1176
6161,Avenella flexuosa,69.8136,27.1736,-0.7,387,,2,1,10
6162,Trientalis europaea,69.8136,27.1736,-0.7,387,,2,1,6
6166,Solidago virgaurea,68.1749,17.8426,-1.0,595,4.4,49,1,7007
6172,Sorocea affinis,9.11006,-79.8434,26.1,2921,5.5,1,1,1
6173,Oryza sativa,25.8583,88.5888,24.8,1918,6.146,3,1,9
6174,Oryza sativa,25.8517,88.6876,24.8,1946,5.723,13,3,109
6176,Sorocea affinis,9.11006,-79.8434,26.1,2921,,5,2,20
6180,Solidago missouriensis,50.7667,-104.617,3.1,412,6.9,4,1,32
6181,Agrostis perennans,-52.055,-71.4225,6.3,344,5.3,12,3,142
6182,Salvia rosmarinus,39.4083,2.74528,17.3,616,7.2,25,3,598
6187,Achillea millefolium,68.2381,17.4261,2.7,622,4.7,30,1,1950
6190,Trifolium repens,68.1622,17.5263,0.9,565,,27,1,1647
6205,Sorocea affinis,9.11006,-79.8434,26.1,2921,5.5,1,1,1
6207,Alseis blackiana,9.11006,-79.8434,26.1,2921,5.5,1,1,1
6215,Begonia susaniae,0.6172,10.4136,22.2,2432,3.6,5,1,25
6216,Triticum aestivum,50.3,-107.683,4.0,402,6.5,11,1,418
6219,Lotus jacobaeus,15.1781,-23.6867,20.6,335,5.2,138,1,70518
6223,Themeda triandra,-2.1458,35.0472,20.6,933,5.5,5,2,22
6224,Achillea millefolium,68.1622,17.5263,0.9,565,,3,1,27
6234,Galium verum,64.4128,-15.3661,2.2,1384,5.0,6,1,102
6525,Thymus mastichina,37.4,-2.83333,9.3,622,,28,4,2012
6528,Begonia susaniae,0.6172,10.3992,22.7,2080,3.5,18,1,576
6529,Cacalia kamtschatica,53.0425,158.67,2.0,929,4.2,9,1,225
6531,Viola mirabilis,58.5839,23.568,6.6,586,7.0,1,1,1
6539,Selaginella kraussiana,-41.2582,174.772,13.1,1116,,3,2,5
6540,Virola sebifera,9.11006,-79.8434,26.1,2921,,2,1,6
6542,Sanicula elata,44.7544,-0.395278,13.5,881,,1,1,1
6544,Populus deltoides,30.4689,116.991,17.5,1392,7.88,2,2,25
6549,Parthenocissus quinquefolia,39.2361,-86.2205,12.1,1196,5.0,3,1,21
6550,Thymus mastichina,37.4,-2.83333,9.3,622,,97,5,28769
6553,Solidago virgaurea,69.7983,27.0864,-0.1,400,3.1,1,1,1
6554,Voyria tenella,9.11006,-79.8434,26.1,2921,,16,1,1792
6563,Lotus jacobaeus,15.1781,-23.6867,20.6,335,5.2,23,1,1541
6564,Crotalaria microphylla,16.8053,-22.9211,23.3,78,7.5,29,1,2465
6567,Tetragastris panamensis,9.11006,-79.8434,26.1,2921,,1,1,1
6577,Calamagrostis purpurea,53.0403,158.672,1.9,977,4.5,4,1,20
6584,Solidago virgaurea,69.7983,27.0864,-0.1,400,3.1,110,1,29590
6586,Cicer arietinum,50.3,-107.683,4.0,402,6.5,36,3,1100
6587,Plantago lanceolata,60.1303,20.2762,6.2,555,5.6,2,2,2
6589,Hedera colchica,41.9333,43.4233,7.8,984,4.2,29,1,1827
6592,Voyria tenella,9.16176,-79.7453,26.2,2510,,1,1,2
6602,Voyria tenella,9.11006,-79.8434,26.1,2921,,12,1,696
6603,Solidago virgaurea,68.162,17.5949,1.3,654,4.53,17,1,544
6607,Voyria tenella,9.11006,-79.8434,26.1,2921,,4,2,12
6617,Taraxacum officinale,-52.058,-71.4211,6.3,344,5.5,18,2,474
6620,Podocarpus coriaceus,16.1783,-61.7317,23.5,1986,4.1,14,1,924
6624,Acer platanoides,45.43,-73.94,7.3,1025,5.97,33,1,2475
6629,Musanga cecropioides,0.6172,10.4136,22.2,2432,,1,1,1
6634,Linnaea borealis,61.2536,73.1664,-1.5,569,4.8,14,1,1288
6639,Genista cinerea,37.4,-2.83333,9.3,622,,62,5,18390
6644,Toxicodendron succedaneum,29.25,118.12,15.6,2110,,2,2,3
6647,Digitaria eriantha,-24.6778,28.6608,19.5,581,6.2,25,1,790
6651,Stachys sylvatica,50.8506,4.9361,10.5,731,,58,1,10904
6652,Crotalaria albida,22.3772,81.8992,25.2,1404,5.45,3,2,9
6653,NA_,68.1603,17.5262,0.9,565,3.09,1,1,1
6654,Podococcus barteri,0.6172,10.3992,22.7,2080,3.5,5,1,40
6658,Santolina chamaecyparissus,39.4083,2.74528,17.3,616,7.2,45,2,3996
6663,Arum italicum,41.9408,43.4192,7.8,984,4.8,58,1,6322
6664,Prunella vulgaris,47.47,10.0572,5.6,2113,5.7,1,1,1
6665,NA_,68.3945,17.7893,-0.5,702,,18,1,648
6673,Asphodelus ramosus,30.5933,34.7114,16.9,114,,194,1,94478
6676,Scaevola beckii,-22.1836,166.729,22.5,1590,6.0,1,1,1
6682,Campanula jacobaea,15.1781,-23.6867,20.6,335,5.2,9,4,40
6683,Anemone hepatica,58.5839,23.568,6.6,586,7.0,1,1,3
6686,Helianthemum viscarium,30.5928,34.7122,16.9,114,,172,1,67424
6688,Calamagrostis purpurea,53.0403,158.672,1.9,977,4.5,3,1,15
6690,Oryza sativa,25.8517,88.6876,24.8,1946,5.723,11,1,341
6699,Geranium sessiliflorum,-52.058,-71.4211,6.3,344,5.5,8,1,96
6704,Agrostis perennans,-52.055,-71.4225,6.3,344,5.3,19,2,1243
6708,Malus domestica,51.17,4.6,10.5,789,5.6,2,1,38
6712,Helichrysum stoechas,35.4592,23.8008,18.1,744,6.2,6,2,64
6719,Actinotus minor,-33.6753,151.214,17.0,1316,3.9,7,1,126
6721,Calamagrostis purpurea,53.0425,158.67,2.0,929,4.2,7,1,189
6728,Geranium sylvaticum,61.2603,73.148,-1.5,561,4.1,1,1,1
6737,Oryza sativa,25.8571,88.599,24.8,1905,6.314,4,1,48
6750,Oryza sativa,25.8311,88.6435,24.8,1897,5.795,4,1,60
6764,Trachystemon orientalis,41.9333,43.4233,7.8,984,4.2,3,2,12
6776,Podophyllum peltatum,39.2361,-86.2205,12.1,1196,5.0,1,1,1
6783,Oryza sativa,25.8571,88.6022,24.8,1907,5.988,2,1,4
6813,Montrouziera sphaeroidea,-22.1836,166.729,22.5,1590,6.0,7,1,133
6815,Tetragastris panamensis,9.11006,-79.8434,26.1,2921,5.5,4,1,36
6817,Virola sebifera,9.11006,-79.8434,26.1,2921,5.5,1,1,1
6818,Virola sebifera,9.11006,-79.8434,26.1,2921,5.5,1,1,1
6828,Plantago media,47.47,10.0572,5.6,2113,5.7,1,1,1
6829,Digitaria macroblephara,-1.8444,35.2008,20.0,846,6.0,18,3,665
6832,Campanula rotundifolia,64.42,-15.3978,2.9,1318,4.9,28,1,3640
6833,Oryza sativa,25.8672,88.5902,24.8,1936,6.378,44,1,8096
6834,Tricoryne elatior,-37.3333,142.15,13.5,643,5.3,1,1,2
6835,Achillea millefolium,68.1622,17.5263,0.9,565,,26,1,1586
6838,Simarouba amara,9.11006,-79.8434,26.1,2921,5.5,2,1,10
6853,NA_,68.162,17.5949,1.3,654,3.37,3,1,9
6856,Voyria tenella,9.11006,-79.8434,26.1,2921,,11,1,660
6857,Oryza sativa,25.8583,88.5888,24.8,1918,6.146,1,1,1
6858,NA_,68.1612,17.5321,0.9,565,4.67,28,1,2828
6860,Ammophila arenaria,40.9209,-124.139,13.8,1229,6.5,1,1,1
6875,Trifolium repens,68.2381,17.4261,2.7,622,4.7,1,1,1
6879,Voyria tenella,9.11006,-79.8434,26.1,2921,,2,1,6
6884,Ajuga reptans,43.5911,-1.2481,14.4,1374,,2,1,6
6890,Citrullus colocynthis,16.8133,-22.9158,23.0,86,7.6,1,1,1
6891,Daucus annuus,15.1781,-23.6867,20.6,335,5.2,4,1,20
6892,Pulicaria diffusa,16.8133,-22.9158,23.0,86,7.6,4,1,16
6893,Oryza sativa,25.8445,88.6804,24.8,1928,5.326,7,1,105
6895,Galium elegans,29.4308,79.6394,12.6,2063,4.05,2,2,2
6903,Oryza sativa,25.8575,88.5872,24.8,1902,6.117,3,1,39
6904,Leymus mollis,40.9117,-124.142,13.8,1225,6.4,1,1,1
6905,Mercurialis perennis,44.7544,-0.395278,13.5,881,,1,1,1
6906,Digitaria macroblephara,-1.808,35.2133,19.6,902,5.5,1,1,2
6909,Aristida contorta,-23.7669,133.876,22.4,278,4.9,1,1,1
6912,Glandularia dissecta,-32.7689,-64.9405,9.9,832,5.1,6,3,22
6917,Gabonius ngouniensis,0.6172,10.4136,22.2,2432,3.6,7,1,63
6921,Malus domestica,50.88,5.02,10.5,765,7.5,14,1,392
6923,Leymus mollis,40.9209,-124.139,13.8,1229,6.5,32,1,4064
6930,Heterotheca villosa,50.7667,-104.617,3.1,412,6.9,4,1,16
6933,NA_,68.1612,17.5321,0.9,565,3.28,14,1,6272
6936,Oryza sativa,25.8571,88.599,24.8,1905,6.314,14,1,546
6947,Pterocephalus brevis,30.5928,34.7122,16.9,114,,83,2,15884
6948,Digitaria macroblephara,-2.5811,35.1411,20.3,674,7.0,20,2,730
6953,Helianthemum sp.,30.5933,34.7114,16.9,114,,1,1,1
6956,Thymus mastichina,37.4,-2.83333,9.3,622,,14,3,295
6961,Themeda triandra,-1.8444,35.2008,20.0,846,6.0,1,1,13
6967,Thymus zygis,37.4,-2.83333,9.3,622,,6,3,31
6971,Podococcus barteri,0.6172,10.3992,22.7,2080,3.5,3,1,12
6973,Achillea millefolium,68.1672,17.5247,-0.3,661,3.77,6,1,60
6976,Solenogyne dominii,-37.3333,142.15,13.5,643,5.3,5,1,170
6977,Oryza sativa,25.8566,88.5988,24.8,1905,5.83,79,1,39658
6979,Glandularia dissecta,-32.7689,-64.9405,9.9,832,5.1,1,1,1
6981,Taraxacum officinale,-52.055,-71.4225,6.3,344,5.3,3,1,21
6989,Avenella flexuosa,64.42,-15.3978,2.9,1318,4.9,2,1,4
6990,Oryza sativa,25.8468,88.6102,24.8,1894,6.403,6,2,121
6992,Oryza sativa,25.8667,88.672,24.8,1949,5.872,37,1,10431
6993,Hesperostipa comata,50.7667,-104.617,3.1,412,6.2,1,1,1
7000,Lotus jacobaeus,15.1803,-23.6908,20.6,335,5.2,4,2,12
7008,Plantago argentina,-32.7689,-64.9405,9.9,832,5.1,1,1,1
7011,Cardamine bulbifera,41.9333,43.4233,7.8,984,4.2,1,1,1
7024,Solidago virgaurea,68.3935,17.7756,-0.2,685,,3,1,12
7039,Plantago afra,30.5928,34.7122,16.9,114,,11,3,125
7041,Hedera nepalensis,29.4308,79.6394,12.6,2063,4.05,1,1,1
7043,Podococcus barteri,0.6172,10.4136,22.2,2432,3.6,1,1,1
7045,Acer saccharum,39.2361,-86.2205,12.1,1196,5.0,3,1,39
7053,Achillea millefolium,68.1612,17.5321,0.9,565,3.28,28,1,1624
7056,Achillea millefolium,68.1606,17.5148,-0.6,672,,1,1,1
7057,Solidago virgaurea,68.3945,17.7893,-0.5,702,,31,1,1829
7058,NA_,68.1719,17.7351,-1.0,655,4.26,5,1,135
7059,Trifolium repens,68.1694,17.5231,-0.3,661,,17,1,731
7061,NA_,68.3985,17.7791,-0.2,685,4.7,18,1,774
7067,Voyria tenella,9.11006,-79.8434,26.1,2921,,3,1,9
7068,Vachellia erioloba,-24.6778,28.6608,19.5,581,6.2,8,1,92
7071,Voyria tenella,9.07646,-79.7869,26.3,2643,,3,1,9
7076,Achillea millefolium,68.1637,17.6873,-0.1,611,,2,1,96
7078,Oryza sativa,25.8566,88.5988,24.8,1905,5.83,2,1,20
7082,Phagnalon saxatile,39.4086,2.74667,17.3,616,7.3,1,1,1
7084,Rubia peregrina,44.7544,-0.395278,13.5,881,,2,1,4
7086,Solidago virgaurea,68.1639,17.5182,0.0,615,4.41,12,1,384
7087,Oryza sativa,25.8437,88.6846,24.8,1926,6.307,19,1,1349
7098,Artocarpus altilis,20.7992,-156.038,24.2,2464,,1,1,1
7102,Phacelia secunda,-38.6993,-71.6155,8.0,1287,5.7,8,2,70
7103,Androsace incana,47.7578,107.132,-2.4,271,,5,2,29
7107,Voyria tenella,9.11006,-79.8434,26.1,2921,,3,1,15
7109,Citrullus colocynthis,16.8053,-22.9211,23.3,78,7.5,1,1,1
7113,Geum urbanum,44.7544,-0.395278,13.5,881,,137,1,39182
7117,Phacelia secunda,-38.6485,-71.6461,7.6,1167,5.0,12,2,243
7122,Thymus zygis,37.4,-2.83333,9.3,622,,15,3,288
7124,Agrostis capillaris,64.9456,-23.3558,4.2,1280,4.8,1,1,1
7129,Glandularia dissecta,-32.7689,-64.9405,9.9,832,5.1,2,1,4
7130,Microsorum scolopendria,-15.0794,-148.148,27.0,1810,7.3,3,1,9
7135,Simarouba amara,9.11006,-79.8434,26.1,2921,5.5,1,1,1
7137,Betonica officinalis,43.5911,-1.2481,14.4,1374,,1,1,1
7138,Oryza sativa,25.8554,88.6774,24.8,1946,5.689,6,1,120
7169,Ageratum conyzoides,22.3772,81.8992,25.2,1404,5.45,8,4,26
7174,Voyria tenella,9.11006,-79.8434,26.1,2921,,1,1,1
7177,NA_,68.3935,17.7756,-0.2,685,,6,1,102
7189,Prunella vulgaris,64.9456,-23.3558,4.2,1280,4.8,1,1,1
7191,Trifolium repens,68.4182,17.7666,2.5,612,3.33,38,1,3268
7192,Dichanthium annulatum,22.3772,81.8992,25.2,1404,5.45,2,1,138
7193,Achillea millefolium,68.1612,17.5321,0.9,565,3.28,11,1,220
7194,NA_,68.2381,17.4261,2.7,622,3.04,18,1,648
7195,Solidago virgaurea,68.146,17.4845,-0.9,655,3.64,22,1,770
7196,Trifolium pratense,68.2381,17.4261,2.7,622,4.7,20,1,860
7197,Trifolium repens,68.4003,17.7774,0.9,615,,19,1,1064
7198,Solidago virgaurea,68.162,17.5949,1.3,654,4.53,8,1,136
7199,NA_,68.4024,17.7888,1.0,617,3.52,19,1,665
7200,Solidago virgaurea,68.1621,17.6469,0.7,620,3.89,12,1,456
7207,Strobilanthes sp.,29.4308,79.6394,12.6,2063,4.05,1,1,1
7208,Voyria tenella,9.11006,-79.8434,26.1,2921,,4,1,20
7209,Citrullus colocynthis,16.8053,-22.9211,23.3,78,7.5,1,1,1
7221,Cecropia obtusa,4.5542,-52.21,24.5,4062,3.7,1,1,1
7226,Echinochloa colona,14.5781,-17.0172,25.8,472,6.1,1,1,1
7232,Ammophila arenaria,40.9047,-124.145,13.8,1227,6.6,2,1,8
7261,Dichanthium annulatum,22.3744,81.9022,25.3,1262,5.45,1,1,1
7271,Ammophila arenaria,40.9207,-124.139,13.8,1229,6.2,13,1,403
7276,Amphicarpaea bracteata,39.2361,-86.2205,12.1,1196,5.0,2,2,2
7290,Calamagrostis purpurea,56.06,159.912,0.0,477,4.8,1,1,3
7293,Voyria tenella,9.11006,-79.8434,26.1,2921,,8,1,232
7315,Scaevola beckii,-22.1822,166.732,22.2,1720,4.3,3,1,15
7317,Solidago virgaurea,68.3943,17.8007,-0.6,677,,24,1,1296
7323,NA_,68.24,17.4253,2.7,622,2.8,22,1,924
7327,Voyria tenella,9.07646,-79.7869,26.3,2643,,3,1,24
7329,Solidago virgaurea,68.1749,17.8426,-1.0,595,4.4,18,1,540
7330,Achillea millefolium,68.1606,17.5148,-0.6,672,,15,1,1080
7331,Amphicarpaea bracteata,39.2433,-86.2167,12.1,1197,3.5,5,1,25
7333,Oryza sativa,25.8289,88.6651,24.8,1917,5.81,20,1,1840
7337,Sorghastrum pellitum,-32.7689,-64.9405,9.9,832,5.1,3,1,9
7342,Actinotus minor,-33.6753,151.214,17.0,1316,3.8,1,1,1
7344,NA_,68.4106,17.7754,1.9,599,6.57,17,1,731
7347,Salvia rosmarinus,39.4086,2.74667,17.3,616,7.3,3,1,9
7351,Microsorum scolopendria,-15.0794,-148.148,27.0,1810,7.3,3,1,15
7352,Thymus zygis,37.4,-2.83333,9.3,622,,16,2,717
7353,Galium verum,64.8506,-23.2975,3.5,1306,4.4,2,1,10
7355,Trifolium pratense,68.4182,17.7666,2.5,612,3.33,6,1,78
7357,Solidago virgaurea,68.3985,17.7791,-0.2,685,3.34,27,1,1080
7360,Artemisia ludoviciana,50.7667,-104.617,3.1,412,6.2,2,1,4
7381,NA_,68.1672,17.5247,-0.3,661,5.04,1,1,1
7396,Lotus jacobaeus,15.1803,-23.6908,20.6,335,5.2,1,1,1
7397,Ammophila arenaria,40.9195,-124.139,13.8,1229,6.6,1,1,1
7399,Trifolium repens,68.4003,17.7774,0.9,615,,21,1,609
7403,NA_,68.146,17.4845,-0.9,655,3.64,4,1,32
7432,Trifolium repens,68.2381,17.4261,2.7,622,4.7,1,1,1
7443,Achillea millefolium,68.1637,17.6873,-0.1,611,,21,1,819
7453,Triplophyllum vogelii,0.6172,10.4136,22.2,2432,3.6,2,2,2
7462,Lomandra multiflora,-35.1175,138.665,14.6,775,4.5,7,1,49
7469,Solidago virgaurea,68.3985,17.7791,-0.2,685,4.7,1,1,5
7488,Solidago virgaurea,68.4024,17.7888,1.0,617,5.05,19,1,646
7490,Santiria trimera,0.6172,10.3992,22.7,2080,3.5,1,1,1
7491,Pallenis spinosa,35.4592,23.8008,18.1,744,6.2,10,1,170
7493,Combretum micranthum,14.5822,-17.0161,25.8,477,6.4,2,1,6
7498,Malus domestica,50.95,5.14,10.6,749,5.9,6,1,36
7507,NA_,68.1614,17.5384,1.7,535,3.68,1,1,1
7516,Borreria eryngioides,-32.7561,-64.9244,9.8,931,,1,1,1
7533,Trifolium repens,68.3985,17.7791,-0.2,685,4.7,1,1,4
7558,Ammophila arenaria,40.9114,-124.142,13.8,1225,6.4,1,1,1
7565,Gabonius ngouniensis,0.6172,10.4136,22.2,2432,3.6,3,1,9
7588,Solidago virgaurea,68.3935,17.7756,-0.2,685,,3,1,12
7608,Triticum aestivum,50.3,-107.683,4.0,402,6.5,1,1,4
7657,Ammophila arenaria,40.9054,-124.145,13.8,1227,6.4,2,1,4
7670,Ammophila arenaria,40.9176,-124.14,13.8,1229,6.5,6,1,114
7689,Citrullus colocynthis,16.8053,-22.9211,23.3,78,7.5,6,1,60
7695,Gabonius ngouniensis,0.6172,10.4136,22.2,2432,3.6,2,1,4
7704,Geranium erianthum,56.06,159.912,0.0,477,4.8,3,2,5
7715,Leymus mollis,40.9114,-124.142,13.8,1225,6.4,1,1,2
7716,Daucus annuus,15.1803,-23.6908,20.6,335,5.2,1,1,2
7719,Eperua falcata,5.2583,-52.9297,26.1,2590,3.9,1,1,1
7724,Leymus mollis,40.9176,-124.14,13.8,1229,6.5,3,1,27
7727,Saxifraga cespitosa,78.2006,15.8153,-5.9,275,5.7,1,1,1
7740,Ranunculus sulphureus,78.2006,15.8153,-5.9,275,5.7,2,1,6
7741,Erodium crassifolium,30.5928,34.7122,16.9,114,,1,1,1
7780,Solidago virgaurea,68.3935,17.7756,-0.2,685,,1,1,1
7798,Citrus sinensis,24.8806,-99.6244,23.7,681,8.48,11,2,170
7803,Citrus sinensis,24.8806,-99.6244,23.7,681,8.48,1018,6,2532278
7807,Glycine max,24.8807,-99.6236,23.7,681,8.14,5273,4,78979890
7809,Capsicum annuum,24.8807,-99.6235,23.7,681,8.14,3724,4,40319106
7811,Glycine max,24.8807,-99.6236,23.7,681,8.14,5172,3,109729534
7812,Citrus sinensis,24.8806,-99.6244,23.7,681,8.48,5296,4,74796110
7813,Glycine max,24.8807,-99.6236,23.7,681,8.14,11251,3,432636178
7818,Citrus sinensis,24.8806,-99.6244,23.7,681,8.48,11,3,118
7819,Citrus sinensis,24.8806,-99.6244,23.7,681,8.48,63,4,4241
7820,Zea mays,44.5,-123.23,12.3,1218,5.96,540,2,1051960
7821,Capsicum annuum,24.8807,-99.6235,23.7,681,8.14,352,4,289284
7826,Glycine max,24.8807,-99.6236,23.7,681,8.14,2776,4,16642785
7827,Glycine max,24.8807,-99.6236,23.7,681,8.14,3453,5,14004150
7828,Capsicum annuum,24.8807,-99.6235,23.7,681,8.14,6280,4,85738376
7829,Calamagrostis epigejos,50.2335,12.6547,7.2,789,8.008,1,1,4
7830,Capsicum annuum,24.8807,-99.6235,23.7,681,8.14,8,3,58
7834,Solanum tuberosum,-17.166,-65.6436,12.0,2807,5.3,1,1,2
7837,Citrus sinensis,24.8806,-99.6244,23.7,681,8.48,681,5,917415
7838,Glycine max,24.8807,-99.6236,23.7,681,8.14,6506,2,156601372
7839,Capsicum annuum,24.8807,-99.6235,23.7,681,8.14,6079,4,133867662
7840,Citrus sinensis,24.8806,-99.6244,23.7,681,8.48,8726,5,243982544
7841,Citrus sinensis,24.8806,-99.6244,23.7,681,8.48,1830,3,8427128
7846,Euphorbia esula,46.7008,-114.021,7.8,460,6.6,545,7,1501492
7848,Centaurea stoebe,46.7019,-114.022,7.8,460,6.7,221,6,306025
7851,Solanum tuberosum,-3.53939,-79.2257,13.3,700,4.45,51,1,72522
7860,Capsicum annuum,24.8807,-99.6235,23.7,681,8.14,4,3,12
7862,Solanum tuberosum,-12.2446,-75.0511,7.2,625,4.36,100,1,30000
7864,Zea mays,44.5,-123.23,12.3,1218,5.96,347,3,442833
7871,Zea mays,44.5,-123.23,12.3,1218,5.88,834,1,3009072
7872,Glycine max,24.8807,-99.6236,23.7,681,8.14,1466,2,12244004
7873,Capsicum annuum,24.8807,-99.6235,23.7,681,8.14,4599,4,59260878
7875,Zea mays,44.5,-123.23,12.3,1218,5.96,127,2,37098
7877,Zea mays,44.5,-123.23,12.3,1218,5.88,744,1,2604000
7878,Zea mays,44.5,-123.23,12.3,1218,5.88,614,1,1535000
7879,Zea mays,44.5,-123.23,12.3,1218,5.88,898,1,3990712
7880,Zea mays,44.5,-123.23,12.3,1218,5.88,811,2,2621164
7881,Zea mays,44.5,-123.23,12.3,1218,5.96,356,3,550544
7882,Zea mays,44.5,-123.23,12.3,1218,5.96,625,2,2377376
7883,Zea mays,44.5,-123.23,12.3,1218,5.96,672,1,2786112
7884,Zea mays,44.5,-123.23,12.3,1218,5.88,811,1,2674678
7885,Zea mays,44.5,-123.23,12.3,1218,5.96,326,2,649184
7886,Zea mays,44.5,-123.23,12.3,1218,5.96,468,2,1185248
7887,Zea mays,44.5,-123.23,12.3,1218,5.96,407,2,860722
7888,Zea mays,44.5,-123.23,12.3,1218,5.88,177,2,139557
7889,Zea mays,44.5,-123.23,12.3,1218,5.7,797,1,3500424
7890,Zea mays,44.5,-123.23,12.3,1218,5.88,307,1,499182
7891,Zea mays,44.5,-123.23,12.3,1218,5.88,1199,1,5520196
7892,Zea mays,44.5,-123.23,12.3,1218,5.7,973,1,5390420
7893,Zea mays,44.5,-123.23,12.3,1218,5.96,822,1,2827680
7894,Zea mays,44.5,-123.23,12.3,1218,5.88,567,1,1761102
7895,Zea mays,44.5,-123.23,12.3,1218,5.88,265,2,417122
7896,Capsicum annuum,24.8807,-99.6235,23.7,681,8.14,3135,4,28421934
7901,Zea mays,44.5,-123.23,12.3,1218,5.96,500,2,1173944
7904,Solanum tuberosum,-4.00044,-79.1801,15.4,777,4.91,4,1,80
7907,Zea mays,44.5,-123.23,12.3,1218,5.7,291,1,451050
7909,Centaurea stoebe,46.9981,-114.095,7.1,542,6.6,242,8,121773
7912,Centaurea stoebe,46.7409,-114.002,7.4,457,6.6,225,5,88151
7915,Glycine max,24.8807,-99.6236,23.7,681,8.14,10753,2,402017282
7918,Capsicum annuum,24.8807,-99.6235,23.7,681,8.14,68,2,14132
7919,Glycine max,24.8807,-99.6236,23.7,681,8.14,2676,4,12189562
7920,Solanum tuberosum,-17.166,-66.0844,7.2,1705,5.2,168,1,250488
7922,Solanum tuberosum,-11.8873,-75.4181,8.2,983,7.36,44,2,4216
7923,Euphorbia esula,46.9035,-113.982,7.9,432,6.5,177,9,29358
7925,Solanum tuberosum,-4.00044,-79.1801,15.4,777,4.91,116,2,18353
7931,Glycine max,24.8807,-99.6236,23.7,681,8.14,3252,4,20840750
7932,Calamagrostis epigejos,50.2445,12.6793,7.3,723,7.909,31,2,2838
7933,Glycine max,24.8807,-99.6236,23.7,681,8.14,2603,4,5652424
7935,Zea mays,44.5,-123.23,12.3,1218,5.88,948,1,4131384
7937,Zea mays,44.5,-123.23,12.3,1218,5.88,765,1,2861100
7939,Zea mays,44.5,-123.23,12.3,1218,5.88,1265,1,6421140
7940,Zea mays,44.5,-123.23,12.3,1218,5.88,1357,1,11634918
7946,Calamagrostis epigejos,50.2335,12.6547,7.2,789,7.94,105,2,193452
7947,Capsicum annuum,24.8807,-99.6235,23.7,681,8.14,3020,3,21358744
7950,Zea mays,44.5,-123.23,12.3,1218,5.7,716,2,3617774
7952,Zea mays,44.5,-123.23,12.3,1218,5.88,302,1,402264
7954,Euphorbia esula,46.7355,-114.025,8.0,439,6.8,453,5,846950
7957,Zea mays,44.5,-123.23,12.3,1218,5.88,361,1,516230
7959,Calamagrostis epigejos,50.2371,12.6617,7.3,744,7.703,153,3,122763
7963,Euphorbia esula,46.9329,-114.031,8.1,446,6.5,164,7,73596
7965,Zea mays,44.5,-123.23,12.3,1218,5.88,755,1,3421660
7966,Zea mays,44.5,-123.23,12.3,1218,5.88,763,1,2443126
7968,Solanum tuberosum,-17.166,-65.6436,12.0,2807,5.3,1,1,3
7969,Zea mays,44.5,-123.23,12.3,1218,5.7,731,2,1750542
7970,Calamagrostis epigejos,50.2386,12.6872,7.6,725,8.031,1,1,2
7973,Centaurea stoebe,46.8474,-113.979,7.3,472,6.9,229,8,75500
7975,Euphorbia esula,46.8449,-113.984,8.4,407,6.9,32,5,992
7977,Zea mays,44.5,-123.23,12.3,1218,5.88,612,1,1479816
7984,Capsicum annuum,24.8807,-99.6235,23.7,681,8.14,1883,4,8745669
7985,Zea mays,44.5,-123.23,12.3,1218,5.88,1522,1,9749932
7989,Zea mays,44.5,-123.23,12.3,1218,5.7,852,1,4723488
7990,Zea mays,44.5,-123.23,12.3,1218,5.88,606,1,1490760
7991,Centaurea stoebe,46.9061,-113.984,7.7,474,6.7,54,6,4284
7993,Centaurea stoebe,48.908,-122.755,11.2,955,7.6,11,1,352
7998,Zea mays,44.5,-123.23,12.3,1218,5.7,966,1,4518948
8000,Bromus tectorum,46.6999,-114.02,7.8,460,6.7,87,1,58986
8001,Citrus sinensis,24.8806,-99.6244,23.7,681,8.48,446,3,470480
8002,Zea mays,44.5,-123.23,12.3,1218,5.88,877,1,2229334
8004,Bromus tectorum,46.9029,-113.98,7.9,432,6.5,72,4,19087
8006,Zea mays,44.5,-123.23,12.3,1218,5.7,606,2,2065471
8007,Potentilla recta,48.841,-122.305,11.2,963,5.7,30,1,3120
8009,Zea mays,44.5,-123.23,12.3,1218,5.88,848,1,3424224
8010,Solanum tuberosum,-11.8873,-75.4181,8.2,983,7.36,13,1,299
8018,Zea mays,44.5,-123.23,12.3,1218,5.88,1169,2,4735073
8021,Glycine max,24.8807,-99.6236,23.7,681,8.14,541,2,978608
8022,Zea mays,44.5,-123.23,12.3,1218,5.88,424,2,598971
8023,Zea mays,44.5,-123.23,12.3,1218,5.96,250,2,165536
8024,Solanum tuberosum,-0.370597,-78.5569,10.8,1539,5.54,1,1,2
8027,Calamagrostis epigejos,50.2477,12.6704,7.3,724,8.0445,13,1,126
8028,Solanum tuberosum,-12.0286,-75.2674,10.8,558,5.71,159,2,67455
8033,Solanum tuberosum,-0.370597,-78.5569,10.8,1539,5.54,4,1,40
8035,Zea mays,44.5,-123.23,12.3,1218,5.88,574,2,1654767
8037,Capsicum annuum,24.8807,-99.6235,23.7,681,8.14,6,2,40
8038,Zea mays,44.5,-123.23,12.3,1218,5.96,1015,2,4151318
8040,Centaurea stoebe,46.677,-113.987,7.3,483,6.6,44,3,3408
8043,Zea mays,44.5,-123.23,12.3,1218,5.88,246,1,275028
8044,Centaurea stoebe,47.742,-117.753,8.8,466,6.1,4,2,27
8045,Zea mays,44.5,-123.23,12.3,1218,5.7,698,1,1918104
8046,Solanum tuberosum,-4.00044,-79.1801,15.4,777,4.91,148,1,59496
8051,Solanum tuberosum,-11.2673,-75.1158,6.3,2151,6.23,451,1,847880
8052,Calamagrostis epigejos,50.2382,12.6586,7.3,744,7.4395,150,1,142800
8053,Zea mays,44.5,-123.23,12.3,1218,5.96,731,2,1536910
8054,Zea mays,44.5,-123.23,12.3,1218,5.88,334,1,486972
8055,Zea mays,44.5,-123.23,12.3,1218,5.88,1174,2,5430991
8056,Potentilla recta,46.678,-113.989,7.3,483,6.6,2,2,4
8057,Zea mays,44.5,-123.23,12.3,1218,5.96,155,2,64500
8058,Solanum tuberosum,-17.166,-65.6436,12.0,2807,5.3,10,1,220
8059,Zea mays,44.5,-123.23,12.3,1218,5.88,1105,1,6689670
8062,Zea mays,44.5,-123.23,12.3,1218,5.7,759,2,6627953
8070,Solanum tuberosum,-11.8873,-75.4181,8.2,983,7.36,328,1,481176
8072,Zea mays,44.5,-123.23,12.3,1218,5.7,422,1,714868
8076,Zea mays,44.5,-123.23,12.3,1218,5.88,122,1,60756
8078,Centaurea stoebe,46.9584,-114.036,6.9,517,6.4,234,8,86708
8079,Zea mays,44.5,-123.23,12.3,1218,5.88,782,2,2570884
8080,Solanum tuberosum,-4.00044,-79.1801,15.4,777,4.91,30,2,3888
8081,Solanum tuberosum,-11.8873,-75.4181,8.2,983,7.36,2,1,8
8084,Zea mays,44.5,-123.23,12.3,1218,5.88,175,1,105700
8089,Zea mays,44.5,-123.23,12.3,1218,5.88,383,2,735342
8090,Potentilla recta,46.69,-113.984,6.5,514,6.0,21,2,1338
8092,Zea mays,44.5,-123.23,12.3,1218,5.88,189,1,118314
8093,Potentilla recta,46.677,-113.987,7.3,483,7.1,12,2,248
8097,Bromus tectorum,46.9332,-114.032,8.1,446,6.3,338,4,634368
8098,Calamagrostis epigejos,50.2329,12.6492,7.2,829,7.805,20,4,769
8099,Zea mays,44.5,-123.23,12.3,1218,5.88,889,1,2748788
8100,Zea mays,44.5,-123.23,12.3,1218,5.96,690,2,2231880
8101,Zea mays,44.5,-123.23,12.3,1218,5.88,364,1,508872
8102,Zea mays,44.5,-123.23,12.3,1218,5.7,472,1,1310272
8103,Zea mays,44.5,-123.23,12.3,1218,5.88,226,1,230972
8104,Zea mays,44.5,-123.23,12.3,1218,5.96,411,2,822098
8107,Solanum tuberosum,-3.53436,-79.2214,12.6,730,4.4,60,4,5961
8109,Zea mays,44.5,-123.23,12.3,1218,5.96,1003,2,4997978
8111,Zea mays,44.5,-123.23,12.3,1218,5.7,199,1,171140
8119,Calamagrostis epigejos,50.237,12.6588,7.3,744,7.5215,78,2,7839
8120,Zea mays,44.5,-123.23,12.3,1218,5.88,492,2,953523
8121,Bromus tectorum,46.9953,-114.101,7.2,529,6.5,244,6,247820
8124,Zea mays,44.5,-123.23,12.3,1218,5.88,246,1,254856
8125,Zea mays,44.5,-123.23,12.3,1218,5.88,629,1,1973802
8126,Zea mays,44.5,-123.23,12.3,1218,5.7,743,1,3631784
8132,Solanum tuberosum,-17.166,-66.0844,7.2,1705,5.2,4,1,60
8134,Zea mays,44.5,-123.23,12.3,1218,5.88,354,1,459492
8138,Potentilla recta,46.69,-113.984,6.5,514,6.4,24,3,1411
8141,Zea mays,44.5,-123.23,12.3,1218,5.88,1076,1,5676976
8142,Zea mays,44.5,-123.23,12.3,1218,5.88,606,1,1285932
8146,Zea mays,44.5,-123.23,12.3,1218,5.88,521,1,1119108
8153,Zea mays,44.5,-123.23,12.3,1218,5.7,603,1,1850004
8157,Zea mays,44.5,-123.23,12.3,1218,5.7,735,2,3979318
8159,Solanum tuberosum,-12.0286,-75.2674,10.8,558,5.71,6,1,66
8161,Calamagrostis epigejos,50.2368,12.6795,7.5,716,7.94,15,2,1514
8163,Zea mays,44.5,-123.23,12.3,1218,5.88,723,1,3343152
8166,Calamagrostis epigejos,50.2323,12.6554,7.3,794,7.661,1,1,16
8170,Zea mays,44.5,-123.23,12.3,1218,5.88,344,1,454080
8173,Solanum tuberosum,-3.53436,-79.2214,12.6,730,4.4,4,1,44
8176,Solanum tuberosum,-17.4493,-65.6159,6.0,953,4.9,20,1,1040
8177,Zea mays,44.5,-123.23,12.3,1218,5.7,1079,1,4911608
8179,Zea mays,44.5,-123.23,12.3,1218,5.88,123,1,71094
8182,Zea mays,44.5,-123.23,12.3,1218,5.88,157,1,95456
8185,Solanum tuberosum,-0.370597,-78.5569,10.8,1539,5.54,20,1,740
8189,Solanum tuberosum,-17.166,-65.6436,12.0,2807,5.3,249,1,194220
8194,Calamagrostis epigejos,50.2379,12.672,7.5,715,7.66,2,1,8
8196,Zea mays,44.5,-123.23,12.3,1218,5.88,181,2,121049
8197,Solanum tuberosum,-3.53436,-79.2214,12.6,730,4.4,2,2,3
8200,Solanum tuberosum,-11.8873,-75.4181,8.2,983,7.36,23,1,1380
8201,Zea mays,44.5,-123.23,12.3,1218,5.7,98,1,53900
8205,Bromus tectorum,46.8537,-113.975,6.5,494,6.5,97,5,19802
8207,Solanum tuberosum,-0.370597,-78.5569,10.8,1539,5.54,19,1,722
8208,Zea mays,44.5,-123.23,12.3,1218,5.88,786,1,3139284
8212,Zea mays,44.5,-123.23,12.3,1218,5.88,534,1,1113924
8213,Zea mays,44.5,-123.23,12.3,1218,5.7,150,1,192000
8218,Zea mays,44.5,-123.23,12.3,1218,5.88,273,1,218946
8219,Solanum tuberosum,-4.00044,-79.1801,15.4,777,4.91,257,1,827026
8221,Zea mays,44.5,-123.23,12.3,1218,5.88,532,1,1793904
8226,Zea mays,44.5,-123.23,12.3,1218,5.88,424,1,490144
8227,Solanum tuberosum,-12.2446,-75.0511,7.2,625,4.36,141,1,153972
8231,Solanum tuberosum,-17.166,-66.0844,7.2,1705,5.2,77,1,63294
8234,Solanum tuberosum,-17.4493,-65.6159,6.0,953,4.9,34,1,3808
8239,Centaurea stoebe,48.848,-122.416,11.1,995,5.8,12,1,504
8243,Calamagrostis epigejos,50.2414,12.7034,7.8,727,7.874,48,1,31200
8245,Zea mays,44.5,-123.23,12.3,1218,5.96,184,2,102836
8254,Zea mays,44.5,-123.23,12.3,1218,5.96,196,2,176070
8263,Potentilla recta,46.677,-113.987,7.3,483,6.5,3,1,18
8271,Solanum tuberosum,-11.2673,-75.1158,6.3,2151,6.23,1,1,2
8283,Centaurea stoebe,48.787,-122.708,11.3,875,7.6,14,1,924
8293,Potentilla recta,46.678,-113.989,7.3,483,6.5,5,2,42
8298,Zea mays,44.5,-123.23,12.3,1218,5.88,115,1,54510
8317,Centaurea stoebe,46.678,-113.989,7.3,483,6.7,10,1,260
8318,Solanum tuberosum,-11.2673,-75.1158,6.3,2151,6.23,12,1,252
8348,Solanum tuberosum,-17.166,-65.6436,12.0,2807,5.3,1,1,1
8351,Solanum tuberosum,-11.8873,-75.4181,8.2,983,7.36,33,1,5280
8354,Calamagrostis epigejos,50.2494,12.7063,7.6,695,8.03,3,2,26
8377,Solanum tuberosum,-17.3128,-68.125,6.7,390,6.9,1,1,1
8380,Solanum tuberosum,-17.4493,-65.6159,6.0,953,4.9,1,1,2
8392,Calamagrostis epigejos,50.1879,12.6335,8.1,701,7.116,9,1,828
8410,Solanum tuberosum,-17.166,-66.0844,7.2,1705,5.2,2,1,18
8411,Solanum tuberosum,-17.166,-65.6436,12.0,2807,5.3,2,1,8
8421,Solanum tuberosum,-17.166,-66.0844,7.2,1705,5.2,1,1,2
8429,Calamagrostis epigejos,50.237,12.6588,7.3,744,7.715,1,1,2
8455,Solanum tuberosum,-3.53939,-79.2257,13.3,700,4.45,1,1,3
