genus,root_diameter_mean,SRL_mean,RTD_mean,root_N_mean,root_P_mean,mycorrhizal_colonization_mean,EcoBank_amf_richness_mean,GlobalAMFungi_amf_richness_mean,EcoBank_prop_cult_mean,EcoBank_prop_ancestral_mean,EcoBank_prop_edaphophilic_mean,EcoBank_prop_rhizophilic_mean,n_species,n_fred_records,n_species_in_ecobank,n_species_in_globalamfungi
abies,0.5156562489444444,29.184819252166665,0.26201960766666665,12.79401933207819,1.0962353751805554,,,,,,,,25,380.0,0,0
abildgaardia,,,,,,25.86,,,,,,,1,1.0,0,0
abolboda,,,,,,,,,,,,,1,1.0,0,0
abronia,,,,,,,,,,,,,4,5.0,0,0
abrus,,,,,,90.32,,,,,,,1,1.0,0,0
abutilon,,,,,,44.44,,,,,,,1,1.0,0,0
acacia,0.4161412136969697,60.468194505497074,0.31444444444444447,19.424904511785712,3.646902962962962,52.84400000000001,15.791666666666668,,25.330604086458337,0.2682096924166667,0.2560011685,95.23882289541666,16,135.0,2,0
acaena,,,,,,,,,,,,,1,2.0,0,0
acalypha,,,,,,42.96333333333333,,,,,,,6,6.0,0,0
acamptopappus,,,,,,,,,,,,,2,5.0,0,0
acanthocladus,,,,,,,,,,,,,1,1.0,0,0
acantholimon,,,,,,,,,,,,,1,1.0,0,0
acanthophyllum,,,,,,,,,,,,,4,5.0,0,0
acanthosicyos,,,,,,,,,,,,,1,4.0,0,0
acer,0.4211635750287548,61.03378646274115,0.2897769031957178,15.11314979991812,1.1299618030541505,38.114121092017854,8.5,48.57586206896552,46.434650754500005,1.9083969465,0.0,98.0916030525,28,1385.0,1,2
achillea,0.4237959033,239.57378596750002,0.15589581479999998,18.8501272154,,,25.272727272727273,168.36923076923077,31.849287864181818,0.12820107463636363,0.12057159099999999,98.85671347545454,10,60.0,1,1
achnatherum,0.16515,82.3075,,,,7.77,,,,,,,2,19.0,0,0
achyranthes,,,,,,11.76,,,,,,,1,1.0,0,0
achyropsis,,,,,,,,,,,,,1,1.0,0,0
acinos,,,,,,,31.25,,20.2689486005,4.570422378,0.160310813,93.88991286,1,0.0,1,0
aciphylla,,56.89670301833333,,13.21077367,,,,,,,,,1,3.0,0,0
ackama,0.3606384615384615,51.988595037692306,0.19962582592307693,14.9,,,,,,,,,1,13.0,0,0
acmispon,,26.379795174500003,,22.0719409,,,,,,,,,2,9.0,0,0
aconitum,,,,,,,,,,,,,3,15.0,0,0
aconogonon,,,,,,,5.0,,0.0,0.0,0.0,100.0,1,0.0,1,0
acorus,,,,,,,,,,,,,1,1.0,0,0
acosmium,,,,,,,,,,,,,1,30.0,0,0
acourtia,,,,,,,,,,,,,1,2.0,0,0
acronychia,0.5239359681,33.1925249882,0.2930184209,16.658125,0.5433333333333334,58.0,,,,,,,1,16.0,0,0
acrospelion,,,,,,,,,,,,,1,1.0,0,0
actaea,0.26705,117.113061725,0.2376004,17.263182335,,,15.0,,64.14565826,1.120448179,0.0,98.87955182,2,6.0,1,0
actinidia,0.23,224.5237681,0.1078125,24.905621,,,,,,,,,1,1.0,0,0
actinodaphne,0.7845666666666666,7.258719185333334,0.329182463,15.83,0.39,,,,,,,,1,3.0,0,0
actinotus,,,,,,,10.4,6.666666666666667,1.7768908937999999,0.5064825602,0.0,99.406862328,1,0.0,1,1
adansonia,0.7033,3.403274688,0.474756691,9.181354842,,,,,,,,,1,5.0,0,0
adenanthera,,,,,,27.16542857142857,,,,,,,1,36.0,0,0
adenanthos,,,,,,,,,,,,,2,2.0,0,0
adenium,,,,,,,,,,,,,1,3.0,0,0
adenocaulon,0.1734,192.9116901,0.221875,18.42205767,,,,,,,,,1,1.0,0,0
adenopeltis,,,,,,,,,,,,,1,1.0,0,0
adenophora,,,,,,,,,,,,,1,5.0,0,0
adenostoma,,,,,,,,,,,,,2,11.0,0,0
adenostyles,,,,,,,,,,,,,1,1.0,0,0
adesmia,,10.09,0.104,22.4,,15.0,,,,,,,6,9.0,0,0
adiantum,0.3863846492,125.85553090199998,0.12480980639999999,13.013953387,,,,,,,,,1,5.0,0,0
adina,0.14601999999999998,340.11593750000003,0.20214285699999998,18.600179,,55.0,,,,,,,2,2.0,0,0
adinandra,0.45,218.0,,9.133333333333335,0.2916666666666667,,,3.6,,,,,2,11.0,0,1
adonis,,,,,,,,,,,,,3,9.0,0,0
adoxa,,,,,,,,,,,,,1,5.0,0,0
aegilops,,,,,,,,,,,,,4,11.0,0,0
aegopodium,,,,,,,13.285714285714286,,32.24328233885714,2.969853400142857,0.0,87.47551576000001,2,23.0,1,0
aerva,,,,,,,,,,,,,1,4.0,0,0
aesculus,0.52523383375,20.56995035125,0.1883125,10.272015625,,,,,,,,,3,12.0,0,0
aethionema,,,,,,,,,,,,,1,1.0,0,0
aethusa,,,,,,,,,,,,,1,1.0,0,0
afrocarpus,0.76,11.56,0.31,,,,,,,,,,1,1.0,0,0
agastache,0.42,63.5,0.18,,,,,,,,,,1,2.0,0,0
agathis,0.6538258024444444,13.312261663977779,0.2469603764666667,7.198914175666666,,,,,,,,,3,27.0,0,0
agave,0.5127659574468085,,,,,,,,,,,,3,62.0,0,0
ageratina,0.23864,,0.161433,,,,,,,,,,1,1.0,0,0
ageratum,,,,,,,11.5,8.0,3.1976744175,0.38759689925,0.38759689925,74.1538377545,2,1.0,1,1
aglaia,0.9307,8.5348429855,0.44747337575,15.56019505,,,,,,,,,4,8.0,0,0
agoseris,,157.41232818666666,,8.852539063,,,,,,,,,2,5.0,0,0
agouticarpa,0.75,3.34,0.475,,,,,,,,,,1,1.0,0,0
agrimonia,1.5461834545000002,138.05138446,0.20590234841666666,24.987996835,,,,,,,,,2,13.0,0,0
agriophyllum,,23.598,,10.562000000000001,,,,,,,,,1,7.0,0,0
agropyron,0.15286738033333333,72.3133506096875,0.135,9.49900520388889,1.255,12.920000000000002,39.875,12.875,37.8678238325,0.07127737,0.072312425,99.15145328375,5,69.0,1,1
agrostemma,,,,,,,,,,,,,1,2.0,0,0
agrostis,0.5154412733333333,271.46107331670834,0.16167358762987014,10.93125,1.2433333333333332,28.189999999999998,27.347222222222225,15.333333333333332,22.717784857416664,2.9963061325694444,0.6695058684305555,95.79259136291667,8,214.0,3,2
aidia,0.3123985762,58.908,0.7995176664,,,,,,,,,,1,5.0,0,0
ailanthus,0.9709777780000001,3.05944113575,0.36353197433333334,12.820793018466667,1.5883333333333334,,,,,,,,2,9.0,0,0
ainsliaea,,,,,,,23.5,7.083333333333333,23.320345198125,0.849100248875,2.2378757905,96.710436285,2,0.0,2,2
aiouea,0.685033333,13.82465583,0.197806354,29.81628,1.146035529,,,,,,,,1,1.0,0,0
aira,0.22799999999999998,760.85,,,,,,,,,,,2,6.0,0,0
aizoanthemopsis,,,,,,,,,,,,,1,3.0,0,0
aizoon,,,,,,,,,,,,,1,4.0,0,0
ajania,,4.581189543500001,,10.3,1.51,,7.833333333333333,,52.98209034566667,0.0,3.9620170266666666,96.03798297333333,4,3.0,3,0
ajuga,,,,,,,16.75,58.5,32.724440580999996,12.191322261,0.14690170425000001,87.661776035,5,15.0,1,1
akebia,,4.9350182555,,12.2,1.87,,,,,,,,1,2.0,0,0
alangium,0.09315,169.91,0.32,18.73,,25.0,,,,,,,1,1.0,0,0
albizia,,0.9960716875,,,,,,,,,,,5,41.0,0,0
alcea,,,,,,,,,,,,,2,2.0,0,0
alchemilla,1.52474036,357.17363095,0.1501115553333333,8.78,,,,,,,,,17,50.0,0,0
alchornea,0.3811272727727273,71.50069528799999,0.27902932204545455,20.7574095,1.1440000000000001,,,,,,,,2,18.0,0,0
alectryon,0.464925,36.83291825,0.17519188775,21.7,,,,,,,,,1,4.0,0,0
aleurites,1.0999999999999999,6.900000000000001,,,,,,,,,,,1,18.0,0,0
alhagi,1.59,,,17.1075,,,,,,,,,2,22.0,0,0
alibertia,0.6719999999999999,6.57,0.4065,,,,,,,,,,2,2.0,0,0
alisma,,,,,,,,,,,,,2,4.0,0,0
allantoma,0.397,17.14,0.421,,,,,,,,,,1,1.0,0,0
allardia,,,,,,,,,,,,,1,1.0,0,0
allenrolfea,,,,,,,,,,,,,1,2.0,0,0
alliaria,0.1672,512.69283768,,,,,,,,,,,1,5.0,0,0
allionia,,,,,,,,,,,,,1,1.0,0,0
allium,1.057174986982143,75.5564993625,0.1362138558,14.663333333333334,,50.557,21.535714285714285,48.333333333333336,29.78652891630357,0.33238457125000004,0.06979762180357142,98.06297181821428,39,100.0,7,2
allocasuarina,,,,,,,,,,,,,3,3.0,0,0
allochrusa,,,,,,,,,,,,,1,1.0,0,0
allophylus,0.4313475,42.809999999999995,0.505,14.88,,23.0,,,,,,,2,7.0,0,0
alloteropsis,,,,,,68.63,,,,,,,2,2.0,0,0
alniphyllum,0.3102709522857143,75.54141469285715,0.19214285716666668,19.1013471675,,33.99221221833333,,3.5,,,,,1,13.0,0,1
alnus,0.43132447315,52.6181814958875,0.406274606,13.10415244799,1.5848584596666668,35.237500000000004,,33.59375,,,,,8,136.0,0,1
alocasia,,,,,,,,,,,,,1,1.0,0,0
aloe,,,,,,45.38,,,,,,,2,5.0,0,0
alopecurus,0.9535974033333332,208.84198956928572,0.14413688716869918,9.9125,1.7,,13.75,3.0,18.872474809499998,0.825471698,1.15606936425,83.5313407825,11,137.0,1,1
alphitonia,,,,,,,5.0,,0.127877238,0.0,0.0,99.87212276,1,0.0,1,0
alpinia,0.16895,246.0725,0.177777778,13.70738667,,,,,,,,,1,1.0,0,0
alseis,1.1572330309,7.173779952249999,0.2752988461,15.807559662500001,0.51930574845,70.71428571428571,,4.166666666666667,,,,,1,20.0,0,1
alseodaphnopsis,0.835,3.770542248,0.525046436,11.056666666666667,0.4458333333333333,,,,,,,,2,7.0,0,0
alsophila,0.6241416666666666,15.45859328384524,0.23495617975000002,9.5,,,,,,,,,2,13.0,0,0
alstonia,0.5445333335,21.44372144,0.1530638535,20.289152805,,60.0,,,,,,,1,3.0,0,0
alternanthera,0.292,46.03,,9.62,,,,,,,,,1,2.0,0,0
alysicarpus,,,,,,90.36,,,,,,,1,1.0,0,0
alyssum,,,,,,,,,,,,,5,16.0,0,0
amaioua,0.48250000000000004,13.07,0.473,,,,,,,,,,2,2.0,0,0
amaranthus,0.18141000000000002,,0.512907,,,,,,,,,,5,9.0,0,0
amberboa,,,,,,,,,,,,,1,1.0,0,0
ambrosia,0.283,103.93470807333333,0.226794,13.9994735,,,,,,,,,6,32.0,0,0
amelanchier,0.376066667,20.87559975,0.503968254,,,,,,,,,,4,5.0,0,0
ammodendron,,,,,,,,,,,,,1,2.0,0,0
ammophila,,,,,,,,58.61904761904762,,,,,1,0.0,0,1
ammopiptanthus,,,,,,,,,,,,,1,1.0,0,0
amorpha,0.1938,45.0,0.585778,26.666666666666668,,,,,,,,,2,14.0,0,0
ampelocera,,,,,,,,,,,,,1,42.0,0,0
amphibromus,,121.0361332754762,0.083984375,,,,,,,,,,1,86.0,0,0
amphicarpaea,,,,,,,15.88888888888889,11.6,37.14322651544445,0.12420416733333332,0.18579304288888887,98.16080455111111,1,0.0,1,1
amphipogon,,,,,,,,,,,,,1,1.0,0,0
amphirrhox,,,,,,,,,,,,,1,5.0,0,0
anabasis,,,,,,,,,,,,,8,25.0,0,0
anacamptis,,,,,,,,,,,,,2,2.0,0,0
anacardium,,,,,,,,,,,,,1,3.0,0,0
anadenanthera,,,,,,,,,,,,,1,14.0,0,0
ananas,0.1451666666666667,,,,,,,,,,,,1,60.0,0,0
anaphalis,0.157825,399.50647434999996,0.1368162695,16.339591499999997,,12.31,7.5,,37.40588919983333,0.014947683166666668,0.0,99.97010463333334,5,3.0,2,0
anaxagorea,0.81165,6.49032739,0.345499925,,,,,,,,,,1,1.0,0,0
anchusa,2.2998905,433.8769231,0.040341262,,,,,,,,,,1,4.0,0,0
andersonia,,,,,,,,,,,,,1,1.0,0,0
andesanthus,0.48675,22.08681969,0.246137619,13.536059999999999,0.8903764315,,,,,,,,1,2.0,0,0
andira,,,,,,,,,,,,,1,2.0,0,0
andrographis,,,,,,32.33,,,,,,,1,1.0,0,0
andromeda,,,,7.0,0.8,,,,,,,,1,18.0,0,0
andropogon,0.290065,70.5,0.31984250000000003,7.833333333333333,,,46.6,,18.4143380416,3.4311006532,0.3567985486,91.133205206,6,45.0,1,0
androsace,0.114871429,143.72638099833333,0.407107843,12.29704857,,,24.666666666666668,15.5,58.14599691333333,0.14654311366666664,0.029629629666666667,98.81607532,8,15.0,1,1
anemone,0.36,91.0,0.19,21.166666666666668,,,14.4,14.0,16.050763779175,1.0248301815,0.2120484275,98.47360090325,8,21.0,2,1
anemonoides,,,,,,,,,,,,,3,10.0,0,0
anethum,,,,,,,,,,,,,1,1.0,0,0
angelica,,,,9.267834896,0.685832872,,,,,,,,2,23.0,0,0
aniba,0.8792380952380953,7.1044011020476185,0.30999167880952383,18.31429083333333,1.0882573776666666,,,,,,,,7,14.0,0,0
anisophyllea,,,,,,,,,,,,,1,2.0,0,0
anisotome,,50.85399064499999,,9.287663926,,,,,,,,,1,3.0,0,0
annona,,,,,,,,,,,,,7,51.0,0,0
antennaria,0.37285666666666667,62.00695850044445,0.2215743335,4.8077045385,,,28.166666666666668,,39.0970227695,0.11349351383333334,0.03643410216666667,99.1162142,7,35.0,1,0
anthemis,,145.0,,16.5,,,,,,,,,4,5.0,0,0
anthenantia,,,,,,,,,,,,,1,1.0,0,0
anthericum,,,,,,,,,,,,,2,2.0,0,0
anthoxanthum,0.6580419866666666,137.52793599707547,0.11313814119767443,11.865714285714287,1.24,8.63,19.7,,7.071370518399999,1.4628177722,0.0,98.268757198,4,161.0,1,0
anthriscus,,,,,,,,,,,,,2,12.0,0,0
anthyllis,1.0792454133333333,81.194118579,0.40809252716666666,,,7.4,20.625,,49.543729508750005,0.003053994625,0.06472504375,98.70623769625,4,23.0,1,0
antiaris,0.7529777776666666,1.3880980567173913,0.3897695641666667,13.574999999999998,0.868,,,,,,,,1,47.0,0,0
anticharis,,,,,,,,,,,,,1,1.0,0,0
antidesma,0.40253,19.99,0.29,19.7,,54.0,,,,,,,2,3.0,0,0
antirrhinum,,,,,,,,,,,,,1,1.0,0,0
aotus,,,,,,,,,,,,,1,1.0,0,0
apera,,,,,,,,,,,,,1,1.0,0,0
aphanamixis,0.4020165104,61.191411771800006,0.43496335620000004,17.96,,,,,,,,,1,5.0,0,0
aphanostephus,,,,,,,,,,,,,1,2.0,0,0
apium,,,,,,,,,,,,,1,2.0,0,0
apocynum,1.196115,,0.32674,16.8125,,,,,,,,,3,17.0,0,0
apodytes,0.55,12.9,0.34,,,,,,,,,,1,3.0,0,0
aporosa,0.48807343433333333,20.049577419,0.3834477513030303,16.603035681818184,0.61375,66.0,,,,,,,3,13.0,0,0
aquilegia,0.1766,458.04795620000004,,,,,10.0,,58.35866261,0.0,0.0,100.0,3,7.0,1,0
arabidopsis,1.7094579699999999,639.6349359,0.042218566,,,,,,,,,,3,6.0,0,0
arabis,1.89657121,388.625,0.18870425,,,,15.0,,20.758080870625,0.0,0.0,99.88115402,3,4.0,1,0
arachis,,,,18.35,0.435,,,,,,,,2,4.0,0,0
arachniodes,,2.0202712325,,11.0612766775,0.47153208575,,,,,,,,1,4.0,0,0
araucaria,0.4558314436666667,33.51853232083333,0.2998404095,1.6130159883333333,,,16.725,,5.2003430734250005,1.833582581275,0.115449408475,97.37361146475,4,12.0,1,0
arbutus,0.499883333,12.11686106,0.558173551,,,,,,,,,,1,9.0,0,0
archidendron,0.265695,64.61,0.36,23.685000000000002,,40.5,,,,,,,2,2.0,0,0
arctium,2.99272908,430.65178027499996,0.03047307925,,,,,,,,,,4,10.0,0,0
arctostaphylos,,,,,,,,,,,,,6,20.0,0,0
arctotheca,0.23709887616666667,244.38817394166665,,,,,,,,,,,1,12.0,0,0
arctous,0.41570833333333335,32.19263788083333,,7.925000000000001,1.225,,,,,,,,1,22.0,0,0
ardisia,0.5371858643333334,49.2479483018,0.27093110006666665,14.867789167419048,,,,,,,,,3,47.0,0,0
arenaria,1.46787109,182.3079601829444,0.06943649733333333,11.3078723075,,,9.0,,0.0395361095,0.0,0.0395361095,99.86821297,4,11.0,1,0
argemone,,,,,,,,,,,,,2,3.0,0,0
argentina,2.51204036,634.25,0.065724825,,,,,,,,,,1,3.0,0,0
argyrolobium,,,,,,,,,,,,,1,1.0,0,0
aria,,,,,,,,,,,,,1,2.0,0,0
aristea,,,,,,,,,,,,,1,8.0,0,0
aristida,0.30119999999999997,53.75690126000001,0.329653,6.528089643,,26.54,16.666666666666668,27.25,6.057083599583333,0.6294601278916665,2.0286769232333333,95.32315991808333,11,35.0,3,2
aristolochia,,,,,,43.76,,,,,,,2,3.0,0,0
aristotelia,0.3604,74.97195770875,0.1713039085,12.705,0.92,,,,,,,,1,8.0,0,0
arjona,,,,,,,,,,,,,1,1.0,0,0
armeria,0.508425,10.50547346,0.610452695,,,,,,,,,,3,3.0,0,0
armoracia,,,,,,,,,,,,,1,2.0,0,0
arnebia,,,,,,,,,,,,,4,3.0,1,0
arnica,0.37937499999999996,46.381298405,0.3124151585,,,,,,,,,,3,3.0,0,0
aronia,,,,,,,,,,,,,1,1.0,0,0
arrhenatherum,0.968180295,162.58722826875,0.12401487174999999,12.739999999999998,1.97,,,222.72649572649573,,,,,1,19.0,0,1
artemisia,0.6281981226084655,54.44507095107644,0.2737298017777778,11.748696442571429,1.84,21.675,15.545833333333334,49.63636363636363,34.98316604769583,0.2362515968,0.025633953216666665,99.00553048825,63,461.0,10,3
arthraerua,,,,,,,,,,,,,1,3.0,0,0
arthraxon,0.598,13.06,,4.43,,,,,,,,,1,2.0,0,0
arthrocnemum,,,,,,,,,,,,,1,1.0,0,0
arthrophytum,,,,,,,,,,,,,3,3.0,0,0
artocarpus,0.5377387499999999,24.164498971583335,0.34400933275,11.89595238095238,1.1458333333333333,78.0,,30.555555555555557,,,,,4,14.0,0,1
arum,,,,,,,16.545454545454547,24.0,38.809656592181824,2.624118835,1.3575489512727275,95.43977359727273,1,0.0,1,1
arundo,,,,,,,,,,,,,1,1.0,0,0
asarum,,,,,,,,,,,,,1,9.0,0,0
ascarina,0.53,22.2,0.2,9.01,0.68,,,,,,,,1,1.0,0,0
asclepias,0.3968771428571429,54.0,0.22852042857142857,15.841666666666667,,,,575.8813559322034,,,,,9,26.0,0,1
asimina,0.6534621175,10.586298915,0.16841666675,23.4956249825,,,,,,,,,1,64.0,0,0
aspalathus,,,,,,,9.75,11.0,24.85966051425,0.02639915525,0.0,99.7096092925,1,0.0,1,1
asparagus,0.3427,119.765,0.09010989,20.22373264,,80.83,,,,,,,6,11.0,0,0
asperugo,,,,,,,,,,,,,1,3.0,0,0
asperula,,81.83236721967742,0.12275275861290323,,,,,,,,,,3,65.0,0,0
asphodelus,,,,,,,32.75,105.625,24.46968092375,0.035942277625000005,0.0135869565,98.27541679375,2,0.0,2,2
aspidosperma,,,,,,,,,,,,,5,81.0,0,0
aspilia,,,,,,,,,,,,,1,5.0,0,0
asplenium,0.43,31.8,0.2,16.18,0.99,,17.444444444444443,,13.753164877444444,0.20031018155555558,0.0,98.75923814444444,5,7.0,1,0
astartea,,,,,,,,,,,,,1,1.0,0,0
astelia,0.945,13.7,0.09,8.305,0.875,,,,,,,,2,2.0,0,0
aster,0.2561,194.77026666666666,0.131359649,22.557961015,,,7.0,,0.739247312,0.0,43.07795699,56.78763441,8,15.0,1,0
asteriscus,,,,,,,14.75,,40.164673540625,2.502255423875,2.749012002375,93.56054340375,1,0.0,1,0
asterothamnus,,,,,,,,,,,,,1,1.0,0,0
astilbe,0.27797499999999997,126.61937051,0.217105263,16.532823625,,,,,,,,,2,2.0,0,0
astragalus,0.6338595238095238,35.31150181655,0.3441549454,22.836252402222225,,20.85,5.083333333333333,,32.078953683083334,0.0,0.0,100.0,63,112.0,6,0
astrantia,0.647,10.57,,8.22,,,,,,,,,3,8.0,0,0
astrodaucus,,,,,,,,,,,,,1,1.0,0,0
asyneuma,,,,,,,,,,,,,2,2.0,0,0
atalaya,,,,,,,,,,,,,1,1.0,0,0
athamanta,,,,,,,,,,,,,1,2.0,0,0
athyrium,0.4164567500277778,61.799283731770835,0.2339204786111111,9.960324770083334,1.289535543,,,,,,,,5,24.0,0,0
atractylis,0.392875,5.510878614,0.521388939,,,,,,,,,,3,3.0,0,0
atraphaxis,,,,,,,,,,,,,2,6.0,0,0
atriplex,,,,5.599999999999999,0.67,,3.0,,0.0,0.0,0.0,100.0,15,53.0,1,0
attalea,,,,,,,,,,,,,1,2.0,0,0
austroblechnum,0.41,32.4,0.21,13.99,0.81,,,,,,,,1,1.0,0,0
austrostipa,,,,,,,,,,,,,1,1.0,0,0
avena,,,,,,,,,,,,,5,12.0,0,0
avenella,0.2124,178.048342475,,10.756063537142856,1.2829818814285716,,,261.0,,,,,1,24.0,0,1
avicennia,,,,6.15,0.35075,,,,,,,,1,64.0,0,0
axonopus,,,,,,,,,,,,,2,2.0,0,0
azadirachta,,,,17.5,1.1,,,,,,,,1,17.0,0,0
azorella,,,,,,,34.125,13.142857142857142,32.66585561375,1.1691584115000002,0.34587032475,97.59666758375,4,8.0,1,1
baccaurea,0.85749833335,8.097245679928571,0.29960027899999997,10.542142857142858,0.7230769230769231,,,,,,,,1,21.0,0,0
baccharis,,,,,,,25.25,,16.063878590175,0.5379729339375,0.42174139546249995,85.662817863125,6,6.0,2,0
bactris,,,,,,,18.333333333333332,,10.035464062666668,3.622450553666667,0.0,93.91545956333333,1,0.0,1,0
baikiaea,,,,,,,,,,,,,1,12.0,0,0
baileya,,,,7.2,,,,,,,,,1,2.0,0,0
balanites,,,,,,,,,,,,,1,5.0,0,0
ballota,,,,,,,12.333333333333334,490.3333333333333,51.883880713333326,0.0,0.070358141,99.92964185666666,1,0.0,1,1
balsamorhiza,,,,,,,,,,,,,2,9.0,0,0
bambusa,,,,,,50.66,,,,,,,1,1.0,0,0
banara,0.2964,10.15211897,0.614950858,34.18558677,,,,,,,,,1,2.0,0,0
banksia,,,,,,,,,,,,,6,12.0,0,0
baphia,,,,,,,,,,,,,1,7.0,0,0
baptisia,0.32543,154.33333333333334,0.22803675,32.75,,,,,,,,,3,7.0,0,0
barbarea,1.39414585,419.5615385,0.023933638,,,,,,,,,,1,6.0,0,0
barleria,,,,,,48.050000000000004,,,,,,,3,3.0,0,0
barringtonia,0.7692997977777778,8.858009069083334,0.36448835275,11.413541666666667,0.76375,83.0,,,,,,,3,20.0,0,0
bartsia,0.54,,,,,,,,,,,,1,8.0,0,0
bassia,0.18500000000000003,24.4025,,11.325,,0.0,5.5,,20.833333335,0.0,0.0,100.0,4,34.0,1,0
bathysa,0.3286,15.248854015800001,0.8934235406,15.732358,,,,,,,,,1,5.0,0,0
batocarpus,,,,,,,,,,,,,1,30.0,0,0
bauhinia,,7.83,,14.0,3.03,41.91,,,,,,,5,9.0,0,0
beckmannia,,,,,,,,,,,,,1,1.0,0,0
begonia,,,,,,,20.4,12.0,10.8315401433,5.8924349539,1.9469329016999999,89.76225810999999,1,0.0,1,1
beilschmiedia,1.0720107070707072,5.065886896770707,0.2761835258843434,12.276904761904762,0.7423333333333333,,,,,,,,7,37.0,0,0
bellis,1.113799205,707.1769231,0.078266496,,,,,,,,,,1,5.0,0,0
berberis,0.287571867,28.980019084875,0.3549829463333333,19.045416666666668,2.59,76.875,20.3,,4.5880964694,1.8159915986000001,0.0,95.171147451,12,33.0,1,0
berteroa,0.19,237.0,0.15,,,,,,,,,,1,1.0,0,0
berula,1.83482625,609.0571429,0.027293557,,,,,,,,,,1,3.0,0,0
beta,,,,,,,,,,,,,1,11.0,0,0
betonica,2.40047056,227.3230769,0.099414121,,,,,1.0,,,,,4,17.0,0,1
betula,0.34338818208954247,49.9603185529175,0.3463351006729167,14.2164905572,1.0968284512857143,52.271345276333335,,,,,,,14,2444.0,0,0
bidens,,59.83,0.091,8.5,,63.0,,,,,,,3,7.0,0,0
biebersteinia,,,,,,,8.0,,2.3513496965,0.0,0.1113585745,99.888641425,2,1.0,1,0
biophytum,,,,,,26.825,,,,,,,1,2.0,0,0
biscutella,,,,,,,,,,,,,2,3.0,0,0
biserrula,0.279099456,264.2387351,,,,,,,,,,,1,4.0,0,0
bistorta,,,,,,,1.5,,0.0,0.0,0.0,100.0,2,0.0,2,0
bituminaria,0.41214396825,112.61477522,0.091,17.71,1.6,,,,,,,,1,7.0,0,0
blastus,0.182933333,223.91187645,0.1887879425,17.141012834999998,,,,,,,,,2,2.0,0,0
blechnopsis,0.2088,185.3453333,0.15,14.55982333,,,,,,,,,1,1.0,0,0
blepharispermum,,,,,,,,,,,,,1,1.0,0,0
blepharocalyx,0.527,6.15,0.607,,,,,,,,,,1,1.0,0,0
blumeodendron,0.4535,24.8057927,0.249621014,,,,,,,,,,1,1.0,0,0
blysmus,,,,,,,11.0,,42.79840467,0.0,0.0,100.0,1,1.0,1,0
boerhavia,,,,,,,,,,,,,3,3.0,0,0
bolboschoenoplectus,,,,8.3,,,,,,,,,1,5.0,0,0
bolboschoenus,,,,,,,,,,,,,1,2.0,0,0
boltonia,,,,,,,,,,,,,1,2.0,0,0
bombax,,,,,,,,,,,,,3,4.0,0,0
bonellia,,,,,,,,,,,,,1,1.0,0,0
borassus,,,,,,,,,,,,,1,1.0,0,0
boronia,,,,,,,,,,,,,1,1.0,0,0
borreria,,,,,,,21.571428571428573,1.0,18.889327158142855,0.7636149751428573,0.007189589428571429,98.7571532557143,1,0.0,1,1
boscia,,,,,,,,,,,,,1,12.0,0,0
bossiaea,,,,,,,,,,,,,1,2.0,0,0
boswellia,,,,,,,,,,,,,1,1.0,0,0
bothriochloa,0.365,99.25,,,,,,,,,,,3,7.0,0,0
botrychium,,,,,,,,46.91549295774648,,,,,2,2.0,0,1
botrypus,,,,,,,,,,,,,1,1.0,0,0
bougainvillea,,,,,,,,,,,,,1,10.0,0,0
bouteloua,0.21876708325,58.0939501454381,0.40676781904687503,12.015228715974999,0.7,,,,,,,,9,128.0,0,0
bowdichia,,,,,,,,,,,,,1,2.0,0,0
brachanthemum,,,,,,,,,,,,,1,1.0,0,0
brachyclados,,,,,,,,,,,,,1,2.0,0,0
brachyglottis,,51.838856996666664,,6.042280702,,,,,,,,,1,3.0,0,0
brachylaena,,,,,,,,,,,,,1,1.0,0,0
brachypodium,0.2712499928282828,185.0544270611111,0.22113859049999998,10.692642415922222,1.2557635061666668,11.2,52.25,15.75,41.073475425,0.0928542205,0.03573981425,98.55460305,5,49.0,1,1
brachystegia,,,,,,,,,,,,,5,72.0,0,0
brasiliopuntia,,,,,,,,,,,,,1,1.0,0,0
brassica,1.90981021,541.325,0.066778585,14.7,,,,,,,,,3,25.0,0,0
brickellia,,,,,,,,,,,,,1,6.0,0,0
bridelia,,,,,,,,,,,,,1,2.0,0,0
briza,1.55492045,341.7384615,0.117270454,,,,18.46969696969697,3.0,27.794215073772726,0.9352180417575757,0.8966602133484849,97.12445975424242,3,11.0,2,1
bromus,0.48859478015170943,183.21694266985452,0.11784050898958333,9.091660125314815,1.15,50.8,3.0,167.6,1.5151515150000001,0.0,0.0,91.66666666666667,26,246.0,1,1
brosimum,0.6425895835,6.704808296333333,0.4042040925,12.57220984,,52.222569757,,,,,,,5,35.0,0,0
bruguiera,,,,,,,,,,,,,1,41.0,0,0
buchloe,,110.5,,15.933333333333332,1.1,,,,,,,,1,4.0,0,0
buchozia,0.33,507.2,,,,,,,,,,,1,5.0,0,0
buddleja,,6.753,,20.6,3.99,,,,,,,,1,1.0,0,0
buglossoides,,,,,,,,,,,,,1,1.0,0,0
bukiniczia,,,,,,,,,,,,,1,0.0,1,0
bulbostylis,,,,,,40.515,,,,,,,2,3.0,0,0
bulnesia,,,,,,,,,,,,,1,1.0,0,0
bunchosia,0.53085,12.45969379,0.261240981,21.77949985,,,,,,,,,1,2.0,0,0
bunias,,,,,,,,,,,,,1,1.0,0,0
buphthalmum,,,,,,,,,,,,,1,1.0,0,0
bupleurum,,,,,,,7.0,,9.803921569,0.0,0.0,100.0,5,18.0,1,0
burkea,,,,,,,,,,,,,1,12.0,0,0
bursera,0.448666667,6.006312035,0.291414141,8.26218724,,,,,,,,,2,32.0,0,0
butea,,,,,,,,,,,,,1,4.0,0,0
butomus,,,,,,,,,,,,,1,1.0,0,0
buxus,,,,,,,,,,,,,1,1.0,0,0
byrsonima,,,,,,,,,,,,,2,4.0,0,0
cacalia,,,,,,,9.5,15.833333333333334,62.600043281,1.79163224775,0.0,97.56977778375,1,0.0,1,1
cadaba,,,,,,25.96,,,,,,,1,1.0,0,0
cajanus,,,,,,86.15,,,,,,,1,1.0,0,0
calamagrostis,0.7529170033333333,264.20502775666665,0.10205363477777778,12.469654254,1.3022675515,,7.908823529411765,25.40625,48.52814279029117,0.9670026695529413,0.0010903341882352942,98.02102157294118,19,105.0,6,2
calamus,0.2187,103.2453571,0.254545455,13.1505045,,,,,,,,,1,1.0,0,0
calceolaria,,,,,,,,,,,,,1,1.0,0,0
calendula,,,,,,,,,,,,,1,1.0,0,0
calla,,,,,,,,,,,,,1,2.0,0,0
calliandra,0.472,23.57,0.329,10.100000000000001,0.71,,,,,,,,1,3.0,0,0
callicarpa,0.429633333,22.98446002,0.168178206,20.59871435,,,,,,,,,2,4.0,0,0
calligonum,0.64,2.99,,12.673333333333332,,,,,,,,,12,46.0,0,0
callisia,,,,,,,,,,,,,1,1.0,0,0
callistephus,,,,,,,,,,,,,1,3.0,0,0
callitriche,,,,,,,,,,,,,1,3.0,0,0
callitropsis,0.393711111,38.04857021666667,0.2642286756666667,,,,,,,,,,1,4.0,0,0
calluna,0.3166,13.62532988,1.194550386,3.3333333333333335,0.25,,,,,,,,1,27.0,0,0
calocedrus,0.6540166666666667,11.950022669333334,0.26978484333333336,10.0,,,,,,,,,1,10.0,0,0
calophyllum,,,,,,,,,,,,,1,4.0,0,0
calotropis,,,,,,18.32,,,,,,,2,3.0,0,0
calpurnia,0.53,16.95,0.32,,,,,,,,,,1,1.0,0,0
caltha,0.2098,346.6829091,0.083333333,16.730248578,1.267887726,,,,,,,,1,18.0,0,0
calycolpus,0.43,20.14,0.383,,,,,,,,,,1,1.0,0,0
calyptrogyne,,,,,,,,,,,,,1,1.0,0,0
calystegia,,14.935,,,,,,,,,,,2,5.0,0,0
calytrix,,,,,,,,,,,,,4,6.0,0,0
camelina,,,,,,,,,,,,,2,4.0,0,0
camellia,,,,,,,,1.0,,,,,1,0.0,0,1
cameraria,0.541133333,5.824038361,0.356856449,17.37854362,,,,,,,,,1,2.0,0,0
camissonia,,,,,,,,,,,,,1,1.0,0,0
campanula,1.5993795557000001,515.30055699,0.1330859207,,,,18.557692307692307,98.79166666666667,23.131202742187497,2.214320594706731,4.690204911394231,91.53982579732693,20,93.0,2,2
camphorosma,,,,,,,,,,,,,2,3.0,0,0
canarium,0.6847637056969696,25.182818570979798,0.2755738422878788,11.438055555555556,0.5362626262626262,22.0,,,,,,,2,27.0,0,0
cannabis,,,,,,,,,,,,,1,7.0,0,0
capparidastrum,,,,,,,,,,,,,1,24.0,0,0
capparis,,,,,,,,2.0,,,,,2,1.0,0,1
capsella,1.54168842,479.81,0.070883842,,,,,,,,,,1,3.0,0,0
capsicum,,,,,,,,2429.8333333333335,,,,,1,0.0,0,1
caragana,1.1489583333333333,10.462,,20.551880912222224,,35.01,3.0,,20.0,0.0,0.0,100.0,12,68.0,1,0
carallia,0.21426,109.24,0.21,16.92,,44.0,,,,,,,1,1.0,0,0
carapa,,,,,,,,,,,,,1,1.0,0,0
carapichea,0.459,26.0,0.233,,,,,,,,,,1,1.0,0,0
cardamine,1.03860191,685.425,0.02995635,4.0,,,6.75,1.0,42.0253889085,2.456467662125,0.657894736875,96.22774286375,8,24.0,1,1
cardiospermum,,,,,,50.275000000000006,,,,,,,1,2.0,0,0
carduus,2.41055723,374.3,0.02609772,5.6,,,,,,,,,4,7.0,0,0
carex,0.34269001134605914,125.79677333871774,0.21702854169209473,7.499204861166018,1.3350111234916666,5.471666666666667,5.666666666666667,,4.527648041666667,0.8412197686666666,0.038138825333333334,99.120641405,143,1024.0,3,0
carica,1.4,3.8,,,,,,,,,,,1,1.0,0,0
cariniana,,,,,,,,,,,,,3,55.0,0,0
carlina,2.80427872,277.36593404999996,0.1380839975,,,,,,,,,,3,19.0,0,0
carnegiea,,,,,,,,,,,,,1,3.0,0,0
carpinus,0.5718514652208334,25.118749249586113,0.57966747765,10.182489445800002,1.1,92.78333333333335,,,,,,,4,78.0,0,0
carpodetus,0.516975,31.33961094875,0.1539496095,16.305,1.44,,,,,,,,1,8.0,0,0
carthamus,,,,,,,,,,,,,1,1.0,0,0
carum,2.15148034,574.3222222,0.036328444,,,,,,,,,,2,25.0,0,0
carya,0.46388048601961646,35.94116787097781,0.39533008589913626,6.546867441925926,0.9069521995000001,23.25,,,,,,,5,175.0,0,0
caryocar,,,,,,,,,,,,,1,2.0,0,0
caryota,0.29225,57.57059687,0.263346829,11.32574433,,,,,,,,,1,1.0,0,0
casearia,,,,,,,,,,,,,2,60.0,0,0
cassia,,,,,,57.81,,,,,,,1,1.0,0,0
cassiope,0.23371,132.20853860444444,,10.423066243555557,1.1974359474444445,,,,,,,,1,32.0,0,0
castanea,0.16803,40.96,0.49,15.813333333333333,0.323,26.0,,,,,,,2,25.0,0,0
castanopsis,0.49054985694457875,42.25666963560597,0.48675545240245416,12.727714519087884,0.4237,69.5,,,,,,,16,122.0,0,0
castilleja,,18.3423851449,,10.266482830000001,,,,,,,,,2,10.0,0,0
casuarina,,,,8.65,,,,,,,,,1,8.0,0,0
catabrosa,,,,,,,,,,,,,1,1.0,0,0
catabrosella,,,,,,,,,,,,,2,7.0,0,0
catalpa,0.6173399725,24.20305853,0.14024999999999999,22.95728125,,,,,,,,,3,7.0,0,0
catolobus,,,,,,,,,,,,,1,1.0,0,0
catostemma,0.792,6.38,0.333,,,,,,,,,,1,1.0,0,0
catunaregam,0.25699,80.24,0.38,29.15,,28.0,,,,,,,1,1.0,0,0
caulophyllum,0.3578,91.70646617,0.108130081,21.74845767,,,,,,,,,1,1.0,0,0
cavanillesia,,,,,,,,,,,,,2,58.0,0,0
ceanothus,,36.892099125,,11.27897233,,,,,,,,,8,70.0,0,0
cecropia,0.53606514325,23.5058221975,0.2448072935,19.6296025,1.3160755093333334,,8.0,1.0,8.023099286833332,6.765084621166667,0.0,88.53783419166666,7,40.0,1,1
cedrela,0.5905333333333334,18.455068100000002,0.20024080533333333,23.401406666666663,1.919828224,,,,,,,,3,49.0,0,0
cedrus,0.5037666666666666,13.011545322000002,0.4163994713333334,,,,,,,,,,3,10.0,0,0
ceiba,1.0685125,0.926157305590909,0.247122123,11.79661512,,,,,,,,,3,108.0,0,0
celastrus,,53.55,0.235,14.0,,,,,,,,,2,2.0,0,0
celmisia,,21.54655347411111,0.290151515,7.189813191000001,,,,,,,,,3,24.0,0,0
celtis,0.3495304166041666,43.4295210899375,0.5416384747708334,14.327777777777778,0.7033333333333334,11.7541666665,,,,,,,8,20.0,0,0
cenchrus,0.22,148.0,0.18,6.5,,55.5,15.375,681.5611111111111,35.519436608125,0.28848975649999997,0.0,98.99405394,10,22.0,1,3
cenostigma,,,,,,,,,,,,,2,51.0,0,0
centaurea,1.6274723309,118.14582922288888,0.10228997100000001,9.534290752499999,,,9.928571428571429,42.583333333333336,12.341514315357143,0.10281662207142858,0.0,81.02889624214286,13,84.0,1,1
centaurium,1.70448969,271.9142857,0.146400989,,,,8.0,,44.44444444,0.0,0.0,88.88888889,2,3.0,1,0
centrolobium,,,,,,,,,,,,,1,42.0,0,0
centronia,0.30691666666666667,55.36910361,0.24545336733333334,16.821823333333334,0.8921243273333334,,,,,,,,1,3.0,0,0
centrosema,,,,15.100000000000001,0.445,,,,,,,,1,2.0,0,0
cephalanthera,,,,,,,,,,,,,1,1.0,0,0
cephalanthus,,48.9,0.53,12.0,,,,,,,,,1,1.0,0,0
cephalaria,,,,,,,,,,,,,1,2.0,0,0
cephalotaxus,0.7886123731666667,12.916437978333335,0.18661259966666668,2.5750122203333334,,82.94611111,,,,,,,1,9.0,0,0
cerastium,1.5721008730833335,286.26232418166666,0.130901442,10.175,0.78,0.0,,,,,,,19,46.0,1,0
ceratocarpus,,27.59,,16.04,,,,,,,,,1,16.0,0,0
ceratostigma,,3.0162023799999997,,7.4,1.81,,,,,,,,2,2.0,0,0
cercidiphyllum,0.5134675975,17.9328662025,0.2225,10.3163125,,,,,,,,,1,4.0,0,0
cercis,0.366,27.1,0.159,1.71,,,,,,,,,1,4.0,0,0
cercocarpus,,,,,,,,,,,,,2,10.0,0,0
cereus,,,,,,,,,,,,,1,1.0,0,0
cerinthe,,,,,,,,,,,,,2,2.0,0,0
ceriops,,,,,,,,,,,,,1,82.0,0,0
cestrum,0.5813,11.09478155,0.339693757,24.83008,,,8.055555555555555,,12.480695820833333,0.24691358022222223,0.8897243109444444,73.69854429944445,2,1.0,1,0
chaenomeles,,,,,,,,,,,,,1,1.0,0,0
chaenorhinum,,,,,,,,,,,,,1,1.0,0,0
chaerophyllum,2.01527972,494.9089998,0.055709754,,,,6.0,9.0,69.23076923,0.0,0.0,100.0,6,9.0,1,1
chaetopappa,,43.25886724,,13.30856323,,,,,,,,,1,5.0,0,0
chamaecostus,,,,,,,8.0,,3.846153846,0.0,0.0,96.153846155,1,0.0,1,0
chamaecrista,0.29801500000000003,70.0,0.16259099999999999,,,66.71,,,,,,,5,8.0,0,0
chamaecyparis,0.6487929941458334,18.142976729138297,0.4175588001666667,6.750780933333333,,50.222578585,,5.4,,,,,5,352.0,0,1
chamaecytisus,,,,,,,,,,,,,1,8.0,0,0
chamaedaphne,0.29,,,2.6600000000000006,,,,,,,,,1,21.0,0,0
chamaedorea,,,,,,,,,,,,,4,5.0,0,0
chamaemespilus,,,,,,,,,,,,,1,1.0,0,0
chamaerhodos,0.18180800000000003,105.5,0.22,11.45,,0.0,,,,,,,1,5.0,0,0
chamaesciadium,,,,,,,,,,,,,1,5.0,0,0
chamaesphacos,,,,,,,,,,,,,1,1.0,0,0
chassalia,0.328,29.52,0.367,,,,,,,,,,1,1.0,0,0
chenopodium,0.3087013716875,92.82179067056924,0.42069956175,12.388733049999999,0.32,0.0,,,,,,,9,52.0,1,0
chiastophyllum,,,,,,,,,,,,,1,1.0,0,0
chimaphila,,,,,,,,,,,,,1,4.0,0,0
chimonanthus,,,,,,,,2.5,,,,,1,0.0,0,1
chionanthus,0.7615953775000001,9.7070363975,0.196625,15.513031250000001,,,,,,,,,1,4.0,0,0
chloranthus,0.462,37.27738562,0.161052632,26.45842833,,,,,,,,,1,1.0,0,0
chloris,0.3867,19.98,0.405159,5.35,,,14.125,2.6666666666666665,21.37638058525,1.915947599625,0.07788162,97.37238653375,3,3.0,1,1
choerospondias,0.3725071428571428,57.014029685714284,0.30020652833333333,13.7773185825,0.8999999999999999,33.376182662000005,,,,,,,1,14.0,0,0
chomelia,0.78392878265,10.49266558915,0.40894160447500005,14.3686442043,0.50889712915,74.0,,,,,,,2,21.0,0,0
chondrilla,,,,,,,,,,,,,3,7.0,0,0
chondrosum,,,,,,,25.166666666666668,11.6,37.235857458333335,0.16033536366666667,0.017749378833333333,99.51655480833334,1,0.0,1,1
chorispora,,,,,,,,,,,,,2,3.0,0,0
christolea,,,,,,,,,,,,,1,1.0,0,0
chromolucuma,0.467,23.47,0.181,,,,,,,,,,1,1.0,0,0
chrozophora,,,,,,,,,,,,,1,1.0,0,0
chrysanthemum,,,,,,,,,,,,,2,4.0,0,0
chrysocoma,,,,,,,,,,,,,1,1.0,0,0
chrysojasminum,0.44935,8.54883944425,0.44130439,13.9,1.59,19.96666667,,,,,,,2,3.0,0,0
chrysophyllum,0.568,4.882099999999999,0.396,,,,,,,,,,2,3.0,0,0
chrysopogon,,,,,,49.74,,,,,,,3,6.0,0,0
chrysopsis,0.2195,63.07496467,0.252040816,12.64685988,,,,,,,,,1,11.0,0,0
chrysosplenium,,,,,,,,,,,,,1,6.0,0,0
chrysothamnus,,,,,,,,,,,,,1,9.0,0,0
chuquiraga,,,,,,,,,,,,,1,1.0,0,0
chylismia,,,,,,,,,,,,,1,1.0,0,0
cibotium,0.24825,83.95513514,0.246666667,15.741024,,,,,,,,,1,1.0,0,0
cicer,,,,,,,7.0,47.75,72.0,0.0,0.0,100.0,2,2.0,1,1
cicerbita,,,,,,,,,,,,,1,1.0,0,0
cichorium,1.2766118885,407.10280315,0.019869653,,,,,,,,,,1,10.0,0,0
cinnamomum,0.7308312365255952,18.46005777850893,0.40293482045625,16.296150886957673,0.4962920634920635,60.009543255416666,,1.0,,,,,11,155.0,0,1
circaea,,,,,,,,,,,,,2,13.0,0,0
cirsim,0.25244,,0.2055,,,,,,,,,,1,1.0,0,0
cirsium,2.5027835549999997,181.33502603833333,0.0794348565,11.49575392,,,9.0,,96.47302905,0.0,0.0,100.0,19,46.0,1,0
cistus,0.452391927125,9.31921063025,0.774190132125,,,10.89583333425,11.5,,48.2218711075,4.353846155,0.0,95.616447205,9,16.0,1,0
citrullus,,,,,,,11.25,20.666666666666668,27.10675312,5.526806783375,0.578256471,91.5240534125,2,2.0,1,1
citrus,0.8160262745455711,19.071428571428573,0.3508835718,,6.170288449,56.75370718333333,,1005.2222222222222,,,,,7,272.0,0,2
cladium,,,,,,,,,,,,,2,3.0,0,0
clarisia,0.38675,26.370272415,0.47749192349999997,16.7258125,0.842913933,,,,,,,,2,8.0,0,0
clarkia,,,,,,,,,,,,,2,2.0,0,0
clathrotropis,,,,,,,,,,,,,1,2.0,0,0
clausena,0.374333333,11.38236549,0.437041456,22.67113209,,,,,,,,,1,2.0,0,0
cleidion,0.8166666666666668,7.931259647333333,0.24992353433333334,15.196666666666667,1.11,,,,,,,,1,3.0,0,0
cleistogenes,0.1738185518888889,75.8475,0.11499999999999999,5.657857142857143,1.03,13.38,,,,,,,2,25.0,0,0
clematis,,18.855416201666667,,,,,,,,,,,9,20.0,0,0
cleome,,,,,,,,,,,,,1,1.0,0,0
clethra,0.4135942212857143,29.540982494285714,0.26150549557142855,10.944522857142857,0.6720390134285713,,,,,,,,1,9.0,0,0
cleyera,,,,8.466666666666667,0.2816666666666667,,,,,,,,1,6.0,0,0
cliffortia,,,,,,,5.0,,34.797834429999995,9.5463267525,0.0,86.1567982475,2,3.0,1,0
climacoptera,,,,,,,,,,,,,3,6.0,0,0
clinopodium,1.04296686,299.92142855,0.1115545395,9.58,1.6,,,,,,,,7,18.0,0,0
clintonia,,,,,,,,,,,,,1,2.0,0,0
clitoria,1.2449260949999998,7.014099169850001,0.25321592055000003,19.388258814,0.7953708126500001,83.97214285714286,,,,,,,2,22.0,0,0
clusia,0.9705396889955358,6.042225182111607,0.33031755585094247,9.10242343501984,0.636917313309375,,,,,,,,5,34.0,0,0
cnestidium,,0.348,,,,,,,,,,,1,2.0,0,0
cnidoscolus,0.5349,16.9650412,0.202657215,,,,,,,,,,1,2.0,0,0
coccoloba,0.8072419795666667,9.6250737136,0.49739447896666666,11.670936007966667,0.49771604365,94.5,,,,,,,3,42.0,0,0
cochlearia,,,,,,,,,,,,,2,2.0,0,0
cochlospermum,,,,,,,,,,,,,1,3.0,0,0
cocos,0.5980952380952381,15.100000000000001,,,,,20.08108108108108,10.875,16.500706751135134,0.2790330021351351,0.4036875435675676,89.62561926651351,1,63.0,1,1
coffea,0.5573239436619718,4.433636363636364,,15.180833333333334,,,,,,,,,1,72.0,0,0
cojoba,,0.4002,,,,,,,,,,,1,30.0,0,0
colchicum,,,,,,,,,,,,,2,9.0,0,0
coleataenia,,,,,,,,,,,,,1,1.0,0,0
coleogyne,,,,,,,,,,,,,1,1.0,0,0
coleus,,,,,,,,,,,,,1,1.0,0,0
colicodendron,,,,,,,,,,,,,1,1.0,0,0
colliguaja,,,,,,,,,,,,,2,6.0,0,0
collomia,,,,,,,,,,,,,1,1.0,0,0
colobanthus,,96.880424016,,7.819877451,,,,,,,,,1,3.0,0,0
cologania,,52.002164504999996,,,,,,,,,,,1,2.0,0,0
colophospermum,,,,,,,,4.0,,,,,1,12.0,0,1
colpodium,,,,,,,,,,,,,1,4.0,0,0
comandra,0.321385714,31.36179282,0.334821433,,,,,,,,,,1,1.0,0,0
comarum,,,,7.987218045,0.945081456,,12.666666666666666,,7.539830088333333,0.0,0.0,99.88962472333333,2,12.0,1,0
combretum,0.868170355675,9.21201161025,0.357137789625,8.6308039961,0.5130339354,92.14285714285714,14.875,8.5,16.044601351125003,3.5163884248749997,0.38760638449999996,94.00973749125001,13,87.0,1,1
commelina,,,,,,30.85,15.571428571428571,9.0,28.740686159000003,1.2482203792142859,0.1486224372142857,86.89045665857142,6,4.0,2,1
commiphora,,,,,,,,,,,,,9,22.0,0,0
comptonia,,,,,,,,,,,,,1,2.0,0,0
condalia,,,,,,,,,,,,,2,4.0,0,0
conioselinum,,,,,,,6.0,,5.714285714,0.0,0.0,100.0,1,0.0,1,0
conium,,,,,,,,,,,,,1,2.0,0,0
connarus,,0.18205,,,,,,,,,,,1,2.0,0,0
conospermum,,,,,,,,,,,,,1,1.0,0,0
conostephium,,,,,,,,,,,,,2,3.0,0,0
convallaria,0.42005000000000003,69.09311917,0.11585876049999999,15.368292665,,,22.785714285714285,67.66666666666667,28.537361507285713,0.6701360478571429,0.005131362857142857,99.27036421857143,1,4.0,1,1
convolvulus,2.75991392,156.01025353,0.0574,12.29355574,,,,,,,,,11,25.0,0,0
conyza,,,,,,,15.25,189.4318181818182,47.03225714138333,14.20839539765,2.294649474016667,81.5744975635,3,0.0,3,2
copiapoa,,,,,,,,,,,,,1,1.0,0,0
coprosma,0.3556685714285714,57.904601209398805,0.23766361640476194,10.620595896666666,0.9680633992000001,,,,,,,,8,20.0,0,0
corchorus,,,,,,39.485,,,,,,,2,3.0,0,0
cordia,0.456433333,3.702461367,0.467430763,22.2227478,,,,,,,,,2,6.0,0,0
cordiera,0.544,13.51,0.465,,,,,,,,,,2,31.0,0,0
cordylanthus,,,,,,,,,,,,,1,2.0,0,0
coreopsis,0.33,56.92170997,0.1,17.081397861666666,,,,,,,,,2,8.0,0,0
corethrodendron,,5.99,,18.84,,,,,,,,,1,1.0,0,0
coriandrum,,,,,,,,,,,,,1,1.0,0,0
coriaria,0.375,29.352881845,0.3345180725,21.410911335,0.99,,,,,,,,2,2.0,0,0
corispermum,,31.72,,6.06625,,,,,,,,,5,13.0,0,0
cormus,,,,,,,,,,,,,1,1.0,0,0
cornulaca,,,,,,,,,,,,,1,2.0,0,0
cornus,0.5791693076444444,24.012343141838095,0.2992238008428571,12.9455468995,1.481156325,,5.0,24.0,0.0,0.0,0.0,100.0,13,38.0,1,1
coronilla,0.4186568303,86.45273262966667,0.28860397666666665,17.375,,23.4,,,,,,,5,25.0,0,0
correa,,,,,,,,,,,,,1,1.0,0,0
corydalis,,,,,,,9.0,,6.859205776,3.249097473,0.0,96.75090253,6,10.0,1,0
corylus,0.22991666675,84.37971399,0.26269759475,16.514430989999997,,,,,,,,,5,14.0,0,0
corymbia,,,,12.5,,,,,,,,,4,17.0,0,0
corynephorus,,,,,,,,,,,,,1,1.0,0,0
corynocarpus,0.588,23.799507734,0.1627042304,34.2,,,,,,,,,1,10.0,0,0
corythophora,0.45,12.08,0.592,,,,,,,,,,1,1.0,0,0
cosmos,,109.20557185,,13.09175253,,,,,,,,,2,5.0,0,0
cota,2.13288102,294.5666667,0.058370969,,,,,,,,,,4,6.0,0,0
cotinus,,6.31,,12.3,3.23,,,,,,,,2,2.0,0,0
cotoneaster,0.22556666666666667,112.48137779333332,0.2363901273333333,16.555378003333335,,,,,,,,,10,16.0,0,0
couepia,0.265,23.26,0.675,,,,,,,,,,1,1.0,0,0
couroupita,0.5581,6.600357267,0.33419108350000004,11.091848315,,,,,,,,,1,4.0,0,0
cousinia,,,,,,,,,,,,,7,9.0,0,0
coussarea,,,,,,,,,,,,,1,2.0,0,0
crambe,,,,,,,,,,,,,1,1.0,0,0
cranfillia,0.31,42.9,0.29,12.76,0.54,,,,,,,,1,1.0,0,0
craniolaria,,,,,,,,,,,,,1,2.0,0,0
crassula,,,,,,,,,,,,,3,3.0,0,0
crataegus,0.3227625,57.684649315,0.485934656,14.80399667,,9.376041667,,,,,,,10,21.0,0,0
cratoxylum,0.12092,32.53,0.41,8.98,,55.0,,,,,,,1,1.0,0,0
cremanthodium,,,,,,,1.0,,0.0,0.0,0.0,100.0,2,0.0,2,0
crepis,0.8690947824999999,233.586,0.0745542,18.758333333333333,2.5,35.6,,,,,,,11,27.0,0,0
crescentia,,,,,,55.17,,,,,,,1,1.0,0,0
crithmum,,,,,,,,,,,,,1,1.0,0,0
critoniopsis,0.5150456960357143,20.463312945035717,0.28163873403571427,24.170690714285715,0.97236129725,,,,,,,,2,16.0,0,0
crocus,,,,,,,,,,,,,3,6.0,0,0
crossandra,,,,,,48.7,,,,,,,1,1.0,0,0
crossopterix,,,,,,,,11.0,,,,,1,0.0,0,1
crossopteryx,,,,,,,,,,,,,1,1.0,0,0
crotalaria,,,,,,74.2,16.666666666666668,10.666666666666666,19.961151107916667,0.11394621816666667,3.3451645840000004,94.39944113666667,11,11.0,3,3
croton,0.8210561902857142,7.567181018,0.38789118714285714,12.688571428571427,0.7999999999999999,,,,,,,,3,18.0,0,0
cruciata,1.66074309,490.9400978,0.089116197,,,,,,,,,,3,12.0,0,0
cryptandra,,,,,,,,,,,,,1,1.0,0,0
cryptantha,,,,,,,,,,,,,2,2.0,0,0
cryptocarya,1.0500991308,6.2570196047666675,0.3241645096333334,14.498179794013607,0.6972962962962962,90.5,,,,,,,8,66.0,0,0
cryptogramma,,,,,,,,,,,,,1,1.0,0,0
cryptomeria,0.6015250000000001,26.0726351525,0.16682634925,14.272861,,,,,,,,,1,12.0,0,0
cryptostegia,,,,,,48.6,,,,,,,1,1.0,0,0
cryptotaenia,,4.466158582,,,,,,,,,,,1,1.0,0,0
cucumis,,,,,,,,,,,,,2,2.0,0,0
cucurbita,0.29163,,0.399121,,,,,,,,,,3,7.0,0,0
cullen,,,,,,,10.791666666666668,,37.04675807454167,1.3157894736666667,2.302631579416667,91.05929997749999,2,0.0,2,0
cunninghamia,0.6762398697954546,11.66762147697561,0.14502169783783783,11.437402582095238,1.2290033333333332,52.83611068625,,,,,,,1,133.0,0,0
cupressus,0.7192955545238094,11.28618609195,,,,,,,,,,,1,26.0,0,0
curatella,,,,,,,,,,,,,1,6.0,0,0
curculigo,,,,,,59.48,,,,,,,1,1.0,0,0
cyanthillium,,,,,,59.21,,,,,,,1,1.0,0,0
cyathea,0.31,30.1,0.4,5.29,0.39,,,,,,,,1,1.0,0,0
cybianthus,,,,,,,,,,,,,1,1.0,0,0
cycas,1.136287037166667,8.154844758833335,0.213594371,3.567544357833333,,,,,,,,,3,10.0,0,0
cydonia,0.3992,9.416966696,0.933558265,,,26.06666667,,,,,,,1,1.0,0,0
cylindropuntia,,,,,,,,,,,,,7,15.0,0,0
cymbaria,0.25392333333333333,,,,,20.66,,,,,,,1,3.0,0,0
cymbopogon,,,,,,26.58,6.375,19.333333333333332,8.270216435,0.0,0.0,99.95,3,2.0,1,1
cymopterus,,18.498290930000003,,6.412793994,,,,,,,,,4,10.0,0,0
cynanchica,1.72907595,390.8625,0.166393875,,,,,,,,,,2,4.0,0,0
cynanchum,,20.3,,8.3375,,,,,,,,,2,6.0,0,0
cynara,,,,,,,,,,,,,2,2.0,0,0
cynodon,,,,,,22.77,42.0,,13.76912378,0.111265647,0.0,97.27399166,2,16.0,1,0
cynoglossum,,,,,,,,,,,,,1,1.0,0,0
cynosurus,0.896242985,331.2666667,0.1497502115,,,,,,,,,,2,5.0,0,0
cyperus,0.513,66.37,,5.4,,21.676666666666666,,,,,,,11,13.0,0,0
cypripedium,,,,,,,,,,,,,1,4.0,0,0
cyrtococcum,,,,,,56.67,,,,,,,1,1.0,0,0
cystopteris,0.49102581100000003,181.52872013333334,0.071831414,12.962976937666667,,,,,,,,,2,6.0,0,0
cytisus,0.742,3.251413722,0.792650672,13.72,0.71,,,,,,,,4,14.0,0,0
dacrycarpus,0.5776121726433566,21.288671055632868,0.261620806,12.07,,,,,,,,,2,28.0,0,0
dacrydium,0.5274041725,18.4860186535,0.30916469708333333,5.897735572499999,0.34,,,,,,,,4,33.0,0,0
dacryodes,0.97955,11.655192959499999,0.48137007099999995,17.238493333333334,0.845540395,,,,,,,,3,21.0,0,0
dactylis,0.286516204,308.89105971290326,0.132007676875,9.457185047724138,2.4989453306,,9.0,,77.95698925,0.537634409,0.0,98.92473118,1,138.0,1,0
dactyloctenium,,,,,,,,,,,,,1,3.0,0,0
dactylorhiza,,,,,,,,,,,,,2,14.0,0,0
dalbergia,,,,,,,,,,,,,2,5.0,0,0
dalea,0.3758,54.35241444,0.21687499999999998,16.794444444444444,,,,,,,,,5,30.0,0,0
damburneya,,,,,,,,,,,,,1,1.0,0,0
danthonia,0.3774,15.56514286,0.583333333,,,,,,,,,,2,2.0,0,0
daphne,,,,,,,,,,,,,4,15.0,0,0
daphniphyllum,0.272533333,63.17596899,0.26875,11.5057085,0.93,,,3.0,,,,,3,2.0,0,1
dasiphora,,,,,,,,,,,,,1,5.0,0,0
dasymaschalon,,,,14.66,0.382,,,,,,,,1,5.0,0,0
dasyphyllum,,,,,,,,,,,,,1,1.0,0,0
datura,,,,,,48.155,,,,,,,2,3.0,0,0
daucus,0.40437847,359.2836417,0.06412504366666667,9.123333333333333,1.5,,,171.92097701149424,,,,,2,13.0,0,2
daviesia,,,,,,,,,,,,,2,3.0,0,0
davilla,,,,,,,,,,,,,1,2.0,0,0
decaspermum,0.15535,63.99,0.42,14.13,,31.0,,,,,,,1,1.0,0,0
delonix,,,,,,55.61,,,,,,,1,1.0,0,0
delphinium,,,,,,,10.0,,90.0,0.0,0.0,100.0,8,9.0,1,0
delpjinium,,,,,,,,,,,,,1,2.0,0,0
dendrocalamus,,,,8.5,0.24,,,,,,,,1,1.0,0,0
dendrolycopodium,,,,,,,,,,,,,1,2.0,0,0
dendropanax,0.1273,223.2676,0.416666667,19.064526,,,,,,,,,1,1.0,0,0
deschampsia,0.92901753,399.0375,0.1427832815,10.24890474,0.837119445,,12.95,4.0,14.098771181266667,0.8392768440000001,0.0298029598,98.72277505258333,3,35.0,2,1
descurainia,0.1259,168.6505263,0.475,,,,,,,,,,1,9.0,0,0
desmanthus,0.25445,,0.416564,,,,,,,,,,2,3.0,0,0
desmodium,0.28264500000000004,82.0,0.1766505,20.5,,,40.2,,24.344650954800002,5.4329358716,0.15467580939999998,93.189760762,3,3.0,1,0
desmopsis,,,,,,,,4.5,,,,,1,0.0,0,1
desmostachya,,,,5.6,,,,,,,,,1,4.0,0,0
deutzia,0.2561875,185.459967025,0.15378000149999999,19.6212348675,,,,,,,,,12,15.0,0,0
deverra,,,,,,,,,,,,,2,3.0,0,0
dialium,,,,,,22.28225805588235,,,,,,,2,22.0,0,0
dianthus,1.99812147,684.8153846,0.047393131,,,,,,,,,,12,30.0,1,0
diapensia,0.22965,199.04014279,,6.6,0.8,,,,,,,,1,7.0,0,0
diarthron,,,,,,,,,,,,,1,1.0,0,0
dichanthelium,0.16843,,0.264243,,,,,,,,,,1,1.0,0,0
dichanthium,,,,6.7,,,18.857142857142858,5.0,26.229877491,0.8120783347142858,0.4370738814285714,90.11519247142857,1,10.0,1,1
dichelostemma,,,,,,,,,,,,,1,1.0,0,0
dichrostachys,,,,14.466666666666667,0.6366666666666667,,21.25,61.714285714285715,9.653720768125,0.13239703975,0.105052419125,99.6004014675,1,10.0,1,1
dicksonia,0.6593083333333333,16.507516646666666,0.20211154075,9.059999999999999,0.29,,,,,,,,1,12.0,0,0
dicliptera,,,,,,,15.71111111111111,,11.531857333355557,0.006087733727777778,1.2198971421222222,73.81934566872222,2,0.0,2,0
dicorynia,,,,,,,14.5,1.0,11.559139785,0.2688172045,0.0,99.46236558999999,1,4.0,1,1
dicranopteris,0.3117764735,56.161385135,0.44375,9.246814327875,,47.333333333333336,16.666666666666668,92.0,25.075472977999997,0.4400865763333333,0.013070186999999999,96.28156859,2,13.0,1,1
didymocheton,1.0138454545454545,7.367012992272728,0.17685630736363636,20.6,,,,,,,,,1,11.0,0,0
didymophysa,,,,,,,,,,,,,1,1.0,0,0
diervilla,,69.2,0.39,14.2,,,,,,,,,1,1.0,0,0
dieteria,,58.2539183975,,11.39190793,,,,,,,,,1,10.0,0,0
digitalis,,338.86961618,,,,,,,,,,,3,10.0,0,0
digitaria,0.355,36.09,,12.67,,27.2,27.675,34.63529411764706,25.04743898878333,1.1555860058749998,0.7482837321083333,92.92679873899999,10,12.0,3,2
dillenia,,,,,,,,,,,,,1,15.0,0,0
dillwynia,,,,,,,,,,,,,1,1.0,0,0
dimorphandra,,,,,,,,,,,,,2,2.0,0,0
dimorphocarpa,,,,,,,,,,,,,1,3.0,0,0
dioon,0.9552962963333332,13.638177635666667,0.23758206333333334,1.7293608526666668,,,,,,,,,1,4.0,0,0
dioscorea,0.2018,264.2472414,0.116,14.35542967,,61.745000000000005,,,,,,,4,4.0,0,0
diospyros,0.7952433151344538,13.45026767102381,0.29631094538095243,11.365293154761906,0.9014285714285715,,,,,,,,5,50.0,0,0
diphasiastrum,,,,,,,,,,,,,1,7.0,0,0
diplacus,,,,,,,,,,,,,3,4.0,0,0
diplazium,,2.5747007552500003,,10.627206668875,1.6391383949999998,,,,,,,,3,9.0,0,0
diplolepis,,,,,,,,,,,,,1,1.0,0,0
diplopterygium,,0.77260834475,,8.662084684,0.500128761,,,,,,,,2,6.0,0,0
diplorhynchus,,,,,,,,,,,,,1,2.0,0,0
diplospora,0.3013,83.34823529,0.165853659,20.020907,,,,,,,,,1,1.0,0,0
diplotaxis,,,,,,,,,,,,,3,3.0,0,0
dipsacus,2.29141947,308.3333333,0.033764021,,,,,,,,,,1,3.0,0,0
dipterocarpus,,,,,,,,,,,,,1,1.0,0,0
dipteryx,,,,,,,,,,,,,2,7.0,0,0
dirca,,57.6,0.61,10.0,,,,,,,,,1,1.0,0,0
distichlis,,,,,,,,,,,,,1,7.0,0,0
distylium,,,,,,,,6.0,,,,,1,0.0,0,1
ditaxis,,,,,,,,,,,,,2,2.0,0,0
dodonaea,0.381733333,16.99307339,0.327922114,10.85692644,,,,,,,,,1,2.0,0,0
doellingeria,0.3543,115.001075248,,,,,,,,,,,1,5.0,0,0
dolichorrhiza,,,,,,,,,,,,,1,3.0,0,0
dombeya,,,,,,,,,,,,,1,2.0,0,0
doniophyton,,,,,,,,,,,,,1,1.0,0,0
doronicum,,,,,,,,,,,,,1,3.0,0,0
dovyalis,0.62,10.76,0.33,,,,,,,,,,1,1.0,0,0
draba,0.13435,160.54498581666667,0.5,18.94153595,,,,,,,,,13,29.0,0,0
dracaena,,,,,,,,,,,,,1,3.0,0,0
dracocephalum,,,,,,,8.0,,45.37037037,0.0,7.407407405,92.592592595,4,6.0,1,0
dracophyllum,0.22019999999999998,130.51387446,0.22777995233333334,9.7,,,,,,,,,1,6.0,0,0
drepanocaryum,,,,,,,,,,,,,1,1.0,0,0
drepanostachyum,,,,,,,,,,,,,1,2.0,0,0
drimia,,,,,,,,,,,,,1,1.0,0,0
drosera,,,,,,,,,,,,,3,7.0,0,0
dryas,,,,9.925,0.6499999999999999,,,,,,,,2,29.0,0,0
drymaria,,135.50985429333332,,6.1412373185,,,,,,,,,2,8.0,0,0
drymocallis,0.3563166665,41.51212244,0.43729341749999995,6.8,,,,,,,,,2,6.0,0,0
dryobalanops,,,,,,,,,,,,,2,53.0,0,0
dryopteris,0.19931041675,79.7590467488125,0.218891565,12.756505341812499,1.07884393575,,,,,,,,6,19.0,0,0
drypetes,,,,7.6,,,,,,,,,1,1.0,0,0
dupontia,0.03,,,,,,,,,,,,2,12.0,0,0
durio,1.3,4.433333333333334,,,,,,,,,,,2,28.0,0,0
dussia,0.4089,10.82787033,0.704333333,16.12051,,,,,,,,,1,1.0,0,0
dysphania,,66.154,,6.1,,,1.0,,100.0,0.0,0.0,100.0,2,5.0,1,0
echeandia,,104.06573685333335,,5.133523345,,,,,,,,,1,4.0,0,0
echeveria,,,,,,,,,,,,,1,1.0,0,0
echinacea,0.3172525,82.5,0.34630325,19.2,,,,,,,,,4,13.0,0,0
echinaria,,,,,,,,,,,,,1,2.0,0,0
echinocactus,,,,,,,,,,,,,1,1.0,0,0
echinocereus,,,,,,,,,,,,,1,2.0,0,0
echinochloa,,33.57,,3.83,,,15.0,40.5,31.894125537249998,2.4650876605,0.0862068965,95.31103261625,4,10.0,1,1
echinodorus,0.4308,,0.40177,,,,,,,,,,1,1.0,0,0
echinolaena,,,,,,,,,,,,,1,1.0,0,0
echinophora,,,,,,,,,,,,,1,1.0,0,0
echinops,,,,,,,,85.66666666666667,,,,,3,2.0,0,1
echinopsis,,,,,,,,,,,,,2,4.0,0,0
echiochilon,,,,,,,,,,,,,1,1.0,0,0
echium,,,,,,,,,,,,,1,1.0,0,0
eclipta,0.487,30.6,,10.35,,,,,,,,,1,2.0,0,0
ekebergia,0.74,7.31,0.39,,,,,,,,,,1,1.0,0,0
elaeagnus,0.6752,21.408264516699997,0.273968254,31.209333333333337,3.19,,,,,,,,5,23.0,0,0
elaeis,,,,,,,,,,,,,1,4.0,0,0
elaeocarpus,0.38502847403809526,45.50374432014286,0.26932310839999996,15.228748334875,,66.791277769,,,,,,,5,31.0,0,0
eleiotis,,,,,,86.09,,,,,,,1,1.0,0,0
eleocharis,,82.6777933153901,0.1394772233672168,,,,,,,,,,6,306.0,0,0
elephantopus,,,,,,,7.75,35.0,20.970225351,9.05620897075,0.0,83.7621724775,1,0.0,1,1
eleusine,0.12528,,0.314068,,,,12.555555555555555,,41.750506054666666,0.040551500444444444,0.03216858011111111,88.02149845,2,2.0,1,0
eleutherococcus,0.2245,193.1835714,0.133333333,39.931073,,,,,,,,,1,1.0,0,0
elionurus,,,,,,,,,,,,,1,1.0,0,0
elsholtzia,,,,,,,5.0,,55.55555556,55.55555556,0.0,44.44444444,1,0.0,1,0
elwendia,,,,,,,,,,,,,1,1.0,0,0
elymus,0.23043964028401362,109.78455463665388,0.27603897322939563,13.331413014104763,1.8,,6.583333333333333,72.0,25.367231684999997,0.0034027494166666665,0.04392048083333333,99.94805356166667,24,193.0,3,1
elytropappus,,,,,,,,,,,,,1,1.0,0,0
embelia,0.20785,96.43036364,0.305555556,13.75057833,,,,,,,,,1,1.0,0,0
embothrium,,,,,,,17.666666666666668,5.0,28.397347604333333,0.0,0.0,100.0,1,0.0,1,1
emilia,,,,,,69.0,,,,,,,1,1.0,0,0
eminium,,,,,,,,,,,,,1,1.0,0,0
empetrum,0.2392,93.48529827133333,,7.836029566606061,1.0009410501818183,,,,,,,,1,94.0,0,0
enarganthe,,,,,,,,,,,,,1,3.0,0,0
encelia,,,,,,,,,,,,,2,65.0,0,0
encephalartos,1.2516111109999999,4.741928428666667,0.25463073966666666,3.0929997686666666,,,,,,,,,1,4.0,0,0
endlicheria,0.7114254629583333,17.66302333447222,0.24969801155555554,24.811590625,0.8056613015,,,,,,,,9,17.0,0,0
endocomia,1.228766667,3.572591837,0.240184598,11.44,1.28,,,,,,,,1,1.0,0,0
endopleura,,,,,,,,,,,,,1,3.0,0,0
endospermum,1.1066360747272728,13.57264645390909,0.2585895551818182,18.07400637090909,,88.0,,,,,,,2,40.0,0,0
engelhardia,0.5610916667916667,26.18851690772222,0.30471834740277776,10.723503916666667,0.5868981481481482,62.0,,,,,,,3,21.0,0,0
enneapogon,,,,,,,,,,,,,1,1.0,0,0
entada,,,,,,,,,,,,,1,1.0,0,0
entandrophragma,,0.30247043589743594,,,,,,,,,,,3,49.0,0,0
enterolobium,0.508133333,15.104335,0.184067148,15.08996725,,,,,,,,,1,10.0,0,0
enteropogon,,,,,,,15.25,60.0,12.673716361750001,2.03578601425,0.0,97.964213985,1,0.0,1,1
epacris,,,,,,,9.5,29.0,7.9481641475,0.0,0.0,99.657750705,1,0.0,1,1
eperua,,,,,,,10.208333333333332,1.0,12.8800507605,0.19413574425,12.5,84.71333883458334,2,4.0,2,2
ephedra,0.38748502083333336,25.99028431283333,0.35603506816666664,3.0362894533333336,,48.2312037,8.083333333333332,,54.73346258516667,0.03192848016666667,0.0,91.61336331999999,11,34.0,2,0
epicharis,0.5,20.9,,,,,,,,,,,1,1.0,0,0
epilasia,,,,,,,,,,,,,1,1.0,0,0
epilobium,1.8055348549999999,260.210478395,0.10578712850000001,9.137678891666667,1.865665457,,9.75,,65.1577542225,0.02299908,0.0509943905,99.92600653,11,50.0,2,0
epiphyllum,,,,,,,,,,,,,1,1.0,0,0
equisetum,0.4745735451666666,129.24638540333333,0.06549340183333334,14.176763555166668,1.1852840789999999,,11.0,,81.48450245,0.0,0.0,100.0,9,66.0,1,0
eragostis,,,,,,,,687.0370370370371,,,,,1,0.0,0,1
eragrostiella,,,,,,73.12,,,,,,,1,1.0,0,0
eragrostis,0.1949,74.57248307777779,0.38106249999999997,6.852464766500001,,,26.0,100.57142857142857,19.1164790685,0.75475116825,0.037880062,97.61632419,10,17.0,1,1
eremalche,,,,,,,,,,,,,1,1.0,0,0
eremobium,,,,,,,,,,,,,1,1.0,0,0
eremogone,,50.08046886333333,,9.550431967,,,,,,,,,5,11.0,0,0
eremopyrum,,,,,,,,,,,,,3,16.0,0,0
eremosparton,,,,,,,,,,,,,2,2.0,0,0
eremurus,,,,,,,,,,,,,3,7.0,0,0
eremus,,,,,,,,,,,,,1,4.0,0,0
erica,0.31975,17.180525160000002,0.8910721675000001,,,,,,,,,,7,17.0,0,0
ericameria,,,,,,,,,,,,,4,32.0,0,0
erigeron,0.6721522396,144.60500559260714,0.2200077004,9.94468793275,,,9.0,347.4166666666667,19.418639075,0.051599587333333335,0.0,99.91659379666667,21,56.0,4,1
eriobotrya,0.31884,46.15,0.39,16.18,,45.0,,,,,,,1,3.0,0,0
eriocoma,,,,,,,,,,,,,2,6.0,0,0
eriodictyon,,,,,,,,,,,,,2,2.0,0,0
eriogonum,,37.637142284444444,,8.737803201,,,,,,,,,11,35.0,0,0
eriophorum,0.7890441176470588,178.0,,7.541666666666667,1.06,0.0,,,,,,,7,271.0,0,0
eriophyllum,,,,,,,,,,,,,1,1.0,0,0
eriophyton,,,,,,,,,,,,,1,1.0,0,0
eriosema,,,,,,,,,,,,,2,2.0,0,0
eriotheca,0.5010816071666666,10.972313641333333,0.3297489593333333,,,,,,,,,,3,9.0,0,0
erisma,,,,,,,,,,,,,1,2.0,0,0
erithalis,0.386933333,11.12388324,0.394682994,9.01038587,,,,,,,,,1,2.0,0,0
eritrichium,,,,,,,6.5,,17.731958765,13.81443299,0.0,86.082474225,4,4.0,2,0
erodium,,71.73312271333334,,11.47977948,,,5.5,7.333333333333333,17.408460948,0.059416867625,0.0,99.50580052375,6,10.0,1,1
erophila,1.42775274,783.9538462,0.052189246,,,,,,,,,,1,2.0,0,0
erucaria,,,,,,,,,,,,,1,3.0,0,0
eryngium,1.61125799,207.2625,0.150241775,,,,,,,,,,3,13.0,0,0
erysimum,0.1219,359.7676816,0.288709678,,,,,,,,,,7,8.0,0,0
erythrina,,,,,,,,,,,,,2,2.0,0,0
erythronium,,,,,,,,,,,,,3,4.0,0,0
erythrophleum,,,,,,,,,,,,,2,19.0,0,0
erythroxylum,,,,,,,,,,,,,1,8.0,0,0
eschscholzia,,,,,,,,,,,,,1,1.0,0,0
eschweilera,0.629639619885965,7.823632415475,0.473201303675,,,,,,,,,,12,30.0,0,0
eucalyptus,0.2654895511388889,66.15934405444445,0.63,6.715,4.777777777777778,71.10344827586206,,,,,,,31,485.0,0,0
euchilopsis,,,,,,,,,,,,,1,1.0,0,0
euclea,,,,,,,,,,,,,1,1.0,0,0
euclidium,,,,,,,,,,,,,1,2.0,0,0
eugenia,0.4172938528409091,15.363908873575758,0.5236081816969697,9.836927153333333,0.720744034,,,,,,,,13,27.0,0,0
eumachia,0.493,15.09,0.392,,,,,,,,,,2,2.0,0,0
euonymus,0.34161353974242425,50.64315365048611,0.33343243230952385,18.418567685,2.1,,,,,,,,7,32.0,0,0
eupatorium,0.33416,,0.22159299999999998,,,,,,,,,,3,4.0,0,0
euphorbia,0.8467344866666666,133.99786814055554,0.20602903466666667,10.0810442498,,53.464,,274.2,,,,,45,75.0,0,1
euphrasia,1.88166672,131.9,0.1282051,,,,6.75,,11.427332862,0.0,0.0,74.502796166,5,11.0,1,0
euphrosyne,,,,,,,,,,,,,1,3.0,0,0
euploca,,,,,,41.81,,,,,,,2,3.0,0,0
euptelea,0.319408333,60.28073226,0.207932068,25.86417833,,,,,,,,,1,1.0,0,0
eurya,0.5096494361999999,51.9531004352,0.2493567954,9.351666666666667,0.20333333333333334,,,,,,,,2,11.0,0,0
eurycoma,,,,,,,,,,,,,1,2.0,0,0
eustachys,,29.25,0.159,3.8,,48.0,,,,,,,1,2.0,0,0
euterpe,,,,,,,,,,,,,2,3.0,0,0
evolvulus,,,,,,66.14,,,,,,,2,2.0,0,0
fagopyrum,,,,,,,,,,,,,1,1.0,0,0
fagus,0.39614096976126034,46.10875338841856,0.41432676730341883,10.668398897770833,0.6617142857142857,55.21119047619047,,,,,,,5,3059.0,0,0
faidherbia,,,,,,,,156.0,,,,,1,21.0,0,1
falcaria,2.00164672,147.0,0.1150432,,,,,,,,,,1,3.0,0,0
falcataria,,,,,,,,,,,,,1,2.0,0,0
fallopia,0.87199048,311.96666665,0.0653698835,,,,,,,,,,1,4.0,0,0
fallugia,,,,,,,,,,,,,1,3.0,0,0
faramea,0.452725,24.6539639196,0.38559115525,17.09765,,,,,,,,,5,7.0,0,0
farsetia,,,,,,,,,,,,,1,1.0,0,0
faurea,,,,,,,,,,,,,1,3.0,0,0
ferdinandusa,0.4155,35.21,0.2375,,,,,,,,,,2,2.0,0,0
ferocactus,,,,,,,,,,,,,2,5.0,0,0
ferula,,,,,,,,,,,,,16,27.0,0,0
festuca,0.5866915488888889,273.9982359382878,0.18768706283926218,7.872022055277777,1.125,26.6,21.488333333333333,25.583333333333332,12.59009518893389,0.37935029835944445,0.10433447754333333,98.78597038613334,42,512.0,6,3
ficus,0.47967399616777906,24.233545909614286,0.4438708606730769,12.95726262622222,0.6831736727613636,14.3416666665,,,,,,,20,162.0,0,0
filago,,,,,,,,,,,,,1,2.0,0,0
filifolium,,36.955,,,,,,,,,,,1,4.0,0,0
filipendula,0.183,220.6077778,0.171428571,15.36951433,1.427943504,,28.095238095238095,12.25,32.99551034771429,0.05215495952380952,0.11302704200000001,98.55830590809525,3,28.0,1,1
fimbristylis,,,,,,58.33,,,,,,,2,2.0,0,0
finschia,0.3867,15.30196718,0.297767543,8.7520659,,,,,,,,,1,2.0,0,0
flourensia,,,,,,,,,,,,,1,21.0,0,0
flueggea,,,,,,,,,,,,,1,4.0,0,0
foeniculum,,,,,,,,,,,,,1,2.0,0,0
fokienia,,,,,,,,,,,,,1,4.0,0,0
forsythia,,,,,,,,,,,,,1,1.0,0,0
fouquieria,,,,,,,,,,,,,1,6.0,0,0
fragaria,1.3446893066666668,393.5194745111111,0.1065836155,,,,7.7727272727272725,,56.146531801045455,0.679515704090909,0.03351074313636364,98.96101537545455,4,34.0,2,0
frangula,3.1,32.15,0.255,13.75,,,33.25,,24.6062540985,0.0050740815,0.050740816,97.44693252,2,12.0,1,0
frankenia,,,,,,,,,,,,,1,3.0,0,0
frasera,,,,,,,,,,,,,1,2.0,0,0
fraxinus,0.6744092521743964,26.165307886756736,0.29857777876916775,14.602189414112686,2.1764921621985813,35.704717399,,,,,,,12,1049.0,0,0
fritillaria,,,,,,,,,,,,,2,7.0,0,0
fuchsia,0.3429857142857143,84.02831517571428,0.13295060271428571,13.6,,,,,,,,,1,7.0,0,0
fumana,0.4134,5.515622559,0.824491871,,,,,,,,,,2,3.0,0,0
fumaria,,,,,,,,,,,,,2,4.0,0,0
gabonius,,,,,,,,4.0,,,,,1,0.0,0,1
gagea,,,,,,,,,,,,,10,23.0,0,0
gahnia,0.39,52.150000000000006,0.14500000000000002,4.375,0.185,,,,,,,,2,2.0,0,0
gaillardia,,59.75501280666666,,14.08684731,,,,,,,,,3,6.0,0,0
galanthus,,,,,,,,,,,,,1,1.0,0,0
galatella,,,,,,,,,,,,,3,7.0,0,0
galearia,0.5482,5.635617834,0.754807692,,,,,,,,,,1,1.0,0,0
galega,,,,,,,,,,,,,1,3.0,0,0
galeobdolon,,,,,,,17.1,,47.2174784392,15.7295556817,0.3133577475,83.220888102,1,0.0,1,0
galeopsis,,,,,,,,,,,,,4,5.0,0,0
galinsoga,,,,,,,19.0,,88.6547812,2.755267423,0.648298217,96.59643436,1,1.0,1,0
galium,1.2122271599999999,346.6690291085714,0.1345560176,32.8348165,,,17.203125,15.477272727272727,40.568949860593754,2.160042189875,0.1752506681953125,95.42671967429688,16,69.0,4,2
gallesia,,,,,,,,,,,,,1,60.0,0,0
garcinia,0.5870365277083334,38.605350703125005,0.34078208466666665,12.301250000000001,0.5614285714285714,49.5,,,,,,,3,11.0,0,0
garuga,0.8120555553333334,8.571525047333333,0.27864428999999996,7.989999999999999,1.05,,,,,,,,1,3.0,0,0
gastrolobium,,,,,,,,,,,,,1,2.0,0,0
gastrolychnis,,,,,,,,,,,,,1,2.0,0,0
gaultheria,,,,,,,,,,,,,1,2.0,0,0
gazania,,,,,,,,,,,,,1,1.0,0,0
geissanthus,0.6125,7.303460733,0.464720195,9.01685,0.500699413,,,,,,,,2,31.0,0,0
gelasia,,,,,,,,,,,,,2,5.0,0,0
gelium,,,,,,,,,,,,,1,1.0,0,0
genipa,,,,,,,,,,,,,1,4.0,0,0
genista,1.7309720725,97.1010573875,0.396322387,,,34.77098214,,120.66666666666667,,,,,9,21.0,0,1
gentiana,0.31,129.0,0.11,,,,3.5,,7.142857145,0.0,0.0,100.0,14,25.0,3,0
gentianella,,,,,,,2.5,,2.0408163265,0.0,0.0,100.0,4,9.0,1,0
gentianopsis,,,,,,,2.5,,48.684210525,0.0,0.0,100.0,2,0.0,2,0
geonoma,,,,,,,,,,,,,2,3.0,0,0
geraea,,,,,,,,,,,,,1,1.0,0,0
geranium,1.8014987,214.27826645214816,0.06258098916666667,9.1685748585,1.6649340124999998,,14.881944444444443,9.5,28.419311647527778,2.3510316505277777,0.2498625908680556,96.86618711222222,30,101.0,6,3
gerbera,,,,,,,13.375,4.0,24.362268956,14.77346689,5.6427583675,76.24288426125,1,0.0,1,1
geum,1.2227039268333333,424.31136365,0.17451125550000002,,,,12.941666666666666,74.0,55.378436839766664,4.32167223595,1.1642886773166665,93.96712670133334,8,43.0,2,1
gilia,,,,,,,,,,,,,1,1.0,0,0
giliastrum,,,,,,,,,,,,,1,1.0,0,0
ginkgo,0.8726933450000001,14.20590140909091,0.1506854570909091,7.693838811,,53.90925926,,,,,,,1,16.0,0,0
gironniera,0.5762238094285715,20.383031712857143,0.35217165957142854,27.437142857142856,0.5660000000000001,13.0,,,,,,,1,8.0,0,0
gladiolus,,,,,,,,,,,,,1,1.0,0,0
glandularia,,,,,,,28.75,2.3333333333333335,26.518790206,0.46966576274999994,0.0,98.6152275175,1,0.0,1,1
glechoma,2.01408248,218.4923077,0.076542438,,,,,,,,,,1,8.0,0,0
gleditsia,0.49946110999999993,15.7066920575,0.18725,20.861093750000002,,,,,,,,,1,14.0,0,0
gliricidia,0.8383333333333334,28.46666666666667,,17.8,1.1600000000000001,,,,,,,,1,44.0,0,0
glischrocaryon,,,,,,,,,,,,,1,1.0,0,0
globularia,,,,,,,,,,,,,2,2.0,0,0
glochidion,0.665037500125,12.793929963,0.28177233287500003,10.5475,0.55625,,,,,,,,2,6.0,0,0
gloriosa,,,,,,32.38,,,,,,,1,1.0,0,0
glossocardia,,,,,,93.21,,,,,,,1,1.0,0,0
glossostigma,,58.633341612,0.165591398,,,,,,,,,,1,22.0,0,0
glyceria,1.54158046,258.275,0.032136325,,,,,,,,,,5,19.0,0,0
glycine,0.410520197740113,,,15.0,,,10.183333333333334,3474.1666666666665,41.159960953449996,0.0100747335,0.05132186372500001,94.91600854758335,2,790.0,2,1
glycyrrhiza,,,,,,,,,,,,,4,11.0,0,0
gnaphalium,,,,,,62.71,,,,,,,6,13.0,1,0
gnetum,0.312160431,69.42193191999999,0.3634152593333333,1.9144554340000002,,,,,,,,,1,6.0,0,0
goldbachia,,,,,,,,,,,,,1,2.0,0,0
gompholobium,,,,,,,,,,,,,2,3.0,0,0
gomphrena,,,,,,58.89,,,,,,,1,1.0,0,0
goniolimon,,,,,,,,,,,,,4,6.0,0,0
goniothalamus,1.1956025044210528,4.263494072894737,0.3197987925789474,13.671764705882353,0.8121428571428572,,,,,,,,1,19.0,0,0
gonocarpus,,27.1776087,0.173584906,,,,,,,,,,1,2.0,0,0
goodenia,,,,,,,30.0,3.0,0.94610342925,3.848650686,0.0,91.8411428725,1,1.0,1,1
goodyera,,,,,,,,,,,,,1,3.0,0,0
gordonia,0.5544565432222223,21.520090324444443,0.32329611333333336,13.868400000000001,0.7143974754285713,,,,,,,,1,9.0,0,0
gossypium,,,,,,56.93,,,,,,,2,41.0,0,0
goupia,,,,,,,,,,,,,1,2.0,0,0
graffenrieda,0.5577587301746032,13.466979956674601,0.4046285246507937,10.161278015873016,0.46973643964285716,,15.75,,10.2870788935,10.30105997825,0.0,82.7069204125,4,22.0,1,0
grayia,,,,,,,,,,,,,1,7.0,0,0
greeneochloa,,,,,,,,,,,,,1,3.0,0,0
grevillea,,,,,,,,,,,,,2,3.0,0,0
grewia,,,,,,,,,,,,,2,5.0,0,0
grias,0.8764,5.149241310333333,0.32870415933333336,10.771533333333332,0.9210562973333333,,,,,,,,1,3.0,0,0
grindelia,,,,,,,,,,,,,1,3.0,0,0
griselinia,1.253025,7.101933533625,0.11645184375,21.035,1.21,,,,,,,,1,32.0,0,0
grona,,,,,,82.9,,,,,,,1,1.0,0,0
guaiacum,0.414966667,8.156947684,0.532222222,18.44622612,,,,,,,,,1,2.0,0,0
guarea,0.8918083333333332,8.797241617305556,0.25174811886805554,21.398105625,1.171396339888889,,,,,,,,3,20.0,0,0
guazuma,,,,,,40.38,,,,,,,1,1.0,0,0
guibourtia,,,,,,,,,,,,,2,34.0,0,0
guiera,,,,,,,,,,,,,1,3.0,0,0
gutierrezia,0.2661,82.49598592428572,0.225,7.866639788888888,,,,,,,,,2,54.0,0,0
gymnadenia,,,,,,,,,,,,,2,11.0,0,0
gymnocarpium,,,,,,,,,,,,,1,9.0,0,0
gymnocarpos,,,,,,,,,,,,,1,1.0,0,0
gymnospermium,,,,,,,,,,,,,1,1.0,0,0
gymnosporia,0.52,15.88,0.33,,,,,,,,,,2,2.0,0,0
gymnostoma,,,,,,,9.0,2.5,3.2807667457142857,1.3294729994285714,0.301898519,96.60371663285714,1,0.0,1,1
gypothamnium,,,,,,,,,,,,,1,1.0,0,0
gypsophila,,,,,,,,,,,,,9,15.0,0,0
hackelia,,,,,,,,,,,,,1,2.0,0,0
hakea,0.5857142857142856,63.42857142857143,0.06328571428571429,,,,,,,,,,7,28.0,0,0
halerpestes,,,,,,,16.0,,68.06989674,0.0,0.0,100.0,1,0.0,1,0
halocarpus,0.6430583333333333,12.626124455583334,0.2620569589166667,15.100000000000001,,,,,,,,,2,12.0,0,0
halogeton,,10.76,,9.14,,,,,,,,,1,1.0,0,0
halostachys,,,,,,,,,,,,,1,3.0,0,0
halothamnus,,,,,,,,,,,,,3,8.0,0,0
haloxylon,,,,,,,,,,,,,5,48.0,0,0
hamamelis,0.5565867025,24.4928718425,0.19310122125,9.093525,,,,,,,,,1,9.0,0,0
hamelia,0.27754,44.2842865,0.143859532,24.45920706,,,,,,,,,1,2.0,0,0
handroanthus,0.9241814123592592,8.465530982187039,0.22477965971296296,15.321925040444446,1.1044656510526316,62.71260101010101,,,,,,,4,178.0,0,0
haplopappus,,,,,,,,,,,,,1,1.0,0,0
haplophyllum,,,,,,,,,,,,,1,3.0,0,0
harpullia,0.7678333334444445,6.439504043111111,0.4266097661111111,8.524444444444445,0.7,,,,,,,,1,9.0,0,0
harrimanella,0.39,,,,,,,,,,,,1,5.0,0,0
hebe,,55.164279236,,4.793627048,,,,,,,,,1,3.0,0,0
hedeoma,0.22,166.0,0.15,,,,,,,,,,1,1.0,0,0
hedera,0.5464,14.31832413,0.308041315,,,,17.38095238095238,19.444444444444446,34.80246185085119,6.668000348375,5.051820705136905,85.85430410714287,3,5.0,3,3
hedlundia,,,,,,,,,,,,,1,1.0,0,0
hedycarya,1.0609333333333333,11.578142181666665,0.10302887008333333,25.21,1.28,,,,,,,,1,12.0,0,0
hedyosmum,0.7506954680277778,15.52995797301389,0.15624095219444445,19.90707763888889,1.1718076783958333,,,,,,,,2,21.0,0,0
hedyotis,,,,,,13.24,,,,,,,1,1.0,0,0
hedysarum,,,,,,,,,,,,,4,4.0,0,0
heisteria,,,,,,,,3.0,,,,,1,0.0,0,1
helesia,0.44926379000000005,35.274338685000004,0.13016666675,19.202458325000002,,,,,,,,,1,4.0,0,0
helianthella,,11.55928462,,8.535434604,,,,,,,,,3,6.0,0,0
helianthemum,0.7161670889466667,63.59018319853334,0.41599379580000007,10.407499999999999,,,5.5,136.33333333333334,75.13548705,25.0,24.864864865,50.135135135249996,8,33.0,1,1
helianthus,0.4983116197839506,263.65895061728395,0.05544606547619048,35.57266666666667,,,,,,,,,28,77.0,0,0
helichrysum,0.40415,48.71831022366667,0.5980140013333334,,,,18.666666666666668,5.5,35.20337950333333,2.5061696338333332,0.0,97.36106601666667,5,6.0,1,1
helicia,0.18426,97.81,0.72,13.16,,35.0,,,,,,,1,1.0,0,0
helicostylis,0.2755388888888889,68.09457128222222,0.31329831133333336,26.003014999999998,1.019062941,,,,,,,,3,5.0,0,0
helictochloa,1.81152949,363.65,0.072195554,,,,,41.5,,,,,3,18.0,0,1
helictotrichon,1.68845173,378.4307692,0.0412695,,,,33.8,,27.28496560195,0.2592650338,0.3524880388,97.2366536725,3,16.0,1,0
heliocarpus,0.530880335,25.76759208125,0.20020993925,23.19133125,1.226415893625,,,,,,,,1,35.0,0,0
heliomeris,,108.5780054,,10.57406932,,,,,,,,,1,4.0,0,0
heliopsis,0.38123,64.0,0.1554125,,,,,,,,,,1,2.0,0,0
heliotropium,,,,,,15.36,11.25,49.75,29.7924857625,0.0269106565,0.2825618945,99.327233585,7,10.0,1,1
helleborus,,,,,,,,,,,,,2,2.0,0,0
hemerocallis,,25.3525,,,,,,,,,,,2,5.0,0,0
hemiandra,,,,,,,,,,,,,1,2.0,0,0
hemidesmus,,,,,,65.15,,,,,,,1,1.0,0,0
henophyton,,,,,,,,,,,,,1,4.0,0,0
hepatica,,,,,,,23.3,,37.2396905013,1.17587369855,1.17153342905,96.5908594055,1,0.0,1,0
heptapleurum,0.30159,97.69795454999999,0.22999999999999998,22.3736835,,47.0,,,,,,,2,2.0,0,0
heracleum,,,,,,,9.0,,47.19387755,0.0,0.0,100.0,6,13.0,1,0
hertia,,,,,,,,,,,,,1,1.0,0,0
hesperis,0.15940000000000001,435.94737904000004,,,,,,,,,,,1,8.0,0,0
hesperocyparis,,61.028882509999995,,8.3,0.3,,,,,,,,3,33.0,0,0
hesperostipa,0.2087535715,47.138114791346155,0.3897481578214286,11.718558558875,0.8,,,3.3333333333333335,,,,,3,74.0,0,1
hesperoyucca,,,,,,,,,,,,,1,2.0,0,0
heteropappus,0.3521266666666667,13.879999999999999,,,,29.0,,,,,,,1,7.0,0,0
heteropogon,,,,,,71.84,,,,,,,1,5.0,0,0
heterotheca,,,,,,,18.5,13.0,41.89879451,0.0,0.18993352325,98.1451772725,1,1.0,1,1
heuchera,0.2062,91.23542858,0.35,,,,,,,,,,2,4.0,0,0
hevea,,,,,,,,,,,,,1,1.0,0,0
hibbertia,,,,,,,,,,,,,7,10.0,0,0
hibiscus,,,,,,,20.0,,19.11467950817647,0.1021625897647059,0.09773172752941175,97.8134699517647,3,2.0,1,0
hieracium,,68.3076657443611,,5.8500873365,,,,,,,,,9,33.0,0,0
hierochloe,,,,,,,,,,,,,1,17.0,0,0
hieronyma,0.8114025620208333,7.18120702525,0.325186669,16.090845625,0.7688337269166667,,,,,,,,5,21.0,0,0
hilaria,,8.556000000000001,0.352,7.6,1.3,,,,,,,,3,27.0,0,0
himatanthus,,,,,,,,,,,,,1,1.0,0,0
hippocrepis,,,,,,,,,,,,,1,4.0,0,0
hippolytia,,,,,,,4.0,,92.36641221,0.0,0.0,100.0,1,0.0,1,0
hippophae,,,,,,,,,,,,,1,2.0,0,0
hippuris,,,,24.11414074,1.906628172,,,,,,,,1,4.0,0,0
hirpicium,,,,,,,,,,,,,1,2.0,0,0
hirtella,,,,,,,,,,,,,1,25.0,0,0
hoffmannseggia,,,,,,,,,,,,,1,1.0,0,0
hoheria,0.660622619047619,30.96159186011905,0.10684656195238096,25.25,,,,,,,,,2,13.0,0,0
holcus,0.2426600944375,331.8817151862069,0.1255073032,7.752890831263159,1.295,32.37,,,,,,,1,70.0,0,0
holosteum,,,,,,,,,,,,,1,3.0,0,0
homalanthus,,,,,,,,,,,,,1,6.0,0,0
homogyne,,,,,,,,,,,,,1,1.0,0,0
hopea,,,,8.85,,,,,,,,,3,12.0,0,0
horaninovia,,13.18,,9.16,,,,,,,,,2,5.0,0,0
hordeum,0.20620843030000002,204.9930273,0.24261624999999998,,,,19.0,,45.22580645,0.064516129,0.064516129,99.87096774,9,52.0,1,0
horminum,,,,,,,,,,,,,1,1.0,0,0
horsfieldia,1.6680973809142858,1.8636983572285715,0.3022766311428572,10.765833333333333,0.8004761904761905,,,,,,,,2,12.0,0,0
hosta,0.40705,60.45922807,0.126666667,10.83374933,,,,,,,,,1,1.0,0,0
houstonia,,27.330062324,,9.084728956,,,,,,,,,1,6.0,0,0
humiria,,,,,,,,,,,,,1,1.0,0,0
huperzia,,,,,,,,,,,,,1,2.0,0,0
hura,,,,,,,,,,,,,1,18.0,0,0
hyalopoa,,,,,,,,,,,,,1,1.0,0,0
hyalopodium,,,,,,,,,,,,,1,1.0,0,0
hydrangea,,,,,,,,,,,,,1,2.0,0,0
hydrocharis,,,,,,,,,,,,,1,1.0,0,0
hydrocotyle,,110.35060227500001,0.059615385,,,,,,,,,,2,14.0,0,0
hydrophyllum,2.7920000000000003,381.2166666666667,,29.2,,,,,,,,,1,6.0,0,0
hylodesmum,,2.0669840635,,26.0,3.47,,,,,,,,1,2.0,0,0
hylotelephium,2.03019701,557.9285714,0.034930007,,,,,,,,,,2,6.0,0,0
hymenaea,,0.1214,,,,,,,,,,,1,33.0,0,0
hymenocardia,,,,,,,,,,,,,1,3.0,0,0
hymenopappus,,23.181747313333332,,9.926322103,,,,,,,,,2,6.0,0,0
hymenopus,0.45640000000000003,15.854,0.47940000000000005,,,,,,,,,,5,5.0,0,0
hymenostegia,,,,,,,14.75,,18.40639801,1.6944648525000001,0.0,98.0308098725,1,0.0,1,0
hymenothrix,,98.97211123,,13.24608207,,,,,,,,,1,4.0,0,0
hymenoxys,0.2824,46.53128100125,0.232222222,13.817147015,,,,,,,,,3,12.0,0,0
hyoscyamus,,,,,,,,,,,,,3,5.0,0,0
hyparrhenia,,,,,,,,2529.3076923076924,,,,,3,3.0,0,1
hypecoum,,,,,,,,,,,,,2,8.0,0,0
hypericum,1.35246262,623.7491317333333,0.0804951305,,,54.98,14.895238095238096,11.0,37.19986190043869,7.052172757576191,0.467350272725,92.20275725583333,11,30.0,4,1
hypobathrum,0.462325,11.41490368,0.537348259,,,,,,,,,,1,1.0,0,0
hypocalymma,,,,,,,,,,,,,1,2.0,0,0
hypochaeris,0.9242141199999999,121.62247638642859,0.030861391,5.33064364,1.78,,9.470588235294118,34.5,20.423449740764706,10.966826419,1.712809517411765,86.56258329411764,4,25.0,1,1
hypogomphia,,,,,,,,,,,,,1,2.0,0,0
hypolaena,,,,,,,,,,,,,1,1.0,0,0
hyptis,,,,,,,,,,,,,1,1.0,0,0
iberis,,,,,,,,,,,,,1,1.0,0,0
ilex,0.460852486,34.971745338041664,0.2728030921458333,11.770827321428571,0.7128813438571429,54.17,,,,,,,10,25.0,0,0
illicium,,,,,,,,,,,,,2,2.0,0,0
imbralyx,0.470766667,20.14609754,0.318553552,12.5,0.49,,,,,,,,1,1.0,0,0
impatiens,,267.26,,,,,,,,,,,3,3.0,0,0
imperata,,,,,,,,,,,,,1,5.0,0,0
incarvillea,2.52,0.06942,,,,,,,,,,,1,1.0,0,0
indigastrum,,,,,,43.3,,,,,,,1,1.0,0,0
indigofera,,2.086803895,,20.65,2.795,72.486,,,,,,,10,13.0,0,0
inga,0.5216774992924603,14.59726828707991,0.3750771925486111,20.351300000000002,0.77759331125,42.332361249709415,,,,,,,26,163.0,0,0
inula,0.414,94.42,0.08049999999999999,10.66,2.0,81.9,16.61111111111111,,39.10196710438888,0.08220967711111112,0.20398368133333333,98.82054207944445,9,23.0,3,0
iphigenia,,,,,,49.12,,,,,,,1,1.0,0,0
iphionopsis,,,,,,,,,,,,,1,1.0,0,0
ipomoea,,,,,,59.88999999999999,14.105263157894736,,59.73620087210526,0.18884862931578947,0.10783140205263157,91.01945024368422,6,9.0,1,0
ipomopsis,,69.24777764166666,,9.453495743,,,,,,,,,3,13.0,0,0
iranecio,,,,,,,,,,,,,1,2.0,0,0
iris,0.3519,88.58480825733332,0.12172413800000001,12.672776254999999,,,11.0,,4.029304029,0.0,0.366300366,99.63369963,18,39.0,1,0
isachne,,,,,,,,,,,,,1,2.0,0,0
isatis,,,,,,,,,,,,,3,8.0,0,0
iseilema,,,,,,,,,,,,,1,3.0,0,0
ismelia,,,,,,,,,,,,,1,1.0,0,0
isoberlinia,,,,,,,,,,,,,1,11.0,0,0
isocoma,,,,,,,,,,,,,1,2.0,0,0
isoetes,,,,,,,,,,,,,1,2.0,0,0
isolepis,,,,,,,,,,,,,1,0.0,1,0
itea,0.11926,110.33,0.54,13.55,,8.0,,3.8333333333333335,,,,,2,1.0,0,1
iva,,,,,,,,,,,,,1,1.0,0,0
ixeridium,,13.31,,7.02,,,,,,,,,1,2.0,0,0
ixiolirion,,,,,,,,,,,,,1,1.0,0,0
ixora,0.527,15.34,0.35150000000000003,,,,,,,,,,2,2.0,0,0
jacaranda,,,,,,,,,,,,,1,1.0,0,0
jacaratia,,,,,,,,,,,,,1,30.0,0,0
jacksonia,,,,,,,,,,,,,2,2.0,0,0
jacobaea,1.39009343,659.9,0.109453917,4.2,2.28,,,,,,,,2,9.0,0,0
jamesbrittenia,,,,,,,,,,,,,1,1.0,0,0
jarava,,9.123333333333333,0.16433333333333333,9.53,0.5666666666666667,19.0,,,,,,,5,9.0,0,0
jasione,,,,,,,,,,,,,1,1.0,0,0
jasminum,,,,,,59.03,,,,,,,1,1.0,0,0
jatropha,,,,,,69.14,,,,,,,2,3.0,0,0
juglans,0.48848354691369045,36.99850956814453,0.4018229904465812,16.010411090227382,1.5310089839444445,49.912575923125004,,,,,,,5,156.0,0,0
julbernardia,,,,,,,,,,,,,2,16.0,0,0
juncus,0.9246107288888888,166.14868668825397,0.22257237152444445,6.6475,1.155,0.0,6.333333333333333,,44.35144675,0.0,0.044385264,99.86684420666666,18,121.0,3,0
juniperus,0.49136892493333334,30.6602947291875,0.31521007925,10.008490210055555,4.916015908,86.862407405,17.75,,39.134193295,0.0,0.0,97.60153873,17,132.0,1,0
jurinea,,,,,,,,,,,,,4,4.0,0,0
justicia,,,,,,55.825,,,,,,,2,2.0,0,0
kadenia,,,,,,,,,,,,,1,1.0,0,0
kalanchoe,,,,,,,,,,,,,1,1.0,0,0
kalidium,,,,,,,,,,,,,1,1.0,0,0
kalimeris,,,,,,,7.0,,13.33333333,0.0,0.0,100.0,1,0.0,1,0
kallstroemia,,,,,,,,,,,,,1,2.0,0,0
kalmia,,,,,,,,,,,,,3,8.0,0,0
karelinia,2.2725,,,18.177500000000002,,,,,,,,,1,22.0,0,0
kemulariella,,,,,,,,,,,,,1,2.0,0,0
kennedia,,,,,,,5.0,,9.090909091,0.0,0.0,100.0,1,0.0,1,0
keteleeria,,,,,,,,,,,,,1,2.0,0,0
khaya,,,,,,,,,,,,,1,1.0,0,0
kickxia,,,,,,,,,,,,,2,2.0,0,0
kielmeyera,,,,,,,,,,,,,1,1.0,0,0
kirkia,,,,,,,,,,,,,1,2.0,0,0
kleinia,,,,,,,,,,,,,1,1.0,0,0
knautia,2.22347129,220.69189390000003,0.057754364,,,,,2.55,,,,,2,43.0,0,1
knema,1.2945224659833334,3.0944288031555556,0.33501214850833333,9.915396825396826,0.7864583333333334,,,,,,,,3,16.0,0,0
knightia,0.38327999999999995,45.401677602,0.197126325,16.1,,,,,,,,,1,14.0,0,0
kochia,,,,,,,,,,,,,2,2.0,0,0
koeberlinia,,,,,,,,,,,,,1,6.0,0,0
koeleria,0.5501760204444445,145.55227467033333,0.1935894348888889,14.972234606666667,,,20.454545454545453,4.666666666666667,32.029502315,6.33406829909091,0.08527362118181818,93.34791194,9,92.0,1,1
koelpinia,,,,,,,,,,,,,1,1.0,0,0
koelreuteria,0.43613751,50.545742626000006,0.123,10.6792,2.83,,,,,,,,1,5.0,0,0
koenigia,,,,,,,5.0,,15.87301587,14.28571429,0.0,85.71428571,1,0.0,1,0
kohautia,,,,,,20.13,,,,,,,2,2.0,0,0
koompassia,,,,,,,,,,,,,1,4.0,0,0
krameria,,,,,,,,,,,,,2,4.0,0,0
krascheninnikovia,0.245475,34.16550379,0.340208334,16.445,,,2.0,,0.0,0.0,0.0,100.0,2,28.0,1,0
krigia,,,,,,,17.666666666666668,4.0,56.24523234333333,0.5602240896666667,0.0,99.39550853666667,1,0.0,1,1
krynitzkia,,,,,,,,,,,,,1,1.0,0,0
kubitzkia,0.62,10.54,0.338,,,,,,,,,,1,1.0,0,0
kunzea,0.5365833333333333,39.469858896666665,0.12597707766666666,,,,,,,,,,1,6.0,0,0
kutchubaea,0.4656666666666667,22.063333333333333,0.3096666666666667,,,,,,,,,,3,3.0,0,0
laburnum,,,,,,,,,,,,,1,4.0,0,0
lachnagrostis,,90.8129908656129,0.11791090953333333,,,,,,,,,,2,122.0,0,0
lacmellea,,0.34015,,,,,,,,,,,1,2.0,0,0
lactuca,0.90010636,167.22276933,0.18832903025,,,,13.0,,41.17647059,2.521008403,0.0,95.79831933,8,22.0,2,0
ladeania,,,,,,,,,,,,,1,7.0,0,0
ladenbergia,0.33845,30.14592784,0.352727273,16.15553,0.787876739,,,,,,,,1,1.0,0,0
laennecia,,39.74520258333333,,12.39443898,,,,,,,,,1,4.0,0,0
lagascea,,,,,,63.32,,,,,,,1,1.0,0,0
lagochilus,,,,,,,,,,,,,3,3.0,0,0
lagopsis,,,,,,,13.0,,1.323042999,0.0,0.496141125,99.50385888,1,0.0,1,0
lagotis,,,,,,,,,,,,,2,5.0,0,0
lagurus,,,,,,,,,,,,,1,1.0,0,0
lallemantia,,,,,,,,,,,,,1,4.0,0,0
lamarckia,,,,,,,,,,,,,1,1.0,0,0
lamium,1.2626961775,566.2963964,0.07419368975,22.509536,,,,,,,,,5,13.0,0,0
lannea,,,,,,,,,,,,,1,2.0,0,0
lantana,,,,,,,18.5,,8.3241218584,0.0026852846,0.0,83.648730775,2,5.0,1,0
lappula,,,,,,,,,,,,,4,9.0,0,0
lapsana,,,,,,,,,,,,,1,3.0,0,0
larix,0.5977950223560091,20.13326165869795,0.289288464410628,14.645927045630138,1.6775331220652314,65.71431319,,,,,,,10,884.0,0,0
larrea,,,,,,,,,,,,,4,26.0,0,0
laser,,,,,,,,,,,,,1,3.0,0,0
lasiurus,,,,,,,,,,,,,1,2.0,0,0
lasthenia,,303.7737621,,,,,,,,,,,1,1.0,0,0
lathyrus,2.833884975,91.232758144,0.09907664725,15.5,,,23.0,18.5,63.61527944666667,6.619059870333333,0.018832391666666667,92.92896272666667,18,63.0,1,1
launaea,0.376075,6.438488387,0.457593628,,,,,,,,,,1,1.0,0,0
laurelia,1.0512700000000001,10.5071850221,0.11258240639999999,23.2,,,,,,,,,1,14.0,0,0
lavandula,0.3599041666666667,16.464613897,0.7894644056666666,,,43.62083333,,110.0,,,,,3,5.0,0,1
layia,,205.6605635,,,,,,,,,,,1,1.0,0,0
ledebouria,,,,,,49.31,,,,,,,1,1.0,0,0
ledum,0.5182857142857143,11.360166666666666,,11.2,0.8600000000000001,,,,,,,,1,40.0,0,0
leersia,,72.0,,19.75,,,,,,,,,1,3.0,0,0
legousia,,,,,,,,,,,,,1,1.0,0,0
leiospora,,,,,,,,,,,,,1,1.0,0,0
leipoldtia,,,,,,,,,,,,,1,4.0,0,0
lens,,,,,,,,99.5,,,,,1,0.0,0,1
leonia,0.61,10.08648675,0.339193655,23.22604,,,,,,,,,1,1.0,0,0
leontice,,,,,,,,,,,,,1,3.0,0,0
leontodon,2.24730384,224.37840418333334,0.076194769,,,,18.0,,11.086927332714286,2.794961887714286,0.0,96.74154673428572,5,23.0,1,0
leontopodium,0.2,44.33129,,,,,18.5,,14.581851785,12.0520946,0.22490451325,87.6385556925,4,8.0,2,0
leopoldia,,,,,,,,,,,,,1,1.0,0,0
lepechiniella,,,,,,,,,,,,,1,1.0,0,0
lepidium,0.6459151466666667,304.83824476125,0.35166167516666663,14.21282053,,,,,,,,,10,23.0,0,0
lepidobolus,,,,,,,,,,,,,1,1.0,0,0
lepidosperma,,,,,,,,,,,,,2,2.0,0,0
lepidothamnus,0.29,21.5,0.37,5.87,0.21,,,,,,,,1,1.0,0,0
lepisanthes,0.7195888890000001,7.8712704276666665,0.40346976166666665,10.71,0.7766666666666667,,,,,,,,1,3.0,0,0
leptadenia,,,,,,8.32,,,,,,,2,2.0,0,0
leptaleum,,,,,,,,,,,,,1,8.0,0,0
leptecophylla,0.1,128.2,0.71,3.85,0.15,,,,,,,,1,1.0,0,0
leptinella,,93.66941823125,0.042857143,,,,,,,,,,1,18.0,0,0
leptobalanus,0.441,18.39,0.4614,,,,,,,,,,5,5.0,0,0
leptochloa,,,,,,,,,,,,,1,1.0,0,0
leptorhabdos,,,,,,,5.0,,71.42857143,0.0,0.0,100.0,1,0.0,1,0
leptorhynchos,,,,,,,11.333333333333334,5.0,12.243542715866669,11.631167651333334,0.024600246,87.21161111413333,1,0.0,1,1
leptospermum,0.36025,96.57545642500001,0.1425855705,11.105,0.18,,,,,,,,2,13.0,0,0
leschenaultia,,,,,,,,,,,,,1,1.0,0,0
lespedeza,0.33395708333333335,83.80209918571428,0.246135238,20.042164305,4.71,35.22,,,,,,,9,29.0,0,0
lessingianthus,,,,,,,,,,,,,1,3.0,0,0
leucadendron,,,,,,,,,,,,,2,4.0,0,0
leucaena,0.5333333333333333,20.533333333333335,,19.0,0.8,,,,,,,,1,40.0,0,0
leucanthemopsis,,,,,,,,,,,,,1,12.0,0,0
leucanthemum,0.5901054133333333,256.5058757,0.054658792,8.59,3.6,,,,,,,,2,54.0,0,0
leucas,,,,,,65.005,,,,,,,2,2.0,0,0
leucheria,,,,,,,,,,,,,1,1.0,0,0
leucojum,,,,,,,,,,,,,2,3.0,0,0
leucopogon,,,,,,,,,,,,,2,3.0,0,0
leucostele,,,,,,,,,,,,,1,2.0,0,0
levisticum,,,,,,,,,,,,,1,1.0,0,0
lewisia,,,,,,,,,,,,,1,2.0,0,0
leymus,0.20555512333333334,94.22571428571429,0.256,12.34,,14.715,,41.77272727272727,,,,,12,80.0,0,1
liatris,0.2913225,269.5,0.18164787500000001,23.0,,,,,,,,,6,25.0,0,0
libanotis,,,,,,,,,,,,,2,6.0,0,0
licania,0.464686104129329,13.23005260103788,0.6079286624621212,14.686256666666665,0.551961402,,,,,,,,12,41.0,0,0
licaria,0.8258928571428571,7.57011605,0.35336390535714285,24.92558,,,,,,,,,8,38.0,0,0
ligularia,,,,,,,,,,,,,3,4.0,0,0
ligustrum,,,,,,,,,,,,,1,3.0,0,0
lilaeopsis,,48.78014522203225,0.044025157,,,,,,,,,,1,62.0,0,0
lilium,,,,,,,17.5,3.6666666666666665,36.48758592125,14.01805832975,0.044300059,85.7855122875,6,9.0,1,1
limonium,,,,,,,,,,,,,7,11.0,0,0
linaria,2.07067624,179.8321343558,0.10889211,10.01238704,,,,,,,,,8,19.0,0,0
lindelofia,,,,,,,5.0,,78.04878049,0.0,0.0,92.68292683,2,2.0,1,0
lindera,0.7405859510625,31.892304247995835,0.28473088816250003,15.97727226,0.5488888888888889,88.83333333499999,,,,,,,6,31.0,0,0
linnaea,0.362925,65.0480192725,,9.975,1.7,,11.529411764705882,26.666666666666668,30.776310020529408,0.15583296205882355,0.03594015929411765,99.72677322823529,1,24.0,1,1
linosyris,,,,,,,,,,,,,1,1.0,0,0
linum,1.2147251000000001,135.5512572575,0.20238094299999998,11.011668146,,,16.0,,14.80981956275,0.0,0.12155591575,94.547181145,12,31.0,1,0
lipschitzia,2.1725,,,16.490000000000002,,,,,,,,,1,12.0,0,0
liquidambar,0.4578303664510638,29.435045288833333,0.4349921831375,10.006781134050001,0.29000000000000004,71.324603788,,,,,,,4,215.0,0,0
liriodendron,1.1327885517248064,10.43198431325,0.19967716961827958,17.29792287275,1.974545653222222,63.40608015573076,,,,,,,2,150.0,0,0
litchi,0.10116666666666667,,,,,,,,,,,,1,62.0,0,0
lithocarpus,0.5798567924188313,23.761321448348486,0.4079750277694805,10.601730666666667,0.43944444444444447,100.0,,,,,,,15,64.0,0,0
lithops,,,,,,,,,,,,,2,2.0,0,0
lithospermum,,13.237800786,,8.125218153,,,,,,,,,5,15.0,0,0
lithraea,,,,,,,,,,,,,1,3.0,0,0
litsea,0.915108153572549,12.256329472692157,0.27867941785882355,16.579012184315477,0.7376538461538461,85.0,,,,,,,17,55.0,0,0
litwinowia,,,,,,,,,,,,,1,2.0,0,0
lobelia,0.18808,214.23779876604166,,5.721012581,,,10.32,,15.7660614256,20.67602949212,0.07022212624,74.81326834768,6,76.0,1,0
lobularia,,,,,,,,,,,,,1,1.0,0,0
loganiaceae,,,,,,,,,,,,,1,1.0,0,0
lolium,0.76172905308,241.91777825053333,0.07597080107142856,13.592333333333334,1.29,24.3,,,,,,,7,854.0,0,0
lomandra,0.515,23.700000000000003,,,,,13.15,5.5,20.180208449749998,0.5694444445,0.0,98.2123069045,6,8.0,2,2
lomaria,0.36,26.3,0.3,5.5,0.25,,,,,,,,1,1.0,0,0
lomatium,,,,,,,,,,,,,3,4.0,0,0
lomatogonium,,,,,,,5.0,,20.0,0.0,0.0,100.0,1,0.0,1,0
lomelosia,,,,,,,,,,,,,1,3.0,0,0
lonchocarpus,,,,,,,,,,,,,1,1.0,0,0
lonicera,1.6324297713333333,52.57923091767857,0.3530848329285714,12.556782303571428,,92.33333333499999,2.0,,33.33333333,0.0,0.0,100.0,19,61.0,2,0
loropetalum,0.57,91.0,,,,,,30.8,,,,,1,5.0,0,1
lotus,0.6378755488125,122.23879944826923,0.06030396416666667,30.833626071923078,,22.5,14.291666666666668,17.9,24.144708316479168,3.643299712072917,1.44419018846875,91.53809240083334,7,84.0,4,2
loudetia,,,,,,,,,,,,,1,2.0,0,0
ludwigia,,,,,,,,,,,,,1,2.0,0,0
luetkea,,,,,,,,,,,,,1,1.0,0,0
lunaria,,,,,,,,,,,,,1,1.0,0,0
lupinus,0.34,32.73201588833333,0.32,28.334546376666665,,,,,,,,,12,25.0,0,0
luzula,0.9549428600000001,296.3015958666667,0.056757543,8.408321663333334,1.4,,8.625,,46.7087017045,1.72795533325,0.0,98.189257475,11,60.0,2,0
lycium,,0.971981093,,20.9,2.91,,,,,,,,5,12.0,0,0
lycopodium,,,,,,,,,,,,,1,5.0,0,0
lycopus,,,,,,,,,,,,,2,4.0,0,0
lygodesmia,0.36985,33.15708162,0.359426374,,,,,,,,,,1,24.0,0,0
lygodium,,,,,,,6.5,,0.45493595000000003,0.0,0.0,99.8979591825,1,0.0,1,0
lysiloma,0.3835,7.574046568,0.31048868,13.96939635,,64.73,,,,,,,1,3.0,0,0
lysimachia,,,,,,,10.0,,96.76589933,0.0413907285,0.0413907285,99.89371126,8,28.0,1,0
lysiphyllum,,,,,,,,,,,,,1,1.0,0,0
lysmachia,0.466,86.16,,14.2,,,,,,,,,1,2.0,0,0
lythrum,,,,,,,,,,,,,2,7.0,0,0
maackia,,,,,,,,,,,,,1,1.0,0,0
macaranga,0.3484857538333333,68.91615680333334,0.2251555011666667,20.405,,15.0,,,,,,,7,145.0,0,0
machaerium,,0.2457,,,,,,,,,,,2,32.0,0,0
machilus,0.6599974298629631,16.928512832782406,0.2788571046379629,17.53250326757143,0.7823713333333333,84.8660184675,,1.2,,,,,12,51.0,0,1
maclura,,,,,,,,,,,,,1,5.0,0,0
maclurodendron,,,,19.150000000000002,0.42,,,,,,,,1,6.0,0,0
macropanax,0.2637,28.7,0.32,14.53,,39.0,,,,,,,1,1.0,0,0
madhuca,0.7965,9.01975,0.2535,9.700000000000001,0.16666666666666666,,,,,,,,2,10.0,0,0
madia,,,,,,,,,,,,,1,1.0,0,0
magnolia,0.82075944912021,14.171650469319225,0.19757120281878307,20.197693591145832,0.6049686666666666,81.66135503379166,,,,,,,30,177.0,0,0
maianthemum,,,,,,,16.0,7.333333333333333,33.950046345833336,8.008902203083332,0.018076645,91.2109444225,3,24.0,1,1
malaleuca,,,,,,,,,,,,,1,1.0,0,0
malcolmia,,,,,,,,,,,,,4,15.0,0,0
mallotus,0.2358,97.12113636,0.244444444,20.893891,,,,,,,,,2,2.0,0,0
malosma,,,,,,,,,,,,,1,61.0,0,0
malpighia,0.4637,9.214292607,0.307302153,16.21389786,,,,,,,,,1,2.0,0,0
malus,0.43490615836875,32.0252028795,0.3104584098,15.8,,35.472222222388886,,14.904761904761905,,,,,5,87.0,0,1
malva,,,,,,,,,,,,,1,1.0,0,0
mammillaria,,,,,,,,,,,,,2,2.0,0,0
mangifera,,,,,,,,,,,,,1,2.0,0,0
manglietia,0.50389,21.82,0.19,22.15,,87.0,,,,,,,1,1.0,0,0
manihot,,,,,,,24.166666666666668,,35.01412094472222,10.262519943444444,0.10630022827777778,81.42625739944444,1,1.0,1,0
manilkara,,0.19305,,14.0,,,,,,,,,2,5.0,0,0
manoao,0.47,18.9,0.19,7.09,0.3,,,,,,,,1,1.0,0,0
maquira,0.6233333333333334,13.983333333333334,0.38833333333333336,,,,,,,,,,3,3.0,0,0
markhamia,,,,,,,,,,,,,1,2.0,0,0
marlimorimia,,,,,,,,,,,,,1,6.0,0,0
marmoritis,,,,,,,4.0,,0.746268657,0.0,0.0,100.0,1,0.0,1,0
marquesia,,,,,,,,,,,,,1,5.0,0,0
marrubium,,,,,,,,,,,,,1,1.0,0,0
matayba,0.36794464727777776,22.478577857333335,0.5089379813333333,11.720439444444445,0.4799760645,,,,,,,,2,10.0,0,0
matricaria,2.081931035,388.85598289999996,0.0363252165,,,,,,,,,,3,7.0,0,0
matteuccia,0.34293333800000003,132.21018527799998,0.1098199576,19.326926242,,,,,,,,,1,6.0,0,0
matthiola,,,,,,,,,,,,,4,4.0,0,0
mausolea,,,,,,,,,,,,,1,2.0,0,0
mayodendron,0.591666667,1.773259879,0.500089681,19.577353,,,,,,,,,1,2.0,0,0
maytenus,1.2421036694,3.9263741686,0.38031425385,11.57930678555,0.48212921870000003,92.57142857142857,,,,,,,1,20.0,0,0
meconopsis,,,,,,,2.0,,50.0,0.0,0.0,100.0,1,0.0,1,0
medicago,1.4235209219444445,260.9964975504444,0.10841039427777778,27.145057681666668,1.9,22.7925,14.0,98.0,12.895504201333333,0.0,0.36231884066666664,95.24959742333333,9,106.0,1,1
megacarpaea,,,,,,,,,,,,,1,3.0,0,0
megathyrsus,,,,,,,,34.125,,,,,1,58.0,0,1
melaleuca,,,,,,,,,,,,,5,11.0,0,0
melampyrum,,,,,,,,,,,,,2,11.0,0,0
melandrium,,,,,,,,,,,,,1,1.0,0,0
melastoma,,,,,,,,,,,,,1,25.0,0,0
melia,,,,,,,,,,,,,1,2.0,0,0
melica,,,,,,,10.125,,52.5204432638125,0.034031098625,0.1022310666875,93.53077376625001,4,15.0,2,0
melicoccus,,,,,,,,,,,,,1,4.0,0,0
melicope,0.25397,97.19,0.21,21.045,0.5299999999999999,71.0,,,,,,,2,7.0,0,0
melicytus,0.47389166666666666,54.131154875,0.12032480141666667,18.173186025,1.482652658,,,,,,,,1,14.0,0,0
melilotus,0.29,99.82249999999999,0.10342499999999999,16.9,,15.9,,,,,,,2,16.0,0,0
memecylon,0.3652793622,53.5266933384,0.373946432,12.24,,,,,,,,,1,5.0,0,0
meniocus,,,,,,,,,,,,,1,1.0,0,0
menisciopsis,,1.3050026465,,9.72748256675,0.92908843575,,,,,,,,1,4.0,0,0
menodora,,,,,,,,,,,,,1,4.0,0,0
mentha,,,,,,,24.0,,50.81458495,0.077579519,0.232738557,99.6121024,5,13.0,1,0
mentzelia,,,,,,,,,,,,,3,4.0,0,0
menyanthes,,,,7.08495157,0.718155482,,,,,,,,1,13.0,0,0
mercurialis,,,,,,,9.583333333333334,1.6666666666666667,26.156343309666667,0.013993842749999999,0.5454434219166667,98.92904250166667,2,8.0,1,1
meriania,0.5885294711875,15.634056288375,0.2727670804375,18.670353125,1.0292987555,,,,,,,,1,16.0,0,0
merremia,0.522,31.68,,20.61,,,,,,,,,2,3.0,0,0
mesembryanthemum,,,,,,,,,,,,,1,1.0,0,0
mesosetum,,,,,,,,,,,,,2,2.0,0,0
mesosphaerum,,,,,,54.27,,,,,,,1,1.0,0,0
metasequoia,0.6625922853333334,14.823989857166666,0.21545113949999997,1.8114711840000002,,75.73166667,,,,,,,1,11.0,0,0
metathelypteris,,1.71111417,,7.8968258505,1.02929276775,,,,,,,,1,4.0,0,0
metrosideros,0.32553666666666664,53.00811883957143,0.3389765155476191,9.115277777777777,0.39416666666666667,,,,,,,,6,58.0,0,0
meum,,,,,,,,,,,,,1,2.0,0,0
mezilaurus,0.696,12.92,0.219,,,,,,,,,,1,3.0,0,0
miconia,0.4998387516638889,25.18884841738611,0.30996414558611113,15.315084583333332,0.6648110921683333,,,,,,,,7,37.0,0,0
micranthes,,,,,,,,,,,,,5,7.0,0,0
microbiota,0.4559666666666667,20.39841208,0.3659586273333333,,,,,,,,,,1,4.0,0,0
microcephala,,,,,,,,,,,,,1,1.0,0,0
micrococca,,,,,,53.7,,,,,,,1,1.0,0,0
microcos,0.11685,115.38,0.52,15.79,,40.0,,,,,,,1,1.0,0,0
microlaena,0.17758746733333333,195.06088599999998,,,,,,,,,,,1,17.0,0,0
micromelum,0.6529166664999999,10.149242943,0.3282727775,19.939999999999998,1.06,,,,,,,,1,2.0,0,0
micropholis,0.576743873440205,10.891930146840476,0.4770504713825397,16.74143,,,,,,,,,7,68.0,0,0
microseris,,177.358697,,,,,,,,,,,1,1.0,0,0
microsorum,,,,,,,12.708333333333334,7.166666666666667,26.885469918374998,0.01560192875,0.16666666666666666,92.60257867958335,1,0.0,1,1
microstegium,,,,11.795,,,,,,,,,1,9.0,0,0
microsteris,,,,,,,,,,,,,1,1.0,0,0
microthlaspi,,,,,,,,,,,,,1,1.0,0,0
microtropis,0.45889,79.59,0.33,22.46,,65.0,,,,,,,1,1.0,0,0
milicia,,,,,,,,,,,,,1,7.0,0,0
milium,,,,,,,,,,,,,3,15.0,0,0
millettia,0.34158,25.62,0.43,31.22,,30.0,,,,,,,1,1.0,0,0
millingtonia,0.633133333,7.477468528,0.430357635,17.63251662,,61.08,,,,,,,1,6.0,0,0
mimosa,,,,,,72.21,,,,,,,5,6.0,0,0
minuartia,,,,,,,,,,,,,14,23.0,0,0
mirabilis,0.2025,44.97698908666666,0.509128,11.84925675,,,,,,,,,2,7.0,0,0
miscanthus,,,,,,,,,,,,,1,2.0,0,0
mitrephora,0.8092222223333333,6.742303877,0.3147062153333333,16.78333333333333,0.8766666666666666,,,,,,,,1,3.0,0,0
moehringia,,,,,,,,,,,,,1,1.0,0,0
mohavea,,,,,,,,,,,,,1,1.0,0,0
molinia,0.29,26.873740412,,8.585,1.63,19.09,,,,,,,2,21.0,0,0
moltkia,,,,,,,,,,,,,1,1.0,0,0
moltkiopsis,,,,,,,,,,,,,1,3.0,0,0
monarda,0.27182,88.66666666666667,0.191791,17.866666666666667,,,,,,,,,1,5.0,0,0
moneses,,,,,,,,,,,,,1,7.0,0,0
monocymbium,,,,,,,,,,,,,1,1.0,0,0
monoon,0.9441008336500001,5.2086643116,0.2817207456,21.424195585,0.8588888888888888,,,,,,,,2,12.0,0,0
monoptilon,,,,,,,,,,,,,1,1.0,0,0
monotes,,,,,,,,,,,,,2,9.0,0,0
montinia,,,,,,,10.75,4.2,15.770386255125,0.013850277375000001,0.2305816,92.90113205125,1,0.0,1,1
montiopsis,,,,,,,,,,,,,1,1.0,0,0
montrouziera,,,,,,,11.0,7.0,22.726976197,1.23748609575,0.2109463345,96.3238448,1,0.0,1,1
moorochloa,,,,,,,,,,,,,1,1.0,0,0
moquilea,,,,,,,,,,,,,1,5.0,0,0
morella,,,,,,,,4.0,,,,,1,0.0,0,1
moringa,0.504966667,6.190157752,0.270378476,23.26992194,,,,,,,,,1,2.0,0,0
morisonia,,,,,,,,,,,,,1,1.0,0,0
morus,0.47649074074074077,31.566647325555554,0.42260819466666666,19.410124444444442,1.8601559225,,,,,,,,4,34.0,0,0
mouriri,,,,,,,,,,,,,1,4.0,0,0
muehlenbeckia,,45.675492203333334,0.42547891716666664,,,,,,,,,,1,12.0,0,0
muhlenbergia,,99.35484547912894,0.2738,10.183592305142858,,31.0,,,,,,,14,70.0,0,0
mulguraea,,,,3.4025,,,,,,,,,1,18.0,0,0
munroa,0.23,247.44031088333332,0.07,7.17486260525,,,,,,,,,5,18.0,0,0
muraltia,,,,,,,10.25,6.0,14.125983837,0.08960573475,0.0,99.882081695,1,0.0,1,1
murbeckiella,,,,,,,,,,,,,1,3.0,0,0
musanga,,,,,,,7.0,1.0,0.0,0.0,0.0,96.14890886,1,0.0,1,1
muscari,,,,,,,,,,,,,5,10.0,0,0
musineon,0.5138,35.51308466,0.223564815,,,,,,,,,,1,1.0,0,0
mutellina,,,,,,,,,,,,,1,1.0,0,0
mutisia,,,,,,,,,,,,,1,2.0,0,0
myoosotis,,67.99903623333334,0.066799173,,,,,,,,,,1,8.0,0,0
myosotis,1.90259981,491.05555556666667,0.025849972,,,,,,,,,,10,31.0,0,0
myrcia,0.36659803923529416,20.549895004411763,0.5234348395882353,15.51967263,,,,,,,,,18,20.0,0,0
myrcianthes,0.3822,16.12794195,0.540142518,8.70546,,,,,,,,,1,1.0,0,0
myrciaria,0.401,13.03,0.5489999999999999,,,,,,,,,,2,2.0,0,0
myrica,0.36448333316666665,36.71241662833334,0.22616313116666667,16.037457146999998,0.6782947761666667,,,,,,,,2,51.0,0,0
myricaria,,,,,,,,,,,,,1,1.0,0,0
myriocarpa,0.4168,24.142114476666666,0.3400036993333333,22.067406666666667,,,,,,,,,1,3.0,0,0
myriophyllum,,39.46383428,0.0992506603181818,,,,,,,,,,2,46.0,0,0
myrsine,0.5991827007416667,24.625267151029167,0.2860120866125,11.09956309090909,0.5657936704166666,,,,,,,,5,40.0,0,0
myrtus,0.423125,10.13083205,0.787755381,,,22.475,,,,,,,1,3.0,0,0
mytilaria,0.4,42.625,0.235,11.917020966911112,2.5221493758499998,,,,,,,,1,75.0,0,0
nabalus,0.19665,342.7914286,0.13008233349999998,32.909857,,,,,,,,,2,2.0,0,0
nageia,0.43950151175,32.054120616666665,0.323340118,1.62686523575,,,,,,,,,1,6.0,0,0
nama,,183.65086723333334,,7.407644987,,,,,,,,,2,7.0,0,0
nananthus,,,,,,,,,,,,,1,1.0,0,0
nanophyton,,,,,,,,,,,,,1,5.0,0,0
narcissus,,,,,,,,,,,,,1,1.0,0,0
nardophyllum,,,,4.333333333333333,,,,,,,,,1,9.0,0,0
nardus,0.3156666666666667,37.53,,8.493333333333334,1.08,14.995,,,,,,,1,14.0,0,0
narthecium,,,,,,,,,,,,,1,2.0,0,0
nassauvia,,,,7.55,,,,,,,,,2,11.0,0,0
nassella,0.23675,91.597441935,0.517363388,11.0,0.4,,,,,,,,4,12.0,0,0
naucleopsis,0.3915512467708333,25.752892992083332,0.4149347214791667,23.403275,0.782507813625,,,,,,,,6,13.0,0,0
nectandra,,,,,,,,,,,,,1,30.0,0,0
neltuma,,,,19.9,0.9,,,,,,,,7,58.0,0,0
nemesia,,,,,,,,,,,,,1,1.0,0,0
neogaya,,,,,,,,,,,,,1,4.0,0,0
neolitsea,0.554745,25.65,0.14666666666666667,25.20095238095238,0.3983333333333333,76.298966409,,1.0,,,,,8,41.0,0,1
neomyrtus,0.21,42.3,0.68,5.03,0.32,,,,,,,,1,1.0,0,0
neopanax,0.7533571428571428,16.80382927707143,0.16757045125000003,10.01,0.96,,,,,,,,2,9.0,0,0
neotorularia,,,,,,,,,,,,,1,2.0,0,0
neotrinia,,,,,,,,,,,,,1,6.0,0,0
neottia,,,,,,,,,,,,,1,3.0,0,0
nepeta,,24.055,,,,,4.0,,1.612903226,0.0,1.209677419,98.79032258,4,7.0,1,0
nephelium,0.15885,58.45,0.5,12.193333333333333,0.34833333333333333,53.0,,,,,,,2,7.0,0,0
nephroia,,,,,,,,,,,,,1,1.0,0,0
nephrolepis,,,,,,,21.05263157894737,16.0,14.726080728736843,0.1773229302631579,0.5132970039473684,95.86943682526315,1,0.0,1,1
nerisyrenia,,,,,,,,,,,,,1,3.0,0,0
nerium,0.453441667,14.17862159,0.540704456,,,23.90555556,,,,,,,1,2.0,0,0
neslia,,,,,,,,,,,,,1,1.0,0,0
nestegis,0.744709090909091,10.963528249,0.22229067845454545,14.6,,,,,,,,,1,11.0,0,0
nicotiana,,,,,1.217127649,,,466.1666666666667,,,,,3,7.0,0,1
nigella,,,,,,,,,,,,,2,2.0,0,0
nitraria,,4.365,,21.34,,,,,,,,,1,8.0,0,0
no,,,,,,,19.16010781671159,,30.246782528830536,5.54708988874066,3.592814852990796,86.53028965348022,1,0.0,1,0
noaea,,,,,,,,,,,,,1,1.0,0,0
noccaea,,,,,,,,,,,,,4,4.0,0,0
nolana,,,,,,,,,,,,,1,1.0,0,0
nolina,,,,,,,,,,,,,1,1.0,0,0
nolletia,,,,,,,,,,,,,1,1.0,0,0
nonea,,,,,,,,,,,,,3,13.0,0,0
noronhia,0.59,9.46,0.43,,,,,,,,,,1,1.0,0,0
nothofagus,0.30235729166666664,58.975720144947914,0.2931137966302083,12.415714285714285,1.565238095238095,,,,,,,,8,197.0,0,0
noticastrum,,11.85,0.157,7.6,,36.0,,,,,,,1,2.0,0,0
nuphar,,,,,,,,,,,,,3,5.0,0,0
nymphaea,,,,,,,,,,,,,1,1.0,0,0
nyssa,0.54578915,12.98308913857143,0.16860585457142857,14.321416665000001,,,,,,,,,2,10.0,0,0
oberna,,,,,,,,,,,,,1,3.0,0,0
ochna,,,,,,,,,,,,,1,7.0,0,0
ochradenus,,,,,,,,,,,,,1,1.0,0,0
ocimum,,,,,,44.985,,,,,,,2,3.0,0,0
ocotea,0.7007153988373809,11.573432271549285,0.30821945840833337,17.78177556802721,0.7419582397857143,75.0,,,,,,,20,51.0,0,0
odontarrhena,,,,,,,,,,,,,1,1.0,0,0
odontites,,,,,,,,,,,,,1,1.0,0,0
odontosoria,,1.19832670475,,8.48040072725,0.56672564225,,,,,,,,1,4.0,0,0
odyssea,,,,,,,,,,,,,1,1.0,0,0
oedibasis,,,,,,,,,,,,,1,4.0,0,0
oenanthe,,,,,,,,,,,,,1,1.0,0,0
oenothera,0.29746999999999996,87.34533730333334,0.2673743333333333,7.707286179,,,,,,,,,8,21.0,0,0
oldeania,,,,,,,,,,,,,1,2.0,0,0
olea,0.5180882352941176,10.28375,0.40625,,,,,,,,,,1,68.0,0,0
olearia,0.5085166666666667,32.45080609833334,0.1897947595,18.415,1.17,,,,,,,,3,5.0,0,0
olgaea,,,,,,,,,,,,,1,5.0,0,0
oligochaeta,,,,,,,,,,,,,1,1.0,0,0
olsynium,,,,,,,,,,,,,1,1.0,0,0
onobrychis,,80.3,0.0944,,,5.5,,,,,,,7,16.0,0,0
onoclea,0.3367813736666667,92.88760701333335,0.12112716633333333,10.846577063333333,,,,,,,,,1,3.0,0,0
ononis,3.24160393,172.5192308,0.0362,,,,,,,,,,2,7.0,0,0
onopordum,,,,,,,,,,,,,1,1.0,0,0
onosma,,,,,,,,,,,,,8,11.0,0,0
ophioglossum,,,,,,,,,,,,,1,1.0,0,0
oplismenus,,,,,,34.53,,,,,,,1,1.0,0,0
opophytum,,,,,,,,,,,,,1,2.0,0,0
opuntia,,,,,,37.67,,,,,,,9,24.0,0,0
oreocnide,0.2392,94.0809434,0.230434783,20.903518,,,,,,,,,1,1.0,0,0
oreojuncus,,,,,,,,,,,,,1,5.0,0,0
oreomecon,,,,21.0,2.2,,,,,,,,5,17.0,0,0
oreomyrrhis,,,,,,,16.25,,10.08866850625,4.68080188275,0.03125,92.433825495,1,0.0,1,0
oreopanax,0.6546682274444444,16.923209983333336,0.1818727477777778,17.80552,1.5503295835555555,,,,,,,,1,9.0,0,0
origanum,,,,,,,,,,,,,1,5.0,0,0
orlaya,,,,,,,,,,,,,1,1.0,0,0
ormosia,,0.16205,,,,38.80161770466809,,,,,,,5,66.0,0,0
ornithogalum,,,,,,,,,,,,,5,7.0,0,0
ornithopus,0.2701745165,282.781778275,,,,,,,,,,,3,9.0,0,0
orophea,0.39934,45.31,0.39,24.45,,93.0,,,,,,,1,1.0,0,0
orostachys,,64.2075,,,,,,,,,,,1,4.0,0,0
orthilia,,,,,,,,,,,,,1,9.0,0,0
orthocarpus,0.2062,84.3705,0.333333333,,,,,,,,,,1,1.0,0,0
oryza,,,,10.12,,,,47.83783783783784,,,,,1,13.0,0,1
oryzopsis,,12.01,0.269,,,,,,,,,,1,5.0,0,0
osmanthus,0.71949,4.42,0.4,6.78,,100.0,,,,,,,1,1.0,0,0
osmunda,0.418775,6.4830754978,0.297841727,13.766652963999999,0.77748788225,,,,,,,,1,5.0,0,0
ostrowskia,,,,,,,,,,,,,1,2.0,0,0
ostrya,,,,,,,,,,,,,2,4.0,0,0
osyris,0.630925,5.888691257,0.954854559,,,,,,,,,,1,1.0,0,0
otoba,1.5301714285714285,3.0071462361428574,0.19405891442857143,20.928464285714288,1.2150179432857142,,,,,,,,1,7.0,0,0
ougeinia,,,,,,,,,,,,,1,1.0,0,0
ouratea,,,,,,,,,,,,,1,5.0,0,0
oxalis,,,,,,49.91833333333334,22.61904761904762,6.0,38.91899266261905,5.579784638,0.7897143258095238,92.9508155995238,6,20.0,3,1
oxandra,,0.42395,,,,,,,,,,,1,2.0,0,0
oxyria,,,,,,,1.0,,0.0,0.0,0.0,100.0,1,6.0,1,0
oxytropis,2.0972833333333334,22.134920277555555,0.183928572,20.46203773555556,,,12.25,,26.916135075,0.0,0.0,99.75062344,18,32.0,2,0
pachira,0.7466666666666667,11.883333333333333,0.25,,,,,,,,,,3,3.0,0,0
pachycereus,,,,,,,,,,,,,1,2.0,0,0
pachystachys,,,,,,,,,,,,,1,1.0,0,0
packera,0.41795,20.985477128,0.269511,9.460163713,,,,,,,,,4,10.0,0,0
paeonia,,,,,,,,,,,,,1,2.0,0,0
pagamea,0.505,21.92,0.229,,,,,,,,,,1,1.0,0,0
palafoxia,,,,,,,,,,,,,1,1.0,0,0
palicourea,0.44986666666666664,21.134316869,0.3663729751111111,27.037049999999997,,,,,,,,,11,19.0,0,0
palimbia,,,,,,,,,,,,,1,1.0,0,0
pallenis,,,,,,,,5.5,,,,,1,0.0,0,1
pancratium,,,,,,,,5608.25,,,,,2,3.0,0,1
panicum,0.21725,152.45790727849055,0.22323175,12.525000000000002,1.5,60.67,26.0,,6.835379066125,1.11512716975,0.18382512899999998,95.917052565,9,100.0,1,0
panzerina,,,,,,,,,,,,,1,1.0,0,0
papaver,,,,,,,,,,,,,3,7.0,0,0
pappobolus,0.47415871,281.05,0.035500000000000004,35.75,,,,,,,,,1,2.0,0,0
pappostipa,,,,,,,,,,,,,2,6.0,0,0
parablechnum,0.30000000000000004,29.55,0.455,4.655,0.28,,,,,,,,2,2.0,0,0
parapholis,0.122,,0.294,,,,,,,,,,1,1.0,0,0
paraquilegia,,,,,,,9.0,,3.267973856,0.0,0.653594771,99.34640523,1,0.0,1,0
parasenecio,,,,,,,,,,,,,1,5.0,0,0
parashorea,,,,,,,,,,,,,2,8.0,0,0
parinari,,,,,,,,,,,,,1,9.0,0,0
paris,,,,,,,15.715909090909092,64.0,35.41979229002273,6.2244695923977265,1.4957087503522728,89.16209760238635,2,13.0,2,1
parkia,,,,,,,,,,,,,1,1.0,0,0
parkinsonia,,,,,,69.96,,,,,,,1,1.0,0,0
parnassia,,,,,,,,,,,,,1,3.0,0,0
paronychia,,,,,,,,,,,,,2,5.0,0,0
parrotia,,,,,,,,,,,,,1,2.0,0,0
parthenium,,,,,,63.85,,,,,,,4,5.0,0,0
parthenocissus,0.175766667,152.6108108,0.264285714,26.84712633,,,7.75,3.0,65.747564777625,0.057099693624999996,0.0,99.94290030625,1,1.0,1,1
paspalidium,,,,,,15.71,,,,,,,1,1.0,0,0
paspalum,,18.37,0.102,8.175,0.7333333333333334,65.0,39.0,,15.760471600222221,4.184246715222222,0.9666551417777778,93.80676612222221,6,12.0,1,0
passiflora,,,,9.0,0.6,,,,,,,,2,3.0,0,0
pastinaca,,,,,,,,,,,,,1,10.0,0,0
patrinia,,,,,,,,,,,,,1,1.0,0,0
patzkea,,88.9382,,10.0,,,,,,,,,1,2.0,0,0
pavetta,,,,,,46.6,,,,,,,1,1.0,0,0
pavonia,,,,,,48.48,,,,,,,1,1.0,0,0
payena,0.811,8.5155,0.24025,,,,,,,,,,1,4.0,0,0
pectinopitys,0.91303125,6.64477247425,0.2257715691875,10.145,0.8,,,,,,,,1,16.0,0,0
pectis,,,,,,,,,,,,,1,1.0,0,0
pedalium,,,,,,39.87,,,,,,,1,1.0,0,0
pedicularis,0.59,,,,,,6.583333333333333,,24.217795282583335,0.7361946995833333,0.0,99.2638053,18,37.0,3,0
pediomelum,0.31763,,0.426284,,,,,,,,,,2,12.0,0,0
peganum,,,,,,,,,,,,,2,13.0,0,0
pelargonium,,,,,,,,,,,,,1,1.0,0,0
peltophorum,,,,,,,,,,,,,1,3.0,0,0
pennantia,0.49802857142857143,34.41216451714286,0.15284505214285712,20.6,,,,,,,,,1,7.0,0,0
pennisetum,,,,,,,6.25,,0.3133916895,1.23647604325,0.0,98.7635239575,1,0.0,1,0
penstemon,0.33974071428571434,44.88394297795238,0.2849397928571428,6.87810124175,,,,,,,,,13,25.0,0,0
pentaclethra,,,,,,,,,,,,,1,9.0,0,0
pentanema,,,,,,85.23,,,,,,,2,6.0,0,0
pentaphylax,0.12066,97.84,0.53,5.55,,24.0,,,,,,,1,1.0,0,0
pentaspadon,0.2985,39.10778931,0.357294955,,,,,,,,,,1,1.0,0,0
penthorum,,,,,,,,,,,,,1,2.0,0,0
pereskia,,,,,,,,,,,,,1,1.0,0,0
perezia,,,,,,,,,,,,,1,1.0,0,0
pericalymma,,,,,,,,,,,,,1,1.0,0,0
pericopsis,,0.9894563870967742,,,,,,,,,,,2,74.0,0,0
peritassa,,0.3222,,,,,,,,,,,1,2.0,0,0
persea,0.8294896164007937,14.473823603166668,0.37231734358333335,13.556661109166667,0.58400038425,,,,,,,,4,71.0,0,0
persicaria,1.025838915,352.2510188,0.056319605,,,,,,,,,,7,83.0,0,0
petalostigma,,,,,,,,,,,,,1,1.0,0,0
petasites,,,,,,,,,,,,,1,3.0,0,0
petrocallis,,,,,,,,,,,,,1,2.0,0,0
petrophile,,,,,,,,,,,,,1,2.0,0,0
petrorhagia,,,,,,,,,,,,,1,1.0,0,0
petroselinum,,,,,,,,,,,,,1,1.0,0,0
petrosimonia,,5.1,,9.11,,,,,,,,,2,3.0,0,0
petunia,,,,,,,,,,,,,1,1.0,0,0
peucedanum,,,,,,,,,,,,,7,10.0,0,0
phacelia,,,,,,,30.0,15.833333333333334,35.90635544333333,0.16461137544444443,0.6605052301111111,98.3465562811111,2,2.0,1,1
phagnalon,,,,,,,41.0,24.125,18.925141276999998,0.053219692624999995,0.0,98.71072812875,1,0.0,1,1
phalaris,0.6395439585357143,205.6634461207143,0.03341017,,,,,,,,,,2,33.0,0,0
phanera,0.472,8.93,,6.58,,,,,,,,,1,2.0,0,0
phaseolus,,,,12.2,,,,,,,,,2,7.0,0,0
phedimus,1.77189569,429.5538462,0.130334615,,,,,,,,,,3,7.0,0,0
phegopteris,,,,,,,,,,,,,1,3.0,0,0
phellodendron,0.8098819973333333,28.295624198454547,0.13914189899999999,20.53453063515,1.56745,,,,,,,,1,83.0,0,0
phemeranthus,,,,,,,,,,,,,1,3.0,0,0
philadelphus,0.19019999999999998,176.7733599,0.2243396225,21.459050335,,,,,,,,,3,5.0,0,0
philenoptera,,,,,,,,,,,,,1,1.0,0,0
phillyrea,0.41509791674999996,12.633131909749999,0.67176823975,,,32.091203705,,,,,,,2,4.0,0,0
philodendron,,,,,,,,,,,,,1,3.0,0,0
philotheca,,,,,,,,,,,,,1,2.0,0,0
phippsia,,,,,,,,,,,,,1,7.0,0,0
phleum,0.8943713879999999,510.47475213499996,0.08992316928571428,13.226666666666667,,27.50317775,,,,,,,7,151.0,0,0
phlomis,0.4472125,7.931033139,0.5241913345,,,45.41666667,,,,,,,1,2.0,0,0
phlomoides,0.24455,122.8399898,0.177800587,20.39958133,,,,,,,,,7,14.0,0,0
phlox,0.2647,65.438895659,0.180454545,12.85051465,,,,,,,,,6,29.0,0,0
phoebe,0.749061904547619,7.245354150690477,0.40079998941666667,13.1125,0.5775641025641025,,,,,,,,3,18.0,0,0
phoenix,0.6463333333333333,,,,,,,,,,,,1,60.0,0,0
photina,,,,,,,,,,,,,1,1.0,0,0
photinia,,,,,,,,3.25,,,,,2,3.0,0,1
phragmites,2.10897144,179.0636364,0.05813917,9.16,,,5.0,,30.0,0.0,0.0,100.0,1,43.0,1,0
phyllanthus,,,,,,49.004999999999995,16.0,,0.6110635225,0.5715411905,0.0,98.6231399775,4,8.0,1,0
phyllocladus,0.6323986842105264,17.409305923210525,0.22097960836842107,11.896666666666667,0.28,,,,,,,,2,27.0,0,0
phyllodoce,0.25627500000000003,123.49109380333334,,10.366666666666667,1.3333333333333333,,,,,,,,1,9.0,0,0
phyllostylon,,,,,,,,,,,,,1,21.0,0,0
phyllota,,,,,,,,,,,,,2,2.0,0,0
physalis,0.236325,54.0,0.3279295,,,,,,,,,,2,3.0,0,0
physaria,,,,,,,,,,,,,1,1.0,0,0
physochlaina,,,,,,,,,,,,,1,1.0,0,0
phyteuma,,,,,,,,,,,,,3,4.0,0,0
picea,0.46440205493124154,32.33409292149531,0.33992055386875,12.035041397513568,1.0228492196895238,,,,,,,,23,773.0,0,0
picramnia,0.380566667,21.60099675,0.406346408,20.46492,0.792245847,,,,,,,,1,1.0,0,0
picrasma,0.9054,9.544698941,0.16272772,31.76775,,,,,,,,,1,1.0,0,0
picris,0.8459036,226.928333325,0.07283949433333332,12.13,1.3,43.4,,,,,,,2,11.0,0,0
picrorhiza,,,,,,,11.0,,20.97902098,0.699300699,0.0,98.6013986,1,0.0,1,0
picrothamnus,,,,,,,,,,,,,1,2.0,0,0
piliostigma,,,,,,,,,,,,,1,6.0,0,0
pilosella,0.6839430589166666,37.62220814395833,0.1886700556858679,7.767429927666667,,,,,,,,,7,180.0,0,0
pilularia,,90.721846516,0.16,,,,,,,,,,1,10.0,0,0
pimelea,,5.22911484475,0.26097561,,,,,,,,,,2,9.0,0,0
pimpinella,,,,,,,16.875,,15.100316538125,0.00535790825,0.034199726375,96.9367174675,3,15.0,1,0
pinguicula,,,,,,,,,,,,,2,2.0,0,0
pinnasa,,,,,,,,,,,,,1,1.0,0,0
pinus,0.5287573921676745,27.74843517351416,0.37502111471508537,9.943286046596375,0.8813456322511883,54.139973052912495,,,,,,,58,4220.0,0,0
piper,0.48985,9.552976515000001,0.3060097325,36.979985,,,,,,,,,4,7.0,0,0
piptadeniastrum,,0.867527,,,,,,,,,,,1,49.0,0,0
piptatherum,,,,,,,,,,,,,2,5.0,0,0
piptochaetium,,,,,,,26.7,,7.8279151777,0.6311662146,0.12297168490000002,98.981556512,2,2.0,1,0
pistacia,0.37270000000000003,36.884760363000005,0.696053878,13.57,,34.85011097333333,,,,,,,5,11.0,0,0
pisum,,,,,,,,106.75,,,,,1,0.0,0,1
pithecellobium,,,,,,47.01,,,,,,,1,1.0,0,0
pithocarpa,,,,,,,,,,,,,1,2.0,0,0
pittosporopsis,1.065,,,,,,,,,,,,1,4.0,0,0
pittosporum,0.6234502646613757,32.2226765309246,0.20274724617460316,15.361581153333333,1.5501398920000002,,,,,,,,4,19.0,0,0
pityrocarpa,,,,,,,,,,,,,1,2.0,0,0
plagianthus,0.4364166666666667,58.318845769999996,0.11746996733333333,23.2,,,,,,,,,1,6.0,0,0
planchonella,0.77314999975,6.283315137,0.360976338,10.1025,0.5575,,,,,,,,1,4.0,0,0
plantago,0.9003472347755102,218.39689847065358,0.15009191021428572,17.218531029537036,2.06,,17.23647619047619,41.85539215686274,36.56277837809514,0.9864632790064762,0.027184222829333332,96.86346887507713,23,190.0,5,4
platanthera,,,,,,,,,,,,,2,4.0,0,0
platanus,0.46162732500000003,22.298269247,0.16283505712500002,10.49480970026087,,,,,,,,,3,87.0,0,0
plathymenia,,,,,,,,,,,,,1,1.0,0,0
platycelyphium,,,,,,,,,,,,,1,1.0,0,0
platycladus,0.7932365079206348,7.764765125126984,0.354886317,,,,,7.0,,,,,1,101.0,0,1
platylobium,,,,,,,14.0,,3.8636363635,0.0,0.2272727275,82.74294671,1,0.0,1,0
platypodium,1.4075035408,4.55743543585,0.19803431035000002,18.76884420805,0.60814011335,75.14285714285714,,,,,,,1,20.0,0,0
plectranthus,,,,,,,17.75,5.0,75.9648589025,0.72320176875,0.22914328475,98.25852637999999,1,0.0,1,1
plectrocarpa,0.369133333,11.04751684,0.44504129,18.44622612,,,,,,,,,2,3.0,0,0
pleioblastus,0.5072245929375,12.606962362312501,0.7653997176875,6.3160959361875,0.45222956137500003,,,,,,,,1,36.0,0,0
pleiogynium,0.302233333,10.04042289,0.45181257,12.02876747,,,,,,,,,1,2.0,0,0
pleroma,0.4938,20.23658654,0.258064516,11.00938,0.32074082,,,,,,,,1,1.0,0,0
pleuropogon,,,,,,,,,,,,,1,1.0,0,0
pleurospermum,,,,,,,7.0,,0.326797386,0.108932462,0.0,99.89106754,4,5.0,2,0
plinia,0.3015,7.356909553,0.755386131,8.987815976,,,,,,,,,1,23.0,0,0
pluchea,,,,,,,,,,,,,1,3.0,0,0
plumbago,,,,,,55.23,,,,,,,1,1.0,0,0
plumeria,0.9228000000000001,5.1707224215,0.19718388050000002,10.94405174,,,,,,,,,2,4.0,0,0
poa,0.6270389907407407,251.16921741828884,0.18415233860833333,9.869295069958333,1.1,,11.0,116.5,36.582863502972224,5.6094118581388885,2.9526809782499996,91.38536793094445,34,320.0,2,1
podocarpus,0.7014947765104762,29.62525100845476,0.2135029895142857,14.389051333333333,0.6676409434374999,,17.0,23.5,7.77738718375,1.624876251375,0.05230125525,94.82751504375,7,36.0,1,1
podococcus,,,,,,,27.09090909090909,2.6666666666666665,12.60911809909091,8.370601949,0.29005345527272725,82.83910477181819,1,0.0,1,1
podophyllum,0.9315571428571429,13.453395395857143,0.20664614142857143,,,,13.5,2.5,43.206035685,2.53469972075,0.4,95.2795859925,1,7.0,1,1
podospermum,,,,,,,,,,,,,1,2.0,0,0
pogonopus,,,,,,,,,,,,,1,15.0,0,0
polemonium,,,,,,,,,,,,,4,9.0,0,0
polyalthia,,,,,,,31.8,1.6666666666666667,5.5141633491999995,4.100747194599999,0.008159934800000001,91.646294512,1,0.0,1,1
polycarpaea,,,,,,,,,,,,,1,1.0,0,0
polycnemum,,,,,,,,,,,,,1,1.0,0,0
polygala,2.99934799,266.1555556,0.07826168,,,37.03,,,,,,,6,22.0,0,0
polygonatum,,,,,,,15.125,,23.354396903833333,1.0172341058333334,0.147519144125,95.55264952083333,5,13.0,3,0
polygonum,0.14893,86.97295823824999,0.358251,11.22674376,,,2.083333333333333,,15.238095236666666,40.10989011,0.0,59.89010989,13,25.0,5,0
polylepis,,,,,,,,,,,,,1,3.0,0,0
polypodium,,,,,,,,,,,,,1,5.0,0,0
polypogon,,,,,,,5.0,,20.0,0.0,0.0,100.0,1,2.0,1,0
polyspora,0.7674208615454545,9.283333333333333,0.45166666666666666,7.193749972583333,0.22333333333333336,67.0,,,,,,,2,20.0,0,0
polystichum,0.3,43.7,0.29,8.56,0.65,,,,,,,,3,4.0,0,0
pomaria,,,,,,,,,,,,,1,3.0,0,0
pombalia,,,,,,,,,,,,,1,1.0,0,0
pometia,0.5623857141428571,11.649653065857143,0.4125705488571429,7.444285714285714,0.4657142857142857,,,,,,,,1,7.0,0,0
poncirus,,,,,,,,12.0,,,,,1,0.0,0,1
pongamia,,,,,,87.97,,,,,,,1,1.0,0,0
pontechium,,,,,,,,,,,,,1,3.0,0,0
pontederia,,,,12.729999999999999,1.6766666666666667,,,,,,,,1,3.0,0,0
populus,0.38679111741361155,92.04417870267126,0.31815994907367423,14.82088770034644,1.231314493688889,2.8916666665,,27.65,,,,,18,894.0,0,1
porlieria,,,,,,,,,,,,,1,2.0,0,0
portulaca,,204.1311926,,16.05578303,,56.15,12.5,5.0,2.0475672981999997,0.0059594756,0.0,98.2279079,4,7.0,1,1
potamogeton,,15.828451194636363,0.103305785,14.51800263,0.739716248,,,,,,,,6,31.0,0,0
potentilla,1.0372624399666666,237.86215558865646,0.15500192533333335,10.946807658190476,,15.256666666666666,10.5872385190567,30.452380952380953,24.794776969862948,1.1220587554353147,0.14225918008611463,98.42477094924111,50,160.0,12,3
pourouma,0.363361746,34.48497854,0.279711885,16.04815,0.555865486,,,,,,,,1,31.0,0,0
pouteria,0.51624166675,9.2806614786875,0.33040751325,17.36724328,,,,,,,,,9,135.0,0,0
prangos,,,,,,,,,,,,,3,5.0,0,0
prasoxylon,1.5401380210000002,4.7201586506,0.229042213,16.46,,,,,,,,,1,5.0,0,0
prenanthes,,,,,,,,,,,,,1,1.0,0,0
prestoea,,,,11.333333333333334,0.6795,,,,,,,,1,21.0,0,0
primula,1.5130594,568.5,0.133428317,,,,4.5,,44.642857145,16.666666665,0.0,83.33333333499999,14,43.0,1,0
prionostemma,1.17192445995,7.274456815150001,0.23198586075,12.85362465895,0.80335650475,80.71428571428571,,,,,,,1,20.0,0,0
prioria,,,,,,,,,,,,,1,1.0,0,0
proserpinaca,,,,,,,,,,,,,1,1.0,0,0
prosopis,,,,,,58.24,24.0,14.5,14.680648722,2.2523278086666667,0.17648356499999998,93.81850915333332,3,9.0,1,1
protea,,,,,,,,,,,,,2,7.0,0,0
protium,0.48286932804155375,16.13216318075778,0.411801005525,,,,,,,,,,31,92.0,0,0
prumnopitys,0.7977500000000001,7.613239699428571,0.3168292100714286,13.6966,,,,,,,,,2,8.0,0,0
prunella,1.288175458125,223.56515063437502,0.126173589625,7.19,,,19.267441860465116,6.4,46.196908482523256,4.192550166744186,0.7019230371744186,91.99373966779069,2,22.0,1,1
prunus,0.40818951752176313,57.44259870135545,0.35253552018392853,13.084599712388888,0.6871421246666666,56.778703703333335,,,,,,,35,333.0,0,0
psathyrostachys,,,,,,,,,,,,,1,4.0,0,0
psephellus,,,,,,,,,,,,,4,5.0,0,0
pseudobombax,0.5795,5.379505561,0.484202508,9.595459501,,,,,,,,,1,2.0,0,0
pseudodictamnus,0.354775,5.291243511,0.540589337,,,,,,,,,,1,1.0,0,0
pseudodiphasium,0.44,55.5,0.1,4.19,0.4,,,,,,,,1,1.0,0,0
pseudognaphalium,,120.0525641,,14.31451678,,,,,,,,,1,4.0,0,0
pseudohandelia,,,,,,,,,,,,,1,1.0,0,0
pseudolachnostylis,,,,,,,,,,,,,1,13.0,0,0
pseudolmedia,0.3141192592777778,35.031374749444446,0.5226134821111111,16.962144,0.9803879480666665,,,,,,,,3,39.0,0,0
pseudomuscari,,,,,,,,,,,,,1,1.0,0,0
pseudopanax,0.670125,24.09663212625,0.1337267095,16.77,0.68,,,,,,,,1,8.0,0,0
pseudoroegneria,,,,,,,,,,,,,2,11.0,0,0
pseudoscleropodium,,,,,,,,,,,,,1,2.0,0,0
pseudoselago,,,,,,,16.333333333333332,,45.55555555666666,8.333333333333334,0.0,90.96491228000001,1,0.0,1,0
pseudotsuga,0.5540083335,26.267681547000002,0.3007849735,3.5242857142857145,0.3709090909090909,,,,,,,,1,265.0,0,0
pseudowintera,0.9056888888888888,12.111242880333332,0.14959719577777777,12.075,0.96,,,,,,,,1,9.0,0,0
pseudoziziphus,,,,,,,,,,,,,1,1.0,0,0
pseuduvaria,1.2562222223333332,2.725872102666667,0.34078588800000004,15.603333333333333,0.71,,,,,,,,1,3.0,0,0
psidium,,,,,,,,,,,,,2,62.0,0,0
psilostrophe,,,,,,,,,,,,,2,3.0,0,0
psoralea,,,,,,,,,,,,,1,2.0,0,0
psoralidium,,,,,,,,,,,,,1,3.0,0,0
psorothamnus,,,,,,,,,,,,,1,2.0,0,0
psychotria,0.3244277776666667,45.13865123333334,0.29647275516666666,15.5558863,,35.0,12.75,9.0,6.934153981250001,4.5034122065,0.0575086955,94.0248633375,8,22.0,1,1
psydrax,,,,,,,,,,,,,1,6.0,0,0
pteridium,0.2511,27.47885027186667,0.184848485,12.90537967,,,,,,,,,1,35.0,0,0
pteris,,,,,,,,,,,,,1,1.0,0,0
pterocarpus,1.0,4.6000000000000005,,,,,,,,,,,4,36.0,0,0
pterocephalus,,,,,,,7.25,207.0,61.586345595,0.0,0.0,96.39789658000001,1,0.0,1,1
pterogyne,,,,,,,,,,,,,1,30.0,0,0
pterophylla,0.29625,66.136420224375,0.2813847109375,9.18,0.3,,,,,,,,2,36.0,0,0
pterospermum,0.28074,25.66,0.24,14.68,,35.0,,,,,,,1,1.0,0,0
puccinellia,0.164,142.6318101,0.360570292,,,,,,,,,,8,17.0,0,0
pulicaria,,,,,,,15.5,33.0,25.50178750925,15.244056424,0.46286067775,82.8246252925,3,3.0,1,1
pulmonaria,,,,,,,13.75,,49.201931230999996,0.18142585825000002,0.0,99.7633865025,3,21.0,1,0
pulsatilla,,12.112499999999999,,,,,16.0,,5.109489051,0.0,0.364963504,99.6350365,9,24.0,1,0
pultenaea,,,,,,,11.75,12.0,1.8007936195,0.2192982455,0.0,99.621466085,2,0.0,2,1
punica,0.31466666666666665,,,,,,,,,,,,1,60.0,0,0
purshia,,,,,,,,,,,,,2,7.0,0,0
puschkinia,,,,,,,,,,,,,1,1.0,0,0
pycnanthemum,0.34,84.0,0.13,,,,,,,,,,2,3.0,0,0
pyrenaria,,,,13.266666666666666,0.245,,,,,,,,1,6.0,0,0
pyrethrum,,,,,,,17.0,,27.10674157,0.0,0.140449438,99.85955056,1,0.0,1,0
pyrola,,,,,,,,,,,,,4,13.0,0,0
pyrorchis,,,,,,,,,,,,,1,1.0,0,0
pyrrocoma,,,,,,,,,,,,,1,2.0,0,0
pyrus,0.4277137219,8.8631930588,0.6178226908,8.540000000000001,,12.74166667,,,,,,,5,98.0,0,0
quercus,0.2833050689019668,43.09992287071961,0.4522457565878381,12.255363190065045,0.7332472062057692,41.72420192932143,,,,,,,69,1369.0,0,0
quillaja,,,,,,,,,,,,,1,1.0,0,0
quintinia,0.3749,36.9481821375,0.2749041565,10.584999999999999,0.32,,,,,,,,1,4.0,0,0
radermachera,,,,,,,,,,,,,1,6.0,0,0
ranunculus,1.5254221950000002,242.74587260714287,0.07630220166666667,10.99,2.71,0.0,21.745833333333334,12.625,48.806558659124995,11.382688496633333,0.20095146368749997,87.45111710758333,44,133.0,7,2
raoulia,,110.12769065,,5.552922997,,,,,,,,,1,3.0,0,0
raphanus,,,,,,,,,,,,,2,6.0,0,0
ratibida,0.404325,56.0,0.16864400000000002,,,,,,,,,,2,12.0,0,0
raukaua,0.36,31.8,0.3,6.05,0.82,,,,,,,,1,1.0,0,0
rauvolfia,,,,,,32.67,,,,,,,1,1.0,0,0
reaumuria,,21.815,,13.094999999999999,,,,,,,,,2,6.0,0,0
reseda,,,,,,,,,,,,,2,4.0,0,0
restio,,,,,,,5.5,,7.142857145,0.0,0.0,100.0,3,5.0,1,0
retama,,,,,,,,,,,,,2,12.0,0,0
retanilla,,,,,,,,,,,,,1,1.0,0,0
retiniphyllum,,,,,,,,,,,,,1,1.0,0,0
rhammatophyllum,,,,,,,,,,,,,1,1.0,0,0
rhamnus,0.8650125,48.4496083695,0.42908987639999996,17.861412667499998,1.79,20.45,,,,,,,9,82.0,0,0
rhanterium,,,,,,,,,,,,,1,1.0,0,0
rhaphiolepis,0.14481,86.79,0.53,12.7,,59.0,,,,,,,1,1.0,0,0
rhaponticoides,,,,,,,,,,,,,1,3.0,0,0
rhaponticum,,,,,,,,,,,,,1,2.0,0,0
rheum,,,,,,,,,,,,,4,18.0,0,0
rhigozum,,,,,,,,,,,,,1,3.0,0,0
rhinanthus,,,,,,,,,,,,,3,15.0,0,0
rhipsalis,,,,,,,,,,,,,1,1.0,0,0
rhizophora,,,,4.800000000000001,0.2673,,,,,,,,2,50.0,0,0
rhodanthe,,,,,,,,,,,,,1,3.0,0,0
rhodiola,,9.62,,9.51,,,6.5,,6.411518974500001,1.297446405,0.0,98.702553595,6,6.0,3,0
rhododendron,0.49864265480224357,18.639906422274038,0.44504888,8.013559165,,,,,,,,,33,258.0,0,0
rhodoleia,0.613,16.5538,0.493,14.6,,,,,,,,,1,5.0,0,0
rhodostemonodaphne,0.94314375,5.223971970125,0.3601902755,33.39866,2.315643222,,,,,,,,4,5.0,0,0
rhodothamnus,,,,,,,,,,,,,1,2.0,0,0
rhoeadium,,,,,,,,,,,,,1,1.0,0,0
rhopalostylis,0.5126999999999999,22.273911252727274,0.25939549863636363,15.1,,,,,,,,,1,11.0,0,0
rhus,0.574,40.63,0.09,3.13,,,,,,,,,6,80.0,0,0
rhynchocorys,,,,,,,,,,,,,1,3.0,0,0
rhynchosia,,3.790673966,,,,68.66,,,,,,,3,4.0,0,0
rhynchospora,,,,,,,,,,,,,4,6.0,0,0
ribes,0.17041666666666666,,,12.47579352,1.255796356,,5.5,,52.6515420065,0.0,0.0,100.0,7,136.0,1,0
richetia,0.8817,1.940391478,0.8543415,,,,,,,,,,1,9.0,0,0
richteria,,,,,,,13.666666666666666,,49.003447529999995,0.0,1.282051282,96.92307692333334,1,1.0,1,0
rindera,,,,,,,,,,,,,2,2.0,0,0
rinorea,,,,,,,,,,,,,1,2.0,0,0
ripogonum,1.09,6.9,0.15,8.35,0.78,,,,,,,,1,1.0,0,0
robinia,,32.12419554,,14.3,4.31,,,,,,,,2,24.0,0,0
rochelia,,,,,,,,,,,,,1,3.0,0,0
roemeria,,,,,,,,,,,,,2,8.0,0,0
roepera,,,,,,,,,,,,,1,1.0,0,0
rorippa,,,,,,,,,,,,,3,3.0,0,0
rosa,0.32541875,47.62403660025,0.33386000920000003,12.260632938833334,2.29,23.25,,,,,,,18,56.0,0,0
rosmarinus,,,,,,,50.0,163.25,14.026435366285714,0.09478479685714285,0.02683603185714286,99.30166127571428,1,0.0,1,1
rostellularia,,,,,,53.65,,,,,,,1,1.0,0,0
roucheria,0.26265,38.81813609,0.447089947,12.68784,0.432489194,,,,,,,,1,1.0,0,0
ruagea,0.9798657400999999,5.2684597887,0.25907432799999996,18.785511,0.920081638,,,,,,,,1,10.0,0,0
rubia,0.36250000000000004,104.1,0.143,13.4,2.1,,8.0625,2.0,5.203701100625,0.0651041666875,0.0,99.67748397437501,2,4.0,2,1
rubroshorea,0.379940147,26.241163555,0.3755450505,,,,,,,,,,7,24.0,0,0
rubus,0.2980391116333333,129.6986513515278,0.66222859634375,17.462675204814815,1.9255413926666665,58.21805555500001,16.541666666666668,145.88888888888889,26.699203457875,1.1727063287500001,0.159211760625,98.52242296416667,19,120.0,1,1
rudbeckia,0.30112833333333333,272.39933237142856,0.1789665,21.65,,,,,,,,,2,10.0,0,0
rudgea,0.446,33.59,0.229,,,,,,,,,,2,2.0,0,0
ruellia,0.42462,,0.413307,,,,,,,,,,2,5.0,0,0
rumex,1.52352202375,211.586098346075,0.0839267680625,7.93534833625,2.1966666666666668,8.86,21.5,12.0,57.93118313,0.0,0.0,99.17721519,11,50.0,2,1
rungia,0.444,18.47,,5.01,,,,,,,,,1,2.0,0,0
ruschia,,,,,,,,,,,,,2,8.0,0,0
ruscus,1.0938,5.017843568,0.224128699,,,8.833333333,13.75,8.0,27.9841946735,0.04623028625,0.653889325875,99.14881977875,2,3.0,1,1
rytidosperma,0.31448437245833333,115.06498836289681,0.221538462,7.393048128,,,7.75,1.0,9.8148811095,20.0415949095,0.0,79.686586455,7,44.0,1,1
saccharum,,,,,,,,,,,,,1,2.0,0,0
sagina,,,,,,,11.75,,48.299500584125,0.01003210275,0.0,99.69846577749999,4,2.0,2,0
sagittaria,,,,,,,,,,,,,2,4.0,0,0
salicornia,,,,,,,,,,,,,1,3.0,0,0
salix,0.5347230394938272,138.76795979972064,0.41220296525,11.461008491429293,2.6833065662222224,19.258333333499998,4.0,,0.1751313485,0.0875656745,0.0,99.91243432499999,37,243.0,1,0
salsola,0.14154,21.953473970833333,,16.851654278333335,,0.0,,,,,,,22,83.0,0,0
salvia,0.6348167586666666,180.89372786166666,0.27950249326666665,21.27787467,,31.825,14.3,21.571428571428573,40.950482785,0.4597627332,0.0550055005,99.26520976500001,20,162.0,2,1
sambucus,0.5437030172923729,85.03838205661111,0.27991453494444446,21.798064333333333,,,,,,,,,4,81.0,0,0
sameraria,,,,,,,,,,,,,1,1.0,0,0
sanguisorba,0.9147162179166667,89.24749649026316,0.20454513021666665,14.593866642142856,,,,,,,,,2,81.0,0,0
sanicula,0.194725,151.7144068,0.222641509,26.67836567,,,8.5,2.5,35.876840695,0.0,0.0669344045,99.933065595,3,4.0,1,1
santiria,,,,,,,31.2,2.0,10.3718436418,7.6948844445999995,0.0,92.12382990799999,1,0.0,1,1
santolina,,,,,,,43.125,51.75,18.707271684625,0.09835716462500001,0.0089349535,99.7026432825,1,0.0,1,1
sapindus,0.615315,7.565037762,0.207630571,10.31972091,,,,,,,,,1,32.0,0,0
sapium,0.9817,9.057172932,0.145833333,24.7508,2.274107154,,,,,,,,3,30.0,0,0
saponaria,,,,,,,,,,,,,1,2.0,0,0
saprosma,0.14506,116.95,0.34,27.53,,31.0,,,,,,,1,1.0,0,0
sarcandra,0.5006458335,30.488125795000002,0.1681936085,17.7185815,,,,,,,,,1,2.0,0,0
sarcobatus,,,,,,,,,,,,,1,7.0,0,0
sarcocornia,,,,,,,,,,,,,1,4.0,0,0
sarcomphalus,,,,,,,,,,,,,1,4.0,0,0
sarcosperma,,,,14.483333333333334,0.47833333333333333,,,,,,,,1,6.0,0,0
sarmentypnum,,,,,,,,,,,,,1,1.0,0,0
sarocalamus,,,,,,,,,,,,,1,2.0,0,0
sasa,,,,11.9,,,,,,,,,1,1.0,0,0
sassafras,0.6403756011688312,13.903315849999998,0.2881041666875,17.28482214785714,2.216517886666667,,,,,,,,1,89.0,0,0
satureja,,,,,,,,,,,,,2,2.0,0,0
saurauia,0.50085,35.083231330000004,0.1478278105,20.23592,1.720011387,,,,,,,,1,2.0,0,0
saussurea,0.22873333333333334,171.37445623333335,0.15385602066666668,19.02619217,1.248825346,,7.583333333333333,,29.058591317972223,0.23861266855555552,0.3792287045555555,99.3681999438889,16,15.0,10,0
saxifraga,2.1167937549999998,503.31666665,0.1390481345,,,,5.933333333333334,4.0,15.305073163316669,1.2847222224666668,1.3715277780000001,96.54513888933333,23,58.0,3,2
scabiosa,1.97657774,167.2333333,0.1323057,,,,,,,,,,5,16.0,0,0
scaevola,,,,,,,7.375,2.0,11.442983463375,3.021708683125,0.175070028,92.76570601125,1,0.0,1,1
scandix,,,,,,,,,,,,,1,1.0,0,0
scandosorbus,,,,,,,,,,,,,1,1.0,0,0
schaefferia,,,,,,,,,,,,,1,4.0,0,0
schedonnardus,,,,,,,,,,,,,1,1.0,0,0
schefflera,0.589175,45.29769569375,0.09054159525,19.825,1.43,,,,,,,,1,8.0,0,0
scheuchzeria,,,,,,,,,,,,,1,3.0,0,0
schima,0.23380777775,109.88576035,0.3009821429,13.013494180416666,0.47785222222222223,42.915862257,,6.142857142857143,,,,,2,61.0,0,1
schinus,,,,,,,,,,,,,1,3.0,0,0
schinziophyton,,,,,,,,,,,,,1,6.0,0,0
schisandra,,,,,,,,,,,,,1,1.0,0,0
schismus,,,,,,,,,,,,,2,6.0,0,0
schistophyllidium,,,,,,,5.0,,0.040128411,0.0,0.080256822,99.91974318,1,0.0,1,0
schivereckia,,,,,,,,,,,,,1,1.0,0,0
schizachne,,,,,,,,,,,,,1,1.0,0,0
schizachyrium,0.32821666666666666,58.84960426125,0.2909840383333333,13.031790861333334,1.3,,,,,,,,4,36.0,0,0
schizanthus,,,,,,,,,,,,,1,1.0,0,0
schizolobium,0.449,6.687670143,0.446624439,10.62068164,,,,,,,,,1,32.0,0,0
schmidtia,,,,,,,,,,,,,1,1.0,0,0
schoenoplectus,,,,,,,,,,,,,1,3.0,0,0
schoenus,,,,,,,,,,,,,3,5.0,0,0
schoepfia,0.19095,81.48262136,0.412,13.852399,,,,,,,,,1,1.0,0,0
scholtzia,,,,,,,,,,,,,1,2.0,0,0
schotia,,,,,,,,,,,,,1,1.0,0,0
sciadopitys,0.56999042,24.99922664,0.17279961033333333,2.289819002,,90.025,,,,,,,1,7.0,0,0
scilla,,,,,,,,,,,,,1,4.0,0,0
sciodaphyllum,0.3459,40.987,0.259708738,17.96367,0.763930643,,,,,,,,1,1.0,0,0
scirpoides,,,,,,,,,,,,,2,5.0,0,0
scirpus,,,,,,,,,,,,,2,8.0,0,0
scleranthus,,,,,,,,,,,,,2,2.0,0,0
scleria,,,,,,61.67,,,,,,,1,1.0,0,0
sclerocarya,,,,,,,,,,,,,1,1.0,0,0
scleronema,0.738,7.92,0.365,,,,,,,,,,1,1.0,0,0
scleropogon,,,,,,,,,,,,,1,7.0,0,0
sclerostegia,,,,,,,,,,,,,1,1.0,0,0
scolochloa,,,,,,,,,,,,,1,6.0,0,0
scolymus,,,,,,,,,,,,,1,1.0,0,0
scorzonera,,,,,,,,,,,,,9,14.0,0,0
scorzoneroides,2.3243054,314.4166667,0.140040885,,,,,9.0,,,,,3,11.0,0,1
scrophularia,,,,,,,14.0,,3.650094399,0.0,0.0,100.0,6,5.0,1,0
scutellaria,,,,,,,,,,,,,7,14.0,0,0
secale,,,,,,,,,,,,,1,7.0,0,0
secamone,,,,,,,,,,,,,1,1.0,0,0
securidaca,,,,,,,,,,,,,1,6.0,0,0
sedum,,,,,,,16.854166666666668,,17.102472378729168,0.0544922715625,0.17324528075,99.32604415708333,9,20.0,2,0
sehima,,,,,,,,,,,,,1,3.0,0,0
selaginella,,,,,,,,3.0,,,,,3,4.0,0,1
selinum,,,,,,,,,,,,,2,2.0,0,0
semecarpus,0.7727444446666666,7.618147229333334,0.361056375,8.243333333333334,0.6766666666666667,,,,,,,,1,3.0,0,0
semenovia,,,,,,,6.0,,1.369863014,0.0,0.0,100.0,1,0.0,1,0
sempervivum,,,,,,,,,,,,,3,5.0,0,0
senecio,,66.53213439555556,,7.7622982729166665,,,3.75,,2.27272727275,0.0,0.0,99.92451690749999,18,55.0,1,0
senegalia,,,,,,,,,,,,,8,32.0,0,0
senna,0.32789,,0.329595,7.6000000000000005,0.9,68.24333333333334,25.0,13.0,29.304492277500003,1.4566079222500001,0.38348563975,92.7095147925,9,15.0,1,1
sequoia,,,,,,,,,,,,,1,3.0,0,0
sequoiadendron,0.6145,16.361547743333333,0.21475136000000003,,,,,,,,,,1,7.0,0,0
serenoa,,,,,,,,,,,,,1,2.0,0,0
seriphidium,,51.08,,8.26,,,,,,,,,5,15.0,0,0
serratula,,,,,,,,,,,,,2,2.0,0,0
serrulata,,,,,,,,,,,,,1,2.0,0,0
sesamum,,,,,,,,,,,,,1,1.0,0,0
sesbania,,,,13.8,,76.12,,,,,,,1,5.0,0,0
seseli,,,,,,,,,,,,,4,5.0,0,0
sesleria,1.29450549,303.18645000000004,0.0746269,9.7,,,19.944444444444443,5.5,14.158854656333334,0.3011154758333333,0.20290185077777778,84.93806239977778,3,6.0,1,1
setaria,0.17474,21.904222532833334,0.386874,4.293333333333334,,57.29,,,,,,,5,13.0,0,0
sextonia,0.834925,4.6786656073333335,0.33361400299999994,,,,,,,,,,1,6.0,0,0
shapherdia,,16.2,0.25,33.8,,,,,,,,,1,1.0,0,0
shepherdia,,,,,,,,,,,,,1,1.0,0,0
sherardia,1.44635608,601.1166667,0.027163033,,,,,,,,,,1,3.0,0,0
shorea,,,,,,,,,,,,,1,3.0,0,0
sibbaldia,,,,,,,12.5,,43.80627033,0.1023541455,0.0,99.84646878000001,3,7.0,2,0
sibbaldianthe,0.265,33.78666666666667,0.35,12.65,,,,,,,,,1,8.0,0,0
sibiraea,,,,,,,,,,,,,1,1.0,0,0
sibirotrisetum,,,,,,,,,,,,,1,12.0,0,0
sida,0.408,19.09,,8.85,,54.37,,,,,,,3,4.0,0,0
sidalcea,,,,,,,,,,,,,1,3.0,0,0
sideritis,0.314675,7.149525656,0.524128702,,,,,,,,,,2,2.0,0,0
silaum,,,,,,,,,,,,,1,3.0,0,0
silene,1.707379215,274.01948718,0.07002788366666667,15.28125,,,4.25,,12.719690199,0.0,0.0,100.0,33,74.0,6,0
silphiodaucus,,,,,,,,,,,,,1,1.0,0,0
silphium,0.361265,,0.2410565,,,,,,,,,,4,13.0,0,0
simarouba,,,,,,,,4.0,,,,,2,2.0,0,1
simira,0.308,22.25,0.552,,,,,,,,,,1,31.0,0,0
sinapis,1.86199235,229.34761905,0.074956359,,,,,,,,,,2,7.0,0,0
sindora,,,,,,,,,,,,,1,2.0,0,0
sipanea,,,,,,,,,,,,,1,1.0,0,0
siparuna,0.5737194671875,19.121274132499998,0.2489230203125,24.79583125,1.811229920125,,,,,,,,2,9.0,0,0
sisymbrium,1.84415365,626.1076923,0.038887385,19.4,,,,,,,,,3,5.0,0,0
sisyrinchium,,,,,,,,,,,,,2,3.0,0,0
sium,,,,,,,,,,,,,2,3.0,0,0
sloanea,0.40485000000000004,19.994265545,0.3936011565,16.21959,0.8994142095,,,,,,,,2,2.0,0,0
smilacina,,,,,,,10.75,,43.743278412500004,0.09057971025,0.847457627,91.1170474075,1,0.0,1,0
smilax,0.38960104149999997,60.002222699499995,0.3860702545,15.064851,,29.6,,,,,,,4,6.0,0,0
smirnowia,,,,,,,,,,,,,1,1.0,0,0
smyrnium,,,,,,,,,,,,,1,1.0,0,0
solanum,0.2781166666666666,42.08,0.2669335,12.31,,54.53666666666667,,61.95238095238095,,,,,13,81.0,0,1
soldanella,,,,,,,,,,,,,1,1.0,0,0
solenogyne,,,,,,,12.0,5.0,1.3440314927500001,1.08225108225,0.0,72.9991501835,1,0.0,1,1
solidago,0.3893131888939394,136.9454099775926,0.22858695492592596,13.615679463333334,,,18.171875,179.40882352941176,35.89738130034375,4.3814787129375,0.028129207921875003,94.92991394171875,17,87.0,4,5
sonchus,,,,,,,,,,,,,3,8.0,0,0
sophora,0.5146000000000001,10.699685416833333,0.18975657566666668,21.636666666666667,2.49,,,,,,,,5,12.0,0,0
sorbaria,,,,,,,,,,,,,1,1.0,0,0
sorbus,0.30821165959999997,76.4682092971,0.41000156895000006,11.039725564047618,0.6855929104444445,,,,,,,,4,34.0,0,0
sorghastrum,0.253555,110.75,0.24489100000000003,13.945,,,26.0,1.6666666666666667,10.067433162,0.363897759625,0.004066363,96.815336825,2,10.0,1,1
sorghum,,,,,,,,35.0,,,,,2,8.0,0,1
sorocea,0.43733333333333335,20.19666666666667,0.5399999999999999,,,,,2.25,,,,,4,3.0,0,1
sparganium,,,,,,,,,,,,,3,4.0,0,0
spartina,,,,8.341066679333332,1.0150000000000001,,,,,,,,1,26.0,0,0
spathodea,0.431833333,6.562869291,0.417162842,19.43592548,,,,,,,,,1,2.0,0,0
spergula,1.99351048,365.0,0.03480453,,,,,,,,,,1,5.0,0,0
spergularia,,,,,,,,,,,,,1,1.0,0,0
spermacoce,,,,,,49.63,,,,,,,1,1.0,0,0
sphaeralcea,0.3163,65.5839699,0.312666667,,,,,,,,,,3,16.0,0,0
sphaeropteris,0.6100454545454546,23.257565543636364,0.1988124211818182,10.0,,,,,,,,,1,11.0,0,0
spinacia,,,,,,,,,,,,,2,3.0,0,0
spinifex,,,,,,,,32.72727272727273,,,,,1,0.0,0,1
spinulum,,,,11.1620337,2.3221001,,,,,,,,1,12.0,0,0
spiraea,0.2471833335,172.3069449666667,0.176959685,15.306729285,,,,,,,,,12,23.0,0,0
spirorhynchus,,,,,,,,,,,,,1,1.0,0,0
spondias,0.444,8.967958698,0.322945147,13.0801785,,43.530814814962966,,,,,,,2,51.0,0,0
sporobolus,0.415,49.85881635095238,0.2853333333333333,11.0748355628,,24.65,37.5,51.833333333333336,12.273178034055556,3.0971445390000003,2.837481614777778,92.79658155833333,20,84.0,3,2
spyridium,,,,,,,,,,,,,1,1.0,0,0
stachyarrhena,0.376,20.89,0.416,,,,,,,,,,1,1.0,0,0
stachys,1.73172309,424.1538462,0.045318492,,,,11.666666666666666,147.02941176470588,27.833996067666664,0.9803921569999999,0.9803921569999999,96.84263449000001,9,12.0,1,1
staphylea,,,,,,,,,,,,,1,1.0,0,0
stauracanthus,0.442,13.14242352,0.747539428,,,,,,,,,,1,1.0,0,0
steganotaenia,,,,,,,,,,,,,1,2.0,0,0
stellaria,1.746125825,279.39583335,0.054850946,21.1,,,1.0,,50.0,0.0,0.0,100.0,10,43.0,2,0
stenanthera,,,,,,,,,,,,,1,1.0,0,0
stenaria,,,,,,,,,,,,,1,1.0,0,0
stenosiphon,,,,,,,,,,,,,1,1.0,0,0
stenotus,,,,,,,,,,,,,1,2.0,0,0
sterculia,0.9360035655000001,33.06898808625,0.33385575483333335,16.58622389,1.2304,36.0,,,,,,,4,49.0,0,0
sticherus,0.29,16.8,0.84,2.07,0.08,,,,,,,,1,1.0,0,0
stipa,0.3491102106285714,51.69504567275,0.17688097466666666,9.438888888888888,0.95,9.09,17.291666666666668,62.375,21.201505487083335,1.2130589836388888,0.2289305740416667,98.26690692097223,29,183.0,6,2
stipagrostis,,12.57,,7.6,,,,,,,,,10,26.0,0,0
stirlingia,,,,,,,,,,,,,1,2.0,0,0
stratiotes,,,,,,,,,,,,,1,1.0,0,0
streblus,0.389215,12.58122619,0.400258918,,,,,,,,,,1,2.0,0,0
streptoloma,,,,,,,,,,,,,1,4.0,0,0
streptopus,,,,,,,,,,,,,1,2.0,0,0
strobilanthes,0.2688,136.4411732,0.134419355,20.015521,,,,,,,,,1,1.0,0,0
strombocarpa,,,,,,,,,,,,,1,2.0,0,0
strombosia,,0.8658420512820513,,,,,,,,,,,1,39.0,0,0
strychnos,,,,,,,,,,,,,4,14.0,0,0
stryphnodendron,,,,,,,,,,,,,2,5.0,0,0
styphelia,,19.7005716759375,0.51971046515625,,,,,,,,,,4,69.0,0,0
styphnolobium,0.585903375,24.78107685,0.18975,22.39659375,,,,,,,,,1,4.0,0,0
styrax,0.27965,54.45407407,0.3,15.289048,,,,,,,,,2,3.0,0,0
suaeda,,,,,,,,,,,,,8,15.0,0,0
succisa,,,,,,,,,,,,,1,2.0,0,0
sulla,,,,,,,,,,,,,1,2.0,0,0
suriana,,,,,,,10.0,,86.91463741,0.0,0.0,99.97324057,1,0.0,1,0
swainsona,,,,,,,12.666666666666668,,24.054242184166668,5.5851063825,0.0,92.73377988,2,0.0,2,0
sweetia,,,,,,,,,,,,,1,3.0,0,0
swertia,,,,,,,,,,,,,4,9.0,0,0
swietenia,,,,,,39.197291666666665,,,,,,,1,75.0,0,0
swinglea,0.377466667,15.21411938,0.344650356,22.54547834,,,,,,,,,1,2.0,0,0
sympegma,,5.54,,23.27,,,,,,,,,1,3.0,0,0
symphiotrichum,,,,,,,,169.16666666666666,,,,,1,0.0,0,1
symphoricarpos,0.302883333,49.10063542,0.337326723,,,,,,,,,,4,7.0,0,0
symphyoloma,,,,,,,,,,,,,1,1.0,0,0
symphyotrichum,0.31766083333333334,81.446921765625,0.21114232883333334,14.502034600833333,1.2,,,,,,,,11,38.0,0,0
symphytum,2.44023954,94.46,0.04312144,,,,,,,,,,1,6.0,0,0
symplocos,0.601788889,13.762073439666665,0.42697436699999997,4.21,1.23,,,,,,,,1,4.0,0,0
syntrichopappus,,,,,,,,,,,,,1,1.0,0,0
syrenia,,,,,,,,,,,,,1,4.0,0,0
syringa,0.5601893566470588,69.54208111466666,0.14944504266666667,20.663471405,,,,,,,,,4,22.0,0,0
syzygium,0.40520098756876455,53.18328249317249,0.30451745001893943,14.567194498888888,,61.0,,8.5,,,,,18,89.0,0,1
tabebuia,0.516566667,11.30030581,0.141971345,19.95786548,,,,,,,,,3,7.0,0,0
tabernaemontana,0.4157,19.28552758,0.273019681,22.11504579,,,,,,,,,1,2.0,0,0
tachigali,,,,,,,,,,,,,2,4.0,0,0
taeniatherum,,,,,,,,,,,,,1,7.0,0,0
tagetes,,44.84,0.081,10.3,,71.0,,,,,,,2,4.0,0,0
takhtajaniantha,,,,,,,,,,,,,3,9.0,0,0
talipariti,,,,,,,,9.846153846153847,,,,,1,0.0,0,1
tamarindus,0.313233333,9.693172709,0.667071995,9.647481839,,,,,,,,,1,2.0,0,0
tamarix,0.7975,,,14.84,,,,261.1904761904762,,,,,7,43.0,0,1
tanacetum,,,,,,,2.0,607.1666666666666,99.5991984,0.0,0.0,100.0,12,32.0,1,1
tanaecium,1.2440703984,10.86668597115,0.17824463035,18.878225172999997,1.0212541018947368,92.57142857142857,,,,,,,1,20.0,0,0
tapirira,0.5712127038181818,13.176046465,0.2804829070909091,16.18171818181818,0.769777628,42.97599227373913,,,,,,,1,37.0,0,0
taraxacum,1.4592100666666667,293.2427668248611,0.08862623416666666,23.205577503892858,,,28.0,14.571428571428571,34.44157424875,0.515544852125,0.43478260875,97.6944440075,12,124.0,1,1
tauscheria,,,,,,,,,,,,,1,4.0,0,0
taxodium,0.584927028,23.83052904285714,0.16252403685714287,4.696190201249999,,72.0425,,,,,,,1,15.0,0,0
taxus,0.7192553718333333,18.053629465833332,0.18882646749999998,9.518164574125,0.65,60.598617231999995,,,,,,,4,35.0,0,0
tecomella,,,,,,,,,,,,,1,2.0,0,0
tectona,,,,,,62.15,,,,,,,1,10.0,0,0
telekia,,,,,,,,,,,,,1,1.0,0,0
tenaxia,,,,,,,3.0,,0.0,0.0,0.0,100.0,2,6.0,1,0
tephroseris,0.33396161275,,0.2025357705,,,,,,,,,,3,10.0,0,0
tephrosia,,,,,,67.86,,,,,,,3,5.0,0,0
terminalia,1.3240108252,6.847805882049999,0.31468016275,7.564647011158333,0.43928879289166667,95.85714285714286,,,,,,,8,87.0,0,0
ternstroemia,0.759,8.94525,0.2745,8.15212,0.364202305,,,10.833333333333334,,,,,4,6.0,0,1
tetracme,,,,,,,,,,,,,1,1.0,0,0
tetractomia,0.50325,37.97375,0.14100000000000001,,,,,,,,,,1,4.0,0,0
tetradymia,,,,,,,,,,,,,1,1.0,0,0
tetragastris,,,,,,,,2.3333333333333335,,,,,1,0.0,0,1
tetragonia,,,,,,,,,,,,,1,1.0,0,0
tetraneuris,,,,,,,,,,,,,1,1.0,0,0
tetrapilus,0.39436,28.91,0.29,13.75,,90.0,,,,,,,1,1.0,0,0
tetraria,,,,,,,,,,,,,1,6.0,0,0
teucrium,0.8312857174999999,89.55341551325,0.37202257825,19.689999999999998,1.9,35.45277778,9.5,,27.223290934749997,0.029600295000000002,0.0,99.970399705,7,15.0,1,0
teyleria,0.659,4.96,,10.33,,,,,,,,,1,2.0,0,0
thalictrum,0.3293921428611111,88.27271994508332,0.126987898,14.135156691666666,,18.0,20.866666666666667,20.75,33.099337825266666,0.5451031391083334,0.27223122948333334,98.33489142883333,9,47.0,2,2
thamnosma,,,,,,,,,,,,,1,3.0,0,0
thelesperma,,,,,,,,,,,,,1,1.0,0,0
thelypteris,,,,,,,,,,,,,1,1.0,0,0
themeda,0.37,61.55,,,,50.26,34.148936170212764,18.333333333333332,7.9463520183617025,0.6408659095744681,0.10573098576595745,97.96412938978723,2,14.0,1,1
theobroma,0.5093527508090615,13.162650602409638,0.5013916666666667,13.091666666666667,,,,,,,,,1,542.0,0,0
thermopsis,0.248125,103.9024606,0.272450855,,,,,,,,,,2,9.0,0,0
thespesia,,,,,,,,,,,,,1,2.0,0,0
thinopyrum,,,,,,,,,,,,,4,13.0,0,0
thlaspi,1.5575448,361.16688061455557,0.042277444,19.21671629,,,,,,,,,4,11.0,0,0
thuja,0.4817264466363636,56.777195679818185,0.26884770016666665,10.863976141,,86.74722222,,,,,,,3,39.0,0,0
thujopsis,,,,,,,,,,,,,1,2.0,0,0
thylacospermum,,,,,,,,,,,,,1,0.0,1,0
thymbra,,,,,,,,,,,,,1,1.0,0,0
thymelaea,0.3998,5.337819642,0.52047564,,,,,,,,,,1,4.0,0,0
thymus,0.7168033312000001,181.36610198175,0.48137681020833334,9.205,,,16.0625,47.75,27.2460104958125,0.2001161429375,0.1676116459375,97.50418092625,11,38.0,2,2
thynus,,14.88,,6.43,,,,,,,,,1,1.0,0,0
thysanotus,,,,,,,,,,,,,1,1.0,0,0
tiarella,,88.7,,,,,,,,,,,1,1.0,0,0
tibouchina,,,,,,,,,,,,,1,1.0,0,0
tidestromia,,,,,,,,,,,,,1,2.0,0,0
tilia,0.40760862733958336,82.1154410153077,0.2998072734270833,11.575302065499999,1.3076190476190475,84.06666666666666,,,,,,,9,192.0,0,0
tocoyena,,0.40075,,,,,,,,,,,1,2.0,0,0
tofieldia,0.565,,,,,,,,,,,,2,13.0,0,0
tordylium,0.281,267.86,0.09,15.615,2.8,,,,,,,,1,4.0,0,0
torminalis,,,,,,,,,,,,,1,3.0,0,0
tornabenea,,,,,,,15.142857142857142,,40.17749784914286,10.738024193714285,0.9624457752857144,87.86499293142857,1,0.0,1,0
torreya,1.0087555555,5.075993082666667,0.28347614433333335,,,,,,,,,,2,10.0,0,0
townsendia,,47.32943198,,9.15694356,,,,,,,,,1,4.0,0,0
toxicodendron,0.545566667,12.44041789,0.406961912,10.166666666666668,0.6416666666666666,,,3.857142857142857,,,,,4,8.0,0,1
toxicoscordion,0.3483,82.315,0.123076923,,,,,,,,,,1,1.0,0,0
trachelospermum,0.2914,77.518501835,0.2,20.544027999999997,,,,,,,,,1,2.0,0,0
trachycarpus,,,,,,,20.833333333333332,,14.480295442666666,4.6089913266666676,0.5957597763333333,69.47560854166666,1,0.0,1,0
trachydium,,,,,,,,,,,,,1,1.0,0,0
trachypogon,,,,,,,,,,,,,1,2.0,0,0
trachystemon,,,,,,,13.428571428571429,18.5,25.671889681142858,4.599001775,0.0,95.39611755714284,1,0.0,1,1
tradescantia,0.34994000000000003,,0.287977,,,,,,,,,,7,11.0,0,0
tragopogon,1.420751385,128.21682465555554,0.1567833205,11.36849523,,,3.0,,1.986754967,0.0,0.0,100.0,7,18.0,1,0
tragus,,,,,,,,,,,,,1,1.0,0,0
trattinnickia,0.215,62.84859551,0.438423645,21.93346,0.759184643,,,,,,,,1,1.0,0,0
traunsteinera,,,,,,,,,,,,,1,1.0,0,0
trema,,,,,,,,,,,,,1,30.0,0,0
trevoa,,,,,,,,,,,,,1,1.0,0,0
trianthema,,,,,,44.14,,,,,,,2,5.0,0,0
tribolium,,,,,,,11.0,,34.7826087,11.5942029,0.0,82.60869565,1,0.0,1,0
tribulus,,,,,,,,,,,,,2,3.0,0,0
trichilia,0.72301,14.3139494824,0.30729487240000003,23.237512,2.253667595,,,,,,,,3,30.0,0,0
trichodesma,,,,,,41.53,,,,,,,2,2.0,0,0
trichophorum,0.425,35.47,,4.4,,,,,,,,,2,5.0,0,0
trichostigma,,,,,,,,,,,,,1,2.0,0,0
tricoryne,,,,,,,9.5,1.0,1.73767253875,9.642280827,0.0,88.5632380475,1,0.0,1,1
tridax,,,,,,80.81,,,,,,,1,1.0,0,0
trientalis,,,,,,,9.25,23.0,6.730318730625,0.88105894,1.23787143725,97.593240675,1,0.0,1,1
trifolium,1.1272841456825797,236.57223423026258,0.09506858862934363,22.683177048589744,1.9318946320833335,23.52722016986111,15.0,46.72222222222222,31.014934679,3.06563591325,0.1439290685,96.51233779,30,276.0,1,2
triglochin,,,,,,,,,,,,,2,4.0,0,0
trigonella,,,,,,,,,,,,,3,5.0,0,0
trinia,,,,,,,,,,,,,2,4.0,0,0
triodia,,,,,,,,,,,,,1,1.0,0,0
tripidium,,,,,,,,,,,,,2,5.0,0,0
triplaris,0.2980966665,4.183620361,0.5231482925,16.578842205,,,,,,,,,1,6.0,0,0
tripleurospermum,2.17653749,293.7,0.074594309,,,,,,,,,,3,5.0,0,0
triplochiton,,,,,,,,,,,,,1,1.0,0,0
triplophyllum,,,,,,,12.333333333333334,2.0,2.824646449333333,0.0,0.0,78.84350869333333,1,0.0,1,1
tripolium,,,,,,,,,,,,,1,2.0,0,0
tripsacum,,,,,,,,,,,,,2,2.0,0,0
triptilodiscus,,,,,,,5.0,,33.486707568,0.0,0.0,100.0,1,0.0,1,0
triraphis,,,,,,,19.375,102.6,5.193787490125,0.336544753,0.015489467125,99.1079684425,1,0.0,1,1
triricum,,,,,,,,,,,,,1,1.0,0,0
trisetum,0.84421749,373.89588557499997,0.16380720425,12.272,,,11.0,,23.37164751,0.095785441,0.095785441,99.80842912,3,39.0,2,0
tristachya,,,,,,,,,,,,,1,1.0,0,0
tristaniopsis,0.304875,40.7114375,0.3931875,,,,,,,,,,2,12.0,0,0
triticum,0.5,37.42,,13.877500000000001,,,,41.785714285714285,,,,,3,225.0,0,1
triumfetta,,,,,,,,,,,,,1,2.0,0,0
trollius,,,,12.83182565,1.717210592,,,,,,,,3,14.0,0,0
trymatococcus,0.581,7.46,0.531,,,,,,,,,,1,1.0,0,0
tsuga,0.45847637757142856,26.29294064588889,0.26428445777777776,2.5908902874999997,,,,,,,,,4,45.0,0,0
tulipa,,,,,,,,,,,,,7,16.0,0,0
turaniphytum,,,,,,,,,,,,,1,2.0,0,0
turpinia,0.6015666666666667,27.49619348666667,0.14075567566666666,22.55244,,,,,,,,,1,3.0,0,0
turraeanthus,,0.8691358958333333,,,,,,,,,,,1,48.0,0,0
turritis,,,,,,,,,,,,,1,1.0,0,0
tussilago,,,,,,,25.0,,17.96367848,0.071684588,0.35023612,99.57807929500001,1,7.0,1,0
tylecodon,,,,,,,,,,,,,1,1.0,0,0
typha,,,,,,,,,,,,,1,1.0,0,0
uapaca,,,,,,,,,,,,,2,10.0,0,0
ulex,0.3731791665,9.189147922,0.7167318595000001,,,,,,,,,,3,6.0,0,0
ulmus,0.3841115255707606,56.049115354150366,0.3346679827153846,12.750620755714285,1.925,12.58405172,,,,,,,10,142.0,0,0
umbilicus,,,,,,,15.5,,23.77636621625,4.27597062,0.753746176,92.1180428525,1,0.0,1,0
unonopsis,0.5362583335,9.803491803,0.307490915,,,,,,,,,,1,2.0,0,0
urera,,,,,,,,,,,,,2,54.0,0,0
urochloa,,,,7.3625,0.29000000000000004,15.24,,,,,,,4,10.0,0,0
ursinia,,,,,,,,,,,,,1,1.0,0,0
urtica,2.08850703,410.3333333,0.035272517,,,,,,,,,,3,10.0,0,0
utania,,,,,,,,,,,,,2,5.0,0,0
vaccaria,,,,,,,,,,,,,2,3.0,0,0
vaccinium,0.19163517654761905,234.42837828434153,0.44671519470000004,9.917124145231982,1.1471503716969698,37.423802308571425,,,,,,,13,225.0,0,0
vachellia,,,,17.8,1.1,61.595,,118.75,,,,,18,72.0,0,2
valeriana,1.2418358954,371.7014814666666,0.19477964009999998,8.572,0.626602865,,9.0,,4.491571372,0.0,4.146011717,95.853988285,14,46.0,1,0
valerianella,,,,,,,,,,,,,3,3.0,0,0
vepris,0.75,6.35,0.39,,,,,,,,,,1,1.0,0,0
veratrum,0.3396,126.313532905,0.093278814,14.39414,,,3.5,6.0,36.8506493525,2.8814935065,0.0,91.72077922,4,17.0,1,1
verbascum,0.33,42.494974729999996,0.19,10.57730317,,,,,,,,,5,15.0,0,0
verbena,0.32,69.43757851,0.13,14.37707663,,,,,,,,,5,12.0,0,0
verbesina,0.4536,,0.312013,,,,,,,,,,1,1.0,0,0
verinica,,,,,,,,,,,,,1,1.0,0,0
vernicia,,,,,,,,,,,,,1,1.0,0,0
vernonia,0.33183,,0.34941,,,,,,,,,,1,6.0,0,0
veronia,0.31,123.0,0.11,,,,,,,,,,1,1.0,0,0
veronica,1.5712219962962963,383.07217755738196,0.08747653406666667,12.24183644875,1.8963840619999999,,13.63974358974359,10.333333333333334,43.88296552424615,6.816618837867309,0.0079849906,92.77018827707691,32,165.0,7,2
veronicastrum,0.3,131.0,0.11,,,,,,,,,,1,1.0,0,0
viburnum,0.6557677708888888,9.864147367571428,0.4086713396428571,12.919535833333333,,51.35300926,,,,,,,9,24.0,0,0
vicia,2.4901793859444443,119.6032497903,0.07985094775,27.1532536275,,18.7,,,,,,,19,88.0,0,0
vietnamosasa,,,,11.3,,,4.75,30.0,10.59322034,0.0,0.0,89.5480226,1,1.0,1,1
vigna,,,,,,,,,,,,,2,3.0,0,0
vinca,,,,,,,15.25,38.5,39.955848402250005,1.64816415675,0.0,97.42590992,2,2.0,1,1
vincetoxicum,,,,,,,14.75,10.5,30.711156238500003,0.0,0.0,99.35221662000001,2,3.0,1,1
viola,0.8925538225,225.8074323511111,0.1881059205,19.023665627,3.710551383,,17.563492063492063,1.6666666666666667,21.73106511799603,4.013544570972222,1.2954442231547618,87.96918930142857,27,71.0,2,1
virola,1.44,3.223735484,0.190464488,20.00952,1.115194985,31.867356232541177,,2.6666666666666665,,,,,3,45.0,0,1
viscaria,,,,,,,,,,,,,2,2.0,0,0
vismia,,,,,,,,,,,,,4,8.0,0,0
vitellaria,,,,,,,,,,,,,1,1.0,0,0
vitex,0.5437833333333334,41.355838515,0.11565265225,22.5,,66.27,,,,,,,2,13.0,0,0
vitis,0.45519194440972227,42.30063251233056,0.2681549781777778,26.766694164999997,,34.2953125008125,,84.60526315789474,,,,,3,53.0,0,1
vochysia,,,,,,,,,,,,,2,2.0,0,0
voyria,,,,,,,,6.518518518518518,,,,,1,0.0,0,1
wahlenbergia,,8.806402597666667,0.18879210233333335,,,,,,,,,,1,6.0,0,0
waldheimia,,,,,,,3.4166666666666665,,51.28579209416667,33.543417366999996,11.018713040333331,55.391184251333335,3,0.0,3,0
washingtonia,,,,,,,,,,,,,1,1.0,0,0
watsonia,,,,,,,,,,,,,1,3.0,0,0
weigela,,,,,,,,,,,,,1,1.0,0,0
weinmannia,0.4067681969309524,20.509215317354762,0.5265949915761905,8.349687452380953,0.44642624731944447,,,,,,,,7,32.0,0,0
welwitschia,,,,,,,,,,,,,1,1.0,0,0
wendlandia,0.22417,45.27,0.43,18.79,,78.0,,,,,,,2,3.0,0,0
whipplea,,,,,,,,,,,,,1,1.0,0,0
willemetia,,,,,,,,,,,,,1,1.0,0,0
withania,0.3918,5.831896907,0.461331482,,,,,,,,,,1,1.0,0,0
woodwardia,,0.78260982775,,5.10658505275,0.55240224175,,,,,,,,1,4.0,0,0
wulfenia,,,,,,,,,,,,,1,3.0,0,0
wurfbainia,0.231955556,187.4048069,0.133168538,14.848926,,,,,,,,,1,1.0,0,0
wyethia,,,,,,,,,,,,,1,4.0,0,0
xanthisma,0.3163,109.90261269,0.106666667,12.77929187,,,,,,,,,2,10.0,0,0
xanthium,0.45453,,0.160897,,,,,,,,,,1,5.0,0,0
xanthophyllum,0.59160833325,15.801742401750001,0.37598925650000004,8.445,0.45499999999999996,,,,,,,,2,9.0,0,0
xanthorrhoea,,,,,,,,,,,,,1,1.0,0,0
xanthostemon,,,,,,,5.5,,0.751890386,0.110864745,0.0,55.017340385,1,0.0,1,0
xenostegia,,,,,,82.33,,,,,,,1,1.0,0,0
xyris,,,,,,,,,,,,,1,1.0,0,0
yucca,,,,,,,,,,,,,3,14.0,0,0
zabelia,0.5292,30.94705706,0.146696035,19.14759733,,,,,,,,,1,1.0,0,0
zamia,0.327513889,58.8724502,0.21967511933333336,2.521669427,,,,,,,,,1,4.0,0,0
zanthoxylum,,,,15.6,0.42,,,,,,,,5,45.0,0,0
zea,,,,16.5,,73.71382011450001,,995.5079365079365,,,,,1,102.0,0,1
zilla,,,,,,,,,,,,,2,4.0,0,0
zinnia,,43.98,0.136,8.3,,39.0,,,,,,,4,7.0,0,0
zizia,0.3105,100.0,0.1313715,,,,,,,,,,1,2.0,0,0
ziziphora,,,,,,,,,,,,,3,5.0,0,0
ziziphus,,,,,,,,,,,,,6,10.0,0,0
zornia,,,,,,87.95,,,,,,,1,1.0,0,0
zuccagnia,,,,,,,,,,,,,1,1.0,0,0
zygia,0.367,26.16,0.362,,,,,,,,,,1,1.0,0,0
zygophyllum,,12.13,,8.94,,,,,,,,,15,28.0,0,0
zyziphus,,,,,,,,1.0,,,,,1,0.0,0,1
