canonical_species,woodiness,growth_form,n_FRED_records,root_diameter_mean,SRL_mean,RTD_mean,root_N_mean,root_P_mean,mycorrhizal_colonization_mean,n_root_diameter_records,n_SRL_records,n_RTD_records,n_root_N_records,n_root_P_records,n_mycorrhizal_colonization_records,EcoBank_n_samples,EcoBank_amf_richness_mean,EcoBank_prop_cult_mean,EcoBank_prop_ancestral_mean,EcoBank_prop_edaphophilic_mean,EcoBank_prop_rhizophilic_mean,EcoBank_latitude_mean,EcoBank_longitude_mean,GlobalAMFungi_n_samples,GlobalAMFungi_amf_richness_mean,GlobalAMFungi_amf_genus_richness_mean,GlobalAMFungi_latitude_mean,GlobalAMFungi_longitude_mean,in_EcoBank,in_GlobalAMFungi,in_FRED4_full,PC1,PC2
abies alba,woody,tree,77.0,0.553,32.026666666666664,0.24433333333333332,10.835,1.4,,3.0,3.0,3.0,2.0,1.0,0.0,,,,,,,,,,,,,,0,0,1,-0.45551982698276366,0.21224748360671297
abies amabalis,woody,tree,48.0,,,,6.622671822037036,1.04907891775,,0.0,0.0,0.0,27.0,28.0,0.0,,,,,,,,,,,,,,0,0,1,,
abies balsamea,woody,tree,53.0,,,,15.0,0.84,,0.0,0.0,0.0,1.0,1.0,0.0,,,,,,,,,,,,,,0,0,1,,
abies cephalonica,woody,tree,1.0,,,,,,,0.0,0.0,0.0,0.0,0.0,0.0,,,,,,,,,,,,,,0,0,1,,
abies cilicica,woody,tree,1.0,,,,,,,0.0,0.0,0.0,0.0,0.0,0.0,,,,,,,,,,,,,,0,0,1,,
abies concolor,woody,tree,9.0,,32.144855916666664,,16.0,,,0.0,3.0,0.0,1.0,0.0,0.0,,,,,,,,,,,,,,0,0,1,,
abies fargesii,woody,tree,36.0,0.5787354138333333,14.4272334575,,6.18,1.1349999999999998,,24.0,24.0,0.0,2.0,2.0,0.0,,,,,,,,,,,,,,0,0,1,,
abies firma,woody,tree,3.0,,,,,,,0.0,0.0,0.0,0.0,0.0,0.0,,,,,,,,,,,,,,0,0,1,,
abies fraseri,woody,tree,1.0,,,,,,,0.0,0.0,0.0,0.0,0.0,0.0,,,,,,,,,,,,,,0,0,1,,
abies grandis,woody,tree,2.0,,,,,,,0.0,0.0,0.0,0.0,0.0,0.0,,,,,,,,,,,,,,0,0,1,,
abies holophylla,woody,tree,1.0,,,,,,,0.0,0.0,0.0,0.0,0.0,0.0,,,,,,,,,,,,,,0,0,1,,
abies homolepis,woody,tree,3.0,,,,,,,0.0,0.0,0.0,0.0,0.0,0.0,,,,,,,,,,,,,,0,0,1,,
abies koreana,woody,tree,1.0,,,,,,,0.0,0.0,0.0,0.0,0.0,0.0,,,,,,,,,,,,,,0,0,1,,
abies lasiocarpa,woody,tree,98.0,,40.27948308,,,,,0.0,3.0,0.0,0.0,0.0,0.0,,,,,,,,,,,,,,0,0,1,,
abies magnifica,woody,tree,6.0,,,,16.0,,,0.0,0.0,0.0,1.0,0.0,0.0,,,,,,,,,,,,,,0,0,1,,
abies mariesii,woody,tree,2.0,,,,,,,0.0,0.0,0.0,0.0,0.0,0.0,,,,,,,,,,,,,,0,0,1,,
abies nephrolepis,woody,tree,4.0,0.415233333,27.04585714,0.279705882,17.6418355,1.2,,1.0,1.0,1.0,2.0,1.0,0.0,,,,,,,,,,,,,,0,0,1,-0.09932252306498811,-0.29104612301296406
abies nordmanniana,woody,tree,1.0,,,,,,,0.0,0.0,0.0,0.0,0.0,0.0,,,,,,,,,,,,,,0,0,1,,
abies numidica,woody,tree,1.0,,,,,,,0.0,0.0,0.0,0.0,0.0,0.0,,,,,,,,,,,,,,0,0,1,,
abies pindrow,woody,tree,1.0,,,,,,,0.0,0.0,0.0,0.0,0.0,0.0,,,,,,,,,,,,,,0,0,1,,
abies pinsapo,woody,tree,2.0,,,,,,,0.0,0.0,0.0,0.0,0.0,0.0,,,,,,,,,,,,,,0,0,1,,
abies procera,woody,tree,5.0,,,,17.0,,,0.0,0.0,0.0,1.0,0.0,0.0,,,,,,,,,,,,,,0,0,1,,
abies sachalinensis,woody,tree,5.0,,,,9.866666666666667,0.9533333333333333,,0.0,0.0,0.0,3.0,3.0,0.0,,,,,,,,,,,,,,0,0,1,,
abies sibirica,woody,tree,12.0,,,,,,,0.0,0.0,0.0,0.0,0.0,0.0,,,,,,,,,,,,,,0,0,1,,
abies veitchii,woody,tree,7.0,,,,,,,0.0,0.0,0.0,0.0,0.0,0.0,,,,,,,,,,,,,,0,0,1,,
abildgaardia ovata,non-woody,graminoid,1.0,,,,,,25.86,0.0,0.0,0.0,0.0,0.0,1.0,,,,,,,,,,,,,,0,0,1,,
abolboda americana,,,1.0,,,,,,,0.0,0.0,0.0,0.0,0.0,0.0,,,,,,,,,,,,,,0,0,1,,
abronia crux-maltae,,,1.0,,,,,,,0.0,0.0,0.0,0.0,0.0,0.0,,,,,,,,,,,,,,0,0,1,,
abronia fragrans,non-woody,herb,1.0,,,,,,,0.0,0.0,0.0,0.0,0.0,0.0,,,,,,,,,,,,,,0,0,1,,
abronia pogonantha,non-woody,herb,1.0,,,,,,,0.0,0.0,0.0,0.0,0.0,0.0,,,,,,,,,,,,,,0,0,1,,
abronia villosa,non-woody,herb,2.0,,,,,,,0.0,0.0,0.0,0.0,0.0,0.0,,,,,,,,,,,,,,0,0,1,,
abrus precatorius,woody,shrub,1.0,,,,,,90.32,0.0,0.0,0.0,0.0,0.0,1.0,,,,,,,,,,,,,,0,0,1,,
abutilon indicum,woody,shrub,1.0,,,,,,44.44,0.0,0.0,0.0,0.0,0.0,1.0,,,,,,,,,,,,,,0,0,1,,
acacia aneura,woody,shrub/tree,3.0,,,,10.7,,,0.0,0.0,0.0,1.0,0.0,0.0,,,,,,,,,,,,,,0,0,1,,
acacia aulacocarpa,woody,tree,1.0,,,,,,,0.0,0.0,0.0,0.0,0.0,0.0,,,,,,,,,,,,,,0,0,1,,
acacia auriculiformis,woody,tree,28.0,0.5963942850909091,37.35333333333333,0.29333333333333333,24.459618047142857,0.48612,33.8,11.0,6.0,6.0,7.0,1.0,5.0,,,,,,,,,,,,,,0,0,1,0.36316700953524417,0.028980550958706622
acacia barbinervis,,,1.0,,,,,,,0.0,0.0,0.0,0.0,0.0,0.0,,,,,,,,,,,,,,0,0,1,,
acacia cambagei,woody,tree,1.0,,,,,,,0.0,0.0,0.0,0.0,0.0,0.0,,,,,,,,,,,,,,0,0,1,,
acacia crassicarpa,woody,tree,9.0,0.22593,108.28,0.36,19.335,0.24592,36.0,1.0,1.0,1.0,2.0,1.0,1.0,,,,,,,,,,,,,,0,0,1,0.3235984226068711,-1.0948619500274797
acacia dealbata,woody,shrub/tree,2.0,,,,,,75.18,0.0,0.0,0.0,0.0,0.0,1.0,,,,,,,,,,,,,,0,0,1,,
acacia erioloba,,,,,,,,,,,,,,,,4.0,23.25,7.02460296325,0.3914918485,0.512002337,90.62257332749999,-24.67777778,28.66083333,,,,,,1,0,0,,
acacia harpophylla,woody,tree,1.0,,,,,,,0.0,0.0,0.0,0.0,0.0,0.0,,,,,,,,,,,,,,0,0,1,,
acacia huegelii,woody,shrub/tree,1.0,,,,,,,0.0,0.0,0.0,0.0,0.0,0.0,,,,,,,,,,,,,,0,0,1,,
acacia mangium,woody,tree,82.0,0.42609935600000004,35.771250183157896,0.29,23.205,10.208668888888887,53.0,19.0,19.0,1.0,2.0,9.0,1.0,,,,,,,,,,,,,,0,0,1,0.3153304016166914,-0.37228136246438187
acacia mearnsii,woody,tree,2.0,,,,,,66.24,0.0,0.0,0.0,0.0,0.0,1.0,,,,,,,,,,,,,,0,0,1,,
acacia pulchella,woody,shrub,1.0,,,,,,,0.0,0.0,0.0,0.0,0.0,0.0,,,,,,,,,,,,,,0,0,1,,
acacia saligna,woody,shrub/tree,2.0,,,,,,,0.0,0.0,0.0,0.0,0.0,0.0,,,,,,,,,,,,,,0,0,1,,
acacia seyal,,,,,,,,,,,,,,,,3.0,8.333333333333334,43.63660520966667,0.14492753633333333,0.0,99.85507246333333,14.578055560000001,-17.01722222,,,,,,1,0,0,,
acacia shirleyi,woody,tree,1.0,,,,,,,0.0,0.0,0.0,0.0,0.0,0.0,,,,,,,,,,,,,,0,0,1,,
acaena magellanica,non-woody,herb,2.0,,,,,,,0.0,0.0,0.0,0.0,0.0,0.0,,,,,,,,,,,,,,0,0,1,,
acalypha fruticosa,woody,shrub,1.0,,,,,,30.89,0.0,0.0,0.0,0.0,0.0,1.0,,,,,,,,,,,,,,0,0,1,,
acalypha gracilens,non-woody,herb,1.0,,,,,,,0.0,0.0,0.0,0.0,0.0,0.0,,,,,,,,,,,,,,0,0,1,,
acalypha indica,non-woody,herb,1.0,,,,,,40.53,0.0,0.0,0.0,0.0,0.0,1.0,,,,,,,,,,,,,,0,0,1,,
acalypha lanceolata,non-woody/woody,herb/shrub,1.0,,,,,,57.47,0.0,0.0,0.0,0.0,0.0,1.0,,,,,,,,,,,,,,0,0,1,,
acalypha virginica,non-woody,herb,1.0,,,,,,,0.0,0.0,0.0,0.0,0.0,0.0,,,,,,,,,,,,,,0,0,1,,
acalypha wilkesiana,woody,shrub,1.0,,,,,,,0.0,0.0,0.0,0.0,0.0,0.0,,,,,,,,,,,,,,0,0,1,,
acamptopappus shockleyi,non-woody/woody,herb/shrub,2.0,,,,,,,0.0,0.0,0.0,0.0,0.0,0.0,,,,,,,,,,,,,,0,0,1,,
acamptopappus sphaerocephalus,woody,shrub,3.0,,,,,,,0.0,0.0,0.0,0.0,0.0,0.0,,,,,,,,,,,,,,0,0,1,,
acanthocladus tehuelchum,,,1.0,,,,,,,0.0,0.0,0.0,0.0,0.0,0.0,,,,,,,,,,,,,,0,0,1,,
acantholimon alatavicum,,,1.0,,,,,,,0.0,0.0,0.0,0.0,0.0,0.0,,,,,,,,,,,,,,0,0,1,,
acanthophyllum elatius,,unspecified,2.0,,,,,,,0.0,0.0,0.0,0.0,0.0,0.0,,,,,,,,,,,,,,0,0,1,,
acanthophyllum korolkowii,,unspecified,1.0,,,,,,,0.0,0.0,0.0,0.0,0.0,0.0,,,,,,,,,,,,,,0,0,1,,
acanthophyllum krascheninnikovii,,unspecified,1.0,,,,,,,0.0,0.0,0.0,0.0,0.0,0.0,,,,,,,,,,,,,,0,0,1,,
acanthophyllum pungens,,,1.0,,,,,,,0.0,0.0,0.0,0.0,0.0,0.0,,,,,,,,,,,,,,0,0,1,,
acanthosicyos horridus,woody,shrub,4.0,,,,,,,0.0,0.0,0.0,0.0,0.0,0.0,,,,,,,,,,,,,,0,0,1,,
acer barbinerve,woody,tree,1.0,0.2523,143.6789729,0.152828829,21.777732,,,1.0,1.0,1.0,1.0,0.0,0.0,,,,,,,,,,,,,,0,0,1,1.470375866822061,-0.6623438326642601
acer buergerianum,woody,shrub/tree,1.0,,,,,,,0.0,0.0,0.0,0.0,0.0,0.0,,,,,,,,,,,,,,0,0,1,,
acer campbellii,woody,tree,1.0,0.18975,79.07241758,0.455,11.635052,,,1.0,1.0,1.0,1.0,0.0,0.0,,,,,,,,,,,,,,0,0,1,-0.7514674416889471,-1.2477716227179008
acer campestre,woody,tree,8.0,0.421,30.97,0.28,12.54,,,2.0,2.0,2.0,1.0,0.0,0.0,,,,,,,,,,,,,,0,0,1,-0.4380542918701051,-0.2176203322709322
acer cappadocicum,woody,tree,2.0,,,,,,,0.0,0.0,0.0,0.0,0.0,0.0,,,,,,,,,,,,,,0,0,1,,
acer caudatum,woody,tree,12.0,0.3209556830909091,54.07903218116667,0.26,16.9854485,0.66,,11.0,6.0,1.0,2.0,1.0,0.0,,,,,,,,,,,,,,0,0,1,0.12825407553414256,-0.5193521125407116
acer coriaceifolium,,unspecified,10.0,0.29000000000000004,93.25,0.19000000000000003,13.9,,27.58153495,4.0,4.0,3.0,1.0,0.0,5.0,,,,,,,,,,,,,,0,0,1,0.42981461085633393,-0.46648035406958405
acer davidii,woody,tree,12.0,0.4253930890909091,49.62796023683333,0.35453638183333336,14.904542,,,11.0,6.0,6.0,6.0,0.0,0.0,,,,,,,,,,,,,,0,0,1,-0.41253624090131913,-0.4307863962941328
acer fabri,woody,tree,11.0,0.19314800000000001,151.712,0.29000000000000004,17.81,,23.5206029215,5.0,5.0,4.0,2.0,0.0,6.0,,,,,,,,,,,,,,0,0,1,0.7651284410679617,-1.073584737184413
acer glabrum,woody,shrub/tree,3.0,,41.262311446666665,,,,,0.0,3.0,0.0,0.0,0.0,0.0,,,,,,,,,,,,,,0,0,1,,
acer japonicum,woody,tree,3.0,,,,9.0,0.8766666666666666,,0.0,0.0,0.0,3.0,3.0,0.0,,,,,,,,,,,,,,0,0,1,,
acer laurinum,woody,tree,6.0,0.6289277778333333,12.0631874395,0.3152167688333333,9.441666666666666,0.54,,6.0,6.0,6.0,6.0,6.0,0.0,,,,,,,,,,,,,,0,0,1,-0.9602220343277493,0.2972625187916921
acer macrophyllum,woody,tree,6.0,,,,15.0,,,0.0,0.0,0.0,1.0,0.0,0.0,,,,,,,,,,,,,,0,0,1,,
acer negundo,woody,tree,60.0,0.406736353875,43.37267167647059,0.48081003171428577,14.970759809083333,1.6988470582222222,20.4396969025,24.0,17.0,14.0,12.0,9.0,8.0,,,,,,,,,,,,,,0,0,1,-0.8974791775349173,-0.745623464637297
acer pentapomicum,,unspecified,1.0,,,,,,,0.0,0.0,0.0,0.0,0.0,0.0,,,,,,,,,,,,,,0,0,1,,
acer pictum,woody,tree,85.0,0.4097374981,67.84211008491667,0.23433324200000002,15.143663605714286,1.6,,80.0,48.0,3.0,7.0,4.0,0.0,,,,,,,,,,,,,,0,0,1,0.16075233008836454,-0.2385543496589954
acer platanoides,woody,tree,109.0,0.840725136375,22.915646329066664,0.4678054682352941,10.044561604636364,1.1,73.3,16.0,15.0,17.0,11.0,1.0,2.0,,,,,,,,,29.0,57.55172413793103,1.2413793103448276,45.43,-73.94,0,1,1,-1.4405250584047393,0.4685030152415589
acer pseudoplatanus,woody,tree,134.0,0.5913683826153846,32.67833708857143,0.5126468399230769,11.3195975109375,1.3142857142857143,76.2,13.0,14.0,13.0,16.0,7.0,2.0,,,,,,,,,,,,,,0,0,1,-1.3862222497032772,-0.2878419953862545
acer pseudosieboldianum,woody,tree,1.0,,,,,,,0.0,0.0,0.0,0.0,0.0,0.0,,,,,,,,,,,,,,0,0,1,,
acer rubrum,woody,tree,213.0,0.5554290666,27.97325102878977,0.2152832280742857,14.254785781133334,1.144872417,18.452347632625,185.0,176.0,175.0,15.0,9.0,8.0,,,,,,,,,,,,,,0,0,1,-0.1362144779538631,0.24445777960895138
acer saccharinum,woody,tree,17.0,,,,14.666666666666666,,,0.0,0.0,0.0,3.0,0.0,0.0,,,,,,,,,,,,,,0,0,1,,
acer saccharum,woody,tree,655.0,0.557983622018868,32.313577153433464,0.20110938510931173,11.884805958360465,1.0549079774210526,27.304665237499997,265.0,263.0,247.0,86.0,19.0,4.0,4.0,8.5,46.434650754500005,1.9083969465,0.0,98.0916030525,39.23611111,-86.22055556,25.0,39.6,1.16,45.182244,-74.43122,1,1,1,-0.22540506428213147,0.3056241087214737
acer spicatum,woody,shrub/tree,2.0,,,,,,,0.0,0.0,0.0,0.0,0.0,0.0,,,,,,,,,,,,,,0,0,1,,
acer tataricum,woody,shrub/tree,17.0,0.4213267768181818,75.75022802166667,0.146218996,22.157767,,,11.0,6.0,1.0,1.0,0.0,0.0,,,,,,,,,,,,,,0,0,1,1.0251709535567046,-0.11935737625234236
acer tegmentosum,woody,tree,8.0,0.4140593575,52.88543483499999,0.145770899,21.841885165,1.9,,6.0,6.0,1.0,2.0,1.0,0.0,,,,,,,,,,,,,,0,0,1,0.8524924972881663,-0.09576106227356264
acer triflorum,woody,tree,1.0,0.2341,110.6332214,0.227082895,29.07036133,,,1.0,1.0,1.0,1.0,0.0,0.0,,,,,,,,,,,,,,0,0,1,1.50535048094674,-0.9121075455955783
acer truncatum,woody,tree,5.0,0.42800360660000003,37.561583389999996,0.2873412928,14.940000000000001,,,5.0,5.0,5.0,5.0,0.0,0.0,,,,,,,,,,,,,,0,0,1,-0.25111059947307074,-0.2577685349891789
acer tschonoskii,woody,shrub/tree,1.0,,,,9.2,0.54,,0.0,0.0,0.0,1.0,1.0,0.0,,,,,,,,,,,,,,0,0,1,,
achillea clavennae,non-woody,herb,1.0,,,,,,,0.0,0.0,0.0,0.0,0.0,0.0,,,,,,,,,,,,,,0,0,1,,
achillea falcata,non-woody,herb,1.0,,,,,,,0.0,0.0,0.0,0.0,0.0,0.0,,,,,,,,,,,,,,0,0,1,,
achillea fragrantissima,non-woody,herb,1.0,,,,,,,0.0,0.0,0.0,0.0,0.0,0.0,,,,,,,,,,,,,,0,0,1,,
achillea lanulosa,non-woody,herb,1.0,,,,,,,0.0,0.0,0.0,0.0,0.0,0.0,,,,,,,,,,,,,,0,0,1,,
achillea macrocephala,,unspecified,1.0,,,,,,,0.0,0.0,0.0,0.0,0.0,0.0,,,,,,,,,,,,,,0,0,1,,
achillea millefolium,non-woody,herb,44.0,0.4237959033,239.57378596750002,0.15589581479999998,14.240254430800002,,,10.0,16.0,5.0,5.0,0.0,0.0,11.0,25.272727272727273,31.849287864181818,0.12820107463636363,0.12057159099999999,98.85671347545454,56.17440303090909,27.85628030090909,65.0,168.36923076923077,2.2,55.6397,15.353253846153846,1,1,1,1.5271877588752871,-0.295559337569094
achillea nobilis,non-woody,herb,2.0,,,,,,,0.0,0.0,0.0,0.0,0.0,0.0,,,,,,,,,,,,,,0,0,1,,
achillea ptarmica,non-woody,herb,7.0,,,,23.46,,,0.0,0.0,0.0,4.0,0.0,0.0,,,,,,,,,,,,,,0,0,1,,
achillea santolinoides,,,1.0,,,,,,,0.0,0.0,0.0,0.0,0.0,0.0,,,,,,,,,,,,,,0,0,1,,
achillea tomentosa,,,1.0,,,,,,,0.0,0.0,0.0,0.0,0.0,0.0,,,,,,,,,,,,,,0,0,1,,
achnatherum pelliotii,,,1.0,,,,,,,0.0,0.0,0.0,0.0,0.0,0.0,,,,,,,,,,,,,,0,0,1,,
achnatherum sibiricum,non-woody,graminoid,18.0,0.16515,82.3075,,,,7.77,3.0,4.0,0.0,0.0,0.0,1.0,,,,,,,,,,,,,,0,0,1,,
achyranthes aspera,non-woody/woody,herb/shrub,1.0,,,,,,11.76,0.0,0.0,0.0,0.0,0.0,1.0,,,,,,,,,,,,,,0,0,1,,
achyropsis fruticulosa,,,1.0,,,,,,,0.0,0.0,0.0,0.0,0.0,0.0,,,,,,,,,,,,,,0,0,1,,
acinos arvensis,,,,,,,,,,,,,,,,4.0,31.25,20.2689486005,4.570422378,0.160310813,93.88991286,58.10333333,22.18972222,,,,,,1,0,0,,
aciphylla aurea,non-woody,herb,3.0,,56.89670301833333,,13.21077367,,,0.0,3.0,0.0,1.0,0.0,0.0,,,,,,,,,,,,,,0,0,1,,
ackama rosifolia,,unspecified,13.0,0.3606384615384615,51.988595037692306,0.19962582592307693,14.9,,,13.0,13.0,13.0,1.0,0.0,0.0,,,,,,,,,,,,,,0,0,1,0.17276503386945113,-0.25692293767267677
acmispon glaber,woody,shrub,2.0,,,,,,,0.0,0.0,0.0,0.0,0.0,0.0,,,,,,,,,,,,,,0,0,1,,
acmispon wrightii,non-woody,herb,7.0,,26.379795174500003,,22.0719409,,,0.0,6.0,0.0,1.0,0.0,0.0,,,,,,,,,,,,,,0,0,1,,
aconitum anthora,,unspecified,1.0,,,,,,,0.0,0.0,0.0,0.0,0.0,0.0,,,,,,,,,,,,,,0,0,1,,
aconitum nasutum,non-woody,herb,4.0,,,,,,,0.0,0.0,0.0,0.0,0.0,0.0,,,,,,,,,,,,,,0,0,1,,
aconitum septentrionale,non-woody,herb,10.0,,,,,,,0.0,0.0,0.0,0.0,0.0,0.0,,,,,,,,,,,,,,0,0,1,,
aconogonon rumicifolium,,,,,,,,,,,,,,,,2.0,5.0,0.0,0.0,0.0,100.0,32.900670475,77.211710565,,,,,,1,0,0,,
acorus calamus,non-woody,herb,1.0,,,,,,,0.0,0.0,0.0,0.0,0.0,0.0,,,,,,,,,,,,,,0,0,1,,
acosmium cardenasii,woody,tree,30.0,,,,,,,0.0,0.0,0.0,0.0,0.0,0.0,,,,,,,,,,,,,,0,0,1,,
acourtia nana,,,2.0,,,,,,,0.0,0.0,0.0,0.0,0.0,0.0,,,,,,,,,,,,,,0,0,1,,
acronychia pedunculata,woody,tree,16.0,0.5239359681,33.1925249882,0.2930184209,16.658125,0.5433333333333334,58.0,10.0,10.0,10.0,16.0,9.0,1.0,,,,,,,,,,,,,,0,0,1,-0.2011919446713969,-0.04467349954018497
acrospelion distichophyllum,,,1.0,,,,,,,0.0,0.0,0.0,0.0,0.0,0.0,,,,,,,,,,,,,,0,0,1,,
actaea cimicifuga,non-woody,unspecified,2.0,0.26705,117.113061725,0.2376004,17.263182335,,,2.0,2.0,2.0,2.0,0.0,0.0,,,,,,,,,,,,,,0,0,1,0.6641291834351343,-0.7103961632562202
actaea spicata,non-woody,herb,4.0,,,,,,,0.0,0.0,0.0,0.0,0.0,0.0,1.0,15.0,64.14565826,1.120448179,0.0,98.87955182,34.3717667,74.99741667,,,,,,1,0,1,,
actinidia kolomikta,woody,climber,1.0,0.23,224.5237681,0.1078125,24.905621,,,1.0,1.0,1.0,1.0,0.0,0.0,,,,,,,,,,,,,,0,0,1,2.4019898943219444,-0.7898867967828392
actinodaphne henryi,,,3.0,0.7845666666666666,7.258719185333334,0.329182463,15.83,0.39,,3.0,3.0,3.0,3.0,2.0,0.0,,,,,,,,,,,,,,0,0,1,-0.6249467356206172,0.5823515779155163
actinotus minor,,,,,,,,,,,,,,,,5.0,10.4,1.7768908937999999,0.5064825602,0.0,99.406862328,-33.67527778,151.21427778,3.0,6.666666666666667,1.0,-33.6753,151.214,1,1,0,,
adansonia digitata,woody,tree,5.0,0.7033,3.403274688,0.474756691,9.181354842,,,1.0,1.0,1.0,1.0,0.0,0.0,,,,,,,,,,,,,,0,0,1,-1.6254838873502577,0.15092110711698403
adenanthera pavonina,woody,tree,36.0,,,,,,27.16542857142857,0.0,0.0,0.0,0.0,0.0,35.0,,,,,,,,,,,,,,0,0,1,,
adenanthos cygnorum,woody,shrub,1.0,,,,,,,0.0,0.0,0.0,0.0,0.0,0.0,,,,,,,,,,,,,,0,0,1,,
adenanthos terminalis,,,1.0,,,,,,,0.0,0.0,0.0,0.0,0.0,0.0,,,,,,,,,,,,,,0,0,1,,
adenium obesum,woody,tree,3.0,,,,,,,0.0,0.0,0.0,0.0,0.0,0.0,,,,,,,,,,,,,,0,0,1,,
adenocaulon himalaicum,non-woody,herb,1.0,0.1734,192.9116901,0.221875,18.42205767,,,1.0,1.0,1.0,1.0,0.0,0.0,,,,,,,,,,,,,,0,0,1,1.333808522533175,-1.0477359833218822
adenopeltis serrata,woody,shrub,1.0,,,,,,,0.0,0.0,0.0,0.0,0.0,0.0,,,,,,,,,,,,,,0,0,1,,
adenophora liliifolia,non-woody,herb,5.0,,,,,,,0.0,0.0,0.0,0.0,0.0,0.0,,,,,,,,,,,,,,0,0,1,,
adenostoma fasciculatum,woody,shrub,9.0,,,,,,,0.0,0.0,0.0,0.0,0.0,0.0,,,,,,,,,,,,,,0,0,1,,
adenostoma sparsifolium,woody,shrub,2.0,,,,,,,0.0,0.0,0.0,0.0,0.0,0.0,,,,,,,,,,,,,,0,0,1,,
adenostyles alliariae,non-woody,herb,1.0,,,,,,,0.0,0.0,0.0,0.0,0.0,0.0,,,,,,,,,,,,,,0,0,1,,
adesmia bicolor,non-woody,herb,2.0,,10.09,0.104,22.4,,15.0,0.0,1.0,1.0,1.0,0.0,1.0,,,,,,,,,,,,,,0,0,1,,
adesmia boronioides,,unspecified,2.0,,,,,,,0.0,0.0,0.0,0.0,0.0,0.0,,,,,,,,,,,,,,0,0,1,,
adesmia lotoides,,,1.0,,,,,,,0.0,0.0,0.0,0.0,0.0,0.0,,,,,,,,,,,,,,0,0,1,,
adesmia villosa,non-woody,herb,1.0,,,,,,,0.0,0.0,0.0,0.0,0.0,0.0,,,,,,,,,,,,,,0,0,1,,
adesmia volckmanni,woody,shrub,1.0,,,,,,,0.0,0.0,0.0,0.0,0.0,0.0,,,,,,,,,,,,,,0,0,1,,
adesmia volckmannii,woody,shrub,2.0,,,,,,,0.0,0.0,0.0,0.0,0.0,0.0,,,,,,,,,,,,,,0,0,1,,
adiantum pedatum,non-woody,fern,5.0,0.3863846492,125.85553090199998,0.12480980639999999,13.013953387,,,5.0,5.0,5.0,5.0,0.0,0.0,,,,,,,,,,,,,,0,0,1,0.7964775653131034,-0.1224809951833345
adina metcalfii,woody,tree,1.0,0.15444,99.96,0.29,20.23,,55.0,1.0,1.0,1.0,1.0,0.0,1.0,,,,,,,,,,,,,,0,0,1,0.5987471504246635,-1.118760545365092
adina pilulifera,woody,shrub/tree,1.0,0.1376,580.271875,0.114285714,16.970358,,,1.0,1.0,1.0,1.0,0.0,0.0,,,,,,,,,,,,,,0,0,1,4.22528616093598,-1.5055165266839206
adinandra hainanensis,woody,tree,6.0,,,,9.133333333333335,0.2916666666666667,,0.0,0.0,0.0,6.0,6.0,0.0,,,,,,,,,,,,,,0,0,1,,
adinandra millettii,woody,shrub,5.0,0.45,218.0,,,,,1.0,1.0,0.0,0.0,0.0,0.0,,,,,,,,,5.0,3.6,1.6,29.25,118.12,0,1,1,,
adonis aestivalis,non-woody,herb,3.0,,,,,,,0.0,0.0,0.0,0.0,0.0,0.0,,,,,,,,,,,,,,0,0,1,,
adonis turkestanica,,unspecified,2.0,,,,,,,0.0,0.0,0.0,0.0,0.0,0.0,,,,,,,,,,,,,,0,0,1,,
adonis vernalis,non-woody,herb,4.0,,,,,,,0.0,0.0,0.0,0.0,0.0,0.0,,,,,,,,,,,,,,0,0,1,,
adoxa moschatellina,non-woody,herb,5.0,,,,,,,0.0,0.0,0.0,0.0,0.0,0.0,,,,,,,,,,,,,,0,0,1,,
aegilops crassa,non-woody,graminoid,2.0,,,,,,,0.0,0.0,0.0,0.0,0.0,0.0,,,,,,,,,,,,,,0,0,1,,
aegilops cylindrica,non-woody,graminoid,3.0,,,,,,,0.0,0.0,0.0,0.0,0.0,0.0,,,,,,,,,,,,,,0,0,1,,
aegilops tauschii,non-woody,graminoid,3.0,,,,,,,0.0,0.0,0.0,0.0,0.0,0.0,,,,,,,,,,,,,,0,0,1,,
aegilops triuncialis,non-woody,graminoid,3.0,,,,,,,0.0,0.0,0.0,0.0,0.0,0.0,,,,,,,,,,,,,,0,0,1,,
aegopodium alpestre,non-woody,herb,2.0,,,,,,,0.0,0.0,0.0,0.0,0.0,0.0,,,,,,,,,,,,,,0,0,1,,
aegopodium podagraria,non-woody,herb,21.0,,,,,,,0.0,0.0,0.0,0.0,0.0,0.0,7.0,13.285714285714286,32.24328233885714,2.969853400142857,0.0,87.47551576000001,58.58484126857143,23.568174604285712,,,,,,1,0,1,,
aerva javanica,non-woody,herb,4.0,,,,,,,0.0,0.0,0.0,0.0,0.0,0.0,,,,,,,,,,,,,,0,0,1,,
aesculus glabra,woody,tree,2.0,,,,,,,0.0,0.0,0.0,0.0,0.0,0.0,,,,,,,,,,,,,,0,0,1,,
aesculus hippocastanum,woody,tree,6.0,0.5854308625,12.9003427875,0.21187499999999998,10.12003125,,,4.0,4.0,4.0,4.0,0.0,0.0,,,,,,,,,,,,,,0,0,1,-0.5262087936399127,0.40488147815360054
aesculus parviflora,woody,shrub/tree,4.0,0.465036805,28.239557915,0.16475,10.424,,,4.0,4.0,4.0,4.0,0.0,0.0,,,,,,,,,,,,,,0,0,1,-0.20459270992572495,0.17763416427914103
aethionema rotundifolium,,unspecified,1.0,,,,,,,0.0,0.0,0.0,0.0,0.0,0.0,,,,,,,,,,,,,,0,0,1,,
aethusa cynapium,non-woody,herb,1.0,,,,,,,0.0,0.0,0.0,0.0,0.0,0.0,,,,,,,,,,,,,,0,0,1,,
afrocarpus falcatus,woody,tree,1.0,0.76,11.56,0.31,,,,1.0,1.0,1.0,0.0,0.0,0.0,,,,,,,,,,,,,,0,0,1,,
agastache foeniculum,non-woody,herb,2.0,0.42,63.5,0.18,,,,1.0,2.0,1.0,0.0,0.0,0.0,,,,,,,,,,,,,,0,0,1,,
agathis australis,woody,tree,19.0,0.6294866666666666,13.9891627026,0.23778452873333336,13.0,,,15.0,15.0,15.0,1.0,0.0,0.0,,,,,,,,,,,,,,0,0,1,-0.4172788759677488,0.4195938420802371
agathis kinabaluensis,,unspecified,4.0,0.74525,11.3275,0.21125,,,,4.0,4.0,4.0,0.0,0.0,0.0,,,,,,,,,,,,,,0,0,1,,
agathis moorei,woody,tree,4.0,0.5867407406666666,14.620122289333333,0.2918466006666667,1.3978283513333334,,,3.0,3.0,3.0,3.0,0.0,0.0,,,,,,,,,,,,,,0,0,1,-1.4212838765820437,0.3425145184608509
agave americana,woody,herb/shrub,60.0,0.5127659574468085,,,,,,47.0,0.0,0.0,0.0,0.0,0.0,,,,,,,,,,,,,,0,0,1,,
agave deserti,non-woody/woody,herb/shrub,1.0,,,,,,,0.0,0.0,0.0,0.0,0.0,0.0,,,,,,,,,,,,,,0,0,1,,
agave lechuguilla,,,1.0,,,,,,,0.0,0.0,0.0,0.0,0.0,0.0,,,,,,,,,,,,,,0,0,1,,
ageratina altissima,non-woody,herb,1.0,0.23864,,0.161433,,,,1.0,0.0,1.0,0.0,0.0,0.0,,,,,,,,,,,,,,0,0,1,,
ageratum conyzoides,,,,,,,,,,,,,,,,4.0,11.5,3.1976744175,0.38759689925,0.38759689925,74.1538377545,22.37722222,81.89916667,1.0,8.0,4.0,22.3772,81.8992,1,1,0,,
ageratum houstonianum,non-woody,herb,1.0,,,,,,,0.0,0.0,0.0,0.0,0.0,0.0,,,,,,,,,,,,,,0,0,1,,
aglaia exstipulata,woody,tree,1.0,0.91585,2.010440401,0.787482009,,,,1.0,1.0,1.0,0.0,0.0,0.0,,,,,,,,,,,,,,0,0,1,,
aglaia odorata,,unspecified,2.0,0.349,24.75608866,0.408691044,15.56019505,,,1.0,1.0,1.0,1.0,0.0,0.0,,,,,,,,,,,,,,0,0,1,-0.7088416343771237,-0.7098517438701566
aglaia odoratissima,woody,tree,1.0,0.84445,5.218592881,0.35272045,,,,1.0,1.0,1.0,0.0,0.0,0.0,,,,,,,,,,,,,,0,0,1,,
aglaia squamulosa,,unspecified,4.0,1.6135,2.15425,0.241,,,,4.0,4.0,4.0,0.0,0.0,0.0,,,,,,,,,,,,,,0,0,1,,
agoseris glauca,non-woody/woody,herb/shrub,4.0,,56.33396327333333,,8.852539063,,,0.0,3.0,0.0,1.0,0.0,0.0,,,,,,,,,,,,,,0,0,1,,
agoseris heterophylla,non-woody,herb,1.0,,258.4906931,,,,,0.0,1.0,0.0,0.0,0.0,0.0,,,,,,,,,,,,,,0,0,1,,
agouticarpa curviflora,,,1.0,0.75,3.34,0.475,,,,1.0,1.0,1.0,0.0,0.0,0.0,,,,,,,,,,,,,,0,0,1,,
agrimonia eupatoria,non-woody,herb,3.0,2.76339827,114.3,0.0818105,,,,1.0,1.0,1.0,0.0,0.0,0.0,,,,,,,,,,,,,,0,0,1,,
agrimonia pilosa,non-woody,herb,10.0,0.328968639,161.80276892,0.3299941968333333,24.987996835,,,6.0,2.0,6.0,2.0,0.0,0.0,,,,,,,,,,,,,,0,0,1,1.1680427621857252,-0.9295248855573103
agriophyllum squarrosum,non-woody,herb,7.0,,23.598,,10.562000000000001,,,0.0,5.0,0.0,5.0,0.0,0.0,,,,,,,,,,,,,,0,0,1,,
agropyron cristatum,non-woody,graminoid,39.0,0.15286738033333333,96.71600000000001,0.135,10.086666666666668,1.31,12.920000000000002,9.0,5.0,2.0,6.0,1.0,3.0,8.0,39.875,37.8678238325,0.07127737,0.072312425,99.15145328375,45.629722224999995,105.595,8.0,12.875,2.25,45.62975,105.595,1,1,1,0.41114294784824157,-0.6461570867134537
agropyron desertorum,non-woody,graminoid,20.0,,76.11490243875001,,10.090348945,1.2,,0.0,8.0,0.0,6.0,4.0,0.0,,,,,,,,,,,,,,0,0,1,,
agropyron fragile,non-woody,graminoid,5.0,,,,,,,0.0,0.0,0.0,0.0,0.0,0.0,,,,,,,,,,,,,,0,0,1,,
agropyron michnoi,non-woody,graminoid,4.0,,100.60249999999999,,,,,0.0,4.0,0.0,0.0,0.0,0.0,,,,,,,,,,,,,,0,0,1,,
agropyron mongolicum,non-woody,graminoid,1.0,,15.82,,8.32,,,0.0,1.0,0.0,1.0,0.0,0.0,,,,,,,,,,,,,,0,0,1,,
agrostemma githago,non-woody,herb,2.0,,,,,,,0.0,0.0,0.0,0.0,0.0,0.0,,,,,,,,,,,,,,0,0,1,,
agrostis canina,non-woody,graminoid,2.0,,,,,,,0.0,0.0,0.0,0.0,0.0,0.0,,,,,,,,,,,,,,0,0,1,,
agrostis capillaris,non-woody,graminoid,169.0,0.552749095,109.337066150125,0.1522052283896104,9.5625,1.2433333333333332,28.189999999999998,4.0,80.0,154.0,4.0,3.0,2.0,8.0,20.75,14.98932922525,7.75920556125,1.7101818686249999,89.79929557375,64.67916667,-19.36097222,2.0,20.0,2.5,64.67920000000001,-19.36095,1,1,1,0.3030167989807909,0.3059966754353555
agrostis hallii,non-woody,graminoid,2.0,,,,,,,0.0,0.0,0.0,0.0,0.0,0.0,,,,,,,,,,,,,,0,0,1,,
agrostis idahoensis,non-woody,graminoid,12.0,,,,,,,0.0,0.0,0.0,0.0,0.0,0.0,,,,,,,,,,,,,,0,0,1,,
agrostis perennans,,,,,,,,,,,,,,,,3.0,27.666666666666668,18.621184157000002,1.2140583863333334,0.27006890066666667,98.51587271,-52.055,-71.4225,3.0,10.666666666666666,2.0,-52.055,-71.4225,1,1,0,,
agrostis scabra,non-woody,graminoid,2.0,0.21,109.0,0.2,12.3,,,1.0,2.0,1.0,1.0,0.0,0.0,,,,,,,,,,,,,,0,0,1,0.4048487661034511,-0.6938406055916291
agrostis stolonifera,non-woody,graminoid,11.0,0.783574725,596.0461538,0.1328155345,,,,2.0,1.0,2.0,0.0,0.0,0.0,8.0,33.625,34.54284119,0.015654450125,0.028266836,99.062605805,58.10333333,22.18972222,,,,,,1,0,1,,
agrostis vinealis,non-woody,graminoid,16.0,,,,,,,0.0,0.0,0.0,0.0,0.0,0.0,,,,,,,,,,,,,,0,0,1,,
aidia oxyodonta,,unspecified,5.0,0.3123985762,58.908,0.7995176664,,,,5.0,5.0,5.0,0.0,0.0,0.0,,,,,,,,,,,,,,0,0,1,,
ailanthus altissima,woody,tree,6.0,,0.6473281885,,13.648252703599999,2.59,,0.0,2.0,0.0,5.0,1.0,0.0,,,,,,,,,,,,,,0,0,1,,
ailanthus fordii,woody,tree,3.0,0.9709777780000001,5.471554083,0.36353197433333334,11.993333333333334,0.5866666666666667,,3.0,3.0,3.0,3.0,3.0,0.0,,,,,,,,,,,,,,0,0,1,-1.0764786584191168,1.0271541412362364
ainsliaea aptera,,,,,,,,,,,,,,,,4.0,28.5,30.19036449,1.6401284885,0.9223116895,97.1345295175,29.43083333,79.63944444,3.0,1.6666666666666667,1.3333333333333333,29.4308,79.6394,1,1,0,,
ainsliaea latifolia,,,,,,,,,,,,,,,,4.0,18.5,16.45032590625,0.05807200925,3.5534398915,96.2863430525,29.42083333,79.56888889,4.0,12.5,1.25,29.4208,79.5689,1,1,0,,
aiouea montana,,,1.0,0.685033333,13.82465583,0.197806354,29.81628,1.146035529,,1.0,1.0,1.0,1.0,1.0,0.0,,,,,,,,,,,,,,0,0,1,0.9070857381405641,0.42976315513160696
aira elegans,non-woody,graminoid,5.0,0.22799999999999998,760.85,,,,,2.0,2.0,0.0,0.0,0.0,0.0,,,,,,,,,,,,,,0,0,1,,
aira praecox,non-woody,graminoid,1.0,,,,,,,0.0,0.0,0.0,0.0,0.0,0.0,,,,,,,,,,,,,,0,0,1,,
aizoanthemopsis hispanica,woody,shrub,3.0,,,,,,,0.0,0.0,0.0,0.0,0.0,0.0,,,,,,,,,,,,,,0,0,1,,
aizoon africanum,,,4.0,,,,,,,0.0,0.0,0.0,0.0,0.0,0.0,,,,,,,,,,,,,,0,0,1,,
ajania artemisioides,,,,,,,,,,,,,,,,1.0,8.0,77.08333333,0.0,0.0,100.0,34.424246,76.283296,,,,,,1,0,0,,
ajania fruticulosa,non-woody/woody,herb/shrub,1.0,,,,,,,0.0,0.0,0.0,0.0,0.0,0.0,2.0,9.0,81.76470588,0.0,0.0,100.0,33.707041000000004,77.36266,,,,,,1,0,1,,
ajania potaninii,woody,shrub,2.0,,4.581189543500001,,10.3,1.51,,0.0,2.0,0.0,1.0,1.0,0.0,,,,,,,,,,,,,,0,0,1,,
ajania tibetica,,,,,,,,,,,,,,,,2.0,6.5,0.098231827,0.0,11.88605108,88.11394892,33.28984756,77.34394996500001,,,,,,1,0,0,,
ajuga chamaepitys,non-woody,herb,2.0,,,,,,,0.0,0.0,0.0,0.0,0.0,0.0,,,,,,,,,,,,,,0,0,1,,
ajuga genevensis,non-woody,herb,2.0,,,,,,,0.0,0.0,0.0,0.0,0.0,0.0,,,,,,,,,,,,,,0,0,1,,
ajuga orientalis,non-woody,herb,3.0,,,,,,,0.0,0.0,0.0,0.0,0.0,0.0,,,,,,,,,,,,,,0,0,1,,
ajuga pyramidalis,non-woody,herb,1.0,,,,,,,0.0,0.0,0.0,0.0,0.0,0.0,,,,,,,,,,,,,,0,0,1,,
ajuga reptans,non-woody,herb,7.0,,,,,,,0.0,0.0,0.0,0.0,0.0,0.0,4.0,16.75,32.724440580999996,12.191322261,0.14690170425000001,87.661776035,43.59111111,-1.248055556,4.0,58.5,1.75,43.5911,-1.2481,1,1,1,,
akebia quinata,woody,climber,2.0,,4.9350182555,,12.2,1.87,,0.0,2.0,0.0,1.0,1.0,0.0,,,,,,,,,,,,,,0,0,1,,
alangium chinense,woody,tree,1.0,0.09315,169.91,0.32,18.73,,25.0,1.0,1.0,1.0,1.0,0.0,1.0,,,,,,,,,,,,,,0,0,1,0.8688460694402147,-1.4315284651700204
albizia amara,woody,tree,2.0,,,,,,,0.0,0.0,0.0,0.0,0.0,0.0,,,,,,,,,,,,,,0,0,1,,
albizia julibrissin,woody,tree,1.0,,,,,,,0.0,0.0,0.0,0.0,0.0,0.0,,,,,,,,,,,,,,0,0,1,,
albizia lebbeck,woody,tree,4.0,,,,,,,0.0,0.0,0.0,0.0,0.0,0.0,,,,,,,,,,,,,,0,0,1,,
albizia versicolor,woody,tree,2.0,,,,,,,0.0,0.0,0.0,0.0,0.0,0.0,,,,,,,,,,,,,,0,0,1,,
albizia zygia,woody,tree,32.0,,0.9960716875,,,,,0.0,32.0,0.0,0.0,0.0,0.0,,,,,,,,,,,,,,0,0,1,,
alcea nudiflora,,unspecified,1.0,,,,,,,0.0,0.0,0.0,0.0,0.0,0.0,,,,,,,,,,,,,,0,0,1,,
alcea rosea,non-woody,herb,1.0,,,,,,,0.0,0.0,0.0,0.0,0.0,0.0,,,,,,,,,,,,,,0,0,1,,
alchemilla alpina,non-woody,herb,2.0,0.374,45.36,,8.78,,,1.0,1.0,0.0,1.0,0.0,0.0,,,,,,,,,,,,,,0,0,1,,
alchemilla arvensis,,,3.0,1.5351327,916.7416667,0.115588808,,,,1.0,1.0,1.0,0.0,0.0,0.0,,,,,,,,,,,,,,0,0,1,,
alchemilla caucasica,non-woody,herb,2.0,,,,,,,0.0,0.0,0.0,0.0,0.0,0.0,,,,,,,,,,,,,,0,0,1,,
alchemilla debilis,,unspecified,1.0,,,,,,,0.0,0.0,0.0,0.0,0.0,0.0,,,,,,,,,,,,,,0,0,1,,
alchemilla dura,,unspecified,1.0,,,,,,,0.0,0.0,0.0,0.0,0.0,0.0,,,,,,,,,,,,,,0,0,1,,
alchemilla haraldii,,unspecified,1.0,,,,,,,0.0,0.0,0.0,0.0,0.0,0.0,,,,,,,,,,,,,,0,0,1,,
alchemilla leiophylla,,unspecified,1.0,,,,,,,0.0,0.0,0.0,0.0,0.0,0.0,,,,,,,,,,,,,,0,0,1,,
alchemilla monticola,non-woody,herb,3.0,2.19586831,241.75,0.184393133,,,,1.0,1.0,1.0,0.0,0.0,0.0,,,,,,,,,,,,,,0,0,1,,
alchemilla obtusa,,unspecified,2.0,,,,,,,0.0,0.0,0.0,0.0,0.0,0.0,,,,,,,,,,,,,,0,0,1,,
alchemilla persica,,unspecified,1.0,,,,,,,0.0,0.0,0.0,0.0,0.0,0.0,,,,,,,,,,,,,,0,0,1,,
alchemilla retinervis,,unspecified,1.0,,,,,,,0.0,0.0,0.0,0.0,0.0,0.0,,,,,,,,,,,,,,0,0,1,,
alchemilla sericata,non-woody,herb,15.0,,,,,,,0.0,0.0,0.0,0.0,0.0,0.0,,,,,,,,,,,,,,0,0,1,,
alchemilla sericea,non-woody,herb,1.0,,,,,,,0.0,0.0,0.0,0.0,0.0,0.0,,,,,,,,,,,,,,0,0,1,,
alchemilla sibirica,,unspecified,2.0,,,,,,,0.0,0.0,0.0,0.0,0.0,0.0,,,,,,,,,,,,,,0,0,1,,
alchemilla smirnovii,,unspecified,1.0,,,,,,,0.0,0.0,0.0,0.0,0.0,0.0,,,,,,,,,,,,,,0,0,1,,
alchemilla strictissima,,unspecified,1.0,,,,,,,0.0,0.0,0.0,0.0,0.0,0.0,,,,,,,,,,,,,,0,0,1,,
alchemilla xanthochlora,non-woody,herb,12.0,1.99396043,224.8428571,0.150352725,,,,1.0,1.0,1.0,0.0,0.0,0.0,,,,,,,,,,,,,,0,0,1,,
alchornea tiliifolia,,unspecified,11.0,0.5079545455454546,50.44921666599999,0.3390110250909091,13.957999999999998,1.1440000000000001,,11.0,11.0,11.0,5.0,5.0,0.0,,,,,,,,,,,,,,0,0,1,-0.4381433332215177,-0.17861678745218643
alchornea trewioides,woody,shrub,7.0,0.2543,92.55217391,0.219047619,27.556819,,,1.0,1.0,1.0,1.0,0.0,0.0,,,,,,,,,,,,,,0,0,1,1.300358891968642,-0.7951482307585499
alectryon excelsus,woody,tree,4.0,0.464925,36.83291825,0.17519188775,21.7,,,4.0,4.0,4.0,1.0,0.0,0.0,,,,,,,,,,,,,,0,0,1,0.6173333705851035,-0.005065278998554028
aleurites moluccanus,woody,tree,18.0,1.0999999999999999,6.900000000000001,,,,,3.0,3.0,0.0,0.0,0.0,0.0,,,,,,,,,,,,,,0,0,1,,
alhagi pseudalhagi,woody,shrub,7.0,,,,,,,0.0,0.0,0.0,0.0,0.0,0.0,,,,,,,,,,,,,,0,0,1,,
alhagi sparsifolia,woody,shrub,15.0,1.59,,,17.1075,,,4.0,0.0,0.0,4.0,0.0,0.0,,,,,,,,,,,,,,0,0,1,,
alibertia claviflora,,,1.0,0.627,6.61,0.452,,,,1.0,1.0,1.0,0.0,0.0,0.0,,,,,,,,,,,,,,0,0,1,,
alibertia edulis,woody,tree,1.0,0.717,6.53,0.361,,,,1.0,1.0,1.0,0.0,0.0,0.0,,,,,,,,,,,,,,0,0,1,,
alisma gramineum,non-woody,herb,1.0,,,,,,,0.0,0.0,0.0,0.0,0.0,0.0,,,,,,,,,,,,,,0,0,1,,
alisma plantago-aquatica,non-woody,herb,3.0,,,,,,,0.0,0.0,0.0,0.0,0.0,0.0,,,,,,,,,,,,,,0,0,1,,
allantoma lineata,woody,tree,1.0,0.397,17.14,0.421,,,,1.0,1.0,1.0,0.0,0.0,0.0,,,,,,,,,,,,,,0,0,1,,
allardia tridactylites,,unspecified,1.0,,,,,,,0.0,0.0,0.0,0.0,0.0,0.0,,,,,,,,,,,,,,0,0,1,,
allenrolfea occidentalis,woody,shrub,2.0,,,,,,,0.0,0.0,0.0,0.0,0.0,0.0,,,,,,,,,,,,,,0,0,1,,
alliaria petiolata,non-woody,herb,5.0,0.1672,512.69283768,,,,,5.0,5.0,0.0,0.0,0.0,0.0,,,,,,,,,,,,,,0,0,1,,
allionia incarnata,non-woody,herb,1.0,,,,,,,0.0,0.0,0.0,0.0,0.0,0.0,,,,,,,,,,,,,,0,0,1,,
allium ampeloprasum,non-woody,herb,3.0,,,,,,,0.0,0.0,0.0,0.0,0.0,0.0,,,,,,,,,,,,,,0,0,1,,
allium amphibolum,,,,,,,,,,,,,,,,4.0,32.0,71.6678545125,0.23066468750000002,0.043873341249999996,98.9734803075,43.50166667,104.0577778,3.0,81.0,2.3333333333333335,43.05190000000001,104.058,1,1,0,,
allium anisopodium,non-woody,herb,1.0,,,,,,,0.0,0.0,0.0,0.0,0.0,0.0,,,,,,,,,,,,,,0,0,1,,
allium atrosanguineum,non-woody,herb,1.0,,,,,,,0.0,0.0,0.0,0.0,0.0,0.0,,,,,,,,,,,,,,0,0,1,,
allium bidentatum,non-woody,herb,11.0,0.5012008428571428,18.215,0.18,16.5,,55.835,7.0,6.0,2.0,2.0,0.0,2.0,4.0,32.25,27.57718809,0.0,0.053759605,99.5324434475,47.75777778,107.1319444,3.0,15.666666666666666,2.6666666666666665,47.7578,107.132,1,1,1,0.09692152033387327,0.17252662797801707
allium borszczowii,,unspecified,2.0,,,,,,,0.0,0.0,0.0,0.0,0.0,0.0,,,,,,,,,,,,,,0,0,1,,
allium caesium,,,2.0,,,,,,,0.0,0.0,0.0,0.0,0.0,0.0,,,,,,,,,,,,,,0,0,1,,
allium carolinianum,non-woody,herb,1.0,,,,,,,0.0,0.0,0.0,0.0,0.0,0.0,,,,,,,,,,,,,,0,0,1,,
allium caspium,,unspecified,3.0,,,,,,,0.0,0.0,0.0,0.0,0.0,0.0,,,,,,,,,,,,,,0,0,1,,
allium cepa,non-woody,herb,3.0,,,,,,,0.0,0.0,0.0,0.0,0.0,0.0,,,,,,,,,,,,,,0,0,1,,
allium decipiens,,unspecified,3.0,,,,,,,0.0,0.0,0.0,0.0,0.0,0.0,,,,,,,,,,,,,,0,0,1,,
allium denudatum,,unspecified,1.0,,,,,,,0.0,0.0,0.0,0.0,0.0,0.0,,,,,,,,,,,,,,0,0,1,,
allium fetisowii,,unspecified,1.0,,,,,,,0.0,0.0,0.0,0.0,0.0,0.0,,,,,,,,,,,,,,0,0,1,,
allium flavum,non-woody,herb,1.0,,,,,,,0.0,0.0,0.0,0.0,0.0,0.0,,,,,,,,,,,,,,0,0,1,,
allium jodanthum,,unspecified,1.0,,,,,,,0.0,0.0,0.0,0.0,0.0,0.0,,,,,,,,,,,,,,0,0,1,,
allium lusitanicum,non-woody,herb,1.0,,,,,,,0.0,0.0,0.0,0.0,0.0,0.0,,,,,,,,,,,,,,0,0,1,,
allium mongolicum,non-woody,herb,4.0,0.5293333333333333,17.93,,11.44,,51.25,3.0,1.0,0.0,1.0,0.0,1.0,,,,,,,,,,,,,,0,0,1,,
allium oleraceum,,,,,,,,,,,,,,,,8.0,21.125,36.997151081,1.74477185275,0.13245003187499998,96.83027789,58.584791665,23.56826389,,,,,,1,0,0,,
allium oreoprasum,,,,,,,,,,,,,,,,1.0,8.0,16.64212077,0.0,0.0,100.0,33.731808,76.857807,,,,,,1,0,0,,
allium paniculatum,non-woody,herb,1.0,,,,,,,0.0,0.0,0.0,0.0,0.0,0.0,,,,,,,,,,,,,,0,0,1,,
allium polyrhizum,non-woody,herb,6.0,,10.032499999999999,,,,,0.0,4.0,0.0,0.0,0.0,0.0,,,,,,,,,,,,,,0,0,1,,
allium przewalskianum,,,,,,,,,,,,,,,,1.0,9.0,8.59375,0.0,0.15625,99.84375,32.895627,77.196001,,,,,,1,0,0,,
allium pseudostrictum,,unspecified,1.0,,,,,,,0.0,0.0,0.0,0.0,0.0,0.0,,,,,,,,,,,,,,0,0,1,,
allium ramosum,non-woody,herb,5.0,0.54466411,,,,,49.864999999999995,5.0,0.0,0.0,0.0,0.0,2.0,,,,,,,,,,,,,,0,0,1,,
allium rotundum,,unspecified,1.0,,,,,,,0.0,0.0,0.0,0.0,0.0,0.0,,,,,,,,,,,,,,0,0,1,,
allium sabulosum,,unspecified,1.0,,,,,,,0.0,0.0,0.0,0.0,0.0,0.0,,,,,,,,,,,,,,0,0,1,,
allium sativum,non-woody,herb,2.0,,,,,,,0.0,0.0,0.0,0.0,0.0,0.0,,,,,,,,,,,,,,0,0,1,,
allium saxatile,,unspecified,1.0,,,,,,,0.0,0.0,0.0,0.0,0.0,0.0,,,,,,,,,,,,,,0,0,1,,
allium schoenoprasum,non-woody,herb,4.0,2.40236706,195.7571429,0.099083421,,,,1.0,1.0,1.0,0.0,0.0,0.0,8.0,31.125,28.860337621124998,0.008928571375,0.1022503745,99.12570579,58.10333333,22.18972222,,,,,,1,0,1,,
allium schubertii,non-woody,herb,7.0,,,,,,,0.0,0.0,0.0,0.0,0.0,0.0,,,,,,,,,,,,,,0,0,1,,
allium scorodoprasum,non-woody,herb,3.0,3.2857563,86.0,0.1369873,,,,1.0,1.0,1.0,0.0,0.0,0.0,,,,,,,,,,,,,,0,0,1,,
allium senescens,non-woody,herb,7.0,0.3945666666666667,50.9525,,,,48.34,3.0,4.0,0.0,0.0,0.0,1.0,,,,,,,,,,,,,,0,0,1,,
allium sphaerocephalon,non-woody,herb,1.0,,,,,,,0.0,0.0,0.0,0.0,0.0,0.0,,,,,,,,,,,,,,0,0,1,,
allium strictum,non-woody,herb,1.0,,,,,,,0.0,0.0,0.0,0.0,0.0,0.0,,,,,,,,,,,,,,0,0,1,,
allium tenuissimum,non-woody,herb,12.0,0.48872825,37.71,0.16,16.05,,47.495,7.0,6.0,2.0,2.0,0.0,2.0,,,,,,,,,,,,,,0,0,1,0.2703690913253361,0.15960094256676208
allium textile,non-woody,herb,1.0,0.310783333,187.854852,0.104998558,,,,1.0,1.0,1.0,0.0,0.0,0.0,,,,,,,,,,,,,,0,0,1,,
allium ursinum,non-woody,herb,4.0,,,,,,,0.0,0.0,0.0,0.0,0.0,0.0,8.0,17.25,18.167300339500002,0.34232688712500003,0.0,92.1351452925,58.584791665,23.56826389,,,,,,1,0,1,,
allium victorialis,non-woody,herb,2.0,,,,,,,0.0,0.0,0.0,0.0,0.0,0.0,,,,,,,,,,,,,,0,0,1,,
allium vineale,non-woody,herb,1.0,,,,,,,0.0,0.0,0.0,0.0,0.0,0.0,,,,,,,,,,,,,,0,0,1,,
allocasuarina humilis,woody,shrub,1.0,,,,,,,0.0,0.0,0.0,0.0,0.0,0.0,,,,,,,,,,,,,,0,0,1,,
allocasuarina muelleriana,woody,shrub,1.0,,,,,,,0.0,0.0,0.0,0.0,0.0,0.0,,,,,,,,,,,,,,0,0,1,,
allocasuarina pusilla,woody,shrub,1.0,,,,,,,0.0,0.0,0.0,0.0,0.0,0.0,,,,,,,,,,,,,,0,0,1,,
allochrusa paniculata,,unspecified,1.0,,,,,,,0.0,0.0,0.0,0.0,0.0,0.0,,,,,,,,,,,,,,0,0,1,,
allophylus abyssinicus,woody,tree,1.0,0.55,10.55,0.41,,,,1.0,1.0,1.0,0.0,0.0,0.0,,,,,,,,,,,,,,0,0,1,,
allophylus cobbe,woody,shrub,6.0,0.312695,75.07,0.6,14.88,,23.0,6.0,1.0,1.0,1.0,0.0,1.0,,,,,,,,,,,,,,0,0,1,-1.0956474977333879,-1.2930791991793398
alloteropsis cimicina,non-woody,graminoid,1.0,,,,,,68.63,0.0,0.0,0.0,0.0,0.0,1.0,,,,,,,,,,,,,,0,0,1,,
alloteropsis semialata,non-woody,graminoid,1.0,,,,,,,0.0,0.0,0.0,0.0,0.0,0.0,,,,,,,,,,,,,,0,0,1,,
alniphyllum fortunei,woody,tree,13.0,0.3102709522857143,75.54141469285715,0.19214285716666668,19.1013471675,,33.99221221833333,7.0,7.0,6.0,4.0,0.0,6.0,,,,,,,,,2.0,3.5,1.5,29.25,118.12,0,1,1,0.6682122562151552,-0.45903756992918965
alnus alnobetula,woody,tree,12.0,0.43,,,,,63.7,10.0,0.0,0.0,0.0,0.0,10.0,,,,,,,,,,,,,,0,0,1,,
alnus formosana,woody,unspecified,20.0,0.64683380115,73.85590073335,,7.46682325995,,,20.0,20.0,0.0,20.0,0.0,0.0,,,,,,,,,,,,,,0,0,1,,
alnus glutinosa,woody,tree,9.0,0.385725,26.72894237,0.406274606,,,6.775,1.0,1.0,1.0,0.0,0.0,1.0,,,,,,,,,32.0,33.59375,1.15625,50.867915625,4.96861125,0,1,1,,
alnus hirsuta,woody,shrub/tree,12.0,0.3912248508,42.0226027042,,15.4,3.6,,10.0,5.0,0.0,1.0,1.0,0.0,,,,,,,,,,,,,,0,0,1,,
alnus incana,woody,shrub/tree,63.0,,,,12.25393898,0.564575379,,0.0,0.0,0.0,5.0,2.0,0.0,,,,,,,,,,,,,,0,0,1,,
alnus mandshurica,woody,tree,10.0,0.30283871380000005,67.865280176,,,,,10.0,5.0,0.0,0.0,0.0,0.0,,,,,,,,,,,,,,0,0,1,,
alnus maximowiczii,woody,tree,1.0,,,,12.4,0.59,,0.0,0.0,0.0,1.0,1.0,0.0,,,,,,,,,,,,,,0,0,1,,
alnus rubra,woody,tree,9.0,,,,18.0,,,0.0,0.0,0.0,1.0,0.0,0.0,,,,,,,,,,,,,,0,0,1,,
alocasia macrorrhizos,non-woody,herb,1.0,,,,,,,0.0,0.0,0.0,0.0,0.0,0.0,,,,,,,,,,,,,,0,0,1,,
aloe littoralis,woody,shrub/tree,4.0,,,,,,,0.0,0.0,0.0,0.0,0.0,0.0,,,,,,,,,,,,,,0,0,1,,
aloe vera,woody,shrub,1.0,,,,,,45.38,0.0,0.0,0.0,0.0,0.0,1.0,,,,,,,,,,,,,,0,0,1,,
alopecurus aequalis,non-woody,graminoid,8.0,,,,,,,0.0,0.0,0.0,0.0,0.0,0.0,,,,,,,,,,,,,,0,0,1,,
alopecurus arundinaceus,non-woody,graminoid,9.0,,,,,,,0.0,0.0,0.0,0.0,0.0,0.0,,,,,,,,,,,,,,0,0,1,,
alopecurus bulbosus,non-woody,graminoid,2.0,0.142,,0.189,,,,1.0,0.0,1.0,0.0,0.0,0.0,,,,,,,,,,,,,,0,0,1,,
alopecurus dasyanthus,non-woody,graminoid,3.0,,,,,,,0.0,0.0,0.0,0.0,0.0,0.0,,,,,,,,,,,,,,0,0,1,,
alopecurus geniculatus,non-woody,graminoid,55.0,1.84603681,121.5059239052381,0.11706498475609756,,,,1.0,21.0,41.0,0.0,0.0,0.0,,,,,,,,,,,,,,0,0,1,,
alopecurus glacialis,non-woody,graminoid,3.0,,,,,,,0.0,0.0,0.0,0.0,0.0,0.0,,,,,,,,,,,,,,0,0,1,,
alopecurus magellanicus,non-woody,graminoid,21.0,,,,6.7,1.7,,0.0,0.0,0.0,1.0,1.0,0.0,4.0,13.75,18.872474809499998,0.825471698,1.15606936425,83.5313407825,78.210694445,15.715972225000002,1.0,3.0,1.0,78.2006,15.8153,1,1,1,,
alopecurus myosuroides,non-woody,graminoid,1.0,,,,,,,0.0,0.0,0.0,0.0,0.0,0.0,,,,,,,,,,,,,,0,0,1,,
alopecurus ponticus,non-woody,graminoid,2.0,,,,,,,0.0,0.0,0.0,0.0,0.0,0.0,,,,,,,,,,,,,,0,0,1,,
alopecurus pratensis,non-woody,graminoid,22.0,0.8727554,296.17805523333334,0.12634567675,13.125,,,2.0,3.0,4.0,4.0,0.0,0.0,,,,,,,,,,,,,,0,0,1,1.8282233754264055,0.8193044866266632
alopecurus vaginatus,non-woody,graminoid,11.0,,,,,,,0.0,0.0,0.0,0.0,0.0,0.0,,,,,,,,,,,,,,0,0,1,,
alphitonia neocaledonica,,,,,,,,,,,,,,,,1.0,5.0,0.127877238,0.0,0.0,99.87212276,-22.18361111,166.7286111,,,,,,1,0,0,,
alpinia japonica,non-woody,unspecified,1.0,0.16895,246.0725,0.177777778,13.70738667,,,1.0,1.0,1.0,1.0,0.0,0.0,,,,,,,,,,,,,,0,0,1,1.5145353496420948,-0.986667849771043
alseis blackiana,woody,tree,20.0,1.1572330309,7.173779952249999,0.2752988461,15.807559662500001,0.51930574845,70.71428571428571,20.0,20.0,20.0,20.0,20.0,14.0,,,,,,,,,6.0,4.166666666666667,1.6666666666666667,9.11006,-79.8434,0,1,1,-0.5218450320296916,1.6362323660513411
alseodaphnopsis andersonii,,,1.0,0.835,3.770542248,0.525046436,6.58,0.48,,1.0,1.0,1.0,1.0,1.0,0.0,,,,,,,,,,,,,,0,0,1,-2.0189329222371084,0.4040142202613715
alseodaphnopsis hainanensis,,,6.0,,,,15.533333333333333,0.4116666666666667,,0.0,0.0,0.0,6.0,6.0,0.0,,,,,,,,,,,,,,0,0,1,,
alsophila smithii,non-woody,fern,6.0,0.6196833333333333,14.884243809833334,0.25564306750000004,,,,6.0,6.0,6.0,0.0,0.0,0.0,,,,,,,,,,,,,,0,0,1,,
alsophila tricolor,non-woody,fern,7.0,0.6285999999999999,16.032942757857143,0.214269292,9.5,,,7.0,7.0,7.0,1.0,0.0,0.0,,,,,,,,,,,,,,0,0,1,-0.5679709367403963,0.5109250395717524
alstonia scholaris,woody,tree,3.0,0.5445333335,21.44372144,0.1530638535,20.289152805,,60.0,2.0,2.0,2.0,2.0,0.0,1.0,,,,,,,,,,,,,,0,0,1,0.47419820537132007,0.28625552948240085
alternanthera sessilis,non-woody,herb,2.0,0.292,46.03,,9.62,,,1.0,1.0,0.0,1.0,0.0,0.0,,,,,,,,,,,,,,0,0,1,,
alysicarpus monilifer,non-woody,herb,1.0,,,,,,90.36,0.0,0.0,0.0,0.0,0.0,1.0,,,,,,,,,,,,,,0,0,1,,
alyssum dasycarpum,non-woody,herb,2.0,,,,,,,0.0,0.0,0.0,0.0,0.0,0.0,,,,,,,,,,,,,,0,0,1,,
alyssum linifolium,non-woody,herb,5.0,,,,,,,0.0,0.0,0.0,0.0,0.0,0.0,,,,,,,,,,,,,,0,0,1,,
alyssum montanum,non-woody,herb,1.0,,,,,,,0.0,0.0,0.0,0.0,0.0,0.0,,,,,,,,,,,,,,0,0,1,,
alyssum turkestanicum,,unspecified,7.0,,,,,,,0.0,0.0,0.0,0.0,0.0,0.0,,,,,,,,,,,,,,0,0,1,,
alyssum wulfenianum,,,1.0,,,,,,,0.0,0.0,0.0,0.0,0.0,0.0,,,,,,,,,,,,,,0,0,1,,
amaioua glomerulata,,,1.0,0.508,9.45,0.496,,,,1.0,1.0,1.0,0.0,0.0,0.0,,,,,,,,,,,,,,0,0,1,,
amaioua guianensis,woody,tree,1.0,0.457,16.69,0.45,,,,1.0,1.0,1.0,0.0,0.0,0.0,,,,,,,,,,,,,,0,0,1,,
amaranthus blitoides,non-woody,herb,2.0,0.18141000000000002,,0.512907,,,,2.0,0.0,2.0,0.0,0.0,0.0,,,,,,,,,,,,,,0,0,1,,
amaranthus blitum,non-woody,herb,1.0,,,,,,,0.0,0.0,0.0,0.0,0.0,0.0,,,,,,,,,,,,,,0,0,1,,
amaranthus caudatus,non-woody,herb,1.0,,,,,,,0.0,0.0,0.0,0.0,0.0,0.0,,,,,,,,,,,,,,0,0,1,,
amaranthus palmeri,non-woody,herb,3.0,,,,,,,0.0,0.0,0.0,0.0,0.0,0.0,,,,,,,,,,,,,,0,0,1,,
amaranthus retroflexus,non-woody,herb,2.0,,,,,,,0.0,0.0,0.0,0.0,0.0,0.0,,,,,,,,,,,,,,0,0,1,,
amberboa turanica,,unspecified,1.0,,,,,,,0.0,0.0,0.0,0.0,0.0,0.0,,,,,,,,,,,,,,0,0,1,,
ambrosia acanthicarpa,non-woody,herb,9.0,,,,,,,0.0,0.0,0.0,0.0,0.0,0.0,,,,,,,,,,,,,,0,0,1,,
ambrosia artemisiifolia,non-woody,herb,3.0,0.36,135.0,0.08,15.1,,,1.0,2.0,1.0,1.0,0.0,0.0,,,,,,,,,,,,,,0,0,1,1.1727862371421296,-0.1319681790519633
ambrosia deltoidea,woody,shrub,2.0,,,,,,,0.0,0.0,0.0,0.0,0.0,0.0,,,,,,,,,,,,,,0,0,1,,
ambrosia dumosa,woody,shrub,6.0,,,,,,,0.0,0.0,0.0,0.0,0.0,0.0,,,,,,,,,,,,,,0,0,1,,
ambrosia psilostachya,non-woody,herb,9.0,0.206,72.86941614666667,0.373588,12.898947,,,1.0,3.0,1.0,1.0,0.0,0.0,,,,,,,,,,,,,,0,0,1,-0.41565722766669294,-1.0346142036269703
ambrosia salsola,woody,shrub,3.0,,,,,,,0.0,0.0,0.0,0.0,0.0,0.0,,,,,,,,,,,,,,0,0,1,,
amelanchier alnifolia,woody,shrub,1.0,0.376066667,20.87559975,0.503968254,,,,1.0,1.0,1.0,0.0,0.0,0.0,,,,,,,,,,,,,,0,0,1,,
amelanchier ovalis,woody,shrub,2.0,,,,,,,0.0,0.0,0.0,0.0,0.0,0.0,,,,,,,,,,,,,,0,0,1,,
amelanchier sanguinea,woody,shrub,1.0,,,,,,,0.0,0.0,0.0,0.0,0.0,0.0,,,,,,,,,,,,,,0,0,1,,
amelanchier utahensis,woody,shrub/tree,1.0,,,,,,,0.0,0.0,0.0,0.0,0.0,0.0,,,,,,,,,,,,,,0,0,1,,
ammodendron bifolium,,unspecified,2.0,,,,,,,0.0,0.0,0.0,0.0,0.0,0.0,,,,,,,,,,,,,,0,0,1,,
ammophila arenaria,,,,,,,,,,,,,,,,,,,,,,,,21.0,58.61904761904762,1.0952380952380953,40.91323333333334,-124.14166666666667,0,1,0,,
ammopiptanthus mongolicus,woody,shrub,1.0,,,,,,,0.0,0.0,0.0,0.0,0.0,0.0,,,,,,,,,,,,,,0,0,1,,
amorpha canescens,woody,shrub,13.0,0.1938,45.0,0.585778,26.666666666666668,,,1.0,2.0,1.0,3.0,0.0,0.0,,,,,,,,,,,,,,0,0,1,-0.3808219921125382,-1.6641255612584647
amorpha fruticosa,woody,shrub,1.0,,,,,,,0.0,0.0,0.0,0.0,0.0,0.0,,,,,,,,,,,,,,0,0,1,,
ampelocera ruizii,woody,tree,42.0,,,,,,,0.0,0.0,0.0,0.0,0.0,0.0,,,,,,,,,,,,,,0,0,1,,
amphibromus fluitans,,unspecified,86.0,,121.0361332754762,0.083984375,,,,0.0,42.0,86.0,0.0,0.0,0.0,,,,,,,,,,,,,,0,0,1,,
amphicarpaea bracteata,,,,,,,,,,,,,,,,9.0,15.88888888888889,37.14322651544445,0.12420416733333332,0.18579304288888887,98.16080455111111,39.24012345444444,-86.21839506555554,5.0,11.6,1.2,39.24042,-86.21822,1,1,0,,
amphipogon caricinus,non-woody,graminoid,1.0,,,,,,,0.0,0.0,0.0,0.0,0.0,0.0,,,,,,,,,,,,,,0,0,1,,
amphirrhox longifolia,woody,tree,5.0,,,,,,,0.0,0.0,0.0,0.0,0.0,0.0,,,,,,,,,,,,,,0,0,1,,
anabasis aphylla,woody,shrub,3.0,,,,,,,0.0,0.0,0.0,0.0,0.0,0.0,,,,,,,,,,,,,,0,0,1,,
anabasis aretioides,,,1.0,,,,,,,0.0,0.0,0.0,0.0,0.0,0.0,,,,,,,,,,,,,,0,0,1,,
anabasis articulata,woody,shrub,4.0,,,,,,,0.0,0.0,0.0,0.0,0.0,0.0,,,,,,,,,,,,,,0,0,1,,
anabasis brevifolia,woody,shrub,1.0,,,,,,,0.0,0.0,0.0,0.0,0.0,0.0,,,,,,,,,,,,,,0,0,1,,
anabasis salsa,woody,shrub,12.0,,,,,,,0.0,0.0,0.0,0.0,0.0,0.0,,,,,,,,,,,,,,0,0,1,,
anabasis setifera,woody,shrub,1.0,,,,,,,0.0,0.0,0.0,0.0,0.0,0.0,,,,,,,,,,,,,,0,0,1,,
anabasis syriaca,woody,shrub,2.0,,,,,,,0.0,0.0,0.0,0.0,0.0,0.0,,,,,,,,,,,,,,0,0,1,,
anabasis truncata,woody,shrub,1.0,,,,,,,0.0,0.0,0.0,0.0,0.0,0.0,,,,,,,,,,,,,,0,0,1,,
anacamptis morio,,,1.0,,,,,,,0.0,0.0,0.0,0.0,0.0,0.0,,,,,,,,,,,,,,0,0,1,,
anacamptis papilionacea,,,1.0,,,,,,,0.0,0.0,0.0,0.0,0.0,0.0,,,,,,,,,,,,,,0,0,1,,
anacardium excelsum,woody,tree,3.0,,,,,,,0.0,0.0,0.0,0.0,0.0,0.0,,,,,,,,,,,,,,0,0,1,,
anadenanthera colubrina,woody,tree,14.0,,,,,,,0.0,0.0,0.0,0.0,0.0,0.0,,,,,,,,,,,,,,0,0,1,,
ananas comosus,woody,herb,60.0,0.1451666666666667,,,,,,60.0,0.0,0.0,0.0,0.0,0.0,,,,,,,,,,,,,,0,0,1,,
anaphalis aureopunctata,non-woody,unspecified,1.0,0.13695,479.155,0.147826087,15.94531833,,,1.0,1.0,1.0,1.0,0.0,0.0,,,,,,,,,,,,,,0,0,1,3.3535084777635715,-1.404936914312733
anaphalis hancockii,non-woody/woody,herb/shrub,1.0,0.1787,319.8579487,0.125806452,16.73386467,,,1.0,1.0,1.0,1.0,0.0,0.0,,,,,,,,,,,,,,0,0,1,2.408898656143197,-1.00585433121143
anaphalis nubigena,,,,,,,,,,,,,,,,2.0,6.0,16.98113208,0.0,0.0,100.0,32.86797106,77.163858965,,,,,,1,0,0,,
anaphalis subdecurrens,,unspecified,1.0,,,,,,12.31,0.0,0.0,0.0,0.0,0.0,1.0,,,,,,,,,,,,,,0,0,1,,
anaphalis virgata,,,,,,,,,,,,,,,,3.0,9.0,57.83064631966666,0.029895366333333336,0.0,99.94020926666667,33.84348941666667,76.56827261,,,,,,1,0,0,,
anaxagorea javanica,woody,shrub,1.0,0.81165,6.49032739,0.345499925,,,,1.0,1.0,1.0,0.0,0.0,0.0,,,,,,,,,,,,,,0,0,1,,
anchusa officinalis,non-woody,herb,4.0,2.2998905,433.8769231,0.040341262,,,,1.0,1.0,1.0,0.0,0.0,0.0,,,,,,,,,,,,,,0,0,1,,
andersonia heterophylla,woody,shrub,1.0,,,,,,,0.0,0.0,0.0,0.0,0.0,0.0,,,,,,,,,,,,,,0,0,1,,
andesanthus lepidotus,,,2.0,0.48675,22.08681969,0.246137619,13.536059999999999,0.8903764315,,2.0,2.0,2.0,2.0,2.0,0.0,,,,,,,,,,,,,,0,0,1,-0.32113734986765047,0.023129431953789862
andira humilis,woody,tree,2.0,,,,,,,0.0,0.0,0.0,0.0,0.0,0.0,,,,,,,,,,,,,,0,0,1,,
andrographis paniculata,,unspecified,1.0,,,,,,32.33,0.0,0.0,0.0,0.0,0.0,1.0,,,,,,,,,,,,,,0,0,1,,
andromeda polifolia,non-woody/woody,herb/shrub,18.0,,,,7.0,0.8,,0.0,0.0,0.0,1.0,1.0,0.0,,,,,,,,,,,,,,0,0,1,,
andropogon gayanus,non-woody,graminoid,2.0,,,,,,,0.0,0.0,0.0,0.0,0.0,0.0,,,,,,,,,,,,,,0,0,1,,
andropogon gerardi,non-woody,graminoid,6.0,,,,,,,0.0,0.0,0.0,0.0,0.0,0.0,,,,,,,,,,,,,,0,0,1,,
andropogon gerardii,non-woody,graminoid,34.0,0.290065,70.5,0.31984250000000003,7.833333333333333,,,2.0,4.0,2.0,12.0,0.0,0.0,,,,,,,,,,,,,,0,0,1,-0.6190349712735956,-0.6364167710943313
andropogon hallii,non-woody,graminoid,2.0,,,,,,,0.0,0.0,0.0,0.0,0.0,0.0,,,,,,,,,,,,,,0,0,1,,
andropogon lateralis,,,,,,,,,,,,,,,,5.0,46.6,18.4143380416,3.4311006532,0.3567985486,91.133205206,-30.096388890000004,-51.68777778,,,,,,1,0,0,,
andropogon leucostachyus,non-woody,graminoid,1.0,,,,,,,0.0,0.0,0.0,0.0,0.0,0.0,,,,,,,,,,,,,,0,0,1,,
androsace alpina,non-woody,herb,1.0,,,,,,,0.0,0.0,0.0,0.0,0.0,0.0,,,,,,,,,,,,,,0,0,1,,
androsace caduca,,unspecified,1.0,,,,,,,0.0,0.0,0.0,0.0,0.0,0.0,,,,,,,,,,,,,,0,0,1,,
androsace filiformis,,unspecified,1.0,,,,,,,0.0,0.0,0.0,0.0,0.0,0.0,,,,,,,,,,,,,,0,0,1,,
androsace incana,,,,,,,,,,,,,,,,3.0,24.666666666666668,58.14599691333333,0.14654311366666664,0.029629629666666667,98.81607532,47.75777778,107.1319444,2.0,15.5,2.0,47.7578,107.132,1,1,0,,
androsace occidentalis,non-woody,herb,1.0,0.114871429,207.4558225,0.407107843,,,,1.0,1.0,1.0,0.0,0.0,0.0,,,,,,,,,,,,,,0,0,1,,
androsace septentrionalis,non-woody,herb,6.0,,79.99693949666666,,12.29704857,,,0.0,3.0,0.0,1.0,0.0,0.0,,,,,,,,,,,,,,0,0,1,,
androsace villosa,,unspecified,4.0,,,,,,,0.0,0.0,0.0,0.0,0.0,0.0,,,,,,,,,,,,,,0,0,1,,
androsace wulfeniana,,,1.0,,,,,,,0.0,0.0,0.0,0.0,0.0,0.0,,,,,,,,,,,,,,0,0,1,,
anemone altaica,,unspecified,1.0,,,,,,,0.0,0.0,0.0,0.0,0.0,0.0,,,,,,,,,,,,,,0,0,1,,
anemone cylindrica,non-woody,herb,4.0,0.36,91.0,0.19,21.166666666666668,,,1.0,4.0,1.0,3.0,0.0,0.0,,,,,,,,,,,,,,0,0,1,0.9148114263035089,-0.3810852318751935
anemone flavescens,,unspecified,1.0,,,,,,,0.0,0.0,0.0,0.0,0.0,0.0,,,,,,,,,,,,,,0,0,1,,
anemone hepatica,,,,,,,,,,,,,,,,,,,,,,,,4.0,14.0,1.25,58.5839,23.568,0,1,0,,
anemone multifida,,,,,,,,,,,,,,,,20.0,17.3,8.377126998349999,1.499974115,0.0,97.9209849115,-38.98944444,-71.37777778,,,,,,1,0,0,,
anemone narcissiflora,non-woody,herb,14.0,,,,,,,0.0,0.0,0.0,0.0,0.0,0.0,,,,,,,,,,,,,,0,0,1,,
anemone pratensis,non-woody,herb,1.0,,,,,,,0.0,0.0,0.0,0.0,0.0,0.0,,,,,,,,,,,,,,0,0,1,,
anemone rupicola,,,,,,,,,,,,,,,,2.0,11.5,23.72440056,0.549686248,0.424096855,99.026216895,33.890997999999996,76.85795350000001,,,,,,1,0,0,,
anemonoides nemorosa,non-woody,herb,1.0,,,,,,,0.0,0.0,0.0,0.0,0.0,0.0,,,,,,,,,,,,,,0,0,1,,
anemonoides ranunculoides,non-woody,herb,5.0,,,,,,,0.0,0.0,0.0,0.0,0.0,0.0,,,,,,,,,,,,,,0,0,1,,
anemonoides sylvestris,non-woody,herb,4.0,,,,,,,0.0,0.0,0.0,0.0,0.0,0.0,,,,,,,,,,,,,,0,0,1,,
anethum graveolens,non-woody,herb,1.0,,,,,,,0.0,0.0,0.0,0.0,0.0,0.0,,,,,,,,,,,,,,0,0,1,,
angelica archangelica,non-woody,herb,10.0,,,,9.267834896,0.685832872,,0.0,0.0,0.0,2.0,2.0,0.0,,,,,,,,,,,,,,0,0,1,,
angelica sylvestris,non-woody,herb,13.0,,,,,,,0.0,0.0,0.0,0.0,0.0,0.0,,,,,,,,,,,,,,0,0,1,,
aniba citrifolia,,,3.0,0.9918999999999999,9.3588887505,0.14545602000000002,,,,3.0,2.0,2.0,0.0,0.0,0.0,,,,,,,,,,,,,,0,0,1,,
aniba coto,,,6.0,0.7655666666666666,7.430188998833334,0.32962334666666665,24.187591666666666,1.0882573776666666,,6.0,6.0,6.0,6.0,3.0,0.0,,,,,,,,,,,,,,0,0,1,-0.02679120403478744,0.42545735929434264
aniba guianensis,woody,tree,1.0,0.656,14.12,0.231,,,,1.0,1.0,1.0,0.0,0.0,0.0,,,,,,,,,,,,,,0,0,1,,
aniba hostmanniana,woody,tree,1.0,0.842,7.03,0.278,,,,1.0,1.0,1.0,0.0,0.0,0.0,,,,,,,,,,,,,,0,0,1,,
aniba muca,,,1.0,0.9732,2.661729965,0.504862385,12.44099,,,1.0,1.0,1.0,1.0,0.0,0.0,,,,,,,,,,,,,,0,0,1,-1.5699793839065361,0.72118570697049
aniba terminalis,woody,tree,1.0,0.788,5.91,0.39,,,,1.0,1.0,1.0,0.0,0.0,0.0,,,,,,,,,,,,,,0,0,1,,
aniba williamsii,woody,tree,1.0,1.138,3.22,0.291,,,,1.0,1.0,1.0,0.0,0.0,0.0,,,,,,,,,,,,,,0,0,1,,
anisophyllea disticha,woody,tree,2.0,,,,,,,0.0,0.0,0.0,0.0,0.0,0.0,,,,,,,,,,,,,,0,0,1,,
anisotome aromatica,non-woody,unspecified,3.0,,50.85399064499999,,9.287663926,,,0.0,3.0,0.0,1.0,0.0,0.0,,,,,,,,,,,,,,0,0,1,,
annona colubrina,woody,tree,7.0,,,,,,,0.0,0.0,0.0,0.0,0.0,0.0,,,,,,,,,,,,,,0,0,1,,
annona daphnites,woody,tree,4.0,,,,,,,0.0,0.0,0.0,0.0,0.0,0.0,,,,,,,,,,,,,,0,0,1,,
annona dioica,,shrub,4.0,,,,,,,0.0,0.0,0.0,0.0,0.0,0.0,,,,,,,,,,,,,,0,0,1,,
annona gossypiosperma,woody,tree,2.0,,,,,,,0.0,0.0,0.0,0.0,0.0,0.0,,,,,,,,,,,,,,0,0,1,,
annona herzogii,woody,shrub/tree,27.0,,,,,,,0.0,0.0,0.0,0.0,0.0,0.0,,,,,,,,,,,,,,0,0,1,,
annona modesta,woody,shrub/tree,5.0,,,,,,,0.0,0.0,0.0,0.0,0.0,0.0,,,,,,,,,,,,,,0,0,1,,
annona squamosa,woody,tree,2.0,,,,,,,0.0,0.0,0.0,0.0,0.0,0.0,,,,,,,,,,,,,,0,0,1,,
antennaria caucasica,non-woody,herb,2.0,,,,,,,0.0,0.0,0.0,0.0,0.0,0.0,,,,,,,,,,,,,,0,0,1,,
antennaria dioica,non-woody,herb,19.0,0.51,,,,,,1.0,0.0,0.0,0.0,0.0,0.0,6.0,28.166666666666668,39.0970227695,0.11349351383333334,0.03643410216666667,99.1162142,58.10333333,22.189722220000004,,,,,,1,0,1,,
antennaria microphylla,non-woody,herb,1.0,,,,,,,0.0,0.0,0.0,0.0,0.0,0.0,,,,,,,,,,,,,,0,0,1,,
antennaria neglecta,non-woody,herb,2.0,0.25902000000000003,124.7339737,0.19273200000000001,,,,2.0,1.0,2.0,0.0,0.0,0.0,,,,,,,,,,,,,,0,0,1,,
antennaria parvifolia,non-woody,herb,6.0,0.34955,31.775035559000003,0.250416667,5.534744263,,,1.0,4.0,1.0,1.0,0.0,0.0,,,,,,,,,,,,,,0,0,1,-0.8079281249560092,-0.24275972334222845
antennaria racemosa,,,1.0,,,,,,,0.0,0.0,0.0,0.0,0.0,0.0,,,,,,,,,,,,,,0,0,1,,
antennaria rosulata,non-woody,herb,4.0,,29.511866242333337,,4.080664814,,,0.0,3.0,0.0,1.0,0.0,0.0,,,,,,,,,,,,,,0,0,1,,
anthemis arvensis,non-woody,herb,1.0,,,,,,,0.0,0.0,0.0,0.0,0.0,0.0,,,,,,,,,,,,,,0,0,1,,
anthemis cotula,non-woody,herb,1.0,,145.0,,16.5,,,0.0,1.0,0.0,1.0,0.0,0.0,,,,,,,,,,,,,,0,0,1,,
anthemis cretica,,unspecified,1.0,,,,,,,0.0,0.0,0.0,0.0,0.0,0.0,,,,,,,,,,,,,,0,0,1,,
anthemis marschalliana,non-woody,herb,2.0,,,,,,,0.0,0.0,0.0,0.0,0.0,0.0,,,,,,,,,,,,,,0,0,1,,
anthenantia lanata,,,1.0,,,,,,,0.0,0.0,0.0,0.0,0.0,0.0,,,,,,,,,,,,,,0,0,1,,
anthericum liliago,non-woody,herb,1.0,,,,,,,0.0,0.0,0.0,0.0,0.0,0.0,,,,,,,,,,,,,,0,0,1,,
anthericum ramosum,non-woody,herb,1.0,,,,,,,0.0,0.0,0.0,0.0,0.0,0.0,,,,,,,,,,,,,,0,0,1,,
anthoxanthum glabrum,non-woody,graminoid,4.0,,81.0925,,,,,0.0,4.0,0.0,0.0,0.0,0.0,,,,,,,,,,,,,,0,0,1,,
anthoxanthum juncifolium,,,,,,,,,,,,,,,,10.0,19.7,7.071370518399999,1.4628177722,0.0,98.268757198,-38.96,-71.35833333,,,,,,1,0,0,,
anthoxanthum monticola,non-woody,graminoid,7.0,,,,,,,0.0,0.0,0.0,0.0,0.0,0.0,,,,,,,,,,,,,,0,0,1,,
anthoxanthum odoratum,non-woody,graminoid,150.0,0.6580419866666666,193.96337199415095,0.11313814119767443,11.865714285714287,1.24,8.63,3.0,53.0,86.0,7.0,2.0,1.0,,,,,,,,,,,,,,0,0,1,1.1501022068871116,0.490143230298392
anthriscus ruprechtii,,unspecified,1.0,,,,,,,0.0,0.0,0.0,0.0,0.0,0.0,,,,,,,,,,,,,,0,0,1,,
anthriscus sylvestris,non-woody,herb,11.0,,,,,,,0.0,0.0,0.0,0.0,0.0,0.0,,,,,,,,,,,,,,0,0,1,,
anthyllis cytisoides,woody,shrub,3.0,0.286325,9.400956655,0.598571117,,,,1.0,1.0,1.0,0.0,0.0,0.0,,,,,,,,,,,,,,0,0,1,,
anthyllis subsimplex,,unspecified,3.0,,,,,,,0.0,0.0,0.0,0.0,0.0,0.0,,,,,,,,,,,,,,0,0,1,,
anthyllis terniflora,non-woody,herb,1.0,0.363875,6.026853632,0.549537619,,,,1.0,1.0,1.0,0.0,0.0,0.0,,,,,,,,,,,,,,0,0,1,,
anthyllis vulneraria,non-woody,herb,16.0,2.58753624,228.15454545,0.0761688455,,,7.4,1.0,2.0,2.0,0.0,0.0,1.0,8.0,20.625,49.543729508750005,0.003053994625,0.06472504375,98.70623769625,58.10333333,22.18972222,,,,,,1,0,1,,
antiaris toxicaria,woody,tree,47.0,0.7529777776666666,1.3880980567173913,0.3897695641666667,13.574999999999998,0.868,,6.0,46.0,6.0,6.0,5.0,0.0,,,,,,,,,,,,,,0,0,1,-1.0341301106277254,0.40864214309983315
anticharis senegalensis,,,1.0,,,,,,,0.0,0.0,0.0,0.0,0.0,0.0,,,,,,,,,,,,,,0,0,1,,
antidesma leucopodum,,unspecified,2.0,,,,,,,0.0,0.0,0.0,0.0,0.0,0.0,,,,,,,,,,,,,,0,0,1,,
antidesma maclurei,,unspecified,1.0,0.40253,19.99,0.29,19.7,,54.0,1.0,1.0,1.0,1.0,0.0,1.0,,,,,,,,,,,,,,0,0,1,-0.03425774167788248,-0.3607666880364971
antirrhinum majus,non-woody,herb,1.0,,,,,,,0.0,0.0,0.0,0.0,0.0,0.0,,,,,,,,,,,,,,0,0,1,,
aotus ericoides,woody,shrub,1.0,,,,,,,0.0,0.0,0.0,0.0,0.0,0.0,,,,,,,,,,,,,,0,0,1,,
apera spica-venti,non-woody,graminoid,1.0,,,,,,,0.0,0.0,0.0,0.0,0.0,0.0,,,,,,,,,,,,,,0,0,1,,
aphanamixis polystachya,woody,tree,5.0,0.4020165104,61.191411771800006,0.43496335620000004,17.96,,,5.0,5.0,5.0,5.0,0.0,0.0,,,,,,,,,,,,,,0,0,1,-0.4001001372592729,-0.7240866303833557
aphanostephus ramosissimus,,herb,2.0,,,,,,,0.0,0.0,0.0,0.0,0.0,0.0,,,,,,,,,,,,,,0,0,1,,
apium graveolens,non-woody,herb,2.0,,,,,,,0.0,0.0,0.0,0.0,0.0,0.0,,,,,,,,,,,,,,0,0,1,,
apocynum androsaemifolium,non-woody,herb,4.0,,,,,,,0.0,0.0,0.0,0.0,0.0,0.0,,,,,,,,,,,,,,0,0,1,,
apocynum cannabinum,non-woody,herb,1.0,0.30473,,0.32674,,,,1.0,0.0,1.0,0.0,0.0,0.0,,,,,,,,,,,,,,0,0,1,,
apocynum venetum,non-woody,herb,12.0,2.0875,,,16.8125,,,4.0,0.0,0.0,4.0,0.0,0.0,,,,,,,,,,,,,,0,0,1,,
apodytes dimidiata,woody,tree,3.0,0.55,12.9,0.34,,,,1.0,1.0,1.0,0.0,0.0,0.0,,,,,,,,,,,,,,0,0,1,,
aporosa octandra,woody,tree,1.0,0.36662,29.15,0.34,20.92,,58.0,1.0,1.0,1.0,1.0,0.0,1.0,,,,,,,,,,,,,,0,0,1,-0.05656859905534276,-0.5911404456506623
aporosa subcaudata,woody,tree,1.0,0.4968,11.26847418,0.458064516,,,,1.0,1.0,1.0,0.0,0.0,0.0,,,,,,,,,,,,,,0,0,1,,
aporosa yunnanensis,woody,tree,11.0,0.600800303,19.730258077,0.35227873790909087,12.286071363636363,0.61375,74.0,11.0,11.0,11.0,11.0,8.0,1.0,,,,,,,,,,,,,,0,0,1,-0.8325985259916082,0.09623731033392903
aquilegia moorcroftiana,,,,,,,,,,,,,,,,1.0,10.0,58.35866261,0.0,0.0,100.0,33.731808,76.857807,,,,,,1,0,0,,
aquilegia olympica,non-woody,herb,1.0,,,,,,,0.0,0.0,0.0,0.0,0.0,0.0,,,,,,,,,,,,,,0,0,1,,
aquilegia vulgaris,non-woody,herb,6.0,0.1766,458.04795620000004,,,,,5.0,5.0,0.0,0.0,0.0,0.0,,,,,,,,,,,,,,0,0,1,,
arabidopsis arenosa,,,2.0,1.7916971,772.0615385,0.034854792,,,,1.0,1.0,1.0,0.0,0.0,0.0,,,,,,,,,,,,,,0,0,1,,
arabidopsis halleri,,,1.0,,,,,,,0.0,0.0,0.0,0.0,0.0,0.0,,,,,,,,,,,,,,0,0,1,,
arabidopsis thaliana,non-woody,herb,3.0,1.62721884,507.2083333,0.04958234,,,,1.0,1.0,1.0,0.0,0.0,0.0,,,,,,,,,,,,,,0,0,1,,
arabis alpina,non-woody,herb,1.0,,,,,,,0.0,0.0,0.0,0.0,0.0,0.0,,,,,,,,,,,,,,0,0,1,,
arabis hirsuta,non-woody,herb,1.0,,,,,,,0.0,0.0,0.0,0.0,0.0,0.0,8.0,15.0,20.758080870625,0.0,0.0,99.88115402,58.10333333,22.18972222,,,,,,1,0,1,,
arabis sagittata,non-woody,herb,2.0,1.89657121,388.625,0.18870425,,,,1.0,1.0,1.0,0.0,0.0,0.0,,,,,,,,,,,,,,0,0,1,,
arachis hypogaea,non-woody,herb,2.0,,,,,,,0.0,0.0,0.0,0.0,0.0,0.0,,,,,,,,,,,,,,0,0,1,,
arachis pintoi,non-woody,climber,2.0,,,,18.35,0.435,,0.0,0.0,0.0,2.0,2.0,0.0,,,,,,,,,,,,,,0,0,1,,
arachniodes chinensis,,,4.0,,2.0202712325,,11.0612766775,0.47153208575,,0.0,4.0,0.0,4.0,4.0,0.0,,,,,,,,,,,,,,0,0,1,,
araucaria araucana,woody,tree,2.0,,,,,,,0.0,0.0,0.0,0.0,0.0,0.0,40.0,16.725,5.2003430734250005,1.833582581275,0.115449408475,97.37361146475,-38.974722220000004,-71.368055555,,,,,,1,0,1,,
araucaria cunninghamii,woody,tree,2.0,,,,,,,0.0,0.0,0.0,0.0,0.0,0.0,,,,,,,,,,,,,,0,0,1,,
araucaria luxurians,woody,tree,4.0,0.5700555556666668,24.13081726333333,0.22962407399999998,1.6809978436666668,,,3.0,3.0,3.0,3.0,0.0,0.0,,,,,,,,,,,,,,0,0,1,-1.110623666109524,0.41829776001726743
araucaria rulei,woody,tree,4.0,0.3416073316666666,42.906247378333326,0.370056745,1.545034133,,,3.0,3.0,3.0,3.0,0.0,0.0,,,,,,,,,,,,,,0,0,1,-1.4432169087391107,-0.49170759922976365
arbutus unedo,woody,tree,9.0,0.499883333,12.11686106,0.558173551,,,,1.0,1.0,1.0,0.0,0.0,0.0,,,,,,,,,,,,,,0,0,1,,
archidendron clypearia,woody,tree,1.0,0.27083,70.33,0.41,24.78,,56.0,1.0,1.0,1.0,1.0,0.0,1.0,,,,,,,,,,,,,,0,0,1,0.2662867882554072,-1.1012805367892007
archidendron lucidum,,unspecified,1.0,0.26056,58.89,0.31,22.59,,25.0,1.0,1.0,1.0,1.0,0.0,1.0,,,,,,,,,,,,,,0,0,1,0.3941809049274314,-0.8608203548171486
arctium lappa,non-woody,herb,3.0,3.01282333,416.7454545,0.025716064,,,,1.0,1.0,1.0,0.0,0.0,0.0,,,,,,,,,,,,,,0,0,1,,
arctium minus,non-woody,herb,2.0,3.07112954,543.5583333,0.024383529,,,,1.0,1.0,1.0,0.0,0.0,0.0,,,,,,,,,,,,,,0,0,1,,
arctium nemorosum,non-woody,herb,3.0,3.01410045,533.9333333,0.022853893,,,,1.0,1.0,1.0,0.0,0.0,0.0,,,,,,,,,,,,,,0,0,1,,
arctium tomentosum,non-woody,herb,2.0,2.872863,228.37,0.048938831,,,,1.0,1.0,1.0,0.0,0.0,0.0,,,,,,,,,,,,,,0,0,1,,
arctostaphylos glandulosa,woody,shrub,4.0,,,,,,,0.0,0.0,0.0,0.0,0.0,0.0,,,,,,,,,,,,,,0,0,1,,
arctostaphylos glauca,woody,shrub/tree,3.0,,,,,,,0.0,0.0,0.0,0.0,0.0,0.0,,,,,,,,,,,,,,0,0,1,,
arctostaphylos glutinosa,,,1.0,,,,,,,0.0,0.0,0.0,0.0,0.0,0.0,,,,,,,,,,,,,,0,0,1,,
arctostaphylos pallida,woody,shrub,1.0,,,,,,,0.0,0.0,0.0,0.0,0.0,0.0,,,,,,,,,,,,,,0,0,1,,
arctostaphylos patula,woody,shrub,2.0,,,,,,,0.0,0.0,0.0,0.0,0.0,0.0,,,,,,,,,,,,,,0,0,1,,
arctostaphylos uva-ursi,woody,shrub,9.0,,,,,,,0.0,0.0,0.0,0.0,0.0,0.0,,,,,,,,,,,,,,0,0,1,,
arctotheca calendula,non-woody,herb,12.0,0.23709887616666667,244.38817394166665,,,,,12.0,12.0,0.0,0.0,0.0,0.0,,,,,,,,,,,,,,0,0,1,,
arctous alpina,woody,shrub,22.0,0.41570833333333335,32.19263788083333,,7.925000000000001,1.225,,12.0,12.0,0.0,8.0,8.0,0.0,,,,,,,,,,,,,,0,0,1,,
ardisia depressa,,unspecified,5.0,0.5094575929999999,35.3900036054,0.28448560819999996,13.74,,,5.0,5.0,5.0,5.0,0.0,0.0,,,,,,,,,,,,,,0,0,1,-0.35992635183012356,-0.02810610216524627
ardisia japonica,woody,shrub,1.0,0.2301,101.4998413,0.242307692,17.152152,,,1.0,1.0,1.0,1.0,0.0,0.0,,,,,,,,,,,,,,0,0,1,0.5432310667439939,-0.7869101791496462
ardisia quinquegona,woody,shrub,41.0,0.8720000000000001,10.854000000000001,0.286,13.711215502257144,,,5.0,5.0,5.0,35.0,0.0,0.0,,,,,,,,,,,,,,0,0,1,-0.6173963414365418,0.9181490202126829
arenaria bryophylla,,,,,,,,,,,,,,,,2.0,9.0,0.0395361095,0.0,0.0395361095,99.86821297,32.955876,78.5402955,,,,,,1,0,0,,
arenaria lanuginosa,non-woody,herb,3.0,,28.685116115499998,,9.340744615,,,0.0,2.0,0.0,1.0,0.0,0.0,,,,,,,,,,,,,,0,0,1,,
arenaria musciformis,,herb,1.0,2.2,0.07432,,,,,1.0,1.0,0.0,0.0,0.0,0.0,,,,,,,,,,,,,,0,0,1,,
arenaria serpyllifolia,non-woody,herb,7.0,0.73574218,518.1644444333333,0.06943649733333333,13.275,,,3.0,3.0,3.0,2.0,0.0,0.0,,,,,,,,,,,,,,0,0,1,3.5654557305932837,0.2415192430672599
argemone platyceras,non-woody,herb,2.0,,,,,,,0.0,0.0,0.0,0.0,0.0,0.0,,,,,,,,,,,,,,0,0,1,,
argemone polyanthemos,non-woody,herb,1.0,,,,,,,0.0,0.0,0.0,0.0,0.0,0.0,,,,,,,,,,,,,,0,0,1,,
argentina anserina,non-woody,herb,3.0,2.51204036,634.25,0.065724825,,,,1.0,1.0,1.0,0.0,0.0,0.0,,,,,,,,,,,,,,0,0,1,,
argyrolobium uniflorum,woody,shrub,1.0,,,,,,,0.0,0.0,0.0,0.0,0.0,0.0,,,,,,,,,,,,,,0,0,1,,
aria edulis,,,2.0,,,,,,,0.0,0.0,0.0,0.0,0.0,0.0,,,,,,,,,,,,,,0,0,1,,
aristea capitata,non-woody,herb,8.0,,,,,,,0.0,0.0,0.0,0.0,0.0,0.0,,,,,,,,,,,,,,0,0,1,,
aristida congesta,non-woody,graminoid,1.0,,,,,,,0.0,0.0,0.0,0.0,0.0,0.0,,,,,,,,,,,,,,0,0,1,,
aristida contorta,,,,,,,,,,,,,,,,8.0,15.625,7.095235150125,0.108801775125,0.0,99.25764187375,-23.766805554999998,133.87611114999999,7.0,51.0,1.1428571428571428,-23.766785714285714,133.87657142857145,1,1,0,,
aristida funiculata,,,,,,,,,,,,,,,,8.0,12.375,10.616213586625,1.4566961127499998,6.0244720065,87.4426024425,16.809305555,-22.918472219999998,2.0,3.5,1.5,16.8093,-22.91845,1,1,0,,
aristida jubata,,,,,,,,,,,,,,,,5.0,22.0,0.45980206199999996,0.32288249579999995,0.0615587632,99.269235438,-28.645,-51.57611111,,,,,,1,0,0,,
aristida kelleri,non-woody,graminoid,1.0,,,,,,,0.0,0.0,0.0,0.0,0.0,0.0,,,,,,,,,,,,,,0,0,1,,
aristida longiseta,non-woody,graminoid,2.0,,,,,,,0.0,0.0,0.0,0.0,0.0,0.0,,,,,,,,,,,,,,0,0,1,,
aristida oligantha,non-woody,graminoid,5.0,0.1947,,0.302612,,,,1.0,0.0,1.0,0.0,0.0,0.0,,,,,,,,,,,,,,0,0,1,,
aristida purpurea,non-woody,graminoid,19.0,0.2614,27.36380252,0.356694,6.528089643,,,1.0,8.0,6.0,1.0,0.0,0.0,,,,,,,,,,,,,,0,0,1,-1.126659266218746,-0.7030236378287952
aristida ramosa,non-woody,graminoid,5.0,0.4475,80.15,,,,,2.0,2.0,0.0,0.0,0.0,0.0,,,,,,,,,,,,,,0,0,1,,
aristida setacea,non-woody,graminoid,1.0,,,,,,26.54,0.0,0.0,0.0,0.0,0.0,1.0,,,,,,,,,,,,,,0,0,1,,
aristida torta,non-woody,graminoid,1.0,,,,,,,0.0,0.0,0.0,0.0,0.0,0.0,,,,,,,,,,,,,,0,0,1,,
aristolochia bracteolata,,unspecified,1.0,,,,,,43.76,0.0,0.0,0.0,0.0,0.0,1.0,,,,,,,,,,,,,,0,0,1,,
aristolochia gibertii,,climber,2.0,,,,,,,0.0,0.0,0.0,0.0,0.0,0.0,,,,,,,,,,,,,,0,0,1,,
aristotelia serrata,woody,tree,8.0,0.3604,74.97195770875,0.1713039085,12.705,0.92,,8.0,8.0,8.0,2.0,1.0,0.0,,,,,,,,,,,,,,0,0,1,0.27250436801901873,-0.20394427995841136
arjona tuberosa,non-woody,herb,1.0,,,,,,,0.0,0.0,0.0,0.0,0.0,0.0,,,,,,,,,,,,,,0,0,1,,
armeria alpina,,,1.0,,,,,,,0.0,0.0,0.0,0.0,0.0,0.0,,,,,,,,,,,,,,0,0,1,,
armeria maritima,non-woody,herb,1.0,,,,,,,0.0,0.0,0.0,0.0,0.0,0.0,,,,,,,,,,,,,,0,0,1,,
armeria velutina,non-woody,herb,1.0,0.508425,10.50547346,0.610452695,,,,1.0,1.0,1.0,0.0,0.0,0.0,,,,,,,,,,,,,,0,0,1,,
armoracia rusticana,non-woody,herb,2.0,,,,,,,0.0,0.0,0.0,0.0,0.0,0.0,,,,,,,,,,,,,,0,0,1,,
arnebia decumbens,,unspecified,1.0,,,,,,,0.0,0.0,0.0,0.0,0.0,0.0,,,,,,,,,,,,,,0,0,1,,
arnebia euchroma,,,,,,,,,,,,,,,,1.0,,,,,,32.8137441,77.45327985,,,,,,1,0,0,,
arnebia hispidissima,,,1.0,,,,,,,0.0,0.0,0.0,0.0,0.0,0.0,,,,,,,,,,,,,,0,0,1,,
arnebia transcaspica,,,1.0,,,,,,,0.0,0.0,0.0,0.0,0.0,0.0,,,,,,,,,,,,,,0,0,1,,
arnica fulgens,non-woody,herb,1.0,0.51545,15.88176348,0.324830317,,,,1.0,1.0,1.0,0.0,0.0,0.0,,,,,,,,,,,,,,0,0,1,,
arnica montana,non-woody,herb,1.0,,,,,,,0.0,0.0,0.0,0.0,0.0,0.0,,,,,,,,,,,,,,0,0,1,,
arnica sororia,non-woody,herb,1.0,0.2433,76.88083333,0.3,,,,1.0,1.0,1.0,0.0,0.0,0.0,,,,,,,,,,,,,,0,0,1,,
aronia melanocarpa,woody,shrub,1.0,,,,,,,0.0,0.0,0.0,0.0,0.0,0.0,,,,,,,,,,,,,,0,0,1,,
arrhenatherum elatius,non-woody,graminoid,19.0,0.968180295,162.58722826875,0.12401487174999999,12.739999999999998,1.97,,2.0,8.0,4.0,5.0,1.0,0.0,,,,,,,,,117.0,222.72649572649573,2.982905982905983,50.07389401709401,14.836264102564103,0,1,1,0.8897038745025889,1.2836754994280144
artemisia abrotanum,woody,shrub,2.0,,,,,,,0.0,0.0,0.0,0.0,0.0,0.0,,,,,,,,,,,,,,0,0,1,,
artemisia absinthium,non-woody/woody,herb/shrub,4.0,,,,,,,0.0,0.0,0.0,0.0,0.0,0.0,,,,,,,,,,,,,,0,0,1,,
artemisia alpina,,unspecified,1.0,,,,,,,0.0,0.0,0.0,0.0,0.0,0.0,,,,,,,,,,,,,,0,0,1,,
artemisia arenaria,non-woody,herb,2.0,,,,,,,0.0,0.0,0.0,0.0,0.0,0.0,,,,,,,,,,,,,,0,0,1,,
artemisia armeniaca,woody,shrub,1.0,,,,,,,0.0,0.0,0.0,0.0,0.0,0.0,,,,,,,,,,,,,,0,0,1,,
artemisia austriaca,woody,shrub,6.0,,,,,,,0.0,0.0,0.0,0.0,0.0,0.0,,,,,,,,,,,,,,0,0,1,,
artemisia badhysi,,,2.0,,,,,,,0.0,0.0,0.0,0.0,0.0,0.0,,,,,,,,,,,,,,0,0,1,,
artemisia barrelieri,woody,shrub,1.0,0.42485,5.072936944,0.449805506,,,,1.0,1.0,1.0,0.0,0.0,0.0,,,,,,,,,,,,,,0,0,1,,
artemisia caerulescens,,,1.0,,,,,,,0.0,0.0,0.0,0.0,0.0,0.0,,,,,,,,,,,,,,0,0,1,,
artemisia californica,woody,shrub,62.0,,,,,,,0.0,0.0,0.0,0.0,0.0,0.0,,,,,,,,,,,,,,0,0,1,,
artemisia campestris,non-woody,herb,12.0,,52.76693918,,9.064339995,,,0.0,3.0,0.0,1.0,0.0,0.0,8.0,28.375,31.030730318499998,0.0,0.016859876,99.77226192375,58.10333333,22.18972222,,,,,,1,0,1,,
artemisia cana,woody,shrub,2.0,0.31,55.91952402,0.261669741,,,,1.0,1.0,1.0,0.0,0.0,0.0,,,,,,,,,,,,,,0,0,1,,
artemisia capillaris,non-woody/woody,herb/shrub,1.0,,26.9,,14.06,,,0.0,1.0,0.0,1.0,0.0,0.0,,,,,,,,,,,,,,0,0,1,,
artemisia carruthii,non-woody,herb,4.0,,66.16408337,,11.14258766,,,0.0,3.0,0.0,1.0,0.0,0.0,,,,,,,,,,,,,,0,0,1,,
artemisia cina,,unspecified,2.0,,,,,,,0.0,0.0,0.0,0.0,0.0,0.0,,,,,,,,,,,,,,0,0,1,,
artemisia codonocephala,,unspecified,2.0,0.573,12.26,,10.38,,,1.0,1.0,0.0,1.0,0.0,0.0,,,,,,,,,,,,,,0,0,1,,
artemisia dracunculus,non-woody,herb,12.0,,75.78343994333333,,15.98660111,,,0.0,3.0,0.0,1.0,0.0,0.0,,,,,,,,,,,,,,0,0,1,,
artemisia ferganensis,,unspecified,1.0,,,,,,,0.0,0.0,0.0,0.0,0.0,0.0,,,,,,,,,,,,,,0,0,1,,
artemisia filifolia,,shrub,2.0,,,,,,,0.0,0.0,0.0,0.0,0.0,0.0,,,,,,,,,,,,,,0,0,1,,
artemisia frigida,woody,shrub,49.0,0.26191453214285715,48.452081230666664,0.24912263766666667,15.213,,21.675,14.0,15.0,9.0,10.0,0.0,2.0,12.0,33.583333333333336,37.13308973358333,0.321699641,0.042215058666666666,98.15381663,47.34203704,35.524444433333336,11.0,38.18181818181818,1.9090909090909092,46.86717272727273,48.26445454545455,1,1,1,0.01729242814722281,-0.6116806896412446
artemisia gmelinii,non-woody,herb,6.0,,13.321655853166666,,9.5,1.84,,0.0,6.0,0.0,1.0,1.0,0.0,,,,,,,,,,,,,,0,0,1,,
artemisia gracilescens,,,1.0,,,,,,,0.0,0.0,0.0,0.0,0.0,0.0,,,,,,,,,,,,,,0,0,1,,
artemisia halodendron,woody,shrub,117.0,1.5225,10.76142857142857,,8.39314831842857,,,4.0,7.0,0.0,7.0,0.0,0.0,,,,,,,,,,,,,,0,0,1,,
artemisia halophila,,,1.0,,,,,,,0.0,0.0,0.0,0.0,0.0,0.0,,,,,,,,,,,,,,0,0,1,,
artemisia herba-alba,woody,shrub,3.0,,,,,,,0.0,0.0,0.0,0.0,0.0,0.0,,,,,,,,,,,,,,0,0,1,,
artemisia igniaria,non-woody,herb,1.0,0.1672,204.1528571,0.222727273,19.56991567,,,1.0,1.0,1.0,1.0,0.0,0.0,,,,,,,,,,,,,,0,0,1,1.4892970254130085,-1.0980710805948075
artemisia kemrudica,,,1.0,,,,,,,0.0,0.0,0.0,0.0,0.0,0.0,,,,,,,,,,,,,,0,0,1,,
artemisia latifolia,non-woody,herb,4.0,,,,,,,0.0,0.0,0.0,0.0,0.0,0.0,,,,,,,,,,,,,,0,0,1,,
artemisia lerchiana,,,2.0,,,,,,,0.0,0.0,0.0,0.0,0.0,0.0,,,,,,,,,,,,,,0,0,1,,
artemisia leucodes,,unspecified,1.0,,,,,,,0.0,0.0,0.0,0.0,0.0,0.0,,,,,,,,,,,,,,0,0,1,,
artemisia ludoviciana,non-woody,herb,3.0,0.31821857133333337,84.362318135,0.222016616,,,,3.0,2.0,3.0,0.0,0.0,0.0,4.0,18.5,27.7727596675,0.0,0.1972645975,94.430528925,50.76666667,-104.6166667,2.0,2.0,1.0,50.7667,-104.617,1,1,1,,
artemisia macrocephala,,,,,,,,,,,,,,,,1.0,7.0,9.183673469,2.040816327,0.0,97.95918367,33.076825,77.216602,,,,,,1,0,0,,
artemisia maritima,woody,shrub,1.0,,,,,,,0.0,0.0,0.0,0.0,0.0,0.0,,,,,,,,,,,,,,0,0,1,,
artemisia marschalliana,non-woody,herb,1.0,,,,,,,0.0,0.0,0.0,0.0,0.0,0.0,,,,,,,,,,,,,,0,0,1,,
artemisia mongolica,non-woody/woody,herb/shrub,1.0,0.1661,195.6701563,0.237037037,17.113461,,,1.0,1.0,1.0,1.0,0.0,0.0,,,,,,,,,,,,,,0,0,1,1.2067470677549301,-1.0868713632137674
artemisia monosperma,woody,shrub,3.0,,,,,,,0.0,0.0,0.0,0.0,0.0,0.0,,,,,,,,,,,,,,0,0,1,,
artemisia nanschanica,,herb,1.0,1.91,0.06689,,,,,1.0,1.0,0.0,0.0,0.0,0.0,,,,,,,,,,,,,,0,0,1,,
artemisia nitrosa,,unspecified,2.0,,,,,,,0.0,0.0,0.0,0.0,0.0,0.0,,,,,,,,,,,,,,0,0,1,,
artemisia ordosica,non-woody/woody,herb/shrub,2.0,,23.009999999999998,,10.1,,,0.0,2.0,0.0,2.0,0.0,0.0,,,,,,,,,,,,,,0,0,1,,
artemisia pauciflora,woody,shrub,8.0,,,,,,,0.0,0.0,0.0,0.0,0.0,0.0,,,,,,,,,,,,,,0,0,1,,
artemisia persica,,,,,,,,,,,,,,,,1.0,8.0,0.259965338,0.0,0.0,100.0,33.821038,76.81388,,,,,,1,0,0,,
artemisia pontica,woody,shrub,6.0,,,,,,,0.0,0.0,0.0,0.0,0.0,0.0,,,,,,,,,,,,,,0,0,1,,
artemisia quinqueloba,,unspecified,1.0,,,,,,,0.0,0.0,0.0,0.0,0.0,0.0,,,,,,,,,,,,,,0,0,1,,
artemisia rhodantha,non-woody,herb,1.0,,,,,,,0.0,0.0,0.0,0.0,0.0,0.0,,,,,,,,,,,,,,0,0,1,,
artemisia rupestris,non-woody,herb,4.0,,,,,,,0.0,0.0,0.0,0.0,0.0,0.0,8.0,32.0,27.099588621375,0.0,0.0,99.73951373375,58.10333333,22.18972222,,,,,,1,0,1,,
artemisia santolinifolia,,unspecified,2.0,,,,,,,0.0,0.0,0.0,0.0,0.0,0.0,1.0,6.0,77.77777778,0.0,0.0,100.0,33.71969355,76.86824413,,,,,,1,0,1,,
artemisia santonicum,,,1.0,,,,,,,0.0,0.0,0.0,0.0,0.0,0.0,,,,,,,,,,,,,,0,0,1,,
artemisia scoparia,non-woody,herb,10.0,,28.639999999999997,,6.77,,,0.0,5.0,0.0,1.0,0.0,0.0,1.0,9.0,6.106870229,0.0,0.0,100.0,33.71969355,76.86824413,,,,,,1,0,1,,
artemisia scopulorum,,unspecified,2.0,,,,,,,0.0,0.0,0.0,0.0,0.0,0.0,,,,,,,,,,,,,,0,0,1,,
artemisia sericea,,unspecified,2.0,,,,,,,0.0,0.0,0.0,0.0,0.0,0.0,,,,,,,,,,,,,,0,0,1,,
artemisia sieversiana,non-woody,herb,1.0,,,,,,,0.0,0.0,0.0,0.0,0.0,0.0,1.0,7.0,70.34220532,0.0,0.0,100.0,34.3717667,74.99741667,,,,,,1,0,1,,
artemisia sogdiana,,,1.0,,,,,,,0.0,0.0,0.0,0.0,0.0,0.0,,,,,,,,,,,,,,0,0,1,,
artemisia songarica,,unspecified,4.0,,,,,,,0.0,0.0,0.0,0.0,0.0,0.0,,,,,,,,,,,,,,0,0,1,,
artemisia sphaerocephala,non-woody/woody,herb/shrub,2.0,,16.78,,5.44,,,0.0,1.0,0.0,1.0,0.0,0.0,,,,,,,,,,,,,,0,0,1,,
artemisia tanacetifolia,non-woody,herb,4.0,,28.105,,,,,0.0,4.0,0.0,0.0,0.0,0.0,,,,,,,,,,,,,,0,0,1,,
artemisia taurica,,,1.0,,,,,,,0.0,0.0,0.0,0.0,0.0,0.0,,,,,,,,,,,,,,0,0,1,,
artemisia terrae-albae,non-woody,herb,6.0,,,,,,,0.0,0.0,0.0,0.0,0.0,0.0,,,,,,,,,,,,,,0,0,1,,
artemisia tomentella,,unspecified,2.0,,,,,,,0.0,0.0,0.0,0.0,0.0,0.0,,,,,,,,,,,,,,0,0,1,,
artemisia tournefortiana,,,,,,,,,,,,,,,,1.0,6.0,63.125,0.0,0.0,100.0,33.731808,76.857807,,,,,,1,0,0,,
artemisia transiliensis,,unspecified,11.0,,,,,,,0.0,0.0,0.0,0.0,0.0,0.0,,,,,,,,,,,,,,0,0,1,,
artemisia tridentata,woody,shrub/tree,61.0,,86.26703742285714,,,,,0.0,7.0,0.0,0.0,0.0,0.0,,,,,,,,,,,,,,0,0,1,,
artemisia turanica,,unspecified,8.0,,,,,,,0.0,0.0,0.0,0.0,0.0,0.0,,,,,,,,,,,,,,0,0,1,,
artemisia vulgaris,non-woody,herb,3.0,,,,,,,0.0,0.0,0.0,0.0,0.0,0.0,,,,,,,,,22.0,108.72727272727273,4.090909090909091,49.79822727272727,16.17600909090909,0,1,1,,
arthraerua leubnitziae,woody,shrub,3.0,,,,,,,0.0,0.0,0.0,0.0,0.0,0.0,,,,,,,,,,,,,,0,0,1,,
arthraxon hispidus,non-woody,graminoid,2.0,0.598,13.06,,4.43,,,1.0,1.0,0.0,1.0,0.0,0.0,,,,,,,,,,,,,,0,0,1,,
arthrocnemum fruticosum,,,1.0,,,,,,,0.0,0.0,0.0,0.0,0.0,0.0,,,,,,,,,,,,,,0,0,1,,
arthrophytum iliense,,,1.0,,,,,,,0.0,0.0,0.0,0.0,0.0,0.0,,,,,,,,,,,,,,0,0,1,,
arthrophytum longibracteatum,,,1.0,,,,,,,0.0,0.0,0.0,0.0,0.0,0.0,,,,,,,,,,,,,,0,0,1,,
arthrophytum pulvinatum,,unspecified,1.0,,,,,,,0.0,0.0,0.0,0.0,0.0,0.0,,,,,,,,,,,,,,0,0,1,,
artocarpus altilis,woody,tree,2.0,0.353685,33.47784482,0.251855586,,,,1.0,1.0,1.0,0.0,0.0,0.0,,,,,,,,,9.0,30.555555555555557,1.6666666666666667,20.7992,-156.038,0,1,1,,
artocarpus lakoocha,woody,tree,3.0,1.1015499999999998,4.353770266333334,0.311347453,14.563333333333334,1.843333333333333,,3.0,3.0,3.0,3.0,3.0,0.0,,,,,,,,,,,,,,0,0,1,-0.7451831070740979,1.437970319889861
artocarpus nitidus,woody,tree,2.0,0.41276,24.2863808,0.222834292,,,,1.0,1.0,1.0,0.0,0.0,0.0,,,,,,,,,,,,,,0,0,1,,
artocarpus styracifolius,woody,tree,7.0,0.28296,34.54,0.59,9.228571428571428,0.4483333333333333,78.0,1.0,1.0,1.0,7.0,6.0,1.0,,,,,,,,,,,,,,0,0,1,-1.7267578923503784,-1.2075544351111902
arum italicum,,,,,,,,,,,,,,,,11.0,16.545454545454547,38.809656592181824,2.624118835,1.3575489512727275,95.43977359727273,42.99101009909091,14.994570708,6.0,24.0,1.0,43.31605,6.19645,1,1,0,,
arundo donax,non-woody,graminoid,1.0,,,,,,,0.0,0.0,0.0,0.0,0.0,0.0,,,,,,,,,,,,,,0,0,1,,
asarum europaeum,non-woody,herb,9.0,,,,,,,0.0,0.0,0.0,0.0,0.0,0.0,,,,,,,,,,,,,,0,0,1,,
ascarina lucida,woody,shrub,1.0,0.53,22.2,0.2,9.01,0.68,,1.0,1.0,1.0,1.0,1.0,0.0,,,,,,,,,,,,,,0,0,1,-0.4871271834038704,0.2912417582725156
asclepias arenaria,,,2.0,,,,,,,0.0,0.0,0.0,0.0,0.0,0.0,,,,,,,,,,,,,,0,0,1,,
asclepias asperula,,,1.0,,,,,,,0.0,0.0,0.0,0.0,0.0,0.0,,,,,,,,,,,,,,0,0,1,,
asclepias incarnata,non-woody,herb,8.0,0.33992999999999995,70.0,0.235237,,,,2.0,1.0,2.0,0.0,0.0,0.0,,,,,,,,,,,,,,0,0,1,,
asclepias speciosa,non-woody,herb,1.0,0.4054,,0.233029,,,,1.0,0.0,1.0,0.0,0.0,0.0,,,,,,,,,59.0,575.8813559322034,2.5084745762711864,46.3219,-114.129,0,1,1,,
asclepias sullivantii,non-woody,herb,1.0,0.30905,,0.184251,,,,1.0,0.0,1.0,0.0,0.0,0.0,,,,,,,,,,,,,,0,0,1,,
asclepias syriaca,non-woody,herb,2.0,0.43,66.5,0.14,18.0,,,1.0,2.0,1.0,1.0,0.0,0.0,,,,,,,,,,,,,,0,0,1,0.6877167619197142,-0.015350090161814118
asclepias tuberosa,non-woody,herb,5.0,0.5,34.5,0.22,19.925,,,1.0,4.0,1.0,4.0,0.0,0.0,,,,,,,,,,,,,,0,0,1,0.3068380617845548,0.011260993695183975
asclepias verticillata,non-woody,herb,5.0,0.4293,45.0,0.266379,9.6,,,1.0,1.0,1.0,1.0,0.0,0.0,,,,,,,,,,,,,,0,0,1,-0.5060299835415505,-0.15146785386999395
asclepias viridis,non-woody,herb,1.0,0.36446,,0.320747,,,,1.0,0.0,1.0,0.0,0.0,0.0,,,,,,,,,,,,,,0,0,1,,
asimina triloba,woody,shrub/tree,64.0,0.6534621175,10.586298915,0.16841666675,23.4956249825,,,64.0,4.0,4.0,4.0,0.0,0.0,,,,,,,,,,,,,,0,0,1,0.5486569172294109,0.5019268192932727
aspalathus cordata,,,,,,,,,,,,,,,,4.0,9.75,24.85966051425,0.02639915525,0.0,99.7096092925,-33.98805556,18.95555556,2.0,11.0,1.5,-33.988,18.9555,1,1,0,,
asparagus acutifolius,woody,climber,1.0,,,,,,,0.0,0.0,0.0,0.0,0.0,0.0,,,,,,,,,,,,,,0,0,1,,
asparagus breslerianus,,unspecified,2.0,,,,,,,0.0,0.0,0.0,0.0,0.0,0.0,,,,,,,,,,,,,,0,0,1,,
asparagus inderiensis,,unspecified,1.0,,,,,,,0.0,0.0,0.0,0.0,0.0,0.0,,,,,,,,,,,,,,0,0,1,,
asparagus officinalis,non-woody,herb,5.0,,,,,,,0.0,0.0,0.0,0.0,0.0,0.0,,,,,,,,,,,,,,0,0,1,,
asparagus racemosus,non-woody,herb,1.0,,,,,,80.83,0.0,0.0,0.0,0.0,0.0,1.0,,,,,,,,,,,,,,0,0,1,,
asparagus schoberioides,non-woody,herb,1.0,0.3427,119.765,0.09010989,20.22373264,,,1.0,1.0,1.0,1.0,0.0,0.0,,,,,,,,,,,,,,0,0,1,1.402590278141818,-0.23927073322014392
asperugo procumbens,non-woody,herb,3.0,,,,,,,0.0,0.0,0.0,0.0,0.0,0.0,,,,,,,,,,,,,,0,0,1,,
asperula perpusilla,non-woody,herb,62.0,,81.83236721967742,0.12275275861290323,,,,0.0,31.0,62.0,0.0,0.0,0.0,,,,,,,,,,,,,,0,0,1,,
asperula prostrata,non-woody,herb,2.0,,,,,,,0.0,0.0,0.0,0.0,0.0,0.0,,,,,,,,,,,,,,0,0,1,,
asperula tinctoria,non-woody,herb,1.0,,,,,,,0.0,0.0,0.0,0.0,0.0,0.0,,,,,,,,,,,,,,0,0,1,,
asphodelus aestivus,,,,,,,,,,,,,,,,4.0,55.5,17.072282525000002,0.07188455525000001,0.027173913,99.11056055,39.40833333,2.745277778,4.0,38.75,2.25,39.4083,2.74528,1,1,0,,
asphodelus ramosus,,,,,,,,,,,,,,,,4.0,10.0,31.8670793225,0.0,0.0,97.44027303749999,30.59333333,34.71138889,2.0,172.5,1.5,30.5933,34.7114,1,1,0,,
aspidosperma cylindrocarpon,woody,tree,51.0,,,,,,,0.0,0.0,0.0,0.0,0.0,0.0,,,,,,,,,,,,,,0,0,1,,
aspidosperma macrocarpon,woody,tree,1.0,,,,,,,0.0,0.0,0.0,0.0,0.0,0.0,,,,,,,,,,,,,,0,0,1,,
aspidosperma pyrifolium,woody,tree,1.0,,,,,,,0.0,0.0,0.0,0.0,0.0,0.0,,,,,,,,,,,,,,0,0,1,,
aspidosperma quebracho-blanco,woody,tree,1.0,,,,,,,0.0,0.0,0.0,0.0,0.0,0.0,,,,,,,,,,,,,,0,0,1,,
aspidosperma tomentosum,woody,tree,27.0,,,,,,,0.0,0.0,0.0,0.0,0.0,0.0,,,,,,,,,,,,,,0,0,1,,
aspilia silphioides,non-woody,herb,5.0,,,,,,,0.0,0.0,0.0,0.0,0.0,0.0,,,,,,,,,,,,,,0,0,1,,
asplenium bulbiferum,non-woody,fern,1.0,0.43,31.8,0.2,16.18,0.99,,1.0,1.0,1.0,1.0,1.0,0.0,,,,,,,,,,,,,,0,0,1,0.11054214409006544,-0.06776248994268384
asplenium ruta-muraria,non-woody,fern,1.0,,,,,,,0.0,0.0,0.0,0.0,0.0,0.0,9.0,17.444444444444443,13.753164877444444,0.20031018155555558,0.0,98.75923814444444,55.466492593333335,28.057243825555556,,,,,,1,0,1,,
asplenium scolopendrium,non-woody,fern,2.0,,,,,,,0.0,0.0,0.0,0.0,0.0,0.0,,,,,,,,,,,,,,0,0,1,,
asplenium septentrionale,non-woody,fern,1.0,,,,,,,0.0,0.0,0.0,0.0,0.0,0.0,,,,,,,,,,,,,,0,0,1,,
asplenium trichomanes,non-woody,fern,2.0,,,,,,,0.0,0.0,0.0,0.0,0.0,0.0,,,,,,,,,,,,,,0,0,1,,
astartea fascicularis,woody,shrub,1.0,,,,,,,0.0,0.0,0.0,0.0,0.0,0.0,,,,,,,,,,,,,,0,0,1,,
astelia fragrans,non-woody,herb,1.0,0.94,12.9,0.09,10.12,1.02,,1.0,1.0,1.0,1.0,1.0,0.0,,,,,,,,,,,,,,0,0,1,-0.17329614477451466,1.5621939004399008
astelia nervosa,non-woody,herb,1.0,0.95,14.5,0.09,6.49,0.73,,1.0,1.0,1.0,1.0,1.0,0.0,,,,,,,,,,,,,,0,0,1,-0.4229487874760147,1.6316109964395409
aster alpinus,non-woody,herb,9.0,,,,,,,0.0,0.0,0.0,0.0,0.0,0.0,,,,,,,,,,,,,,0,0,1,,
aster amellus,non-woody,herb,1.0,,,,,,,0.0,0.0,0.0,0.0,0.0,0.0,,,,,,,,,,,,,,0,0,1,,
aster bellidiastrum,non-woody,herb,1.0,,,,,,,0.0,0.0,0.0,0.0,0.0,0.0,,,,,,,,,,,,,,0,0,1,,
aster fastigiatus,,unspecified,1.0,,,,,,,0.0,0.0,0.0,0.0,0.0,0.0,,,,,,,,,,,,,,0,0,1,,
aster flaccidus,,,,,,,,,,,,,,,,3.0,7.0,0.739247312,0.0,43.07795699,56.78763441,33.245288853333335,77.46774648,,,,,,1,0,0,,
aster lanceolatus,non-woody,herb,1.0,0.36,68.0,0.15,,,,1.0,1.0,1.0,0.0,0.0,0.0,,,,,,,,,,,,,,0,0,1,,
aster scaber,non-woody,unspecified,1.0,0.2113,219.2008,0.131578947,19.05857003,,,1.0,1.0,1.0,1.0,0.0,0.0,,,,,,,,,,,,,,0,0,1,1.869915941493872,-0.8048909928052697
aster tataricus,non-woody,herb,1.0,0.197,297.11,0.1125,26.057352,,,1.0,1.0,1.0,1.0,0.0,0.0,,,,,,,,,,,,,,0,0,1,2.9622558229837725,-1.0145903141061274
asteriscus spinosus,,,,,,,,,,,,,,,,8.0,14.75,40.164673540625,2.502255423875,2.749012002375,93.56054340375,35.45916667,23.80083333,,,,,,1,0,0,,
asterothamnus centrali-asiaticus,,,1.0,,,,,,,0.0,0.0,0.0,0.0,0.0,0.0,,,,,,,,,,,,,,0,0,1,,
astilbe rivularis,non-woody,herb,1.0,0.38425,36.77078652,0.234210526,14.33706533,,,1.0,1.0,1.0,1.0,0.0,0.0,,,,,,,,,,,,,,0,0,1,-0.09879690725268855,-0.24185694488106163
astilbe rubra,non-woody,herb,1.0,0.1717,216.4679545,0.2,18.72858192,,,1.0,1.0,1.0,1.0,0.0,0.0,,,,,,,,,,,,,,0,0,1,1.5924854276402955,-1.0458172788602278
astragalus aboriginum,non-woody,herb,1.0,0.2159,42.98205128,0.65,,,,1.0,1.0,1.0,0.0,0.0,0.0,,,,,,,,,,,,,,0,0,1,,
astragalus agrestis,non-woody,herb,2.0,0.38865,20.82529397,0.416287112,,,,1.0,1.0,1.0,0.0,0.0,0.0,,,,,,,,,,,,,,0,0,1,,
astragalus alatavicus,,unspecified,1.0,,,,,,,0.0,0.0,0.0,0.0,0.0,0.0,,,,,,,,,,,,,,0,0,1,,
astragalus alopecias,,unspecified,1.0,,,,,,,0.0,0.0,0.0,0.0,0.0,0.0,,,,,,,,,,,,,,0,0,1,,
astragalus alpinus,non-woody,herb,2.0,,,,,,,0.0,0.0,0.0,0.0,0.0,0.0,,,,,,,,,,,,,,0,0,1,,
astragalus armatus,,unspecified,2.0,,,,,,,0.0,0.0,0.0,0.0,0.0,0.0,,,,,,,,,,,,,,0,0,1,,
astragalus arpilobus,,unspecified,3.0,,,,,,,0.0,0.0,0.0,0.0,0.0,0.0,,,,,,,,,,,,,,0,0,1,,
astragalus arrectus,,herb,3.0,,,,,,,0.0,0.0,0.0,0.0,0.0,0.0,,,,,,,,,,,,,,0,0,1,,
astragalus aureus,,unspecified,1.0,,,,,,,0.0,0.0,0.0,0.0,0.0,0.0,,,,,,,,,,,,,,0,0,1,,
astragalus austriacus,,,1.0,,,,,,,0.0,0.0,0.0,0.0,0.0,0.0,,,,,,,,,,,,,,0,0,1,,
astragalus bisulcatus,non-woody,herb,1.0,0.3546,90.49333333,0.115384615,,,,1.0,1.0,1.0,0.0,0.0,0.0,,,,,,,,,,,,,,0,0,1,,
astragalus bornmuellerianus,,unspecified,1.0,,,,,,,0.0,0.0,0.0,0.0,0.0,0.0,,,,,,,,,,,,,,0,0,1,,
astragalus brachypus,,unspecified,1.0,,,,,,,0.0,0.0,0.0,0.0,0.0,0.0,,,,,,,,,,,,,,0,0,1,,
astragalus canadensis,non-woody,herb,5.0,0.38317,36.5,0.264103,27.733333333333334,,,2.0,4.0,2.0,3.0,0.0,0.0,,,,,,,,,,,,,,0,0,1,0.7449286144430064,-0.48282594448501076
astragalus captiosus,,unspecified,2.0,,,,,,,0.0,0.0,0.0,0.0,0.0,0.0,,,,,,,,,,,,,,0,0,1,,
astragalus chiwensis,,,1.0,,,,,,,0.0,0.0,0.0,0.0,0.0,0.0,,,,,,,,,,,,,,0,0,1,,
astragalus cobrensis,,,1.0,,,,,,,0.0,0.0,0.0,0.0,0.0,0.0,,,,,,,,,,,,,,0,0,1,,
astragalus confertus,,unspecified,1.0,2.44,0.05858,,,,,1.0,1.0,0.0,0.0,0.0,0.0,1.0,2.0,0.0,0.0,0.0,100.0,34.255443,77.635079,,,,,,1,0,1,,
astragalus contortuplicatus,,unspecified,1.0,,,,,,,0.0,0.0,0.0,0.0,0.0,0.0,,,,,,,,,,,,,,0,0,1,,
astragalus crassicarpus,non-woody,herb,2.0,,,,,,,0.0,0.0,0.0,0.0,0.0,0.0,,,,,,,,,,,,,,0,0,1,,
astragalus danicus,non-woody,herb,4.0,,,,,,,0.0,0.0,0.0,0.0,0.0,0.0,,,,,,,,,,,,,,0,0,1,,
astragalus denudatus,non-woody/woody,shrub,3.0,,,,,,,0.0,0.0,0.0,0.0,0.0,0.0,,,,,,,,,,,,,,0,0,1,,
astragalus filicaulis,,unspecified,3.0,,,,,,,0.0,0.0,0.0,0.0,0.0,0.0,,,,,,,,,,,,,,0,0,1,,
astragalus flexus,,unspecified,5.0,,,,,,,0.0,0.0,0.0,0.0,0.0,0.0,,,,,,,,,,,,,,0,0,1,,
astragalus galactites,non-woody,herb,3.0,0.36969666666666673,,,,,20.85,3.0,0.0,0.0,0.0,0.0,1.0,,,,,,,,,,,,,,0,0,1,,
astragalus globiceps,,,1.0,,,,,,,0.0,0.0,0.0,0.0,0.0,0.0,,,,,,,,,,,,,,0,0,1,,
astragalus hoffmeisteri,,,,,,,,,,,,,,,,1.0,4.0,60.0,0.0,0.0,100.0,33.810357,76.823534,,,,,,1,0,0,,
astragalus humistratus,non-woody,herb,5.0,,28.4158874505,,22.90616274,,,0.0,4.0,0.0,1.0,0.0,0.0,,,,,,,,,,,,,,0,0,1,,
astragalus jagnobicus,,unspecified,1.0,,,,,,,0.0,0.0,0.0,0.0,0.0,0.0,,,,,,,,,,,,,,0,0,1,,
astragalus kazbeki,,,1.0,,,,,,,0.0,0.0,0.0,0.0,0.0,0.0,,,,,,,,,,,,,,0,0,1,,
astragalus koelzii,,,3.0,,,,,,,0.0,0.0,0.0,0.0,0.0,0.0,,,,,,,,,,,,,,0,0,1,,
astragalus lasioglottis,,unspecified,1.0,,,,,,,0.0,0.0,0.0,0.0,0.0,0.0,,,,,,,,,,,,,,0,0,1,,
astragalus lasiosemius,,unspecified,1.0,,,,,,,0.0,0.0,0.0,0.0,0.0,0.0,,,,,,,,,,,,,,0,0,1,,
astragalus lehmannianus,,unspecified,1.0,,,,,,,0.0,0.0,0.0,0.0,0.0,0.0,,,,,,,,,,,,,,0,0,1,,
astragalus longipetalus,,,1.0,,,,,,,0.0,0.0,0.0,0.0,0.0,0.0,,,,,,,,,,,,,,0,0,1,,
astragalus longipetiolatus,,,2.0,,,,,,,0.0,0.0,0.0,0.0,0.0,0.0,,,,,,,,,,,,,,0,0,1,,
astragalus macrostachys,,unspecified,1.0,,,,,,,0.0,0.0,0.0,0.0,0.0,0.0,,,,,,,,,,,,,,0,0,1,,
astragalus maximowiczii,,,1.0,,,,,,,0.0,0.0,0.0,0.0,0.0,0.0,,,,,,,,,,,,,,0,0,1,,
astragalus melilotoides,non-woody,herb,2.0,,17.61,,22.595,,,0.0,2.0,0.0,2.0,0.0,0.0,,,,,,,,,,,,,,0,0,1,,
astragalus micropterus,,,1.0,,,,,,,0.0,0.0,0.0,0.0,0.0,0.0,,,,,,,,,,,,,,0,0,1,,
astragalus monophyllus,,,2.0,,,,,,,0.0,0.0,0.0,0.0,0.0,0.0,,,,,,,,,,,,,,0,0,1,,
astragalus monspessulanus,non-woody/woody,herb/shrub,3.0,,,,,,,0.0,0.0,0.0,0.0,0.0,0.0,,,,,,,,,,,,,,0,0,1,,
astragalus munroi,,,,,,,,,,,,,,,,1.0,8.0,54.28571429,0.0,0.0,100.0,34.2914167,75.27745,,,,,,1,0,0,,
astragalus nuttallianus,,,1.0,,,,,,,0.0,0.0,0.0,0.0,0.0,0.0,,,,,,,,,,,,,,0,0,1,,
astragalus onobrychis,non-woody,herb,3.0,,,,,,,0.0,0.0,0.0,0.0,0.0,0.0,,,,,,,,,,,,,,0,0,1,,
astragalus oxyglottis,,unspecified,1.0,,22.58,,15.04,,,0.0,1.0,0.0,1.0,0.0,0.0,,,,,,,,,,,,,,0,0,1,,
astragalus paucijugus,,unspecified,5.0,,,,,,,0.0,0.0,0.0,0.0,0.0,0.0,,,,,,,,,,,,,,0,0,1,,
astragalus peduncularis,,unspecified,1.0,,,,,,,0.0,0.0,0.0,0.0,0.0,0.0,,,,,,,,,,,,,,0,0,1,,
astragalus peterae,,,1.0,,,,,,,0.0,0.0,0.0,0.0,0.0,0.0,,,,,,,,,,,,,,0,0,1,,
astragalus puberulus,,,2.0,,,,,,,0.0,0.0,0.0,0.0,0.0,0.0,,,,,,,,,,,,,,0,0,1,,
astragalus purshii,non-woody,herb,2.0,,,,,,,0.0,0.0,0.0,0.0,0.0,0.0,,,,,,,,,,,,,,0,0,1,,
astragalus rhizanthus,,,,,,,,,,,,,,,,2.0,5.0,27.2087451335,0.0,0.0,100.0,33.46101985,77.59889111000001,,,,,,1,0,0,,
astragalus rigidulus,,unspecified,2.0,,,,,,,0.0,0.0,0.0,0.0,0.0,0.0,,,,,,,,,,,,,,0,0,1,,
astragalus rusbyi,non-woody,herb,5.0,,33.804872135000004,,23.29301834,,,0.0,4.0,0.0,1.0,0.0,0.0,,,,,,,,,,,,,,0,0,1,,
astragalus scaberrimus,non-woody,herb,2.0,0.28500000000000003,59.845,0.275,25.45,,,2.0,2.0,2.0,2.0,0.0,0.0,,,,,,,,,,,,,,0,0,1,0.723448129230887,-0.7611359717864626
astragalus supinus,,unspecified,1.0,,,,,,,0.0,0.0,0.0,0.0,0.0,0.0,,,,,,,,,,,,,,0,0,1,,
astragalus tecti-mundi,,,,,,,,,,,,,,,,1.0,9.0,36.69354839,0.0,0.0,100.0,32.969497,77.250102,,,,,,1,0,0,,
astragalus testiculatus,,unspecified,2.0,,,,,,,0.0,0.0,0.0,0.0,0.0,0.0,,,,,,,,,,,,,,0,0,1,,
astragalus thomsonii,,,,,,,,,,,,,,,,3.0,2.5,14.285714285,0.0,0.0,100.0,33.57297166666667,76.94843200000001,,,,,,1,0,0,,
astragalus turcomanicus,,unspecified,1.0,,,,,,,0.0,0.0,0.0,0.0,0.0,0.0,,,,,,,,,,,,,,0,0,1,,
astragalus turczaninowii,,unspecified,3.0,,,,,,,0.0,0.0,0.0,0.0,0.0,0.0,,,,,,,,,,,,,,0,0,1,,
astragalus villosissimus,,unspecified,1.0,,,,,,,0.0,0.0,0.0,0.0,0.0,0.0,,,,,,,,,,,,,,0,0,1,,
astragalus vulpinus,,unspecified,1.0,,,,,,,0.0,0.0,0.0,0.0,0.0,0.0,,,,,,,,,,,,,,0,0,1,,
astrantia maxima,non-woody,herb,2.0,,,,,,,0.0,0.0,0.0,0.0,0.0,0.0,,,,,,,,,,,,,,0,0,1,,
astrantia minor,non-woody,herb,2.0,0.647,10.57,,8.22,,,1.0,1.0,0.0,1.0,0.0,0.0,,,,,,,,,,,,,,0,0,1,,
astrantia ossica,,unspecified,4.0,,,,,,,0.0,0.0,0.0,0.0,0.0,0.0,,,,,,,,,,,,,,0,0,1,,
astrodaucus orientalis,non-woody,herb,1.0,,,,,,,0.0,0.0,0.0,0.0,0.0,0.0,,,,,,,,,,,,,,0,0,1,,
asyneuma campanuloides,,unspecified,1.0,,,,,,,0.0,0.0,0.0,0.0,0.0,0.0,,,,,,,,,,,,,,0,0,1,,
asyneuma canescens,,unspecified,1.0,,,,,,,0.0,0.0,0.0,0.0,0.0,0.0,,,,,,,,,,,,,,0,0,1,,
atalaya hemiglauca,woody,tree,1.0,,,,,,,0.0,0.0,0.0,0.0,0.0,0.0,,,,,,,,,,,,,,0,0,1,,
athamanta cretensis,non-woody,herb,2.0,,,,,,,0.0,0.0,0.0,0.0,0.0,0.0,,,,,,,,,,,,,,0,0,1,,
athyrium delavayi,,,4.0,,6.22009420525,,10.7671786725,1.289535543,,0.0,4.0,0.0,4.0,4.0,0.0,,,,,,,,,,,,,,0,0,1,,
athyrium filix-femina,non-woody,fern,9.0,,,,,,,0.0,0.0,0.0,0.0,0.0,0.0,,,,,,,,,,,,,,0,0,1,,
athyrium monomachii,non-woody,fern,4.0,0.44216600775000003,62.102043736,0.28098614425,8.015887910250001,,,4.0,4.0,4.0,4.0,0.0,0.0,,,,,,,,,,,,,,0,0,1,-0.5591155585715091,-0.15828719518169618
athyrium sinense,non-woody,fern,4.0,0.561656135,68.4714808275,0.22077495025,8.25398504925,,,4.0,4.0,4.0,4.0,0.0,0.0,,,,,,,,,,,,,,0,0,1,-0.3119717281351379,0.2604279488460707
athyrium spinulosum,non-woody,fern,3.0,0.24554810733333332,110.40351615833333,0.20000034133333333,12.804247448333333,,,3.0,3.0,3.0,3.0,0.0,0.0,,,,,,,,,,,,,,0,0,1,0.44175908641991485,-0.6134094561357503
atractylis gummifera,,,1.0,,,,,,,0.0,0.0,0.0,0.0,0.0,0.0,,,,,,,,,,,,,,0,0,1,,
atractylis humilis,non-woody,herb,1.0,0.392875,5.510878614,0.521388939,,,,1.0,1.0,1.0,0.0,0.0,0.0,,,,,,,,,,,,,,0,0,1,,
atractylis serratuloides,,,1.0,,,,,,,0.0,0.0,0.0,0.0,0.0,0.0,,,,,,,,,,,,,,0,0,1,,
atraphaxis pyrifolia,,unspecified,1.0,,,,,,,0.0,0.0,0.0,0.0,0.0,0.0,,,,,,,,,,,,,,0,0,1,,
atraphaxis spinosa,,unspecified,5.0,,,,,,,0.0,0.0,0.0,0.0,0.0,0.0,,,,,,,,,,,,,,0,0,1,,
atriplex cana,woody,shrub,2.0,,,,,,,0.0,0.0,0.0,0.0,0.0,0.0,,,,,,,,,,,,,,0,0,1,,
atriplex canescens,woody,shrub,15.0,,,,,,,0.0,0.0,0.0,0.0,0.0,0.0,,,,,,,,,,,,,,0,0,1,,
atriplex confertifolia,woody,shrub,5.0,,,,,,,0.0,0.0,0.0,0.0,0.0,0.0,,,,,,,,,,,,,,0,0,1,,
atriplex dimorphostegia,,unspecified,1.0,,,,,,,0.0,0.0,0.0,0.0,0.0,0.0,,,,,,,,,,,,,,0,0,1,,
atriplex glauca,,,1.0,,,,,,,0.0,0.0,0.0,0.0,0.0,0.0,,,,,,,,,,,,,,0,0,1,,
atriplex halimus,woody,shrub,4.0,,,,,,,0.0,0.0,0.0,0.0,0.0,0.0,,,,,,,,,,,,,,0,0,1,,
atriplex lampa,woody,shrub,1.0,,,,,,,0.0,0.0,0.0,0.0,0.0,0.0,,,,,,,,,,,,,,0,0,1,,
atriplex lentiformis,woody,shrub,3.0,,,,,,,0.0,0.0,0.0,0.0,0.0,0.0,,,,,,,,,,,,,,0,0,1,,
atriplex littoralis,woody,shrub,1.0,,,,,,,0.0,0.0,0.0,0.0,0.0,0.0,,,,,,,,,,,,,,0,0,1,,
atriplex nummularia,woody,shrub,8.0,,,,,,,0.0,0.0,0.0,0.0,0.0,0.0,,,,,,,,,,,,,,0,0,1,,
atriplex nuttallii,woody,shrub,1.0,,,,,,,0.0,0.0,0.0,0.0,0.0,0.0,,,,,,,,,,,,,,0,0,1,,
atriplex patula,non-woody,herb,4.0,,,,5.599999999999999,0.67,,0.0,0.0,0.0,3.0,3.0,0.0,,,,,,,,,,,,,,0,0,1,,
atriplex portulacoides,woody,shrub,4.0,,,,,,,0.0,0.0,0.0,0.0,0.0,0.0,,,,,,,,,,,,,,0,0,1,,
atriplex tatarica,non-woody,herb,2.0,,,,,,,0.0,0.0,0.0,0.0,0.0,0.0,1.0,3.0,0.0,0.0,0.0,100.0,32.9315,77.22816667,,,,,,1,0,1,,
atriplex verrucifera,,unspecified,1.0,,,,,,,0.0,0.0,0.0,0.0,0.0,0.0,,,,,,,,,,,,,,0,0,1,,
attalea exigua,,unspecified,2.0,,,,,,,0.0,0.0,0.0,0.0,0.0,0.0,,,,,,,,,,,,,,0,0,1,,
austroblechnum lanceolatum,non-woody,fern,1.0,0.41,32.4,0.21,13.99,0.81,,1.0,1.0,1.0,1.0,1.0,0.0,,,,,,,,,,,,,,0,0,1,-0.07220439648007737,-0.1125760819303163
austrostipa semibarbata,non-woody,graminoid,1.0,,,,,,,0.0,0.0,0.0,0.0,0.0,0.0,,,,,,,,,,,,,,0,0,1,,
avena barbata,non-woody,graminoid,1.0,,,,,,,0.0,0.0,0.0,0.0,0.0,0.0,,,,,,,,,,,,,,0,0,1,,
avena fatua,non-woody,graminoid,3.0,,,,,,,0.0,0.0,0.0,0.0,0.0,0.0,,,,,,,,,,,,,,0,0,1,,
avena nuda,non-woody,graminoid,1.0,,,,,,,0.0,0.0,0.0,0.0,0.0,0.0,,,,,,,,,,,,,,0,0,1,,
avena sativa,non-woody,graminoid,6.0,,,,,,,0.0,0.0,0.0,0.0,0.0,0.0,,,,,,,,,,,,,,0,0,1,,
avena strigosa,non-woody,graminoid,1.0,,,,,,,0.0,0.0,0.0,0.0,0.0,0.0,,,,,,,,,,,,,,0,0,1,,
avenella flexuosa,non-woody,graminoid,24.0,0.2124,178.048342475,,10.756063537142856,1.2829818814285716,,4.0,4.0,0.0,7.0,7.0,0.0,,,,,,,,,4.0,261.0,1.5,68.45755,16.48715,0,1,1,,
avicennia marina,woody,shrub/tree,64.0,,,,6.15,0.35075,,0.0,0.0,0.0,2.0,2.0,0.0,,,,,,,,,,,,,,0,0,1,,
axonopus aureus,non-woody,graminoid,1.0,,,,,,,0.0,0.0,0.0,0.0,0.0,0.0,,,,,,,,,,,,,,0,0,1,,
axonopus purpusii,non-woody,graminoid,1.0,,,,,,,0.0,0.0,0.0,0.0,0.0,0.0,,,,,,,,,,,,,,0,0,1,,
azadirachta indica,woody,tree,17.0,,,,17.5,1.1,,0.0,0.0,0.0,1.0,1.0,0.0,,,,,,,,,,,,,,0,0,1,,
azorella acaulis,,,1.0,,,,,,,0.0,0.0,0.0,0.0,0.0,0.0,,,,,,,,,,,,,,0,0,1,,
azorella prolifera,non-woody,herb,5.0,,,,,,,0.0,0.0,0.0,0.0,0.0,0.0,,,,,,,,,,,,,,0,0,1,,
azorella spinosum,non-woody,herb,2.0,,,,,,,0.0,0.0,0.0,0.0,0.0,0.0,,,,,,,,,,,,,,0,0,1,,
azorella trifurcata,,,,,,,,,,,,,,,,8.0,34.125,32.66585561375,1.1691584115000002,0.34587032475,97.59666758375,-52.056527779999996,-71.42180555499999,7.0,13.142857142857142,1.8571428571428572,-52.056285714285714,-71.42190000000001,1,1,0,,
baccaurea ramiflora,woody,tree,21.0,0.85749833335,8.097245679928571,0.29960027899999997,10.542142857142858,0.7230769230769231,,20.0,14.0,14.0,14.0,13.0,0.0,,,,,,,,,,,,,,0,0,1,-0.9064636190836668,0.8972752839194177
baccharis glutinosa,,shrub,1.0,,,,,,,0.0,0.0,0.0,0.0,0.0,0.0,,,,,,,,,,,,,,0,0,1,,
baccharis linearis,woody,shrub,2.0,,,,,,,0.0,0.0,0.0,0.0,0.0,0.0,,,,,,,,,,,,,,0,0,1,,
baccharis pilularis,woody,shrub,2.0,,,,,,,0.0,0.0,0.0,0.0,0.0,0.0,,,,,,,,,,,,,,0,0,1,,
baccharis pingraea,,,,,,,,,,,,,,,,8.0,20.5,28.17246244575,0.010141524875,0.014851485125,74.23291774625,-32.60472222,-63.95194444,,,,,,1,0,0,,
baccharis salicina,,shrub,1.0,,,,,,,0.0,0.0,0.0,0.0,0.0,0.0,,,,,,,,,,,,,,0,0,1,,
baccharis trimera,,,,,,,,,,,,,,,,5.0,30.0,3.9552947346,1.065804343,0.8286313057999999,97.09271798,-28.645,-51.57611111,,,,,,1,0,0,,
bactris rhaphidacantha,,,,,,,,,,,,,,,,3.0,18.333333333333332,10.035464062666668,3.622450553666667,0.0,93.91545956333333,4.554166667,-52.21,,,,,,1,0,0,,
baikiaea plurijuga,woody,tree,12.0,,,,,,,0.0,0.0,0.0,0.0,0.0,0.0,,,,,,,,,,,,,,0,0,1,,
baileya multiradiata,non-woody,graminoid,2.0,,,,7.2,,,0.0,0.0,0.0,2.0,0.0,0.0,,,,,,,,,,,,,,0,0,1,,
balanites aegyptiaca,woody,tree,5.0,,,,,,,0.0,0.0,0.0,0.0,0.0,0.0,,,,,,,,,,,,,,0,0,1,,
ballota undulata,,,,,,,,,,,,,,,,3.0,12.333333333333334,51.883880713333326,0.0,0.070358141,99.92964185666666,30.592777779999995,34.71222222,3.0,490.3333333333333,1.6666666666666667,30.5928,34.7122,1,1,0,,
balsamorhiza careyana,non-woody,herb,2.0,,,,,,,0.0,0.0,0.0,0.0,0.0,0.0,,,,,,,,,,,,,,0,0,1,,
balsamorhiza sagittata,non-woody,herb,7.0,,,,,,,0.0,0.0,0.0,0.0,0.0,0.0,,,,,,,,,,,,,,0,0,1,,
bambusa bambos,woody,graminoid,1.0,,,,,,50.66,0.0,0.0,0.0,0.0,0.0,1.0,,,,,,,,,,,,,,0,0,1,,
banara vanderbiltii,,unspecified,2.0,0.2964,10.15211897,0.614950858,34.18558677,,,1.0,1.0,1.0,1.0,0.0,0.0,,,,,,,,,,,,,,0,0,1,-0.2088847324578511,-1.5118108726435677
banksia attenuata,woody,tree,5.0,,,,,,,0.0,0.0,0.0,0.0,0.0,0.0,,,,,,,,,,,,,,0,0,1,,
banksia hookeriana,woody,,1.0,,,,,,,0.0,0.0,0.0,0.0,0.0,0.0,,,,,,,,,,,,,,0,0,1,,
banksia ilicifolia,,unspecified,2.0,,,,,,,0.0,0.0,0.0,0.0,0.0,0.0,,,,,,,,,,,,,,0,0,1,,
banksia marginata,woody,shrub/tree,1.0,,,,,,,0.0,0.0,0.0,0.0,0.0,0.0,,,,,,,,,,,,,,0,0,1,,
banksia ornata,woody,shrub,1.0,,,,,,,0.0,0.0,0.0,0.0,0.0,0.0,,,,,,,,,,,,,,0,0,1,,
banksia prionotes,woody,unspecified,2.0,,,,,,,0.0,0.0,0.0,0.0,0.0,0.0,,,,,,,,,,,,,,0,0,1,,
baphia massaiensis,woody,shrub/tree,7.0,,,,,,,0.0,0.0,0.0,0.0,0.0,0.0,,,,,,,,,,,,,,0,0,1,,
baptisia alba,non-woody,herb,4.0,0.30937000000000003,154.33333333333334,0.1430565,32.75,,,2.0,3.0,2.0,2.0,0.0,0.0,,,,,,,,,,,,,,0,0,1,2.3434676457270736,-0.6565646497354793
baptisia australis,non-woody,herb,1.0,0.34149,,0.313017,,,,1.0,0.0,1.0,0.0,0.0,0.0,,,,,,,,,,,,,,0,0,1,,
baptisia bracteata,,herb,2.0,,,,,,,0.0,0.0,0.0,0.0,0.0,0.0,,,,,,,,,,,,,,0,0,1,,
barbarea vulgaris,non-woody,herb,6.0,1.39414585,419.5615385,0.023933638,,,,1.0,1.0,1.0,0.0,0.0,0.0,,,,,,,,,,,,,,0,0,1,,
barleria cristata,,unspecified,1.0,,,,,,44.33,0.0,0.0,0.0,0.0,0.0,1.0,,,,,,,,,,,,,,0,0,1,,
barleria cuspidata,,unspecified,1.0,,,,,,40.21,0.0,0.0,0.0,0.0,0.0,1.0,,,,,,,,,,,,,,0,0,1,,
barleria noctiflora,,unspecified,1.0,,,,,,59.61,0.0,0.0,0.0,0.0,0.0,1.0,,,,,,,,,,,,,,0,0,1,,
barringtonia fusicarpa,woody,tree,8.0,0.8044833335,6.2946733475,0.355642978,10.84375,0.76375,,8.0,8.0,8.0,8.0,8.0,0.0,,,,,,,,,,,,,,0,0,1,-1.0852831266506533,0.6402059478723352
barringtonia macrostachya,woody,tree,6.0,0.775,,,,,,6.0,0.0,0.0,0.0,0.0,0.0,,,,,,,,,,,,,,0,0,1,,
barringtonia racemosa,woody,shrub/tree,6.0,0.7284160598333335,11.421344790666666,0.3733337275,11.983333333333334,,83.0,6.0,6.0,6.0,6.0,0.0,1.0,,,,,,,,,,,,,,0,0,1,-1.015291822176542,0.38752005553266544
bartsia alpina,non-woody,herb,8.0,0.54,,,,,,1.0,0.0,0.0,0.0,0.0,0.0,,,,,,,,,,,,,,0,0,1,,
bassia arabica,,,1.0,,,,,,,0.0,0.0,0.0,0.0,0.0,0.0,,,,,,,,,,,,,,0,0,1,,
bassia dasyphylla,non-woody,herb,4.0,,24.4025,,11.325,,,0.0,4.0,0.0,4.0,0.0,0.0,,,,,,,,,,,,,,0,0,1,,
bassia prostrata,non-woody/woody,herb/shrub,28.0,0.18500000000000003,,,,,0.0,3.0,0.0,0.0,0.0,0.0,1.0,2.0,5.5,20.833333335,0.0,0.0,100.0,33.119481035,77.200952975,,,,,,1,0,1,,
bassia sedoides,,,1.0,,,,,,,0.0,0.0,0.0,0.0,0.0,0.0,,,,,,,,,,,,,,0,0,1,,
bathysa australis,,,5.0,0.3286,15.248854015800001,0.8934235406,15.732358,,,5.0,5.0,5.0,5.0,0.0,0.0,,,,,,,,,,,,,,0,0,1,-2.4908866138927563,-1.8121710817314913
batocarpus amazonicus,woody,tree,30.0,,,,,,,0.0,0.0,0.0,0.0,0.0,0.0,,,,,,,,,,,,,,0,0,1,,
bauhinia brachycarpa,woody,shrub,1.0,,7.83,,14.0,3.03,,0.0,1.0,0.0,1.0,1.0,0.0,,,,,,,,,,,,,,0,0,1,,
bauhinia petersiana,woody,tree,4.0,,,,,,,0.0,0.0,0.0,0.0,0.0,0.0,,,,,,,,,,,,,,0,0,1,,
bauhinia purpurea,woody,shrub,1.0,,,,,,,0.0,0.0,0.0,0.0,0.0,0.0,,,,,,,,,,,,,,0,0,1,,
bauhinia racemosa,woody,tree,1.0,,,,,,41.91,0.0,0.0,0.0,0.0,0.0,1.0,,,,,,,,,,,,,,0,0,1,,
bauhinia variegata,woody,shrub/tree,2.0,,,,,,,0.0,0.0,0.0,0.0,0.0,0.0,,,,,,,,,,,,,,0,0,1,,
beckmannia eruciformis,non-woody,graminoid,1.0,,,,,,,0.0,0.0,0.0,0.0,0.0,0.0,,,,,,,,,,,,,,0,0,1,,
begonia susaniae,,,,,,,,,,,,,,,,10.0,20.4,10.8315401433,5.8924349539,1.9469329016999999,89.76225810999999,0.617222222,10.407833334,4.0,12.0,1.25,0.6172,10.406400000000001,1,1,0,,
beilschmiedia brachythyrsa,,,1.0,1.0069,4.555850007,0.298079472,8.17,1.07,,1.0,1.0,1.0,1.0,1.0,0.0,,,,,,,,,,,,,,0,0,1,-1.1285566307411803,1.311858621414824
beilschmiedia laevis,,,6.0,,,,13.816666666666668,0.3933333333333333,,0.0,0.0,0.0,6.0,6.0,0.0,,,,,,,,,,,,,,0,0,1,,
beilschmiedia percoriacea,,,2.0,1.36145,2.138089565,0.350346582,8.29,0.705,,2.0,2.0,2.0,2.0,2.0,0.0,,,,,,,,,,,,,,0,0,1,-1.406731479961089,2.089144295226823
beilschmiedia purpurascens,woody,tree,6.0,0.9891833333333334,4.539303302333333,0.30471922783333333,11.061666666666667,0.8233333333333333,,6.0,6.0,6.0,6.0,6.0,0.0,,,,,,,,,,,,,,0,0,1,-0.9427114568749254,1.2154927968692315
beilschmiedia robusta,,,1.0,1.3784,2.709739846,0.248519766,12.6,0.72,,1.0,1.0,1.0,1.0,1.0,0.0,,,,,,,,,,,,,,0,0,1,-0.7359755669031701,2.2986303319723693
beilschmiedia tarairi,woody,tree,11.0,0.896290909090909,8.376269168090909,0.19857996327272726,14.4,,,11.0,11.0,11.0,1.0,0.0,0.0,,,,,,,,,,,,,,0,0,1,-0.27783702007759203,1.1661136152285059
beilschmiedia tawa,woody,tree,10.0,0.79984,8.0760694922,0.2568561442,17.6,,,10.0,10.0,10.0,1.0,0.0,0.0,,,,,,,,,,,,,,0,0,1,-0.23831285864832336,0.7552836127881429
bellis perennis,non-woody,herb,5.0,1.113799205,707.1769231,0.078266496,,,,2.0,1.0,2.0,0.0,0.0,0.0,,,,,,,,,,,,,,0,0,1,,
berberis aquifolium,woody,shrub,2.0,,,,,,,0.0,0.0,0.0,0.0,0.0,0.0,,,,,,,,,,,,,,0,0,1,,
berberis heteropoda,,unspecified,1.0,,,,,,,0.0,0.0,0.0,0.0,0.0,0.0,,,,,,,,,,,,,,0,0,1,,
berberis japonica,woody,shrub,1.0,,,,,,,0.0,0.0,0.0,0.0,0.0,0.0,,,,,,,,,,,,,,0,0,1,,
berberis koreana,woody,shrub,1.0,,47.2,0.28,17.6,,,0.0,1.0,1.0,1.0,0.0,0.0,,,,,,,,,,,,,,0,0,1,,
berberis microphylla,,,1.0,,,,,,,0.0,0.0,0.0,0.0,0.0,0.0,10.0,20.3,4.5880964694,1.8159915986000001,0.0,95.171147451,-38.96,-71.35833333,,,,,,1,0,1,,
berberis mircrophylla,,shrub,1.0,,,,,,,0.0,0.0,0.0,0.0,0.0,0.0,,,,,,,,,,,,,,0,0,1,,
berberis nervosa,woody,shrub,1.0,,,,,,,0.0,0.0,0.0,0.0,0.0,0.0,,,,,,,,,,,,,,0,0,1,,
berberis oblonga,,unspecified,2.0,,,,,,,0.0,0.0,0.0,0.0,0.0,0.0,,,,,,,,,,,,,,0,0,1,,
berberis repens,woody,shrub,2.0,,,,,,,0.0,0.0,0.0,0.0,0.0,0.0,,,,,,,,,,,,,,0,0,1,,
berberis thunbergii,woody,shrub,12.0,0.287571867,30.268902377499998,0.464948839,21.081666666666667,,76.875,3.0,4.0,4.0,3.0,0.0,2.0,,,,,,,,,,,,,,0,0,1,-0.46626664065545564,-1.0677045860187053
berberis vulgaris,woody,shrub,7.0,,34.9,0.32,21.1,,,0.0,1.0,1.0,1.0,0.0,0.0,,,,,,,,,,,,,,0,0,1,,
berberis wilsoniae,woody,shrub,2.0,,3.551173962,,16.4,2.59,,0.0,2.0,0.0,1.0,1.0,0.0,,,,,,,,,,,,,,0,0,1,,
berteroa incana,non-woody,herb,1.0,0.19,237.0,0.15,,,,1.0,1.0,1.0,0.0,0.0,0.0,,,,,,,,,,,,,,0,0,1,,
berula erecta,non-woody,herb,3.0,1.83482625,609.0571429,0.027293557,,,,1.0,1.0,1.0,0.0,0.0,0.0,,,,,,,,,,,,,,0,0,1,,
beta vulgaris,non-woody,herb,11.0,,,,,,,0.0,0.0,0.0,0.0,0.0,0.0,,,,,,,,,,,,,,0,0,1,,
betonica alopecuros,,,1.0,,,,,,,0.0,0.0,0.0,0.0,0.0,0.0,,,,,,,,,,,,,,0,0,1,,
betonica macrantha,,unspecified,7.0,,,,,,,0.0,0.0,0.0,0.0,0.0,0.0,,,,,,,,,,,,,,0,0,1,,
betonica nivea,,unspecified,1.0,,,,,,,0.0,0.0,0.0,0.0,0.0,0.0,,,,,,,,,,,,,,0,0,1,,
betonica officinalis,non-woody,herb,8.0,2.40047056,227.3230769,0.099414121,,,,1.0,1.0,1.0,0.0,0.0,0.0,,,,,,,,,1.0,1.0,1.0,43.5911,-1.2481,0,1,1,,
betula alleghaniensis,woody,tree,946.0,0.265065056,46.03333333333334,,13.428333333333335,0.44000000000000006,7.255870039,6.0,3.0,0.0,12.0,5.0,2.0,,,,,,,,,,,,,,0,0,1,,
betula costata,woody,tree,43.0,0.525333014117647,51.04724577616667,0.148893406,19.836794888333333,2.06,,17.0,6.0,1.0,6.0,5.0,0.0,,,,,,,,,,,,,,0,0,1,0.6602719912767703,0.20547016608020555
betula dahurica,woody,tree,5.0,0.48015571900000004,23.962226279,0.49502712439999996,,,,5.0,5.0,5.0,0.0,0.0,0.0,,,,,,,,,,,,,,0,0,1,,
betula ermanii,woody,tree,4.0,,,,8.725,0.6499999999999999,,0.0,0.0,0.0,4.0,2.0,0.0,,,,,,,,,,,,,,0,0,1,,
betula fruticosa,woody,shrub,1.0,0.2803,48.76427618,0.34109063,17.22320204,,,1.0,1.0,1.0,1.0,0.0,0.0,,,,,,,,,,,,,,0,0,1,-0.17126107908771718,-0.7939253728093277
betula grandulosa,woody,shrub,3.0,0.31,,,,,,1.0,0.0,0.0,0.0,0.0,0.0,,,,,,,,,,,,,,0,0,1,,
betula humilis,woody,shrub,1.0,,,,,,,0.0,0.0,0.0,0.0,0.0,0.0,,,,,,,,,,,,,,0,0,1,,
betula lenta,woody,tree,7.0,0.21520349000000003,109.7,0.184,10.395,,84.55816579,6.0,1.0,1.0,2.0,0.0,1.0,,,,,,,,,,,,,,0,0,1,0.330181886382599,-0.6221711482838246
betula nana,woody,shrub,147.0,0.37616,30.014972574,,9.480173252777778,1.266303079,65.0,40.0,30.0,0.0,90.0,36.0,10.0,,,,,,,,,,,,,,0,0,1,,
betula nigra,woody,tree,1.0,0.189,,,,,,1.0,0.0,0.0,0.0,0.0,0.0,,,,,,,,,,,,,,0,0,1,,
betula papyrifera,woody,tree,92.0,,,,20.092857145,0.82,,0.0,0.0,0.0,2.0,1.0,0.0,,,,,,,,,,,,,,0,0,1,,
betula pendula,woody,tree,731.0,0.36984382977777774,58.11024703643999,0.2731339004375,18.567469655555556,1.305,,36.0,25.0,16.0,9.0,6.0,0.0,,,,,,,,,,,,,,0,0,1,0.20927286681683085,-0.4524290006448674
betula pubescens,woody,tree,455.0,,,,7.536075257,1.13649608,,0.0,0.0,0.0,2.0,2.0,0.0,,,,,,,,,,,,,,0,0,1,,
betula utilis,woody,tree,8.0,0.42282071200000004,32.0502472444,0.6358655432,16.88,,,5.0,5.0,5.0,5.0,0.0,0.0,,,,,,,,,,,,,,0,0,1,-1.3966346670631666,-1.0521325434862308
bidens frondosa,non-woody,herb,2.0,,,,,,,0.0,0.0,0.0,0.0,0.0,0.0,,,,,,,,,,,,,,0,0,1,,
bidens pilosa,non-woody,herb,2.0,,59.83,0.091,8.5,,63.0,0.0,1.0,1.0,1.0,0.0,1.0,,,,,,,,,,,,,,0,0,1,,
bidens tripartita,non-woody,herb,3.0,,,,,,,0.0,0.0,0.0,0.0,0.0,0.0,,,,,,,,,,,,,,0,0,1,,
biebersteinia multifida,,unspecified,1.0,,,,,,,0.0,0.0,0.0,0.0,0.0,0.0,,,,,,,,,,,,,,0,0,1,,
biebersteinia odora,,,,,,,,,,,,,,,,2.0,8.0,2.3513496965,0.0,0.1113585745,99.888641425,33.8034313,77.220712835,,,,,,1,0,0,,
biophytum sensitivum,non-woody,herb,2.0,,,,,,26.825,0.0,0.0,0.0,0.0,0.0,2.0,,,,,,,,,,,,,,0,0,1,,
biscutella laevigata,non-woody,herb,2.0,,,,,,,0.0,0.0,0.0,0.0,0.0,0.0,,,,,,,,,,,,,,0,0,1,,
biscutella sempervirens,,,1.0,,,,,,,0.0,0.0,0.0,0.0,0.0,0.0,,,,,,,,,,,,,,0,0,1,,
biserrula pelecinus,non-woody,herb,4.0,0.279099456,264.2387351,,,,,2.0,2.0,0.0,0.0,0.0,0.0,,,,,,,,,,,,,,0,0,1,,
bistorta affinis,,,,,,,,,,,,,,,,2.0,1.0,0.0,0.0,0.0,100.0,32.898238695,77.20396103,,,,,,1,0,0,,
bistorta vivipara,,,,,,,,,,,,,,,,1.0,2.0,0.0,0.0,0.0,100.0,33.778859,77.579774,,,,,,1,0,0,,
bituminaria bituminosa,non-woody,herb,7.0,0.41214396825,112.61477522,0.091,17.71,1.6,,4.0,4.0,1.0,2.0,1.0,0.0,,,,,,,,,,,,,,0,0,1,1.1563687261977071,-0.022991182406941958
blastus cochinchinensis,woody,unspecified,1.0,0.203083333,205.3856606,0.175529101,18.62933967,,,1.0,1.0,1.0,1.0,0.0,0.0,,,,,,,,,,,,,,0,0,1,1.5912348877819917,-0.8942377353290676
blastus pauciflorus,woody,unspecified,1.0,0.162783333,242.4380923,0.202046784,15.652686,,,1.0,1.0,1.0,1.0,0.0,0.0,,,,,,,,,,,,,,0,0,1,1.542987723263608,-1.07471011739792
blechnopsis orientalis,non-woody,fern,1.0,0.2088,185.3453333,0.15,14.55982333,,,1.0,1.0,1.0,1.0,0.0,0.0,,,,,,,,,,,,,,0,0,1,1.257420268049579,-0.7390445522858531
blepharispermum fruticosum,,,1.0,,,,,,,0.0,0.0,0.0,0.0,0.0,0.0,,,,,,,,,,,,,,0,0,1,,
blepharocalyx eggersii,woody,,1.0,0.527,6.15,0.607,,,,1.0,1.0,1.0,0.0,0.0,0.0,,,,,,,,,,,,,,0,0,1,,
blumeodendron tokbrai,woody,tree,1.0,0.4535,24.8057927,0.249621014,,,,1.0,1.0,1.0,0.0,0.0,0.0,,,,,,,,,,,,,,0,0,1,,
blysmus compressus,non-woody,graminoid,1.0,,,,,,,0.0,0.0,0.0,0.0,0.0,0.0,2.0,11.0,42.79840467,0.0,0.0,100.0,33.601392225,77.36504633,,,,,,1,0,1,,
boerhavia diffusa,non-woody,herb,1.0,,,,,,,0.0,0.0,0.0,0.0,0.0,0.0,,,,,,,,,,,,,,0,0,1,,
boerhavia spicata,non-woody,herb,1.0,,,,,,,0.0,0.0,0.0,0.0,0.0,0.0,,,,,,,,,,,,,,0,0,1,,
boerhavia wrightii,non-woody,herb,1.0,,,,,,,0.0,0.0,0.0,0.0,0.0,0.0,,,,,,,,,,,,,,0,0,1,,
bolboschoenoplectus mariqueter,non-woody,graminoid,5.0,,,,8.3,,,0.0,0.0,0.0,1.0,0.0,0.0,,,,,,,,,,,,,,0,0,1,,
bolboschoenus maritimus,non-woody,graminoid,2.0,,,,,,,0.0,0.0,0.0,0.0,0.0,0.0,,,,,,,,,,,,,,0,0,1,,
boltonia asteroides,non-woody/woody,herb/shrub,2.0,,,,,,,0.0,0.0,0.0,0.0,0.0,0.0,,,,,,,,,,,,,,0,0,1,,
bombax buonopozense,woody,tree,1.0,,,,,,,0.0,0.0,0.0,0.0,0.0,0.0,,,,,,,,,,,,,,0,0,1,,
bombax ceiba,woody,tree,2.0,,,,,,,0.0,0.0,0.0,0.0,0.0,0.0,,,,,,,,,,,,,,0,0,1,,
bombax costatum,woody,tree,1.0,,,,,,,0.0,0.0,0.0,0.0,0.0,0.0,,,,,,,,,,,,,,0,0,1,,
bonellia macrocarpa,,,1.0,,,,,,,0.0,0.0,0.0,0.0,0.0,0.0,,,,,,,,,,,,,,0,0,1,,
borassus aethiopum,woody,tree,1.0,,,,,,,0.0,0.0,0.0,0.0,0.0,0.0,,,,,,,,,,,,,,0,0,1,,
boronia coerulescens,,,1.0,,,,,,,0.0,0.0,0.0,0.0,0.0,0.0,,,,,,,,,,,,,,0,0,1,,
borreria eryngioides,,,,,,,,,,,,,,,,7.0,21.571428571428573,18.889327158142855,0.7636149751428573,0.007189589428571429,98.7571532557143,-32.76341269857143,-64.93365079428573,4.0,1.0,1.0,-32.7625,-64.93245,1,1,0,,
boscia albitrunca,woody,tree,12.0,,,,,,,0.0,0.0,0.0,0.0,0.0,0.0,,,,,,,,,,,,,,0,0,1,,
bossiaea eriocarpa,woody,shrub,2.0,,,,,,,0.0,0.0,0.0,0.0,0.0,0.0,,,,,,,,,,,,,,0,0,1,,
boswellia serrata,woody,tree,1.0,,,,,,,0.0,0.0,0.0,0.0,0.0,0.0,,,,,,,,,,,,,,0,0,1,,
bothriochloa ischaemum,non-woody,graminoid,1.0,,,,,,,0.0,0.0,0.0,0.0,0.0,0.0,,,,,,,,,,,,,,0,0,1,,
bothriochloa macra,non-woody,graminoid,5.0,0.365,99.25,,,,,2.0,2.0,0.0,0.0,0.0,0.0,,,,,,,,,,,,,,0,0,1,,
bothriochloa pertusa,non-woody,graminoid,1.0,,,,,,,0.0,0.0,0.0,0.0,0.0,0.0,,,,,,,,,,,,,,0,0,1,,
botrychium lunaria,non-woody,fern,1.0,,,,,,,0.0,0.0,0.0,0.0,0.0,0.0,,,,,,,,,71.0,46.91549295774648,1.676056338028169,46.14492676056338,7.512487746478873,0,1,1,,
botrychium simplex,non-woody,fern,1.0,,,,,,,0.0,0.0,0.0,0.0,0.0,0.0,,,,,,,,,,,,,,0,0,1,,
botrypus virginianus,,,1.0,,,,,,,0.0,0.0,0.0,0.0,0.0,0.0,,,,,,,,,,,,,,0,0,1,,
bougainvillea modesta,woody,shrub/tree,10.0,,,,,,,0.0,0.0,0.0,0.0,0.0,0.0,,,,,,,,,,,,,,0,0,1,,
bouteloua aristidoides,non-woody,graminoid,1.0,,,,,,,0.0,0.0,0.0,0.0,0.0,0.0,,,,,,,,,,,,,,0,0,1,,
bouteloua breviseta,non-woody,graminoid,1.0,,,,,,,0.0,0.0,0.0,0.0,0.0,0.0,,,,,,,,,,,,,,0,0,1,,
bouteloua curtipendula,non-woody,graminoid,13.0,0.251365,86.88595618285714,0.370522,15.347234921399998,0.9,,2.0,7.0,2.0,5.0,1.0,0.0,,,,,,,,,,,,,,0,0,1,-0.14718654970579428,-0.9682148713024482
bouteloua dactyloides,non-woody,graminoid,5.0,,,,,,,0.0,0.0,0.0,0.0,0.0,0.0,,,,,,,,,,,,,,0,0,1,,
bouteloua eriopoda,non-woody,graminoid,20.0,,21.063,0.35750000000000004,5.9,,,0.0,10.0,10.0,1.0,0.0,0.0,,,,,,,,,,,,,,0,0,1,,
bouteloua gracile,non-woody,graminoid,1.0,,13.69,0.451,,,,0.0,1.0,1.0,0.0,0.0,0.0,,,,,,,,,,,,,,0,0,1,,
bouteloua gracilis,non-woody,graminoid,82.0,0.18616916649999998,41.182047911,0.4480492761875,12.6329743925,0.5,,2.0,20.0,16.0,8.0,1.0,0.0,,,,,,,,,,,,,,0,0,1,-0.9092366991358429,-1.1934592339171495
bouteloua hirsuta,non-woody,graminoid,1.0,,,,,,,0.0,0.0,0.0,0.0,0.0,0.0,,,,,,,,,,,,,,0,0,1,,
bouteloua simplex,non-woody,graminoid,4.0,,127.64874663333335,,14.18070555,,,0.0,3.0,0.0,1.0,0.0,0.0,,,,,,,,,,,,,,0,0,1,,
bowdichia virgilioides,woody,tree,2.0,,,,,,,0.0,0.0,0.0,0.0,0.0,0.0,,,,,,,,,,,,,,0,0,1,,
brachanthemum gobicum,,,1.0,,,,,,,0.0,0.0,0.0,0.0,0.0,0.0,,,,,,,,,,,,,,0,0,1,,
brachyclados caespitosus,,unspecified,2.0,,,,,,,0.0,0.0,0.0,0.0,0.0,0.0,,,,,,,,,,,,,,0,0,1,,
brachyglottis bellidioides,non-woody,herb,3.0,,51.838856996666664,,6.042280702,,,0.0,3.0,0.0,1.0,0.0,0.0,,,,,,,,,,,,,,0,0,1,,
brachylaena discolor,woody,shrub/tree,1.0,,,,,,,0.0,0.0,0.0,0.0,0.0,0.0,,,,,,,,,,,,,,0,0,1,,
brachypodium distachyon,non-woody,graminoid,3.0,,,,,,,0.0,0.0,0.0,0.0,0.0,0.0,,,,,,,,,,,,,,0,0,1,,
brachypodium phoenicoides,non-woody,graminoid,6.0,0.33866666666666667,132.99333333333334,0.15150000000000002,11.096666666666666,1.0,11.2,3.0,3.0,2.0,3.0,1.0,1.0,,,,,,,,,,,,,,0,0,1,0.6237884180785143,-0.287527698900215
brachypodium pinnatum,non-woody,graminoid,31.0,0.3450833118181818,261.16994785,0.20191577149999998,12.481260581099999,1.5115270123333333,,11.0,16.0,2.0,10.0,9.0,0.0,,,,,,,,,,,,,,0,0,1,1.4009298102758254,-0.6061150133994869
brachypodium retusum,,,,,,,,,,,,,,,,4.0,52.25,41.073475425,0.0928542205,0.03573981425,98.55460305,39.40861111,2.746666667,4.0,15.75,2.0,39.4086,2.74667,1,1,0,,
brachypodium sylvaticum,non-woody,graminoid,9.0,0.13,161.0,0.31,8.5,,,1.0,1.0,1.0,1.0,0.0,0.0,,,,,,,,,,,,,,0,0,1,0.10893054426487599,-1.170613703740006
brachystegia boehmii,woody,tree,17.0,,,,,,,0.0,0.0,0.0,0.0,0.0,0.0,,,,,,,,,,,,,,0,0,1,,
brachystegia floribunda,,unspecified,9.0,,,,,,,0.0,0.0,0.0,0.0,0.0,0.0,,,,,,,,,,,,,,0,0,1,,
brachystegia longifolia,woody,tree,13.0,,,,,,,0.0,0.0,0.0,0.0,0.0,0.0,,,,,,,,,,,,,,0,0,1,,
brachystegia spiciformis,woody,tree,26.0,,,,,,,0.0,0.0,0.0,0.0,0.0,0.0,,,,,,,,,,,,,,0,0,1,,
brachystegia utilis,woody,tree,7.0,,,,,,,0.0,0.0,0.0,0.0,0.0,0.0,,,,,,,,,,,,,,0,0,1,,
brasiliopuntia brasiliensis,woody,unspecified,1.0,,,,,,,0.0,0.0,0.0,0.0,0.0,0.0,,,,,,,,,,,,,,0,0,1,,
brassica napus,non-woody,herb,5.0,,,,,,,0.0,0.0,0.0,0.0,0.0,0.0,,,,,,,,,,,,,,0,0,1,,
brassica oleracea,non-woody,herb,15.0,,,,,,,0.0,0.0,0.0,0.0,0.0,0.0,,,,,,,,,,,,,,0,0,1,,
brassica rapa,non-woody,herb,5.0,1.90981021,541.325,0.066778585,14.7,,,1.0,2.0,1.0,1.0,0.0,0.0,,,,,,,,,,,,,,0,0,1,3.5557342841799784,3.1378695181993237
brickellia eupatorioides,non-woody/woody,herb/shrub,6.0,,,,,,,0.0,0.0,0.0,0.0,0.0,0.0,,,,,,,,,,,,,,0,0,1,,
bridelia ferruginea,woody,shrub/tree,2.0,,,,,,,0.0,0.0,0.0,0.0,0.0,0.0,,,,,,,,,,,,,,0,0,1,,
briza marcowiczii,non-woody,graminoid,3.0,,,,,,,0.0,0.0,0.0,0.0,0.0,0.0,,,,,,,,,,,,,,0,0,1,,
briza maxima,non-woody,graminoid,1.0,,,,,,,0.0,0.0,0.0,0.0,0.0,0.0,3.0,9.666666666666666,33.507936509,1.4652014653333334,1.7094017093333334,96.82539682666668,-33.97277778,18.94166667,,,,,,1,0,1,,
briza media,non-woody,graminoid,7.0,1.55492045,341.7384615,0.117270454,,,,1.0,1.0,1.0,0.0,0.0,0.0,11.0,27.272727272727273,22.08049363854545,0.40523461818181816,0.08391871736363637,97.42352268181817,55.20409090727273,18.88373737272727,2.0,3.0,1.0,47.4728,10.0678,1,1,1,,
bromus benekenii,non-woody,graminoid,1.0,,,,,,,0.0,0.0,0.0,0.0,0.0,0.0,,,,,,,,,,,,,,0,0,1,,
bromus briziformis,non-woody,graminoid,3.0,,,,,,,0.0,0.0,0.0,0.0,0.0,0.0,,,,,,,,,,,,,,0,0,1,,
bromus catharticus,non-woody,graminoid,4.0,0.30525,129.33857035,0.079079135,4.9,,71.0,1.0,2.0,2.0,1.0,0.0,1.0,,,,,,,,,,,,,,0,0,1,0.4258537833401456,-0.12645556369954125
bromus cebadilla,non-woody,graminoid,4.0,,,,,,,0.0,0.0,0.0,0.0,0.0,0.0,,,,,,,,,,,,,,0,0,1,,
bromus ciliatus,non-woody,graminoid,4.0,,66.96317917333333,,9.29767549,,,0.0,3.0,0.0,1.0,0.0,0.0,,,,,,,,,,,,,,0,0,1,,
bromus commutatus,non-woody,graminoid,3.0,0.16,,0.151,,,,1.0,0.0,1.0,0.0,0.0,0.0,,,,,,,,,,,,,,0,0,1,,
bromus danthoniae,non-woody,graminoid,1.0,,,,,,,0.0,0.0,0.0,0.0,0.0,0.0,,,,,,,,,,,,,,0,0,1,,
bromus diandrus,,,,,,,,,,,,,,,,3.0,3.0,1.5151515150000001,0.0,0.0,91.66666666666667,-33.97277778,18.94166667,,,,,,1,0,0,,
bromus erectus,non-woody,graminoid,79.0,0.47092946625,145.18278163333332,0.13964684166666666,6.508882793222223,1.2,,8.0,21.0,6.0,18.0,1.0,0.0,,,,,,,,,,,,,,0,0,1,0.3908419754392387,0.11005951997619354
bromus hordeaceus,non-woody,graminoid,17.0,0.2753986959230769,325.6203638714286,0.025735931,,,,13.0,14.0,1.0,0.0,0.0,0.0,,,,,,,,,,,,,,0,0,1,,
bromus inermis,non-woody,graminoid,27.0,0.4200234288888889,135.8880338164286,0.16742351025000002,16.05,,,9.0,14.0,4.0,2.0,0.0,0.0,,,,,,,,,,,,,,0,0,1,0.9192110285213112,-0.1869799779286109
bromus japonicus,non-woody,graminoid,6.0,,,,,,,0.0,0.0,0.0,0.0,0.0,0.0,,,,,,,,,,,,,,0,0,1,,
bromus lanceolatus,non-woody,graminoid,2.0,,,,,,,0.0,0.0,0.0,0.0,0.0,0.0,,,,,,,,,,,,,,0,0,1,,
bromus madritensis,non-woody,graminoid,6.0,0.27499999999999997,341.0566666666667,0.0975,10.786666666666667,1.1,30.6,3.0,3.0,2.0,3.0,1.0,1.0,,,,,,,,,,,,,,0,0,1,2.2071678512005315,-0.6593142463686826
bromus paulsenii,non-woody,graminoid,4.0,,,,,,,0.0,0.0,0.0,0.0,0.0,0.0,,,,,,,,,,,,,,0,0,1,,
bromus porteri,non-woody,graminoid,5.0,,17.744,0.2552,,,,0.0,5.0,5.0,0.0,0.0,0.0,,,,,,,,,,,,,,0,0,1,,
bromus pumpellianus,non-woody,graminoid,1.0,,,,,,,0.0,0.0,0.0,0.0,0.0,0.0,,,,,,,,,,,,,,0,0,1,,
bromus racemosus,non-woody,graminoid,5.0,,,,,,,0.0,0.0,0.0,0.0,0.0,0.0,,,,,,,,,,,,,,0,0,1,,
bromus riparius,non-woody,graminoid,13.0,,,,,,,0.0,0.0,0.0,0.0,0.0,0.0,,,,,,,,,,,,,,0,0,1,,
bromus scoparius,non-woody,graminoid,1.0,,,,,,,0.0,0.0,0.0,0.0,0.0,0.0,,,,,,,,,,,,,,0,0,1,,
bromus secalinus,non-woody,graminoid,1.0,,,,,,,0.0,0.0,0.0,0.0,0.0,0.0,,,,,,,,,,,,,,0,0,1,,
bromus sewerzowii,non-woody,graminoid,1.0,,,,,,,0.0,0.0,0.0,0.0,0.0,0.0,,,,,,,,,,,,,,0,0,1,,
bromus squarrosus,non-woody,graminoid,2.0,,,,,,,0.0,0.0,0.0,0.0,0.0,0.0,,,,,,,,,,,,,,0,0,1,,
bromus sterilis,non-woody,graminoid,5.0,1.51356187,455.9545455,0.027138654,,,,1.0,1.0,1.0,0.0,0.0,0.0,,,,,,,,,,,,,,0,0,1,,
bromus tectorum,non-woody,graminoid,37.0,,31.2043430175,,7.006735802,,,0.0,4.0,0.0,1.0,0.0,0.0,,,,,,,,,5.0,167.6,4.0,46.876999999999995,-114.02159999999999,0,1,1,,
bromus variegatus,non-woody,graminoid,14.0,,,,,,,0.0,0.0,0.0,0.0,0.0,0.0,,,,,,,,,,,,,,0,0,1,,
brosimum alicastrum,woody,tree,8.0,0.436358334,5.516799852,0.60381637,12.57220984,,,1.0,1.0,1.0,1.0,0.0,0.0,,,,,,,,,,,,,,0,0,1,-1.7694869556512025,-0.8494796983798554
brosimum lactescens,woody,tree,1.0,0.645,9.92,0.342,,,,1.0,1.0,1.0,0.0,0.0,0.0,,,,,,,,,,,,,,0,0,1,,
brosimum rubescens,woody,tree,3.0,0.742,8.28,0.33,,,,1.0,1.0,1.0,0.0,0.0,0.0,,,,,,,,,,,,,,0,0,1,,
brosimum tectorum,,unspecified,10.0,,,,,,26.745139513999998,0.0,0.0,0.0,0.0,0.0,10.0,,,,,,,,,,,,,,0,0,1,,
brosimum utile,woody,tree,13.0,0.747,3.102433333333334,0.341,,,77.7,1.0,3.0,1.0,0.0,0.0,10.0,,,,,,,,,,,,,,0,0,1,,
bruguiera sexangula,woody,shrub,41.0,,,,,,,0.0,0.0,0.0,0.0,0.0,0.0,,,,,,,,,,,,,,0,0,1,,
buchloe dactyloides,non-woody,graminoid,4.0,,110.5,,15.933333333333332,1.1,,0.0,2.0,0.0,3.0,1.0,0.0,,,,,,,,,,,,,,0,0,1,,
buchozia japonica,,unspecified,5.0,0.33,507.2,,,,,1.0,1.0,0.0,0.0,0.0,0.0,,,,,,,,,,,,,,0,0,1,,
buddleja davidii,woody,shrub,1.0,,6.753,,20.6,3.99,,0.0,1.0,0.0,1.0,1.0,0.0,,,,,,,,,,,,,,0,0,1,,
buglossoides arvensis,non-woody,herb,1.0,,,,,,,0.0,0.0,0.0,0.0,0.0,0.0,,,,,,,,,,,,,,0,0,1,,
bukiniczia cabulica,,,,,,,,,,,,,,,,1.0,,,,,,33.44113,77.44338,,,,,,1,0,0,,
bulbostylis barbata,non-woody,graminoid,2.0,,,,,,40.515,0.0,0.0,0.0,0.0,0.0,2.0,,,,,,,,,,,,,,0,0,1,,
bulbostylis circinata,,,1.0,,,,,,,0.0,0.0,0.0,0.0,0.0,0.0,,,,,,,,,,,,,,0,0,1,,
bulnesia schickendantzii,,,1.0,,,,,,,0.0,0.0,0.0,0.0,0.0,0.0,,,,,,,,,,,,,,0,0,1,,
bunchosia argentea,woody,tree,2.0,0.53085,12.45969379,0.261240981,21.77949985,,,1.0,1.0,1.0,1.0,0.0,0.0,,,,,,,,,,,,,,0,0,1,0.13578107207293433,0.009617603450053792
bunias orientalis,non-woody,herb,1.0,,,,,,,0.0,0.0,0.0,0.0,0.0,0.0,,,,,,,,,,,,,,0,0,1,,
buphthalmum salicifolium,non-woody,herb,1.0,,,,,,,0.0,0.0,0.0,0.0,0.0,0.0,,,,,,,,,,,,,,0,0,1,,
bupleurum falcatum,non-woody,herb,7.0,,,,,,,0.0,0.0,0.0,0.0,0.0,0.0,,,,,,,,,,,,,,0,0,1,,
bupleurum longifolium,non-woody,herb,9.0,,,,,,,0.0,0.0,0.0,0.0,0.0,0.0,,,,,,,,,,,,,,0,0,1,,
bupleurum marginatum,,,,,,,,,,,,,,,,1.0,7.0,9.803921569,0.0,0.0,100.0,33.731808,76.857807,,,,,,1,0,0,,
bupleurum multinerve,,unspecified,1.0,,,,,,,0.0,0.0,0.0,0.0,0.0,0.0,,,,,,,,,,,,,,0,0,1,,
bupleurum nordmannianum,,unspecified,1.0,,,,,,,0.0,0.0,0.0,0.0,0.0,0.0,,,,,,,,,,,,,,0,0,1,,
burkea africana,woody,tree,12.0,,,,,,,0.0,0.0,0.0,0.0,0.0,0.0,,,,,,,,,,,,,,0,0,1,,
bursera excelsa,,,1.0,,,,,,,0.0,0.0,0.0,0.0,0.0,0.0,,,,,,,,,,,,,,0,0,1,,
bursera simaruba,woody,tree,31.0,0.448666667,6.006312035,0.291414141,8.26218724,,,1.0,1.0,1.0,1.0,0.0,0.0,,,,,,,,,,,,,,0,0,1,-0.957146282172174,-0.07784440009368782
butea monosperma,woody,tree,4.0,,,,,,,0.0,0.0,0.0,0.0,0.0,0.0,,,,,,,,,,,,,,0,0,1,,
butomus umbellatus,non-woody,herb,1.0,,,,,,,0.0,0.0,0.0,0.0,0.0,0.0,,,,,,,,,,,,,,0,0,1,,
buxus sempervirens,woody,shrub,1.0,,,,,,,0.0,0.0,0.0,0.0,0.0,0.0,,,,,,,,,,,,,,0,0,1,,
byrsonima crassifolia,woody,tree,2.0,,,,,,,0.0,0.0,0.0,0.0,0.0,0.0,,,,,,,,,,,,,,0,0,1,,
byrsonima cydoniifolia,,unspecified,2.0,,,,,,,0.0,0.0,0.0,0.0,0.0,0.0,,,,,,,,,,,,,,0,0,1,,
cacalia kamtschatica,,,,,,,,,,,,,,,,8.0,9.5,62.600043281,1.79163224775,0.0,97.56977778375,53.04138888999999,158.6708333,6.0,15.833333333333334,1.0,53.04176666666666,158.67066666666665,1,1,0,,
cadaba fruticosa,,unspecified,1.0,,,,,,25.96,0.0,0.0,0.0,0.0,0.0,1.0,,,,,,,,,,,,,,0,0,1,,
cajanus scarabaeoides,,unspecified,1.0,,,,,,86.15,0.0,0.0,0.0,0.0,0.0,1.0,,,,,,,,,,,,,,0,0,1,,
calamagrostis angustifolia,non-woody,graminoid,2.0,,,,10.8,0.95,,0.0,0.0,0.0,2.0,2.0,0.0,,,,,,,,,,,,,,0,0,1,,
calamagrostis anthoxanthoides,non-woody,graminoid,2.0,,,,,,,0.0,0.0,0.0,0.0,0.0,0.0,,,,,,,,,,,,,,0,0,1,,
calamagrostis arenaria,,,2.0,,,,,,,0.0,0.0,0.0,0.0,0.0,0.0,,,,,,,,,,,,,,0,0,1,,
calamagrostis arundinacea,non-woody,graminoid,14.0,,,,,,,0.0,0.0,0.0,0.0,0.0,0.0,4.0,12.25,36.54712096875,0.0,0.0,96.8503937,58.28,27.32416667,,,,,,1,0,1,,
calamagrostis avenoides,non-woody,graminoid,6.0,,52.87144432666667,0.16829877533333334,,,,0.0,3.0,6.0,0.0,0.0,0.0,,,,,,,,,,,,,,0,0,1,,
calamagrostis breviligulata,non-woody,graminoid,16.0,,,,,,,0.0,0.0,0.0,0.0,0.0,0.0,,,,,,,,,,,,,,0,0,1,,
calamagrostis canadensis,non-woody,graminoid,4.0,0.22,132.0,0.11,23.45,,,1.0,3.0,1.0,2.0,0.0,0.0,,,,,,,,,,,,,,0,0,1,1.671741028495614,-0.6521926132869834
calamagrostis canescens,non-woody,graminoid,3.0,1.42875101,783.5166667,0.027862129,,,,1.0,1.0,1.0,0.0,0.0,0.0,,,,,,,,,,,,,,0,0,1,,
calamagrostis epigejos,non-woody,graminoid,19.0,,88.43199999999999,,6.6,,,0.0,5.0,0.0,1.0,0.0,0.0,,,,,,,,,16.0,39.4375,1.625,50.23535625,12.66771875,0,1,1,,
calamagrostis holciformis,,,,,,,,,,,,,,,,1.0,3.0,0.0,0.0,0.0,98.86363636,32.895627,77.196001,,,,,,1,0,0,,
calamagrostis lahulensis,,,,,,,,,,,,,,,,1.0,5.0,97.77282851,0.0,0.0,100.0,32.908622,77.199034,,,,,,1,0,0,,
calamagrostis lapponica,non-woody,graminoid,15.0,0.61,,,9.028617016,1.654535103,,1.0,0.0,0.0,2.0,2.0,0.0,,,,,,,,,,,,,,0,0,1,,
calamagrostis montanensis,non-woody,graminoid,1.0,,,,,,,0.0,0.0,0.0,0.0,0.0,0.0,,,,,,,,,,,,,,0,0,1,,
calamagrostis obtusata,non-woody,graminoid,8.0,,,,,,,0.0,0.0,0.0,0.0,0.0,0.0,,,,,,,,,,,,,,0,0,1,,
calamagrostis pseudophragmites,non-woody,graminoid,3.0,,,,,,,0.0,0.0,0.0,0.0,0.0,0.0,1.0,7.0,85.60606061,0.0,0.0,100.0,34.05454405,77.64859864,,,,,,1,0,1,,
calamagrostis purpurascens,non-woody,graminoid,2.0,,,,,,,0.0,0.0,0.0,0.0,0.0,0.0,,,,,,,,,,,,,,0,0,1,,
calamagrostis purpurea,non-woody,graminoid,2.0,,,,,,,0.0,0.0,0.0,0.0,0.0,0.0,17.0,12.294117647058824,22.714703862705882,4.835013347764707,0.005451670941176471,94.39107780470589,54.63908496705882,159.3261437764706,8.0,11.375,1.25,54.5502125,159.29075,1,1,1,,
calamagrostis stoliczkai,,,,,,,,,,,,,,,,1.0,,,,,,33.16213707,77.18530395,,,,,,1,0,0,,
calamagrostis stricta,non-woody,graminoid,6.0,,,,,,,0.0,0.0,0.0,0.0,0.0,0.0,,,,,,,,,,,,,,0,0,1,,
calamus rhabdocladus,woody,tree,1.0,0.2187,103.2453571,0.254545455,13.1505045,,,1.0,1.0,1.0,1.0,0.0,0.0,,,,,,,,,,,,,,0,0,1,0.22935946972730414,-0.7934932588860099
calceolaria polyrhiza,non-woody/woody,herb/shrub,1.0,,,,,,,0.0,0.0,0.0,0.0,0.0,0.0,,,,,,,,,,,,,,0,0,1,,
calendula officinalis,non-woody,herb,1.0,,,,,,,0.0,0.0,0.0,0.0,0.0,0.0,,,,,,,,,,,,,,0,0,1,,
calla palustris,non-woody,herb,2.0,,,,,,,0.0,0.0,0.0,0.0,0.0,0.0,,,,,,,,,,,,,,0,0,1,,
calliandra houstoniana,woody,shrub,3.0,0.472,23.57,0.329,10.100000000000001,0.71,,1.0,1.0,1.0,2.0,2.0,0.0,,,,,,,,,,,,,,0,0,1,-0.8485981325128235,-0.15379589565963506
callicarpa americana,woody,shrub,2.0,0.429633333,22.98446002,0.168178206,20.59871435,,,1.0,1.0,1.0,1.0,0.0,0.0,,,,,,,,,,,,,,0,0,1,0.4794601047409282,-0.04173010359649044
callicarpa havilandii,,unspecified,2.0,,,,,,,0.0,0.0,0.0,0.0,0.0,0.0,,,,,,,,,,,,,,0,0,1,,
calligonum aphyllum,woody,shrub,6.0,,,,,,,0.0,0.0,0.0,0.0,0.0,0.0,,,,,,,,,,,,,,0,0,1,,
calligonum bykovii,,unspecified,1.0,,,,,,,0.0,0.0,0.0,0.0,0.0,0.0,,,,,,,,,,,,,,0,0,1,,
calligonum caput-medusae,,unspecified,15.0,0.6225,,,15.3525,,,4.0,0.0,0.0,4.0,0.0,0.0,,,,,,,,,,,,,,0,0,1,,
calligonum comosum,woody,shrub,2.0,,,,,,,0.0,0.0,0.0,0.0,0.0,0.0,,,,,,,,,,,,,,0,0,1,,
calligonum eriopodum,,,1.0,,,,,,,0.0,0.0,0.0,0.0,0.0,0.0,,,,,,,,,,,,,,0,0,1,,
calligonum leucocladum,woody,shrub,2.0,,,,,,,0.0,0.0,0.0,0.0,0.0,0.0,,,,,,,,,,,,,,0,0,1,,
calligonum mongolicum,woody,shrub,1.0,,2.99,,8.11,,,0.0,1.0,0.0,1.0,0.0,0.0,,,,,,,,,,,,,,0,0,1,,
calligonum murex,,unspecified,1.0,,,,,,,0.0,0.0,0.0,0.0,0.0,0.0,,,,,,,,,,,,,,0,0,1,,
calligonum polygonoides,woody,shrub,4.0,,,,,,,0.0,0.0,0.0,0.0,0.0,0.0,,,,,,,,,,,,,,0,0,1,,
calligonum roborowskii,woody,shrub,10.0,0.6575,,,14.557500000000001,,,4.0,0.0,0.0,4.0,0.0,0.0,,,,,,,,,,,,,,0,0,1,,
calligonum rubens,,,1.0,,,,,,,0.0,0.0,0.0,0.0,0.0,0.0,,,,,,,,,,,,,,0,0,1,,
calligonum setosum,,,2.0,,,,,,,0.0,0.0,0.0,0.0,0.0,0.0,,,,,,,,,,,,,,0,0,1,,
callisia rosea,,unspecified,1.0,,,,,,,0.0,0.0,0.0,0.0,0.0,0.0,,,,,,,,,,,,,,0,0,1,,
callistephus chinensis,non-woody,herb,3.0,,,,,,,0.0,0.0,0.0,0.0,0.0,0.0,,,,,,,,,,,,,,0,0,1,,
callitriche palustris,non-woody,herb,3.0,,,,,,,0.0,0.0,0.0,0.0,0.0,0.0,,,,,,,,,,,,,,0,0,1,,
callitropsis nootkatensis,,,4.0,0.393711111,38.04857021666667,0.2642286756666667,,,,3.0,3.0,3.0,0.0,0.0,0.0,,,,,,,,,,,,,,0,0,1,,
calluna vulgaris,woody,shrub,27.0,0.3166,13.62532988,1.194550386,3.3333333333333335,0.25,,1.0,1.0,1.0,3.0,3.0,0.0,,,,,,,,,,,,,,0,0,1,-4.458344841583067,-2.3405889985815302
calocedrus decurrens,woody,tree,10.0,0.6540166666666667,11.950022669333334,0.26978484333333336,10.0,,,3.0,3.0,3.0,1.0,0.0,0.0,,,,,,,,,,,,,,0,0,1,-0.7645542471101863,0.45293083173403204
calophyllum longifolium,woody,tree,4.0,,,,,,,0.0,0.0,0.0,0.0,0.0,0.0,,,,,,,,,,,,,,0,0,1,,
calotropis gigantea,woody,tree,1.0,,,,,,18.32,0.0,0.0,0.0,0.0,0.0,1.0,,,,,,,,,,,,,,0,0,1,,
calotropis procera,woody,tree,2.0,,,,,,,0.0,0.0,0.0,0.0,0.0,0.0,,,,,,,,,,,,,,0,0,1,,
calpurnia aurea,woody,shrub/tree,1.0,0.53,16.95,0.32,,,,1.0,1.0,1.0,0.0,0.0,0.0,,,,,,,,,,,,,,0,0,1,,
caltha palustris,non-woody,herb,18.0,0.2098,346.6829091,0.083333333,16.730248578,1.267887726,,1.0,1.0,1.0,3.0,2.0,0.0,,,,,,,,,,,,,,0,0,1,2.7335025011307317,-0.87765636600567
calycolpus goetheanus,woody,,1.0,0.43,20.14,0.383,,,,1.0,1.0,1.0,0.0,0.0,0.0,,,,,,,,,,,,,,0,0,1,,
calyptrogyne panamensis,,,1.0,,,,,,,0.0,0.0,0.0,0.0,0.0,0.0,,,,,,,,,,,,,,0,0,1,,
calystegia hederacea,non-woody,herb,4.0,,14.935,,,,,0.0,4.0,0.0,0.0,0.0,0.0,,,,,,,,,,,,,,0,0,1,,
calystegia sepium,non-woody,climber,1.0,,,,,,,0.0,0.0,0.0,0.0,0.0,0.0,,,,,,,,,,,,,,0,0,1,,
calytrix alpestris,woody,shrub,1.0,,,,,,,0.0,0.0,0.0,0.0,0.0,0.0,,,,,,,,,,,,,,0,0,1,,
calytrix flavescens,woody,shrub,2.0,,,,,,,0.0,0.0,0.0,0.0,0.0,0.0,,,,,,,,,,,,,,0,0,1,,
calytrix fraseri,,,1.0,,,,,,,0.0,0.0,0.0,0.0,0.0,0.0,,,,,,,,,,,,,,0,0,1,,
calytrix sapphirina,,,2.0,,,,,,,0.0,0.0,0.0,0.0,0.0,0.0,,,,,,,,,,,,,,0,0,1,,
camelina microcarpa,non-woody,herb,2.0,,,,,,,0.0,0.0,0.0,0.0,0.0,0.0,,,,,,,,,,,,,,0,0,1,,
camelina sativa,non-woody,herb,2.0,,,,,,,0.0,0.0,0.0,0.0,0.0,0.0,,,,,,,,,,,,,,0,0,1,,
camellia fraterna,,,,,,,,,,,,,,,,,,,,,,,,2.0,1.0,1.0,29.25,118.12,0,1,0,,
cameraria retusa,,unspecified,2.0,0.541133333,5.824038361,0.356856449,17.37854362,,,1.0,1.0,1.0,1.0,0.0,0.0,,,,,,,,,,,,,,0,0,1,-0.5663282510726282,-0.10696701198876321
camissonia dentata,non-woody,herb,1.0,,,,,,,0.0,0.0,0.0,0.0,0.0,0.0,,,,,,,,,,,,,,0,0,1,,
campanula alliariifolia,non-woody,herb,2.0,,,,,,,0.0,0.0,0.0,0.0,0.0,0.0,,,,,,,,,,,,,,0,0,1,,
campanula barbata,non-woody,herb,2.0,,,,,,,0.0,0.0,0.0,0.0,0.0,0.0,,,,,,,,,,,,,,0,0,1,,
campanula bellidifolia,,unspecified,6.0,,,,,,,0.0,0.0,0.0,0.0,0.0,0.0,,,,,,,,,,,,,,0,0,1,,
campanula caespitosa,,,1.0,,,,,,,0.0,0.0,0.0,0.0,0.0,0.0,,,,,,,,,,,,,,0,0,1,,
campanula collina,non-woody,herb,7.0,,,,,,,0.0,0.0,0.0,0.0,0.0,0.0,,,,,,,,,,,,,,0,0,1,,
campanula glomerata,non-woody,herb,14.0,1.84503736,468.4307692,0.112616092,,,,1.0,1.0,1.0,0.0,0.0,0.0,,,,,,,,,,,,,,0,0,1,,
campanula jacobaea,,,,,,,,,,,,,,,,8.0,19.5,28.471002451375,2.978858060875,1.59064604425,94.31978566250001,15.17916667,-23.68875,4.0,22.25,3.25,15.178650000000001,-23.687725,1,1,0,,
campanula latifolia,non-woody,herb,5.0,,,,,,,0.0,0.0,0.0,0.0,0.0,0.0,,,,,,,,,,,,,,0,0,1,,
campanula patula,non-woody,herb,6.0,1.6189547,491.8,0.193657718,,,,1.0,1.0,1.0,0.0,0.0,0.0,,,,,,,,,,,,,,0,0,1,,
campanula persicifolia,non-woody,herb,2.0,1.624909,479.0555556,0.132683873,,,,1.0,1.0,1.0,0.0,0.0,0.0,,,,,,,,,,,,,,0,0,1,,
campanula rapunculoides,non-woody,herb,5.0,1.97483874,692.2461538,0.033408557,,,,1.0,1.0,1.0,0.0,0.0,0.0,,,,,,,,,,,,,,0,0,1,,
campanula rapunculus,non-woody,herb,1.0,,,,,,,0.0,0.0,0.0,0.0,0.0,0.0,,,,,,,,,,,,,,0,0,1,,
campanula rotundifolia,non-woody,herb,12.0,0.9331579785,444.97030635,0.1930633635,,,,2.0,2.0,2.0,0.0,0.0,0.0,13.0,17.615384615384617,17.791403032999998,1.4497831285384615,7.789763778538461,88.75986593215384,60.532820510769234,7.73299145076923,3.0,175.33333333333334,1.0,64.42,-15.397799999999998,1,1,1,,
campanula saxifraga,,unspecified,3.0,,,,,,,0.0,0.0,0.0,0.0,0.0,0.0,,,,,,,,,,,,,,0,0,1,,
campanula scheuchzeri,non-woody,herb,1.0,,,,,,,0.0,0.0,0.0,0.0,0.0,0.0,,,,,,,,,,,,,,0,0,1,,
campanula sibirica,non-woody,herb,13.0,,,,,,,0.0,0.0,0.0,0.0,0.0,0.0,,,,,,,,,,,,,,0,0,1,,
campanula spicata,non-woody,herb,1.0,,,,,,,0.0,0.0,0.0,0.0,0.0,0.0,,,,,,,,,,,,,,0,0,1,,
campanula stevenii,,unspecified,2.0,,,,,,,0.0,0.0,0.0,0.0,0.0,0.0,,,,,,,,,,,,,,0,0,1,,
campanula trachelium,non-woody,herb,2.0,,,,,,,0.0,0.0,0.0,0.0,0.0,0.0,,,,,,,,,,,,,,0,0,1,,
campanula tridentata,non-woody,herb,8.0,,,,,,,0.0,0.0,0.0,0.0,0.0,0.0,,,,,,,,,,,,,,0,0,1,,
camphorosma annua,,,1.0,,,,,,,0.0,0.0,0.0,0.0,0.0,0.0,,,,,,,,,,,,,,0,0,1,,
camphorosma monspeliaca,,,2.0,,,,,,,0.0,0.0,0.0,0.0,0.0,0.0,,,,,,,,,,,,,,0,0,1,,
canarium album,woody,tree,18.0,0.4901607447272727,42.237075472181814,0.2257372829090909,12.800555555555555,0.5236363636363636,22.0,11.0,11.0,11.0,18.0,11.0,1.0,,,,,,,,,,,,,,0,0,1,-0.1658868866582757,0.053574551810086926
canarium subulatum,woody,tree,9.0,0.8793666666666666,8.128561669777778,0.3254104016666667,10.075555555555557,0.548888888888889,,9.0,9.0,9.0,9.0,9.0,0.0,,,,,,,,,,,,,,0,0,1,-1.0369581929713163,0.9014643969973349
cannabis sativa,non-woody,herb,7.0,,,,,,,0.0,0.0,0.0,0.0,0.0,0.0,,,,,,,,,,,,,,0,0,1,,
capparidastrum petiolare,woody,climber,24.0,,,,,,,0.0,0.0,0.0,0.0,0.0,0.0,,,,,,,,,,,,,,0,0,1,,
capparis decidua,woody,tree,1.0,,,,,,,0.0,0.0,0.0,0.0,0.0,0.0,,,,,,,,,,,,,,0,0,1,,
capparis erythrocarpus,,,,,,,,,,,,,,,,,,,,,,,,1.0,2.0,1.0,-18.9118,34.3904,0,1,0,,
capsella bursa-pastoris,non-woody,herb,3.0,1.54168842,479.81,0.070883842,,,,1.0,1.0,1.0,0.0,0.0,0.0,,,,,,,,,,,,,,0,0,1,,
capsicum annuum,,,,,,,,,,,,,,,,,,,,,,,,12.0,2429.8333333333335,3.4166666666666665,24.8807,-99.62349999999999,0,1,0,,
caragana arborescens,woody,shrub/tree,4.0,,,,,,,0.0,0.0,0.0,0.0,0.0,0.0,,,,,,,,,,,,,,0,0,1,,
caragana balchaschensis,,,2.0,,,,,,,0.0,0.0,0.0,0.0,0.0,0.0,,,,,,,,,,,,,,0,0,1,,
caragana brachypoda,,,1.0,,,,,,,0.0,0.0,0.0,0.0,0.0,0.0,,,,,,,,,,,,,,0,0,1,,
caragana halodendron,woody,shrub,3.0,,,,,,,0.0,0.0,0.0,0.0,0.0,0.0,,,,,,,,,,,,,,0,0,1,,
caragana korshinskii,woody,shrub,2.0,,13.22,,23.189999999999998,,,0.0,2.0,0.0,2.0,0.0,0.0,,,,,,,,,,,,,,0,0,1,,
caragana leucophloea,,,1.0,,,,,,,0.0,0.0,0.0,0.0,0.0,0.0,,,,,,,,,,,,,,0,0,1,,
caragana microphylla,woody,shrub,49.0,1.97375,7.703999999999999,,17.913761824444446,,,8.0,5.0,0.0,9.0,0.0,0.0,,,,,,,,,,,,,,0,0,1,,
caragana pygmaea,woody,shrub,1.0,,,,,,,0.0,0.0,0.0,0.0,0.0,0.0,,,,,,,,,,,,,,0,0,1,,
caragana spinosa,,unspecified,1.0,,,,,,,0.0,0.0,0.0,0.0,0.0,0.0,,,,,,,,,,,,,,0,0,1,,
caragana stenophylla,woody,shrub,3.0,0.32416666666666666,,,,,35.01,3.0,0.0,0.0,0.0,0.0,1.0,,,,,,,,,,,,,,0,0,1,,
caragana tragacanthoides,,,1.0,,,,,,,0.0,0.0,0.0,0.0,0.0,0.0,,,,,,,,,,,,,,0,0,1,,
caragana versicolor,,,,,,,,,,,,,,,,1.0,3.0,20.0,0.0,0.0,100.0,34.00468698,76.87920079,,,,,,1,0,0,,
carallia brachiata,woody,tree,1.0,0.21426,109.24,0.21,16.92,,44.0,1.0,1.0,1.0,1.0,0.0,1.0,,,,,,,,,,,,,,0,0,1,0.6980821203709043,-0.765177100040238
carapa procera,woody,tree,1.0,,,,,,,0.0,0.0,0.0,0.0,0.0,0.0,,,,,,,,,,,,,,0,0,1,,
carapichea pacimonica,,,1.0,0.459,26.0,0.233,,,,1.0,1.0,1.0,0.0,0.0,0.0,,,,,,,,,,,,,,0,0,1,,
cardamine amara,non-woody,herb,2.0,,,,,,,0.0,0.0,0.0,0.0,0.0,0.0,,,,,,,,,,,,,,0,0,1,,
cardamine bellidfolia,non-woody,herb,1.0,,,,,,,0.0,0.0,0.0,0.0,0.0,0.0,,,,,,,,,,,,,,0,0,1,,
cardamine bulbifera,,,,,,,,,,,,,,,,8.0,6.75,42.0253889085,2.456467662125,0.657894736875,96.22774286375,41.93708333,43.42125,1.0,1.0,1.0,41.9333,43.4233,1,1,0,,
cardamine hirsuta,non-woody,herb,1.0,,,,,,,0.0,0.0,0.0,0.0,0.0,0.0,,,,,,,,,,,,,,0,0,1,,
cardamine microphylla,,unspecified,1.0,,,,,,,0.0,0.0,0.0,0.0,0.0,0.0,,,,,,,,,,,,,,0,0,1,,
cardamine oligosperma,non-woody,herb,12.0,,,,4.0,,,0.0,0.0,0.0,12.0,0.0,0.0,,,,,,,,,,,,,,0,0,1,,
cardamine pratensis,non-woody,herb,4.0,1.03860191,685.425,0.02995635,,,,1.0,1.0,1.0,0.0,0.0,0.0,,,,,,,,,,,,,,0,0,1,,
cardamine uliginosa,,unspecified,3.0,,,,,,,0.0,0.0,0.0,0.0,0.0,0.0,,,,,,,,,,,,,,0,0,1,,
cardiospermum halicacabum,non-woody,herb,2.0,,,,,,50.275000000000006,0.0,0.0,0.0,0.0,0.0,2.0,,,,,,,,,,,,,,0,0,1,,
carduus acanthoides,non-woody,herb,3.0,2.41055723,652.6,0.02609772,,,,1.0,1.0,1.0,0.0,0.0,0.0,,,,,,,,,,,,,,0,0,1,,
carduus defloratus,non-woody,herb,1.0,,96.0,,5.6,,,0.0,1.0,0.0,1.0,0.0,0.0,,,,,,,,,,,,,,0,0,1,,
carduus nutans,non-woody,herb,2.0,,,,,,,0.0,0.0,0.0,0.0,0.0,0.0,,,,,,,,,,,,,,0,0,1,,
carduus uncinatus,,,1.0,,,,,,,0.0,0.0,0.0,0.0,0.0,0.0,,,,,,,,,,,,,,0,0,1,,
carex acuta,non-woody,graminoid,6.0,0.149,,,,,7.8,1.0,0.0,0.0,0.0,0.0,1.0,,,,,,,,,,,,,,0,0,1,,
carex acutiformis,non-woody,graminoid,4.0,2.37250584,401.15,0.091871783,,,,1.0,1.0,1.0,0.0,0.0,0.0,,,,,,,,,,,,,,0,0,1,,
carex alba,non-woody,graminoid,1.0,,,,,,,0.0,0.0,0.0,0.0,0.0,0.0,,,,,,,,,,,,,,0,0,1,,
carex albicans,non-woody,graminoid,3.0,,,,,,,0.0,0.0,0.0,0.0,0.0,0.0,,,,,,,,,,,,,,0,0,1,,
carex annectens,non-woody,graminoid,1.0,0.14587,,0.418397,,,,1.0,0.0,1.0,0.0,0.0,0.0,,,,,,,,,,,,,,0,0,1,,
carex appropinquata,non-woody,graminoid,2.0,0.1019,,,,,0.8,1.0,0.0,0.0,0.0,0.0,1.0,,,,,,,,,,,,,,0,0,1,,
carex aquatilis,non-woody,graminoid,44.0,0.1668,,,12.8,2.1999999999999997,0.0,1.0,0.0,0.0,2.0,2.0,1.0,,,,,,,,,,,,,,0,0,1,,
carex arenaria,non-woody,graminoid,4.0,,,,,,,0.0,0.0,0.0,0.0,0.0,0.0,,,,,,,,,,,,,,0,0,1,,
carex arnellii,non-woody,graminoid,1.0,0.1243,,,,,3.2,1.0,0.0,0.0,0.0,0.0,1.0,,,,,,,,,,,,,,0,0,1,,
carex aterrima,non-woody,graminoid,3.0,,,,,,,0.0,0.0,0.0,0.0,0.0,0.0,,,,,,,,,,,,,,0,0,1,,
carex atherodes,non-woody,graminoid,1.0,0.0911,,,,,2.7,1.0,0.0,0.0,0.0,0.0,1.0,,,,,,,,,,,,,,0,0,1,,
carex atrata,non-woody,graminoid,2.0,,,,,,,0.0,0.0,0.0,0.0,0.0,0.0,,,,,,,,,,,,,,0,0,1,,
carex atrofusca,non-woody,graminoid,21.0,0.64153,24.008669544,0.13040703280000002,7.6957674623,0.23517924465,,20.0,20.0,20.0,20.0,20.0,0.0,,,,,,,,,,,,,,0,0,1,-0.34550257579691435,0.7379677187591484
carex baccans,non-woody,graminoid,1.0,,,,,,53.7,0.0,0.0,0.0,0.0,0.0,1.0,,,,,,,,,,,,,,0,0,1,,
carex bigelowii,non-woody,graminoid,85.0,0.3591,36.98320680909091,,7.460370370370371,1.3800000000000001,0.0,12.0,11.0,0.0,54.0,5.0,1.0,,,,,,,,,,,,,,0,0,1,,
carex bohemica,non-woody,graminoid,1.0,0.133,,,,,4.2,1.0,0.0,0.0,0.0,0.0,1.0,,,,,,,,,,,,,,0,0,1,,
carex bostrychostigma,,unspecified,1.0,,,,,,,0.0,0.0,0.0,0.0,0.0,0.0,,,,,,,,,,,,,,0,0,1,,
carex brunnescens,non-woody,graminoid,4.0,,,,,,,0.0,0.0,0.0,0.0,0.0,0.0,,,,,,,,,,,,,,0,0,1,,
carex buxbaumii,non-woody,graminoid,1.0,0.1335,,,,,34.2,1.0,0.0,0.0,0.0,0.0,1.0,,,,,,,,,,,,,,0,0,1,,
carex canescens,non-woody,graminoid,7.0,0.1139,,,,,0.0,1.0,0.0,0.0,0.0,0.0,1.0,,,,,,,,,,,,,,0,0,1,,
carex capillaris,non-woody,graminoid,3.0,0.37,,,,,,1.0,0.0,0.0,0.0,0.0,0.0,,,,,,,,,,,,,,0,0,1,,
carex capillifolia,non-woody,graminoid,5.0,,,,,,,0.0,0.0,0.0,0.0,0.0,0.0,,,,,,,,,,,,,,0,0,1,,
carex capitata,non-woody,graminoid,2.0,,,,,,,0.0,0.0,0.0,0.0,0.0,0.0,,,,,,,,,,,,,,0,0,1,,
carex caryophyllea,non-woody,graminoid,2.0,0.0784,,,,,5.5,1.0,0.0,0.0,0.0,0.0,1.0,,,,,,,,,,,,,,0,0,1,,
carex caucasica,,unspecified,1.0,,,,,,,0.0,0.0,0.0,0.0,0.0,0.0,,,,,,,,,,,,,,0,0,1,,
carex cespitosa,non-woody,unspecified,6.0,0.1198,,,,,2.5,1.0,0.0,0.0,0.0,0.0,1.0,,,,,,,,,,,,,,0,0,1,,
carex chordorrhiza,non-woody,graminoid,1.0,0.1338,,,,,0.0,1.0,0.0,0.0,0.0,0.0,1.0,,,,,,,,,,,,,,0,0,1,,
carex clavispica,non-woody,graminoid,1.0,,,,,,,0.0,0.0,0.0,0.0,0.0,0.0,,,,,,,,,,,,,,0,0,1,,
carex colchica,,unspecified,2.0,,,,,,,0.0,0.0,0.0,0.0,0.0,0.0,,,,,,,,,,,,,,0,0,1,,
carex coriophora,,,20.0,0.707695,21.991120229,0.12308031475,7.2534137963,0.22176383959999998,,20.0,20.0,20.0,20.0,20.0,0.0,,,,,,,,,,,,,,0,0,1,-0.37982508862795866,0.9290444634262734
carex curvula,non-woody,graminoid,1.0,,,,,,,0.0,0.0,0.0,0.0,0.0,0.0,,,,,,,,,,,,,,0,0,1,,
carex davalliana,non-woody,graminoid,2.0,,,,,,,0.0,0.0,0.0,0.0,0.0,0.0,,,,,,,,,,,,,,0,0,1,,
carex deasyi,,unspecified,1.0,,,,,,,0.0,0.0,0.0,0.0,0.0,0.0,,,,,,,,,,,,,,0,0,1,,
carex digitata,non-woody,graminoid,4.0,0.0893,,,,,1.0,1.0,0.0,0.0,0.0,0.0,1.0,,,,,,,,,,,,,,0,0,1,,
carex diluta,,unspecified,1.0,,,,,,,0.0,0.0,0.0,0.0,0.0,0.0,,,,,,,,,,,,,,0,0,1,,
carex dioica,non-woody,graminoid,2.0,,,,,,,0.0,0.0,0.0,0.0,0.0,0.0,,,,,,,,,,,,,,0,0,1,,
carex distans,non-woody,graminoid,1.0,,,,,,,0.0,0.0,0.0,0.0,0.0,0.0,,,,,,,,,,,,,,0,0,1,,
carex disticha,non-woody,graminoid,1.0,,,,,,,0.0,0.0,0.0,0.0,0.0,0.0,,,,,,,,,,,,,,0,0,1,,
carex divisa,non-woody,graminoid,1.0,0.351,,0.348,,,,1.0,0.0,1.0,0.0,0.0,0.0,,,,,,,,,,,,,,0,0,1,,
carex doistepensis,non-woody,graminoid,2.0,0.656,23.05,,4.85,,,1.0,1.0,0.0,1.0,0.0,0.0,,,,,,,,,,,,,,0,0,1,,
carex duriuscula,non-woody,graminoid,24.0,,98.77250000000001,,,,,0.0,4.0,0.0,0.0,0.0,0.0,,,,,,,,,,,,,,0,0,1,,
carex echinata,non-woody,graminoid,3.0,,,,,,,0.0,0.0,0.0,0.0,0.0,0.0,,,,,,,,,,,,,,0,0,1,,
carex elata,non-woody,graminoid,5.0,0.1398,,,,,0.0,1.0,0.0,0.0,0.0,0.0,1.0,,,,,,,,,,,,,,0,0,1,,
carex elongata,non-woody,graminoid,2.0,0.127,,,,,0.2,1.0,0.0,0.0,0.0,0.0,1.0,,,,,,,,,,,,,,0,0,1,,
carex enervis,non-woody,graminoid,1.0,,,,,,,0.0,0.0,0.0,0.0,0.0,0.0,,,,,,,,,,,,,,0,0,1,,
carex ericetorum,non-woody,graminoid,5.0,,,,,,,0.0,0.0,0.0,0.0,0.0,0.0,,,,,,,,,,,,,,0,0,1,,
carex ferruginea,non-woody,graminoid,1.0,,,,,,,0.0,0.0,0.0,0.0,0.0,0.0,,,,,,,,,,,,,,0,0,1,,
carex filifolia,non-woody,graminoid,4.0,0.181971429,107.557439,0.510912698,,,,1.0,1.0,1.0,0.0,0.0,0.0,,,,,,,,,,,,,,0,0,1,,
carex firma,non-woody,graminoid,1.0,,,,,,,0.0,0.0,0.0,0.0,0.0,0.0,,,,,,,,,,,,,,0,0,1,,
carex flacca,non-woody,graminoid,19.0,0.60537228,71.3756391,0.1592081605,4.005,,,6.0,6.0,4.0,2.0,0.0,0.0,,,,,,,,,,,,,,0,0,1,-0.3844003048711116,0.5555158877370646
carex fuliginosa,non-woody,graminoid,3.0,,,,,,,0.0,0.0,0.0,0.0,0.0,0.0,,,,,,,,,,,,,,0,0,1,,
carex fulvus,non-woody,graminoid,2.0,,,,,,,0.0,0.0,0.0,0.0,0.0,0.0,,,,,,,,,,,,,,0,0,1,,
carex gaudichaudiana,non-woody,graminoid,95.0,,67.57611827638297,0.2220758114680851,,,,0.0,47.0,94.0,0.0,0.0,0.0,,,,,,,,,,,,,,0,0,1,,
carex geophila,non-woody,graminoid,10.0,,18.194930013333334,0.32666666666666666,6.233285069,,,0.0,9.0,3.0,1.0,0.0,0.0,,,,,,,,,,,,,,0,0,1,,
carex geyeri,non-woody,graminoid,2.0,,,,,,,0.0,0.0,0.0,0.0,0.0,0.0,,,,,,,,,,,,,,0,0,1,,
carex globularis,non-woody,graminoid,11.0,0.1162,,,,,0.0,1.0,0.0,0.0,0.0,0.0,1.0,,,,,,,,,,,,,,0,0,1,,
carex goodenoughii,,unspecified,2.0,,,,,,,0.0,0.0,0.0,0.0,0.0,0.0,,,,,,,,,,,,,,0,0,1,,
carex gravida,,,1.0,,,,,,,0.0,0.0,0.0,0.0,0.0,0.0,,,,,,,,,,,,,,0,0,1,,
carex hirta,non-woody,graminoid,3.0,0.0947,,,,,0.0,1.0,0.0,0.0,0.0,0.0,1.0,,,,,,,,,,,,,,0,0,1,,
carex houghtoniana,non-woody,graminoid,2.0,,,,,,,0.0,0.0,0.0,0.0,0.0,0.0,,,,,,,,,,,,,,0,0,1,,
carex humilis,non-woody,graminoid,1.0,,,,,,,0.0,0.0,0.0,0.0,0.0,0.0,,,,,,,,,,,,,,0,0,1,,
carex humulis,non-woody,graminoid,36.0,0.2735,85.7425,0.2145,5.205,,,4.0,4.0,2.0,2.0,0.0,0.0,,,,,,,,,,,,,,0,0,1,-0.32252339490563253,-0.4372685711532911
carex inops,,,1.0,,,,,,,0.0,0.0,0.0,0.0,0.0,0.0,,,,,,,,,,,,,,0,0,1,,
carex juncella,non-woody,graminoid,1.0,0.1397,,,,,8.0,1.0,0.0,0.0,0.0,0.0,1.0,,,,,,,,,,,,,,0,0,1,,
carex kokanica,non-woody,graminoid,2.0,,,,,,,0.0,0.0,0.0,0.0,0.0,0.0,,,,,,,,,,,,,,0,0,1,,
carex korshinskyi,non-woody,graminoid,2.0,0.245,252.55,0.08499999999999999,9.85,,,2.0,2.0,2.0,2.0,0.0,0.0,,,,,,,,,,,,,,0,0,1,1.5980652215502387,-0.5527263788839072
carex lapponica,non-woody,graminoid,1.0,0.1845,,,,,0.6,1.0,0.0,0.0,0.0,0.0,1.0,,,,,,,,,,,,,,0,0,1,,
carex lasiocarpa,non-woody,graminoid,6.0,0.23,252.0,0.09,10.2,0.8,,1.0,1.0,1.0,2.0,2.0,0.0,,,,,,,,,,,,,,0,0,1,1.6048803866054715,-0.6049812520117176
carex laxa,non-woody,graminoid,1.0,,,,,,,0.0,0.0,0.0,0.0,0.0,0.0,,,,,,,,,,,,,,0,0,1,,
carex leporina,non-woody,graminoid,29.0,0.85940567,87.33955658363635,0.18118254885714286,,,0.2,2.0,11.0,21.0,0.0,0.0,1.0,,,,,,,,,,,,,,0,0,1,,
carex leucothrix,non-woody,graminoid,2.0,,,,,,,0.0,0.0,0.0,0.0,0.0,0.0,,,,,,,,,,,,,,0,0,1,,
carex limosa,non-woody,graminoid,8.0,0.2834,,,,,0.0,1.0,0.0,0.0,0.0,0.0,1.0,,,,,,,,,,,,,,0,0,1,,
carex liparocarpos,non-woody,graminoid,2.0,,,,,,,0.0,0.0,0.0,0.0,0.0,0.0,,,,,,,,,,,,,,0,0,1,,
carex loliacea,non-woody,graminoid,2.0,0.1094,,,,,0.0,1.0,0.0,0.0,0.0,0.0,1.0,,,,,,,,,,,,,,0,0,1,,
carex megellanica,non-woody,graminoid,1.0,0.1363,,,,,2.0,1.0,0.0,0.0,0.0,0.0,1.0,,,,,,,,,,,,,,0,0,1,,
carex melanantha,non-woody,graminoid,3.0,,,,,,,0.0,0.0,0.0,0.0,0.0,0.0,,,,,,,,,,,,,,0,0,1,,
carex melanostachya,non-woody,graminoid,1.0,,,,,,,0.0,0.0,0.0,0.0,0.0,0.0,,,,,,,,,,,,,,0,0,1,,
carex melantha,non-woody,graminoid,1.0,,,,,,,0.0,0.0,0.0,0.0,0.0,0.0,,,,,,,,,,,,,,0,0,1,,
carex meyeriana,non-woody,graminoid,2.0,,,,11.0,0.85,,0.0,0.0,0.0,2.0,2.0,0.0,,,,,,,,,,,,,,0,0,1,,
carex mollissima,,unspecified,1.0,,,,,,,0.0,0.0,0.0,0.0,0.0,0.0,,,,,,,,,,,,,,0,0,1,,
carex montana,non-woody,graminoid,5.0,0.1099,,,,,17.0,2.0,0.0,0.0,0.0,0.0,2.0,,,,,,,,,,,,,,0,0,1,,
carex moorcroftii,non-woody,graminoid,1.0,0.58,0.32278,,,,,1.0,1.0,0.0,0.0,0.0,0.0,1.0,7.0,1.086956522,0.0,0.114416476,99.88558352,34.25406,77.622437,,,,,,1,0,1,,
carex muricata,non-woody,graminoid,2.0,1.46496235,285.9857143,0.10759285,,,,1.0,1.0,1.0,0.0,0.0,0.0,,,,,,,,,,,,,,0,0,1,,
carex myosuroides,non-woody,graminoid,2.0,,,,,,,0.0,0.0,0.0,0.0,0.0,0.0,,,,,,,,,,,,,,0,0,1,,
carex myosurus,,unspecified,1.0,,,,,,47.71,0.0,0.0,0.0,0.0,0.0,1.0,,,,,,,,,,,,,,0,0,1,,
carex nardina,non-woody,graminoid,6.0,,,,7.0,5.9,,0.0,0.0,0.0,1.0,2.0,0.0,,,,,,,,,,,,,,0,0,1,,
carex nardus,non-woody,graminoid,2.0,,,,,,,0.0,0.0,0.0,0.0,0.0,0.0,,,,,,,,,,,,,,0,0,1,,
carex nebrascensis,non-woody,graminoid,6.0,,,,,,,0.0,0.0,0.0,0.0,0.0,0.0,,,,,,,,,,,,,,0,0,1,,
carex nebraskensis,non-woody,graminoid,1.0,,,,,,,0.0,0.0,0.0,0.0,0.0,0.0,,,,,,,,,,,,,,0,0,1,,
carex nigra,non-woody,graminoid,15.0,0.20565,9.14,,6.65,2.2,0.0,2.0,1.0,0.0,1.0,1.0,2.0,,,,,,,,,,,,,,0,0,1,,
carex nivalis,,unspecified,1.0,,,,,,,0.0,0.0,0.0,0.0,0.0,0.0,,,,,,,,,,,,,,0,0,1,,
carex obtusata,non-woody,graminoid,2.0,0.11840555550000001,101.4145355,0.571034043,,,0.4,2.0,1.0,1.0,0.0,0.0,1.0,,,,,,,,,,,,,,0,0,1,,
carex orbicularis,non-woody,graminoid,1.0,,,,,,,0.0,0.0,0.0,0.0,0.0,0.0,,,,,,,,,,,,,,0,0,1,,
carex orderi,non-woody,graminoid,1.0,,,,,,,0.0,0.0,0.0,0.0,0.0,0.0,,,,,,,,,,,,,,0,0,1,,
carex oreophila,non-woody,graminoid,1.0,,,,,,,0.0,0.0,0.0,0.0,0.0,0.0,,,,,,,,,,,,,,0,0,1,,
carex ornithopoda,non-woody,graminoid,2.0,1.48499428,225.9666667,0.203106956,,,,1.0,1.0,1.0,0.0,0.0,0.0,,,,,,,,,,,,,,0,0,1,,
carex pachystylis,non-woody,graminoid,8.0,,,,,,,0.0,0.0,0.0,0.0,0.0,0.0,,,,,,,,,,,,,,0,0,1,,
carex pallescens,non-woody,graminoid,11.0,0.095,,,,,0.0,1.0,0.0,0.0,0.0,0.0,1.0,,,,,,,,,,,,,,0,0,1,,
carex panicea,non-woody,graminoid,6.0,0.1828,,,,,0.0,1.0,0.0,0.0,0.0,0.0,1.0,,,,,,,,,,,,,,0,0,1,,
carex paniculata,non-woody,graminoid,8.0,,,,10.1,,,0.0,0.0,0.0,8.0,0.0,0.0,,,,,,,,,,,,,,0,0,1,,
carex parallela,non-woody,graminoid,2.0,,,,,,,0.0,0.0,0.0,0.0,0.0,0.0,,,,,,,,,,,,,,0,0,1,,
carex parvula,non-woody,graminoid,2.0,,,,,,,0.0,0.0,0.0,0.0,0.0,0.0,,,,,,,,,,,,,,0,0,1,,
carex pauciflora,non-woody,graminoid,4.0,,,,,,,0.0,0.0,0.0,0.0,0.0,0.0,,,,,,,,,,,,,,0,0,1,,
carex pediformis,non-woody,graminoid,8.0,,74.9375,,,,,0.0,4.0,0.0,0.0,0.0,0.0,,,,,,,,,,,,,,0,0,1,,
carex pendula,non-woody,graminoid,1.0,,,,,,,0.0,0.0,0.0,0.0,0.0,0.0,,,,,,,,,,,,,,0,0,1,,
carex pensylvanica,non-woody,graminoid,3.0,,,,,,,0.0,0.0,0.0,0.0,0.0,0.0,,,,,,,,,,,,,,0,0,1,,
carex physodes,non-woody,graminoid,12.0,,,,,,,0.0,0.0,0.0,0.0,0.0,0.0,,,,,,,,,,,,,,0,0,1,,
carex pilosa,non-woody,graminoid,3.0,,,,,,,0.0,0.0,0.0,0.0,0.0,0.0,,,,,,,,,,,,,,0,0,1,,
carex pilulifera,non-woody,graminoid,1.0,,,,,,,0.0,0.0,0.0,0.0,0.0,0.0,,,,,,,,,,,,,,0,0,1,,
carex polyphylla,,unspecified,1.0,,,,,,,0.0,0.0,0.0,0.0,0.0,0.0,,,,,,,,,,,,,,0,0,1,,
carex praecox,non-woody,graminoid,12.0,0.787468605,366.7538462,0.107216746,,,0.0,2.0,1.0,1.0,0.0,0.0,1.0,,,,,,,,,,,,,,0,0,1,,
carex pseudocyperus,non-woody,graminoid,2.0,0.1315,,,,,19.0,1.0,0.0,0.0,0.0,0.0,1.0,,,,,,,,,,,,,,0,0,1,,
carex pseudofoetida,non-woody,graminoid,1.0,,,,,,,0.0,0.0,0.0,0.0,0.0,0.0,2.0,7.0,12.495987603,2.523659306,0.0,97.476340695,33.561675,77.410762,,,,,,1,0,1,,
carex pseuduncinoides,,,20.0,0.6128199999999999,25.2046062645,0.14076786115,7.0757145583500005,0.21852203860000002,,20.0,20.0,20.0,20.0,20.0,0.0,,,,,,,,,,,,,,0,0,1,-0.41188853101151285,0.6492647473778677
carex pyrenaica,non-woody,graminoid,1.0,,,,,,,0.0,0.0,0.0,0.0,0.0,0.0,,,,,,,,,,,,,,0,0,1,,
carex rhizina,non-woody,unspecified,4.0,0.0844,,,,,0.0,1.0,0.0,0.0,0.0,0.0,1.0,,,,,,,,,,,,,,0,0,1,,
carex riparia,non-woody,graminoid,8.0,,,,9.2,,,0.0,0.0,0.0,8.0,0.0,0.0,,,,,,,,,,,,,,0,0,1,,
carex rostrata,non-woody,graminoid,18.0,0.1035,,,7.7309109,0.788511684,2.3,1.0,0.0,0.0,5.0,2.0,1.0,,,,,,,,,,,,,,0,0,1,,
carex rotundata,non-woody,graminoid,1.0,0.1078,,,,,3.8,1.0,0.0,0.0,0.0,0.0,1.0,,,,,,,,,,,,,,0,0,1,,
carex rupestris,non-woody,graminoid,4.0,,,,,,,0.0,0.0,0.0,0.0,0.0,0.0,,,,,,,,,,,,,,0,0,1,,
carex sagaensis,,,,,,,,,,,,,,,,1.0,3.0,0.0,0.0,0.0,100.0,33.8144167,77.5251,,,,,,1,0,0,,
carex schmidtii,,unspecified,1.0,,,,,,,0.0,0.0,0.0,0.0,0.0,0.0,,,,,,,,,,,,,,0,0,1,,
carex scopulorum,non-woody,herb,1.0,,,,,,,0.0,0.0,0.0,0.0,0.0,0.0,,,,,,,,,,,,,,0,0,1,,
carex secalina,non-woody,graminoid,1.0,0.0803,,,,,0.0,1.0,0.0,0.0,0.0,0.0,1.0,,,,,,,,,,,,,,0,0,1,,
carex sempervirens,non-woody,graminoid,3.0,,,,,,,0.0,0.0,0.0,0.0,0.0,0.0,,,,,,,,,,,,,,0,0,1,,
carex songorica,,unspecified,2.0,,,,,,,0.0,0.0,0.0,0.0,0.0,0.0,,,,,,,,,,,,,,0,0,1,,
carex speciosa,,unspecified,2.0,,,,,,,0.0,0.0,0.0,0.0,0.0,0.0,,,,,,,,,,,,,,0,0,1,,
carex spicata,non-woody,graminoid,3.0,0.0779,,,,,0.0,1.0,0.0,0.0,0.0,0.0,1.0,,,,,,,,,,,,,,0,0,1,,
carex stenophylla,non-woody,graminoid,5.0,,,,,,,0.0,0.0,0.0,0.0,0.0,0.0,,,,,,,,,,,,,,0,0,1,,
carex subspathacea,non-woody,graminoid,186.0,,,,0.12540625,,,0.0,0.0,0.0,64.0,0.0,0.0,,,,,,,,,,,,,,0,0,1,,
carex supina,non-woody,graminoid,2.0,0.0783,,,,,5.6,1.0,0.0,0.0,0.0,0.0,1.0,,,,,,,,,,,,,,0,0,1,,
carex sylvatica,non-woody,graminoid,3.0,,,,,,,0.0,0.0,0.0,0.0,0.0,0.0,,,,,,,,,,,,,,0,0,1,,
carex tenuiflora,non-woody,graminoid,4.0,,,,,,,0.0,0.0,0.0,0.0,0.0,0.0,,,,,,,,,,,,,,0,0,1,,
carex tibetikobresia,,,20.0,0.703925,16.365893848000002,0.13781589265,7.5492288169999995,0.24915667505,,20.0,20.0,20.0,20.0,20.0,0.0,,,,,,,,,,,,,,0,0,1,-0.44843352841446843,0.8924574492440315
carex trinervis,non-woody,graminoid,4.0,,,,,,,0.0,0.0,0.0,0.0,0.0,0.0,,,,,,,,,,,,,,0,0,1,,
carex tristachya,non-woody,graminoid,11.0,0.12578270857142856,99.425,,,,0.0,7.0,4.0,0.0,0.0,0.0,3.0,,,,,,,,,,,,,,0,0,1,,
carex tristis,non-woody,graminoid,3.0,,,,,,,0.0,0.0,0.0,0.0,0.0,0.0,,,,,,,,,,,,,,0,0,1,,
carex turkestanica,,graminoid,4.0,,,,,,,0.0,0.0,0.0,0.0,0.0,0.0,,,,,,,,,,,,,,0,0,1,,
carex umbrosa,non-woody,graminoid,2.0,,,,,,,0.0,0.0,0.0,0.0,0.0,0.0,,,,,,,,,,,,,,0,0,1,,
carex utriculata,non-woody,graminoid,8.0,0.1037,,,8.0,0.977,7.4,1.0,0.0,0.0,3.0,3.0,1.0,,,,,,,,,,,,,,0,0,1,,
carex vaginata,non-woody,graminoid,8.0,0.1155,,,,,0.0,1.0,0.0,0.0,0.0,0.0,1.0,,,,,,,,,,,,,,0,0,1,,
carex vesicaria,non-woody,graminoid,4.0,0.0914,,,,,0.0,1.0,0.0,0.0,0.0,0.0,1.0,,,,,,,,,,,,,,0,0,1,,
carex vulpina,non-woody,graminoid,6.0,1.66526194,391.1111111,0.171734469,,,,1.0,1.0,1.0,0.0,0.0,0.0,,,,,,,,,,,,,,0,0,1,,
carica papaya,woody,tree,1.0,1.4,3.8,,,,,1.0,1.0,0.0,0.0,0.0,0.0,,,,,,,,,,,,,,0,0,1,,
cariniana estrellensis,woody,tree,24.0,,,,,,,0.0,0.0,0.0,0.0,0.0,0.0,,,,,,,,,,,,,,0,0,1,,
cariniana ianeirensis,woody,tree,30.0,,,,,,,0.0,0.0,0.0,0.0,0.0,0.0,,,,,,,,,,,,,,0,0,1,,
cariniana pyriformis,woody,tree,1.0,,,,,,,0.0,0.0,0.0,0.0,0.0,0.0,,,,,,,,,,,,,,0,0,1,,
carlina acaulis,non-woody,herb,13.0,3.15883366,189.5461538,0.194031631,,,,1.0,1.0,1.0,0.0,0.0,0.0,,,,,,,,,,,,,,0,0,1,,
carlina biebersteinii,,unspecified,1.0,,,,,,,0.0,0.0,0.0,0.0,0.0,0.0,,,,,,,,,,,,,,0,0,1,,
carlina vulgaris,non-woody,herb,5.0,2.44972378,365.1857143,0.082136364,,,,1.0,1.0,1.0,0.0,0.0,0.0,,,,,,,,,,,,,,0,0,1,,
carnegiea gigantea,woody,,3.0,,,,,,,0.0,0.0,0.0,0.0,0.0,0.0,,,,,,,,,,,,,,0,0,1,,
carpinus betulus,woody,tree,56.0,0.6613525290625,23.858003217333334,0.49954531679999997,10.8249788916,1.1,92.78333333333335,16.0,12.0,15.0,10.0,1.0,6.0,,,,,,,,,,,,,,0,0,1,-1.4501659885909852,-0.06288887840612704
carpinus caroliniana,,tree,16.0,0.6308812500000001,20.891868058625,0.21065978175,,,,16.0,16.0,16.0,0.0,0.0,0.0,,,,,,,,,,,,,,0,0,1,,
carpinus cordata,woody,tree,5.0,0.42332061660000003,30.6063764728,1.0287973344,9.540000000000001,,,5.0,5.0,5.0,5.0,0.0,0.0,,,,,,,,,,,,,,0,0,1,-3.3348376525353283,-1.8163811403780838
carpinus orientalis,woody,tree,1.0,,,,,,,0.0,0.0,0.0,0.0,0.0,0.0,,,,,,,,,,,,,,0,0,1,,
carpodetus serratus,woody,tree,8.0,0.516975,31.33961094875,0.1539496095,16.305,1.44,,8.0,8.0,8.0,2.0,1.0,0.0,,,,,,,,,,,,,,0,0,1,0.26073678853842397,0.25071527491724815
carthamus tinctorius,non-woody,herb,1.0,,,,,,,0.0,0.0,0.0,0.0,0.0,0.0,,,,,,,,,,,,,,0,0,1,,
carum carvi,non-woody,herb,11.0,2.15148034,574.3222222,0.036328444,,,,1.0,1.0,1.0,0.0,0.0,0.0,,,,,,,,,,,,,,0,0,1,,
carum caucasicum,non-woody,herb,14.0,,,,,,,0.0,0.0,0.0,0.0,0.0,0.0,,,,,,,,,,,,,,0,0,1,,
carya alba,woody,tree,1.0,,,,7.4,,23.25,0.0,0.0,0.0,1.0,0.0,1.0,,,,,,,,,,,,,,0,0,1,,
carya cordiformis,woody,tree,25.0,0.6100434782608696,22.689947930695652,0.22863077543478258,,,,23.0,23.0,23.0,0.0,0.0,0.0,,,,,,,,,,,,,,0,0,1,,
carya floridana,woody,tree,1.0,,,,,,,0.0,0.0,0.0,0.0,0.0,0.0,,,,,,,,,,,,,,0,0,1,,
carya glabra,woody,tree,45.0,0.2,63.637692307692305,0.7240833333333333,10.570602325777777,0.9069521995000001,,13.0,13.0,12.0,9.0,6.0,0.0,,,,,,,,,,,,,,0,0,1,-1.8964507161389197,-1.7742301577437902
carya ovata,woody,tree,103.0,0.5815979797979798,21.495863374545458,0.23327614892929294,1.67,,,99.0,99.0,99.0,2.0,0.0,0.0,,,,,,,,,,,,,,0,0,1,-1.1448867006515826,0.4436233853099908
caryocar brasiliense,woody,tree,2.0,,,,,,,0.0,0.0,0.0,0.0,0.0,0.0,,,,,,,,,,,,,,0,0,1,,
caryota maxima,woody,tree,1.0,0.29225,57.57059687,0.263346829,11.32574433,,,1.0,1.0,1.0,1.0,0.0,0.0,,,,,,,,,,,,,,0,0,1,-0.255862183921065,-0.5312293405925077
casearia gossypiosperma,woody,tree,58.0,,,,,,,0.0,0.0,0.0,0.0,0.0,0.0,,,,,,,,,,,,,,0,0,1,,
casearia sylvestris,woody,shrub/tree,2.0,,,,,,,0.0,0.0,0.0,0.0,0.0,0.0,,,,,,,,,,,,,,0,0,1,,
cassia fistula,woody,tree,1.0,,,,,,57.81,0.0,0.0,0.0,0.0,0.0,1.0,,,,,,,,,,,,,,0,0,1,,
cassiope tetragona,woody,shrub,32.0,0.23371,132.20853860444444,,10.423066243555557,1.1974359474444445,,10.0,9.0,0.0,9.0,9.0,0.0,,,,,,,,,,,,,,0,0,1,,
castanea henryi,woody,unspecified,1.0,0.16803,40.96,0.49,19.06,,26.0,1.0,1.0,1.0,1.0,0.0,1.0,,,,,,,,,,,,,,0,0,1,-0.5997603204546628,-1.4137509374589543
castanea sativa,woody,tree,24.0,,,,12.566666666666668,0.323,,0.0,0.0,0.0,3.0,1.0,0.0,,,,,,,,,,,,,,0,0,1,,
castanopsis boisii,,,3.0,0.65,8.257133397,0.4432859906666667,7.563333333333333,0.34,,3.0,3.0,3.0,3.0,3.0,0.0,,,,,,,,,,,,,,0,0,1,-1.5827196713400453,0.0993612850202564
castanopsis calathiformis,,,1.0,0.657733333,6.696479927,0.46241452,9.51,0.29,,1.0,1.0,1.0,1.0,1.0,0.0,,,,,,,,,,,,,,0,0,1,-1.525111388118907,0.054132332416036336
castanopsis carlesii,woody,tree,6.0,0.5944231786666667,27.873749407000002,0.7441268685,15.2308,,,6.0,6.0,6.0,1.0,0.0,0.0,,,,,,,,,,,,,,0,0,1,-1.9698173968614743,-0.8311758171822942
castanopsis chinensis,woody,tree,2.0,,,,,,,0.0,0.0,0.0,0.0,0.0,0.0,,,,,,,,,,,,,,0,0,1,,
castanopsis echinocarpa,woody,tree,11.0,0.560799697,18.267126935,0.43423761000000005,9.075,0.357,95.0,11.0,11.0,11.0,10.0,10.0,1.0,,,,,,,,,,,,,,0,0,1,-1.3546784342291311,-0.14023625922961683
castanopsis eyrei,woody,tree,1.0,0.194633333,102.2997561,0.341666667,20.38827167,,,1.0,1.0,1.0,1.0,0.0,0.0,,,,,,,,,,,,,,0,0,1,0.4313032584331407,-1.1371380494542598
castanopsis fabri,woody,tree,21.0,0.5106852651428572,42.572051300714286,0.8512690454285714,12.5389948125,0.425,,7.0,7.0,7.0,4.0,2.0,0.0,,,,,,,,,,,,,,0,0,1,-2.426327828695572,-1.2653875900429976
castanopsis fargesii,woody,tree,2.0,0.2027,114.7843243,0.264285714,19.2164985,,,1.0,1.0,1.0,1.0,0.0,0.0,,,,,,,,,,,,,,0,0,1,0.7069496908753862,-0.9519498193107245
castanopsis ferox,,,3.0,0.8052,7.068749814333334,0.4379723176666666,8.783333333333333,0.7566666666666667,,3.0,3.0,3.0,3.0,3.0,0.0,,,,,,,,,,,,,,0,0,1,-1.5214438383376474,0.48663064418074314
castanopsis fissa,woody,tree,8.0,0.2053375,93.44081080000001,0.4123076925,12.42481083375,0.32166666666666666,20.0,2.0,2.0,2.0,8.0,6.0,1.0,,,,,,,,,,,,,,0,0,1,-0.44967839033699103,-1.148237628752554
castanopsis fleuryi,,,3.0,0.4843,14.120618183333335,0.41678069999999995,11.6,0.4633333333333334,,3.0,3.0,3.0,3.0,3.0,0.0,,,,,,,,,,,,,,0,0,1,-1.1225484579428424,-0.3198296970715747
castanopsis hystrix,woody,tree,21.0,0.57759916675,15.658931691416667,0.48292990075000003,10.07529411764706,0.37333333333333335,63.0,12.0,12.0,12.0,17.0,12.0,1.0,,,,,,,,,,,,,,0,0,1,-1.4793427063415303,-0.2137090643682818
castanopsis indica,woody,tree,25.0,0.77252666672,5.976973407079999,0.52654385472,8.568333333333333,0.59,,25.0,25.0,25.0,24.0,25.0,0.0,,,,,,,,,,,,,,0,0,1,-1.8534436000168144,0.21472259483327183
castanopsis kawakamii,woody,unspecified,8.0,,,,,,,0.0,0.0,0.0,0.0,0.0,0.0,,,,,,,,,,,,,,0,0,1,,
castanopsis tonkinensis,,,6.0,,,,10.583333333333334,0.32,,0.0,0.0,0.0,6.0,6.0,0.0,,,,,,,,,,,,,,0,0,1,,
castanopsis wattii,woody,tree,1.0,0.16121,92.32,0.51,22.63,,100.0,1.0,1.0,1.0,1.0,0.0,1.0,,,,,,,,,,,,,,0,0,1,-0.07109181627995892,-1.603485117901532
castilleja integra,non-woody/woody,herb/shrub,4.0,,17.486194440000002,,10.04397511,,,0.0,3.0,0.0,1.0,0.0,0.0,,,,,,,,,,,,,,0,0,1,,
castilleja nelsonii,non-woody,herb,6.0,,19.1985758498,,10.48899055,,,0.0,5.0,0.0,1.0,0.0,0.0,,,,,,,,,,,,,,0,0,1,,
casuarina equisetifolia,woody,tree,8.0,,,,8.65,,,0.0,0.0,0.0,2.0,0.0,0.0,,,,,,,,,,,,,,0,0,1,,
catabrosa aquatica,non-woody,graminoid,1.0,,,,,,,0.0,0.0,0.0,0.0,0.0,0.0,,,,,,,,,,,,,,0,0,1,,
catabrosella humilis,non-woody,graminoid,6.0,,,,,,,0.0,0.0,0.0,0.0,0.0,0.0,,,,,,,,,,,,,,0,0,1,,
catabrosella variegata,non-woody,graminoid,1.0,,,,,,,0.0,0.0,0.0,0.0,0.0,0.0,,,,,,,,,,,,,,0,0,1,,
catalpa bignonioides,woody,tree,4.0,0.6173399725,24.20305853,0.14024999999999999,22.95728125,,,4.0,4.0,4.0,4.0,0.0,0.0,,,,,,,,,,,,,,0,0,1,0.7111478576755705,0.45817895148167065
catalpa bungei,woody,tree,1.0,,,,,,,0.0,0.0,0.0,0.0,0.0,0.0,,,,,,,,,,,,,,0,0,1,,
catalpa speciosa,woody,tree,2.0,,,,,,,0.0,0.0,0.0,0.0,0.0,0.0,,,,,,,,,,,,,,0,0,1,,
catolobus pendulus,,unspecified,1.0,,,,,,,0.0,0.0,0.0,0.0,0.0,0.0,,,,,,,,,,,,,,0,0,1,,
catostemma sclerophyllum,woody,tree,1.0,0.792,6.38,0.333,,,,1.0,1.0,1.0,0.0,0.0,0.0,,,,,,,,,,,,,,0,0,1,,
catunaregam spinosa,woody,shrub/tree,1.0,0.25699,80.24,0.38,29.15,,28.0,1.0,1.0,1.0,1.0,0.0,1.0,,,,,,,,,,,,,,0,0,1,0.7541294744059334,-1.1425400084139532
caulophyllum robustum,non-woody,herb,1.0,0.3578,91.70646617,0.108130081,21.74845767,,,1.0,1.0,1.0,1.0,0.0,0.0,,,,,,,,,,,,,,0,0,1,1.2545072219813191,-0.21551908796409383
cavanillesia hylogeiton,woody,tree,30.0,,,,,,,0.0,0.0,0.0,0.0,0.0,0.0,,,,,,,,,,,,,,0,0,1,,
cavanillesia platanifolia,woody,tree,28.0,,,,,,,0.0,0.0,0.0,0.0,0.0,0.0,,,,,,,,,,,,,,0,0,1,,
ceanothus crassifolius,woody,shrub,2.0,,,,,,,0.0,0.0,0.0,0.0,0.0,0.0,,,,,,,,,,,,,,0,0,1,,
ceanothus fendleri,woody,shrub,5.0,,36.892099125,,11.27897233,,,0.0,4.0,0.0,1.0,0.0,0.0,,,,,,,,,,,,,,0,0,1,,
ceanothus herbaceus,woody,shrub,3.0,,,,,,,0.0,0.0,0.0,0.0,0.0,0.0,,,,,,,,,,,,,,0,0,1,,
ceanothus leucodermis,woody,shrub,4.0,,,,,,,0.0,0.0,0.0,0.0,0.0,0.0,,,,,,,,,,,,,,0,0,1,,
ceanothus megacarpus,woody,shrub,2.0,,,,,,,0.0,0.0,0.0,0.0,0.0,0.0,,,,,,,,,,,,,,0,0,1,,
ceanothus oliganthus,woody,shrub,3.0,,,,,,,0.0,0.0,0.0,0.0,0.0,0.0,,,,,,,,,,,,,,0,0,1,,
ceanothus pauciflorus,woody,unspecified,49.0,,,,,,,0.0,0.0,0.0,0.0,0.0,0.0,,,,,,,,,,,,,,0,0,1,,
ceanothus spinosus,woody,shrub,2.0,,,,,,,0.0,0.0,0.0,0.0,0.0,0.0,,,,,,,,,,,,,,0,0,1,,
cecropia angustifolia,,,4.0,0.53606514325,23.5058221975,0.2448072935,19.6296025,1.3160755093333334,,4.0,4.0,4.0,4.0,3.0,0.0,,,,,,,,,,,,,,0,0,1,0.11472886605176612,0.06879494704741092
cecropia concolor,woody,tree,26.0,,,,,,,0.0,0.0,0.0,0.0,0.0,0.0,,,,,,,,,,,,,,0,0,1,,
cecropia distachya,woody,tree,2.0,,,,,,,0.0,0.0,0.0,0.0,0.0,0.0,,,,,,,,,,,,,,0,0,1,,
cecropia ficifolia,woody,tree,2.0,,,,,,,0.0,0.0,0.0,0.0,0.0,0.0,,,,,,,,,,,,,,0,0,1,,
cecropia obtusa,,,,,,,,,,,,,,,,6.0,8.0,8.023099286833332,6.765084621166667,0.0,88.53783419166666,4.5558333336666665,-52.20907407333333,2.0,1.0,1.0,4.55545,-52.2093,1,1,0,,
cecropia pachystachya,woody,tree,2.0,,,,,,,0.0,0.0,0.0,0.0,0.0,0.0,,,,,,,,,,,,,,0,0,1,,
cecropia sciadophylla,woody,tree,4.0,,,,,,,0.0,0.0,0.0,0.0,0.0,0.0,,,,,,,,,,,,,,0,0,1,,
cedrela fissilis,woody,tree,18.0,,,,,,,0.0,0.0,0.0,0.0,0.0,0.0,,,,,,,,,,,,,,0,0,1,,
cedrela montana,woody,shrub/tree,3.0,0.5905333333333334,18.455068100000002,0.20024080533333333,23.401406666666663,1.919828224,,3.0,3.0,3.0,3.0,1.0,0.0,,,,,,,,,,,,,,0,0,1,0.49567045838577845,0.26271159019009666
cedrela odorata,woody,tree,28.0,,,,,,,0.0,0.0,0.0,0.0,0.0,0.0,,,,,,,,,,,,,,0,0,1,,
cedrus atlantica,woody,tree,1.0,,,,,,,0.0,0.0,0.0,0.0,0.0,0.0,,,,,,,,,,,,,,0,0,1,,
cedrus deodara,woody,tree,5.0,,,,,,,0.0,0.0,0.0,0.0,0.0,0.0,,,,,,,,,,,,,,0,0,1,,
cedrus libani,woody,tree,4.0,0.5037666666666666,13.011545322000002,0.4163994713333334,,,,3.0,3.0,3.0,0.0,0.0,0.0,,,,,,,,,,,,,,0,0,1,,
ceiba pentandra,woody,tree,66.0,1.0685125,0.926157305590909,0.247122123,11.79661512,,,4.0,44.0,1.0,1.0,0.0,0.0,,,,,,,,,,,,,,0,0,1,-0.7271956035683612,1.5373241433801181
ceiba samauma,woody,tree,12.0,,,,,,,0.0,0.0,0.0,0.0,0.0,0.0,,,,,,,,,,,,,,0,0,1,,
ceiba speciosa,woody,tree,30.0,,,,,,,0.0,0.0,0.0,0.0,0.0,0.0,,,,,,,,,,,,,,0,0,1,,
celastrus orbiculatus,woody,climber,1.0,,66.7,0.24,12.7,,,0.0,1.0,1.0,1.0,0.0,0.0,,,,,,,,,,,,,,0,0,1,,
celastrus scandens,woody,climber,1.0,,40.4,0.23,15.3,,,0.0,1.0,1.0,1.0,0.0,0.0,,,,,,,,,,,,,,0,0,1,,
celmisia angustifolia,non-woody,herb,3.0,,34.22406369266667,,6.74893077,,,0.0,3.0,0.0,1.0,0.0,0.0,,,,,,,,,,,,,,0,0,1,,
celmisia hieraciifolia,,unspecified,18.0,,9.036387980666667,0.290151515,,,,0.0,9.0,18.0,0.0,0.0,0.0,,,,,,,,,,,,,,0,0,1,,
celmisia lyallii,non-woody,herb,3.0,,21.379208749,,7.630695612,,,0.0,3.0,0.0,1.0,0.0,0.0,,,,,,,,,,,,,,0,0,1,,
celtis australis,woody,tree,2.0,0.281675,22.54309961,0.766484225,,,1.508333333,1.0,1.0,1.0,0.0,0.0,1.0,,,,,,,,,,,,,,0,0,1,,
celtis laevigata,woody,shrub/tree,1.0,,,,,,,0.0,0.0,0.0,0.0,0.0,0.0,,,,,,,,,,,,,,0,0,1,,
celtis mildbraedii,woody,tree,1.0,,,,,,,0.0,0.0,0.0,0.0,0.0,0.0,,,,,,,,,,,,,,0,0,1,,
celtis occidentalis,woody,shrub/tree,4.0,,,,,,,0.0,0.0,0.0,0.0,0.0,0.0,,,,,,,,,,,,,,0,0,1,,
celtis pallida,woody,tree,4.0,,,,,,,0.0,0.0,0.0,0.0,0.0,0.0,,,,,,,,,,,,,,0,0,1,,
celtis sinensis,woody,tree,1.0,0.14043,113.0,0.62,19.21,,22.0,1.0,1.0,1.0,1.0,0.0,1.0,,,,,,,,,,,,,,0,0,1,-0.5642340609225042,-1.886197839924978
celtis tetrandra,woody,tree,4.0,0.54454999975,16.77941267075,0.38374917175,13.32,0.62,,4.0,4.0,4.0,4.0,4.0,0.0,,,,,,,,,,,,,,0,0,1,-0.8783460085290179,-0.12261852857707431
celtis timorensis,woody,tree,3.0,0.43146666666666667,21.395572079,0.3963205023333333,10.453333333333333,0.7866666666666666,,3.0,3.0,3.0,3.0,3.0,0.0,,,,,,,,,,,,,,0,0,1,-1.0695445257422083,-0.40437396030170253
cenchrus americanus,woody,shrub/tree,2.0,0.22,148.0,0.18,,,,1.0,1.0,1.0,0.0,0.0,0.0,,,,,,,,,,,,,,0,0,1,,
cenchrus biflorus,non-woody,graminoid,2.0,,,,,,,0.0,0.0,0.0,0.0,0.0,0.0,,,,,,,,,,,,,,0,0,1,,
cenchrus ciliaris,non-woody,graminoid,6.0,,,,6.5,,,0.0,0.0,0.0,1.0,0.0,0.0,8.0,15.375,35.519436608125,0.28848975649999997,0.0,98.99405394,-23.766805554999998,133.87611114999999,4.0,4.75,1.0,-23.766849999999998,133.87625,1,1,1,,
cenchrus clandestinus,non-woody,graminoid,6.0,,,,,,,0.0,0.0,0.0,0.0,0.0,0.0,,,,,,,,,,,,,,0,0,1,,
cenchrus divisus,,,1.0,,,,,,,0.0,0.0,0.0,0.0,0.0,0.0,,,,,,,,,,,,,,0,0,1,,
cenchrus hohenackeri,,unspecified,1.0,,,,,,55.5,0.0,0.0,0.0,0.0,0.0,1.0,,,,,,,,,,,,,,0,0,1,,
cenchrus longisetus,non-woody,graminoid,1.0,,,,,,,0.0,0.0,0.0,0.0,0.0,0.0,,,,,,,,,,,,,,0,0,1,,
cenchrus polystachios,,,,,,,,,,,,,,,,,,,,,,,,1.0,2.0,2.0,16.8594,100.465,0,1,0,,
cenchrus setaceus,non-woody,graminoid,1.0,,,,,,,0.0,0.0,0.0,0.0,0.0,0.0,,,,,,,,,15.0,2037.9333333333334,3.1333333333333333,38.03125333333333,-1.029078,0,1,1,,
cenchrus setiger,,,2.0,,,,,,,0.0,0.0,0.0,0.0,0.0,0.0,,,,,,,,,,,,,,0,0,1,,
cenostigma pluviosum,woody,tree,48.0,,,,,,,0.0,0.0,0.0,0.0,0.0,0.0,,,,,,,,,,,,,,0,0,1,,
cenostigma pyramidale,woody,tree,3.0,,,,,,,0.0,0.0,0.0,0.0,0.0,0.0,,,,,,,,,,,,,,0,0,1,,
centaurea aegyptiaca,,,1.0,,,,,,,0.0,0.0,0.0,0.0,0.0,0.0,,,,,,,,,,,,,,0,0,1,,
centaurea besseriana,non-woody,herb,1.0,,,,,,,0.0,0.0,0.0,0.0,0.0,0.0,,,,,,,,,,,,,,0,0,1,,
centaurea bruguierana,,,1.0,,,,,,,0.0,0.0,0.0,0.0,0.0,0.0,,,,,,,,,,,,,,0,0,1,,
centaurea cheiranthifolia,non-woody,herb,6.0,,,,,,,0.0,0.0,0.0,0.0,0.0,0.0,,,,,,,,,,,,,,0,0,1,,
centaurea cyanus,non-woody,herb,1.0,,,,,,,0.0,0.0,0.0,0.0,0.0,0.0,,,,,,,,,,,,,,0,0,1,,
centaurea diffusa,non-woody,herb,4.0,,49.751887996666674,,9.273581505,,,0.0,3.0,0.0,1.0,0.0,0.0,,,,,,,,,,,,,,0,0,1,,
centaurea jacea,non-woody,herb,37.0,2.71583063,261.1304894,0.078389422,,,,1.0,4.0,1.0,0.0,0.0,0.0,14.0,9.928571428571429,12.341514315357143,0.10281662207142858,0.0,81.02889624214286,53.82182539571428,17.78142857142857,,,,,,1,0,1,,
centaurea pectinata,non-woody,herb,15.0,0.5391140318,43.555110272,0.12619052,9.795,,,5.0,5.0,3.0,2.0,0.0,0.0,,,,,,,,,,,,,,0,0,1,-0.025845895705688262,0.43167308745920707
centaurea phrygia,non-woody,herb,2.0,,,,,,,0.0,0.0,0.0,0.0,0.0,0.0,,,,,,,,,,,,,,0,0,1,,
centaurea pulchella,,unspecified,5.0,,,,,,,0.0,0.0,0.0,0.0,0.0,0.0,,,,,,,,,,,,,,0,0,1,,
centaurea scabiosa,non-woody,herb,9.0,,,,,,,0.0,0.0,0.0,0.0,0.0,0.0,,,,,,,,,,,,,,0,0,1,,
centaurea stoebe,non-woody,herb,1.0,,,,,,,0.0,0.0,0.0,0.0,0.0,0.0,,,,,,,,,36.0,42.583333333333336,2.4166666666666665,47.9338,-27.509722222222223,0,1,1,,
centaurea triumfettii,non-woody,herb,1.0,,,,,,,0.0,0.0,0.0,0.0,0.0,0.0,,,,,,,,,,,,,,0,0,1,,
centaurium erythraea,non-woody,herb,2.0,1.70448969,271.9142857,0.146400989,,,,1.0,1.0,1.0,0.0,0.0,0.0,1.0,8.0,44.44444444,0.0,0.0,88.88888889,-41.77277778,147.3030556,,,,,,1,0,1,,
centaurium pulchellum,non-woody,herb,1.0,,,,,,,0.0,0.0,0.0,0.0,0.0,0.0,,,,,,,,,,,,,,0,0,1,,
centrolobium microchaete,woody,tree,42.0,,,,,,,0.0,0.0,0.0,0.0,0.0,0.0,,,,,,,,,,,,,,0,0,1,,
centronia laurifolia,,,3.0,0.30691666666666667,55.36910361,0.24545336733333334,16.821823333333334,0.8921243273333334,,3.0,3.0,3.0,3.0,3.0,0.0,,,,,,,,,,,,,,0,0,1,0.18066009418961101,-0.5226058126517366
centrosema acutifolium,woody,climber,2.0,,,,15.100000000000001,0.445,,0.0,0.0,0.0,2.0,2.0,0.0,,,,,,,,,,,,,,0,0,1,,
cephalanthera rubra,non-woody,herb,1.0,,,,,,,0.0,0.0,0.0,0.0,0.0,0.0,,,,,,,,,,,,,,0,0,1,,
cephalanthus occidentalis,woody,shrub/tree,1.0,,48.9,0.53,12.0,,,0.0,1.0,1.0,1.0,0.0,0.0,,,,,,,,,,,,,,0,0,1,,
cephalaria gigantea,non-woody,herb,2.0,,,,,,,0.0,0.0,0.0,0.0,0.0,0.0,,,,,,,,,,,,,,0,0,1,,
cephalotaxus harringtonii,woody,shrub/tree,9.0,0.7886123731666667,12.916437978333335,0.18661259966666668,2.5750122203333334,,82.94611111,6.0,6.0,6.0,3.0,0.0,1.0,,,,,,,,,,,,,,0,0,1,-1.0197922303222902,1.0676492457268996
cerastium alpinum,non-woody,herb,1.0,,,,,,,0.0,0.0,0.0,0.0,0.0,0.0,,,,,,,,,,,,,,0,0,1,,
cerastium arcticum,non-woody,herb,3.0,,,,,,,0.0,0.0,0.0,0.0,0.0,0.0,,,,,,,,,,,,,,0,0,1,,
cerastium argenteum,,unspecified,1.0,,,,,,,0.0,0.0,0.0,0.0,0.0,0.0,,,,,,,,,,,,,,0,0,1,,
cerastium arvense,non-woody,herb,12.0,1.0683872485,159.02077494,0.290771943,,,,2.0,2.0,2.0,0.0,0.0,0.0,,,,,,,,,,,,,,0,0,1,,
cerastium carinthiacum,,,1.0,,,,,,,0.0,0.0,0.0,0.0,0.0,0.0,,,,,,,,,,,,,,0,0,1,,
cerastium cerastoides,non-woody,herb,5.0,,,,,,,0.0,0.0,0.0,0.0,0.0,0.0,2.0,,,,,,32.8997035,77.207305835,,,,,,1,0,1,,
cerastium davuricum,,unspecified,1.0,,,,,,,0.0,0.0,0.0,0.0,0.0,0.0,,,,,,,,,,,,,,0,0,1,,
cerastium dichotomum,non-woody,herb,1.0,,,,,,,0.0,0.0,0.0,0.0,0.0,0.0,,,,,,,,,,,,,,0,0,1,,
cerastium falcatum,,unspecified,1.0,,,,,,,0.0,0.0,0.0,0.0,0.0,0.0,,,,,,,,,,,,,,0,0,1,,
cerastium fontanum,non-woody,herb,2.0,0.28,7.2,,5.65,0.78,0.0,1.0,1.0,0.0,1.0,1.0,1.0,,,,,,,,,,,,,,0,0,1,,
cerastium glomeratum,non-woody,herb,4.0,1.60789545,408.41666665,0.0650614,14.7,,,1.0,2.0,1.0,1.0,0.0,0.0,,,,,,,,,,,,,,0,0,1,2.7403955419358184,2.5977506445924052
cerastium kasbek,,unspecified,2.0,,,,,,,0.0,0.0,0.0,0.0,0.0,0.0,,,,,,,,,,,,,,0,0,1,,
cerastium multiflorum,non-woody,herb,1.0,,,,,,,0.0,0.0,0.0,0.0,0.0,0.0,,,,,,,,,,,,,,0,0,1,,
cerastium nutans,,,2.0,2.55394889,261.0272727,0.054610736,,,,1.0,1.0,1.0,0.0,0.0,0.0,,,,,,,,,,,,,,0,0,1,,
cerastium pauciflorum,,unspecified,2.0,,,,,,,0.0,0.0,0.0,0.0,0.0,0.0,,,,,,,,,,,,,,0,0,1,,
cerastium pumilum,non-woody,herb,3.0,1.9339405,513.8692308,0.060385631,,,,1.0,1.0,1.0,0.0,0.0,0.0,,,,,,,,,,,,,,0,0,1,,
cerastium semidecandrum,non-woody,herb,2.0,1.98843315,368.04,0.1836775,,,,1.0,1.0,1.0,0.0,0.0,0.0,,,,,,,,,,,,,,0,0,1,,
cerastium svanicum,,unspecified,1.0,,,,,,,0.0,0.0,0.0,0.0,0.0,0.0,,,,,,,,,,,,,,0,0,1,,
cerastium uniflorum,non-woody,herb,1.0,,,,,,,0.0,0.0,0.0,0.0,0.0,0.0,,,,,,,,,,,,,,0,0,1,,
ceratocarpus arenarius,non-woody,herb,16.0,,27.59,,16.04,,,0.0,1.0,0.0,1.0,0.0,0.0,,,,,,,,,,,,,,0,0,1,,
ceratostigma minus,,shrub,1.0,,4.75940476,,,,,0.0,1.0,0.0,0.0,0.0,0.0,,,,,,,,,,,,,,0,0,1,,
ceratostigma willmottianum,woody,shrub,1.0,,1.273,,7.4,1.81,,0.0,1.0,0.0,1.0,1.0,0.0,,,,,,,,,,,,,,0,0,1,,
cercidiphyllum japonicum,woody,tree,4.0,0.5134675975,17.9328662025,0.2225,10.3163125,,,4.0,4.0,4.0,4.0,0.0,0.0,,,,,,,,,,,,,,0,0,1,-0.49957716032530136,0.19034436655377374
cercis canadensis,woody,tree,4.0,0.366,27.1,0.159,1.71,,,2.0,1.0,1.0,1.0,0.0,0.0,,,,,,,,,,,,,,0,0,1,-0.7878254976696827,0.05614759547574483
cercocarpus betuloides,woody,shrub,2.0,,,,,,,0.0,0.0,0.0,0.0,0.0,0.0,,,,,,,,,,,,,,0,0,1,,
cercocarpus montanus,woody,shrub/tree,8.0,,,,,,,0.0,0.0,0.0,0.0,0.0,0.0,,,,,,,,,,,,,,0,0,1,,
cereus repandus,,unspecified,1.0,,,,,,,0.0,0.0,0.0,0.0,0.0,0.0,,,,,,,,,,,,,,0,0,1,,
cerinthe glabra,non-woody,herb,1.0,,,,,,,0.0,0.0,0.0,0.0,0.0,0.0,,,,,,,,,,,,,,0,0,1,,
cerinthe minor,non-woody,herb,1.0,,,,,,,0.0,0.0,0.0,0.0,0.0,0.0,,,,,,,,,,,,,,0,0,1,,
ceriops tagal,woody,shrub/tree,82.0,,,,,,,0.0,0.0,0.0,0.0,0.0,0.0,,,,,,,,,,,,,,0,0,1,,
cestrum parqui,,,,,,,,,,,,,,,,18.0,8.055555555555555,12.480695820833333,0.24691358022222223,0.8897243109444444,73.69854429944445,-32.60472222,-63.95194444,,,,,,1,0,0,,
cestrum schlechtendalii,,,1.0,0.5813,11.09478155,0.339693757,24.83008,,,1.0,1.0,1.0,1.0,0.0,0.0,,,,,,,,,,,,,,0,0,1,0.050765367537567385,-0.07323760636017643
chaenomeles japonica,woody,shrub,1.0,,,,,,,0.0,0.0,0.0,0.0,0.0,0.0,,,,,,,,,,,,,,0,0,1,,
chaenorhinum minus,non-woody,herb,1.0,,,,,,,0.0,0.0,0.0,0.0,0.0,0.0,,,,,,,,,,,,,,0,0,1,,
chaerophyllum andicola,,,,,,,,,,,,,,,,,,,,,,,,1.0,9.0,2.0,-32.7561,-64.9244,0,1,0,,
chaerophyllum aureum,non-woody,herb,4.0,2.01527972,494.9089998,0.055709754,,,,1.0,1.0,1.0,0.0,0.0,0.0,,,,,,,,,,,,,,0,0,1,,
chaerophyllum bulbosum,non-woody,herb,2.0,,,,,,,0.0,0.0,0.0,0.0,0.0,0.0,,,,,,,,,,,,,,0,0,1,,
chaerophyllum hirsutum,non-woody,herb,1.0,,,,,,,0.0,0.0,0.0,0.0,0.0,0.0,,,,,,,,,,,,,,0,0,1,,
chaerophyllum roseum,non-woody,herb,2.0,,,,,,,0.0,0.0,0.0,0.0,0.0,0.0,,,,,,,,,,,,,,0,0,1,,
chaerophyllum villosum,,,,,,,,,,,,,,,,1.0,6.0,69.23076923,0.0,0.0,100.0,34.36275,74.989,,,,,,1,0,0,,
chaetopappa ericoides,non-woody/woody,herb/shrub,5.0,,43.25886724,,13.30856323,,,0.0,3.0,0.0,1.0,0.0,0.0,,,,,,,,,,,,,,0,0,1,,
chamaecostus congestiflorus,,,,,,,,,,,,,,,,2.0,8.0,3.846153846,0.0,0.0,96.153846155,4.556666667,-52.20861111,,,,,,1,0,0,,
chamaecrista absus,,unspecified,1.0,,,,,,66.71,0.0,0.0,0.0,0.0,0.0,1.0,,,,,,,,,,,,,,0,0,1,,
chamaecrista apoucouita,woody,tree,2.0,,,,,,,0.0,0.0,0.0,0.0,0.0,0.0,,,,,,,,,,,,,,0,0,1,,
chamaecrista fasciculata,non-woody,herb,2.0,0.29801500000000003,70.0,0.16259099999999999,,,,2.0,1.0,2.0,0.0,0.0,0.0,,,,,,,,,,,,,,0,0,1,,
chamaecrista mimosoides,non-woody,herb,1.0,,,,,,,0.0,0.0,0.0,0.0,0.0,0.0,,,,,,,,,,,,,,0,0,1,,
chamaecrista xinguensis,woody,tree,2.0,,,,,,,0.0,0.0,0.0,0.0,0.0,0.0,,,,,,,,,,,,,,0,0,1,,
chamaecyparis formosensis,woody,tree,1.0,,,,,,,0.0,0.0,0.0,0.0,0.0,0.0,,,,,,,,,,,,,,0,0,1,,
chamaecyparis lawsoniana,woody,tree,2.0,,,,,,,0.0,0.0,0.0,0.0,0.0,0.0,,,,,,,,,,,,,,0,0,1,,
chamaecyparis obtusa,woody,tree,337.0,0.8164483639583334,13.156067548276596,0.6433333333333334,11.5,,21.19923124,24.0,94.0,3.0,3.0,0.0,3.0,,,,,,,,,5.0,5.4,1.6,35.37004,138.2252,0,1,1,-2.025242049152024,0.019117095827186098
chamaecyparis pisifera,woody,tree,9.0,0.48113762433333335,23.12988591,0.19178426699999998,2.0015618666666666,,79.24592593,3.0,3.0,3.0,3.0,0.0,1.0,,,,,,,,,,,,,,0,0,1,-0.9381913498341126,0.2757124732814452
chamaecyparis thyoides,woody,tree,3.0,,,,,,,0.0,0.0,0.0,0.0,0.0,0.0,,,,,,,,,,,,,,0,0,1,,
chamaecytisus ruthenicus,,unspecified,8.0,,,,,,,0.0,0.0,0.0,0.0,0.0,0.0,,,,,,,,,,,,,,0,0,1,,
chamaedaphne calyculata,woody,shrub,21.0,0.29,,,2.6600000000000006,,,1.0,0.0,0.0,15.0,0.0,0.0,,,,,,,,,,,,,,0,0,1,,
chamaedorea deckeriana,,,2.0,,,,,,,0.0,0.0,0.0,0.0,0.0,0.0,,,,,,,,,,,,,,0,0,1,,
chamaedorea pinnatifrons,woody,tree,1.0,,,,,,,0.0,0.0,0.0,0.0,0.0,0.0,,,,,,,,,,,,,,0,0,1,,
chamaedorea recurvata,,,1.0,,,,,,,0.0,0.0,0.0,0.0,0.0,0.0,,,,,,,,,,,,,,0,0,1,,
chamaedorea woodsoniana,woody,tree,1.0,,,,,,,0.0,0.0,0.0,0.0,0.0,0.0,,,,,,,,,,,,,,0,0,1,,
chamaemespilus alpina,,,1.0,,,,,,,0.0,0.0,0.0,0.0,0.0,0.0,,,,,,,,,,,,,,0,0,1,,
chamaerhodos erecta,non-woody,herb,5.0,0.18180800000000003,105.5,0.22,11.45,,0.0,5.0,2.0,2.0,2.0,0.0,1.0,,,,,,,,,,,,,,0,0,1,0.2559555604035876,-0.7918836518943578
chamaesciadium acaule,non-woody,herb,5.0,,,,,,,0.0,0.0,0.0,0.0,0.0,0.0,,,,,,,,,,,,,,0,0,1,,
chamaesphacos ilicifolius,,unspecified,1.0,,,,,,,0.0,0.0,0.0,0.0,0.0,0.0,,,,,,,,,,,,,,0,0,1,,
chassalia subnuda,,,1.0,0.328,29.52,0.367,,,,1.0,1.0,1.0,0.0,0.0,0.0,,,,,,,,,,,,,,0,0,1,,
chenopodium acuminatum,non-woody,herb,3.0,,23.123333333333335,,7.489999999999999,,,0.0,3.0,0.0,3.0,0.0,0.0,,,,,,,,,,,,,,0,0,1,,
chenopodium album,non-woody,herb,27.0,0.490902743375,202.82413918284615,0.42069956175,12.5,,,8.0,13.0,8.0,9.0,0.0,0.0,,,,,,,,,,,,,,0,0,1,0.19298602510506727,-0.6269408915469106
chenopodium foliosum,,,,,,,,,,,,,,,,1.0,,,,,,32.9315,77.22816667,,,,,,1,0,0,,
chenopodium fremontii,non-woody,herb,5.0,,49.55501667000001,,15.40031552,,,0.0,3.0,0.0,1.0,0.0,0.0,,,,,,,,,,,,,,0,0,1,,
chenopodium glaucum,non-woody,herb,8.0,0.1265,75.815,,,,0.0,3.0,4.0,0.0,0.0,0.0,1.0,,,,,,,,,,,,,,0,0,1,,
chenopodium hybridum,non-woody,herb,1.0,,,,,,,0.0,0.0,0.0,0.0,0.0,0.0,,,,,,,,,,,,,,0,0,1,,
chenopodium polyspermum,non-woody,herb,1.0,,,,,,,0.0,0.0,0.0,0.0,0.0,0.0,,,,,,,,,,,,,,0,0,1,,
chenopodium rubrum,non-woody,herb,3.0,,,,4.0,0.32,,0.0,0.0,0.0,3.0,3.0,0.0,,,,,,,,,,,,,,0,0,1,,
chenopodium vulvaria,non-woody,herb,4.0,,112.79146416666667,,22.55334973,,,0.0,3.0,0.0,1.0,0.0,0.0,,,,,,,,,,,,,,0,0,1,,
chiastophyllum oppositifolium,,unspecified,1.0,,,,,,,0.0,0.0,0.0,0.0,0.0,0.0,,,,,,,,,,,,,,0,0,1,,
chimaphila umbellata,woody,shrub,4.0,,,,,,,0.0,0.0,0.0,0.0,0.0,0.0,,,,,,,,,,,,,,0,0,1,,
chimonanthus salicifolius,,,,,,,,,,,,,,,,,,,,,,,,6.0,2.5,1.0,29.25,118.12,0,1,0,,
chionanthus virginicus,woody,shrub/tree,4.0,0.7615953775000001,9.7070363975,0.196625,15.513031250000001,,,4.0,4.0,4.0,4.0,0.0,0.0,,,,,,,,,,,,,,0,0,1,-0.15110990730872567,0.8158856062599279
chloranthus henryi,non-woody,herb,1.0,0.462,37.27738562,0.161052632,26.45842833,,,1.0,1.0,1.0,1.0,0.0,0.0,,,,,,,,,,,,,,0,0,1,1.0098829608522037,-0.043552897379088774
chloris pycnothrix,non-woody,graminoid,2.0,0.564,19.98,,5.35,,,1.0,1.0,0.0,1.0,0.0,0.0,,,,,,,,,,,,,,0,0,1,,
chloris truncata,,,,,,,,,,,,,,,,8.0,14.125,21.37638058525,1.915947599625,0.07788162,97.37238653375,-35.1175,138.6647222,3.0,2.6666666666666665,1.0,-35.1175,138.665,1,1,0,,
chloris verticillata,non-woody,graminoid,1.0,0.2094,,0.405159,,,,1.0,0.0,1.0,0.0,0.0,0.0,,,,,,,,,,,,,,0,0,1,,
choerospondias axillaris,woody,tree,14.0,0.3725071428571428,57.014029685714284,0.30020652833333333,13.7773185825,0.8999999999999999,33.376182662000005,7.0,7.0,6.0,4.0,2.0,5.0,,,,,,,,,,,,,,0,0,1,-0.23614546700469272,-0.4415343691818471
chomelia psilocarpa,woody,climber,20.0,1.0938575653,10.265331178299999,0.27188320895,14.3686442043,0.50889712915,74.0,20.0,20.0,20.0,20.0,20.0,14.0,,,,,,,,,,,,,,0,0,1,-0.5762446968895587,1.4983168228555366
chomelia tenuiflora,,,1.0,0.474,10.72,0.546,,,,1.0,1.0,1.0,0.0,0.0,0.0,,,,,,,,,,,,,,0,0,1,,
chondrilla ambigua,,unspecified,2.0,,,,,,,0.0,0.0,0.0,0.0,0.0,0.0,,,,,,,,,,,,,,0,0,1,,
chondrilla brevirostris,,unspecified,2.0,,,,,,,0.0,0.0,0.0,0.0,0.0,0.0,,,,,,,,,,,,,,0,0,1,,
chondrilla juncea,non-woody,herb,3.0,,,,,,,0.0,0.0,0.0,0.0,0.0,0.0,,,,,,,,,,,,,,0,0,1,,
chondrosum gracile,,,,,,,,,,,,,,,,6.0,25.166666666666668,37.235857458333335,0.16033536366666667,0.017749378833333333,99.51655480833334,50.76666667,-104.6166667,5.0,11.6,1.4,50.7667,-104.617,1,1,0,,
chorispora macropoda,,unspecified,2.0,,,,,,,0.0,0.0,0.0,0.0,0.0,0.0,,,,,,,,,,,,,,0,0,1,,
chorispora sibirica,,unspecified,1.0,,,,,,,0.0,0.0,0.0,0.0,0.0,0.0,,,,,,,,,,,,,,0,0,1,,
christolea crassifolia,non-woody,herb,1.0,,,,,,,0.0,0.0,0.0,0.0,0.0,0.0,,,,,,,,,,,,,,0,0,1,,
chromolucuma rubriflora,woody,,1.0,0.467,23.47,0.181,,,,1.0,1.0,1.0,0.0,0.0,0.0,,,,,,,,,,,,,,0,0,1,,
chrozophora brocchiana,woody,shrub,1.0,,,,,,,0.0,0.0,0.0,0.0,0.0,0.0,,,,,,,,,,,,,,0,0,1,,
chrysanthemum fastigiatum,,unspecified,2.0,,,,,,,0.0,0.0,0.0,0.0,0.0,0.0,,,,,,,,,,,,,,0,0,1,,
chrysanthemum zawadzkii,,unspecified,2.0,,,,,,,0.0,0.0,0.0,0.0,0.0,0.0,,,,,,,,,,,,,,0,0,1,,
chrysocoma ciliata,,,1.0,,,,,,,0.0,0.0,0.0,0.0,0.0,0.0,,,,,,,,,,,,,,0,0,1,,
chrysojasminum fruticans,woody,shrub,1.0,0.44935,14.67621347,0.44130439,,,19.96666667,1.0,1.0,1.0,0.0,0.0,1.0,,,,,,,,,,,,,,0,0,1,,
chrysojasminum humile,woody,shrub,2.0,,2.4214654185,,13.9,1.59,,0.0,2.0,0.0,1.0,1.0,0.0,,,,,,,,,,,,,,0,0,1,,
chrysophyllum cainito,woody,tree,2.0,,0.3942,,,,,0.0,2.0,0.0,0.0,0.0,0.0,,,,,,,,,,,,,,0,0,1,,
chrysophyllum sanguinolentum,woody,tree,1.0,0.568,9.37,0.396,,,,1.0,1.0,1.0,0.0,0.0,0.0,,,,,,,,,,,,,,0,0,1,,
chrysopogon fulvus,non-woody,graminoid,4.0,,,,,,,0.0,0.0,0.0,0.0,0.0,0.0,,,,,,,,,,,,,,0,0,1,,
chrysopogon gryllus,non-woody,graminoid,1.0,,,,,,,0.0,0.0,0.0,0.0,0.0,0.0,,,,,,,,,,,,,,0,0,1,,
chrysopogon nodulibarbis,non-woody,graminoid,1.0,,,,,,49.74,0.0,0.0,0.0,0.0,0.0,1.0,,,,,,,,,,,,,,0,0,1,,
chrysopsis villosa,non-woody,herb,11.0,0.2195,63.07496467,0.252040816,12.64685988,,,1.0,5.0,1.0,1.0,0.0,0.0,,,,,,,,,,,,,,0,0,1,-0.0674078423179421,-0.7148834397334697
chrysosplenium alternifolium,non-woody,herb,6.0,,,,,,,0.0,0.0,0.0,0.0,0.0,0.0,,,,,,,,,,,,,,0,0,1,,
chrysothamnus viscidiflorus,woody,shrub,9.0,,,,,,,0.0,0.0,0.0,0.0,0.0,0.0,,,,,,,,,,,,,,0,0,1,,
chuquiraga avellanedae,woody,shrub,1.0,,,,,,,0.0,0.0,0.0,0.0,0.0,0.0,,,,,,,,,,,,,,0,0,1,,
chylismia brevipes,,,1.0,,,,,,,0.0,0.0,0.0,0.0,0.0,0.0,,,,,,,,,,,,,,0,0,1,,
cibotium barometz,non-woody,fern,1.0,0.24825,83.95513514,0.246666667,15.741024,,,1.0,1.0,1.0,1.0,0.0,0.0,,,,,,,,,,,,,,0,0,1,0.3052345319471012,-0.7044912569310987
cicer arietinum,non-woody,herb,2.0,,,,,,,0.0,0.0,0.0,0.0,0.0,0.0,,,,,,,,,4.0,47.75,2.75,50.3,-107.683,0,1,1,,
cicer microphyllum,,,,,,,,,,,,,,,,1.0,7.0,72.0,0.0,0.0,100.0,32.928529,77.221543,,,,,,1,0,0,,
cicerbita alpina,non-woody,herb,1.0,,,,,,,0.0,0.0,0.0,0.0,0.0,0.0,,,,,,,,,,,,,,0,0,1,,
cichorium intybus,non-woody,herb,10.0,1.2766118885,407.10280315,0.019869653,,,,2.0,2.0,2.0,0.0,0.0,0.0,,,,,,,,,,,,,,0,0,1,,
cinnamomum austro-sinensis,woody,unspecified,11.0,0.45851,32.544577114,0.21271978025,24.445815335,,32.68438615,5.0,5.0,4.0,2.0,0.0,5.0,,,,,,,,,,,,,,0,0,1,0.6508951650872475,-0.13212992987450964
cinnamomum burmanni,woody,tree,14.0,,,,16.094285714285714,0.40708571428571433,,0.0,0.0,0.0,7.0,7.0,0.0,,,,,,,,,,,,,,0,0,1,,
cinnamomum camphora,woody,tree,67.0,0.875284391,29.677292095833334,0.212917231,21.826666666666668,,68.0,6.0,6.0,6.0,6.0,0.0,1.0,,,,,,,,,,,,,,0,0,1,0.3467518693872125,0.9517247134255193
cinnamomum chekiangense,woody,tree,20.0,0.7177386656,8.9150129406,0.8506465174000001,8.8,0.29000000000000004,,5.0,5.0,5.0,2.0,2.0,0.0,,,,,,,,,,,,,,0,0,1,-2.9645827678437136,-0.6420202739775743
cinnamomum contractum,,,5.0,0.8991733331999999,6.9051387754,0.316779849,11.526,0.734,,5.0,5.0,5.0,5.0,5.0,0.0,,,,,,,,,,,,,,0,0,1,-0.9158274688836375,0.9533432318947132
cinnamomum glanduliferum,woody,,2.0,1.0834666665,3.276871279,0.4106203565,9.555,0.56,,2.0,2.0,2.0,2.0,1.0,0.0,,,,,,,,,,,,,,0,0,1,-1.4595651267334413,1.2410815637083827
cinnamomum iners,woody,unspecified,5.0,0.8524,10.1092,0.185,,,,5.0,5.0,5.0,0.0,0.0,0.0,,,,,,,,,,,,,,0,0,1,,
cinnamomum micranthum,,unspecified,6.0,0.5433554073333333,10.994116744666668,0.8354412941666666,19.64,,85.0,6.0,6.0,6.0,1.0,0.0,1.0,,,,,,,,,,,,,,0,0,1,-2.084606099805844,-1.1896165457226382
cinnamomum parthenoxylon,woody,tree,19.0,0.4167214285714286,45.25825327857143,0.19935353533333333,19.1109236,0.39166666666666666,54.35378687166667,7.0,7.0,6.0,10.0,6.0,6.0,,,,,,,,,,,,,,0,0,1,0.41470037494849543,-0.15917080728068667
cinnamomum rigidissimum,,,6.0,,,,15.666666666666666,0.595,,0.0,0.0,0.0,6.0,6.0,0.0,,,,,,,,,,,,,,0,0,1,,
cinnamomum subavenium,,,,,,,,,,,,,,,,,,,,,,,,4.0,1.0,1.0,29.25,118.12,0,1,0,,
circaea alpina,non-woody,herb,2.0,,,,,,,0.0,0.0,0.0,0.0,0.0,0.0,,,,,,,,,,,,,,0,0,1,,
circaea lutetiana,non-woody,herb,11.0,,,,,,,0.0,0.0,0.0,0.0,0.0,0.0,,,,,,,,,,,,,,0,0,1,,
cirsim altissimum,non-woody,herb,1.0,0.25244,,0.2055,,,,1.0,0.0,1.0,0.0,0.0,0.0,,,,,,,,,,,,,,0,0,1,,
cirsium acaule,non-woody,herb,3.0,2.37895557,471.7538462,0.050172769,,,,1.0,1.0,1.0,0.0,0.0,0.0,,,,,,,,,,,,,,0,0,1,,
cirsium arvense,non-woody,herb,12.0,,64.0,,15.2,,,0.0,1.0,0.0,1.0,0.0,0.0,1.0,9.0,96.47302905,0.0,0.0,100.0,33.87966667,77.43888889,,,,,,1,0,1,,
cirsium brevipapposum,,unspecified,1.0,,,,,,,0.0,0.0,0.0,0.0,0.0,0.0,,,,,,,,,,,,,,0,0,1,,
cirsium canescens,,,1.0,,,,,,,0.0,0.0,0.0,0.0,0.0,0.0,,,,,,,,,,,,,,0,0,1,,
cirsium carniolicum,,,1.0,,,,,,,0.0,0.0,0.0,0.0,0.0,0.0,,,,,,,,,,,,,,0,0,1,,
cirsium eriophorum,non-woody,herb,2.0,2.62661154,172.0333333,0.108696944,,,,1.0,1.0,1.0,0.0,0.0,0.0,,,,,,,,,,,,,,0,0,1,,
cirsium erisithales,,,1.0,,,,,,,0.0,0.0,0.0,0.0,0.0,0.0,,,,,,,,,,,,,,0,0,1,,
cirsium heterophyllum,non-woody,herb,7.0,,,,,,,0.0,0.0,0.0,0.0,0.0,0.0,,,,,,,,,,,,,,0,0,1,,
cirsium oleraceum,non-woody,herb,3.0,,,,,,,0.0,0.0,0.0,0.0,0.0,0.0,,,,,,,,,,,,,,0,0,1,,
cirsium palustre,non-woody,herb,1.0,,,,,,,0.0,0.0,0.0,0.0,0.0,0.0,,,,,,,,,,,,,,0,0,1,,
cirsium pannonicum,non-woody,herb,1.0,,,,,,,0.0,0.0,0.0,0.0,0.0,0.0,,,,,,,,,,,,,,0,0,1,,
cirsium pugnax,,unspecified,1.0,,,,,,,0.0,0.0,0.0,0.0,0.0,0.0,,,,,,,,,,,,,,0,0,1,,
cirsium rhizocephalum,,unspecified,1.0,,,,,,,0.0,0.0,0.0,0.0,0.0,0.0,,,,,,,,,,,,,,0,0,1,,
cirsium rivulare,non-woody,herb,1.0,,,,,,,0.0,0.0,0.0,0.0,0.0,0.0,,,,,,,,,,,,,,0,0,1,,
cirsium semenowii,,unspecified,2.0,,,,,,,0.0,0.0,0.0,0.0,0.0,0.0,,,,,,,,,,,,,,0,0,1,,
cirsium simplex,non-woody,herb,2.0,,,,,,,0.0,0.0,0.0,0.0,0.0,0.0,,,,,,,,,,,,,,0,0,1,,
cirsium spinosissimum,non-woody,herb,1.0,,,,,,,0.0,0.0,0.0,0.0,0.0,0.0,,,,,,,,,,,,,,0,0,1,,
cirsium vulgare,non-woody,herb,1.0,,,,,,,0.0,0.0,0.0,0.0,0.0,0.0,,,,,,,,,,,,,,0,0,1,,
cirsium wheeleri,non-woody,herb,4.0,,17.552924653333335,,7.79150784,,,0.0,3.0,0.0,1.0,0.0,0.0,,,,,,,,,,,,,,0,0,1,,
cistus albidus,woody,shrub,2.0,0.4331,6.9656777944999995,0.7750240525000001,,,21.95,2.0,2.0,2.0,0.0,0.0,1.0,,,,,,,,,,,,,,0,0,1,,
cistus calycinus,woody,shrub,1.0,0.5166,6.565625576,0.812703922,,,,1.0,1.0,1.0,0.0,0.0,0.0,,,,,,,,,,,,,,0,0,1,,
cistus creticus,,,,,,,,,,,,,,,,4.0,11.5,48.2218711075,4.353846155,0.0,95.616447205,35.45916667,23.80083333,,,,,,1,0,0,,
cistus crispus,woody,shrub,3.0,0.43924375,12.42905362,0.615401581,,,,1.0,1.0,1.0,0.0,0.0,0.0,,,,,,,,,,,,,,0,0,1,,
cistus halimifolius,woody,shrub,1.0,0.415325,9.3963384,0.861854952,,,,1.0,1.0,1.0,0.0,0.0,0.0,,,,,,,,,,,,,,0,0,1,,
cistus ladanifer,woody,shrub,3.0,0.393275,9.270114972,0.906095206,,,13.56666667,1.0,1.0,1.0,0.0,0.0,1.0,,,,,,,,,,,,,,0,0,1,,
cistus libanotis,woody,shrub,1.0,0.4262125,10.36421952,0.813983443,,,,1.0,1.0,1.0,0.0,0.0,0.0,,,,,,,,,,,,,,0,0,1,,
cistus monspeliensis,woody,shrub,1.0,0.546541667,9.903725198,0.622950977,,,5.775,1.0,1.0,1.0,0.0,0.0,1.0,,,,,,,,,,,,,,0,0,1,,
cistus salviifolius,woody,shrub,4.0,0.4488375,9.6589299615,0.7855069235000001,,,2.291666667,2.0,2.0,2.0,0.0,0.0,1.0,,,,,,,,,,,,,,0,0,1,,
citrullus colocynthis,non-woody,climber,1.0,,,,,,,0.0,0.0,0.0,0.0,0.0,0.0,8.0,11.25,27.10675312,5.526806783375,0.578256471,91.5240534125,16.809305555,-22.918472219999998,6.0,20.666666666666668,1.6666666666666667,16.80796666666667,-22.91933333333333,1,1,1,,
citrullus lanatus,non-woody,climber,1.0,,,,,,,0.0,0.0,0.0,0.0,0.0,0.0,,,,,,,,,,,,,,0,0,1,,
citrus aurantium,woody,shrub/tree,63.0,0.7198181818181818,20.7,,,,85.21,11.0,4.0,0.0,0.0,0.0,1.0,,,,,,,,,,,,,,0,0,1,,
citrus jambhiri,,unspecified,3.0,0.7183333333333333,,,,,,3.0,0.0,0.0,0.0,0.0,0.0,,,,,,,,,,,,,,0,0,1,,
citrus limon,woody,tree,159.0,1.1727035830307693,3.9142857142857146,0.3508835718,,,,130.0,14.0,30.0,0.0,0.0,0.0,,,,,,,,,,,,,,0,0,1,,
citrus medica,woody,tree,2.0,,,,,,,0.0,0.0,0.0,0.0,0.0,0.0,,,,,,,,,,,,,,0,0,1,,
citrus sinensis,,,,,,,,,,,,,,,,,,,,,,,,9.0,2009.111111111111,3.888888888888889,24.8806,-99.6244,0,1,0,,
citrus tangerina,,,,,,,,,,,,,,,,,,,,,,,,3.0,1.3333333333333333,1.0,25.282699999999995,114.971,0,1,0,,
citrus trifoliata,woody,shrub/tree,45.0,0.65325,32.6,,,6.170288449,28.29741436666667,8.0,2.0,0.0,0.0,5.0,24.0,,,,,,,,,,,,,,0,0,1,,
cladium mariscoides,non-woody,graminoid,1.0,,,,,,,0.0,0.0,0.0,0.0,0.0,0.0,,,,,,,,,,,,,,0,0,1,,
cladium mariscus,non-woody,graminoid,2.0,,,,,,,0.0,0.0,0.0,0.0,0.0,0.0,,,,,,,,,,,,,,0,0,1,,
clarisia biflora,woody,tree,2.0,0.28245,40.13610928,0.524353251,15.99004,0.9278796039999999,,2.0,2.0,2.0,2.0,2.0,0.0,,,,,,,,,,,,,,0,0,1,-0.9734073191899164,-1.1610629451887964
clarisia racemosa,woody,tree,6.0,0.49105,12.60443555,0.430630596,17.461585,0.757948262,,2.0,2.0,2.0,2.0,2.0,0.0,,,,,,,,,,,,,,0,0,1,-0.7672147114895533,-0.40658610207815166
clarkia amoena,non-woody,herb,1.0,,,,,,,0.0,0.0,0.0,0.0,0.0,0.0,,,,,,,,,,,,,,0,0,1,,
clarkia unguiculata,non-woody,herb,1.0,,,,,,,0.0,0.0,0.0,0.0,0.0,0.0,,,,,,,,,,,,,,0,0,1,,
clathrotropis macrocarpa,woody,tree,2.0,,,,,,,0.0,0.0,0.0,0.0,0.0,0.0,,,,,,,,,,,,,,0,0,1,,
clausena lansium,,unspecified,2.0,0.374333333,11.38236549,0.437041456,22.67113209,,,1.0,1.0,1.0,1.0,0.0,0.0,,,,,,,,,,,,,,0,0,1,-0.40059658870822273,-0.7788831869449395
cleidion brevipetiolatum,,,3.0,0.8166666666666668,7.931259647333333,0.24992353433333334,15.196666666666667,1.11,,3.0,3.0,3.0,3.0,3.0,0.0,,,,,,,,,,,,,,0,0,1,-0.38926983338804955,0.8440096838869758
cleistogenes songorica,non-woody,graminoid,6.0,,63.988,,4.46,,,0.0,5.0,0.0,1.0,0.0,0.0,,,,,,,,,,,,,,0,0,1,,
cleistogenes squarrosa,non-woody,graminoid,19.0,0.1738185518888889,87.707,0.11499999999999999,6.855714285714286,1.03,13.38,9.0,10.0,2.0,7.0,1.0,3.0,,,,,,,,,,,,,,0,0,1,0.18763910105906906,-0.4934463156187684
clematis akebioides,,herb,1.0,,3.873748605,,,,,0.0,1.0,0.0,0.0,0.0,0.0,,,,,,,,,,,,,,0,0,1,,
clematis alpina,woody,unspecified,6.0,,,,,,,0.0,0.0,0.0,0.0,0.0,0.0,,,,,,,,,,,,,,0,0,1,,
clematis fremontii,,,1.0,,,,,,,0.0,0.0,0.0,0.0,0.0,0.0,,,,,,,,,,,,,,0,0,1,,
clematis hexapetala,woody,climber,4.0,,21.362499999999997,,,,,0.0,4.0,0.0,0.0,0.0,0.0,,,,,,,,,,,,,,0,0,1,,
clematis hirsutissima,,unspecified,2.0,,,,,,,0.0,0.0,0.0,0.0,0.0,0.0,,,,,,,,,,,,,,0,0,1,,
clematis orientalis,woody,unspecified,3.0,,,,,,,0.0,0.0,0.0,0.0,0.0,0.0,,,,,,,,,,,,,,0,0,1,,
clematis virginiana,woody,climber,1.0,,31.33,,,,,0.0,1.0,0.0,0.0,0.0,0.0,,,,,,,,,,,,,,0,0,1,,
clematis vitalba,woody,herb,1.0,,,,,,,0.0,0.0,0.0,0.0,0.0,0.0,,,,,,,,,,,,,,0,0,1,,
clematis viticella,woody,herb,1.0,,,,,,,0.0,0.0,0.0,0.0,0.0,0.0,,,,,,,,,,,,,,0,0,1,,
cleome trinervia,,,1.0,,,,,,,0.0,0.0,0.0,0.0,0.0,0.0,,,,,,,,,,,,,,0,0,1,,
clethra revoluta,,tree,9.0,0.4135942212857143,29.540982494285714,0.26150549557142855,10.944522857142857,0.6720390134285713,,7.0,7.0,7.0,7.0,7.0,0.0,,,,,,,,,,,,,,0,0,1,-0.49311984227927474,-0.17269081927534372
cleyera obscurinervia,,,6.0,,,,8.466666666666667,0.2816666666666667,,0.0,0.0,0.0,6.0,6.0,0.0,,,,,,,,,,,,,,0,0,1,,
cliffortia cuneata,,,,,,,,,,,,,,,,4.0,5.0,34.797834429999995,9.5463267525,0.0,86.1567982475,-33.99305556,18.97416667,,,,,,1,0,0,,
cliffortia ruscifolia,woody,shrub,3.0,,,,,,,0.0,0.0,0.0,0.0,0.0,0.0,,,,,,,,,,,,,,0,0,1,,
climacoptera brachiata,,unspecified,2.0,,,,,,,0.0,0.0,0.0,0.0,0.0,0.0,,,,,,,,,,,,,,0,0,1,,
climacoptera crassa,,unspecified,1.0,,,,,,,0.0,0.0,0.0,0.0,0.0,0.0,,,,,,,,,,,,,,0,0,1,,
climacoptera lanata,,unspecified,3.0,,,,,,,0.0,0.0,0.0,0.0,0.0,0.0,,,,,,,,,,,,,,0,0,1,,
clinopodium acinos,,,3.0,1.81643372,470.7428571,0.108609079,,,,1.0,1.0,1.0,0.0,0.0,0.0,,,,,,,,,,,,,,0,0,1,,
clinopodium alpinum,,,1.0,,,,,,,0.0,0.0,0.0,0.0,0.0,0.0,,,,,,,,,,,,,,0,0,1,,
clinopodium chilense,woody,shrub,1.0,,,,,,,0.0,0.0,0.0,0.0,0.0,0.0,,,,,,,,,,,,,,0,0,1,,
clinopodium gilliesii,woody,shrub,6.0,,,,,,,0.0,0.0,0.0,0.0,0.0,0.0,,,,,,,,,,,,,,0,0,1,,
clinopodium grandiflorum,,unspecified,2.0,,,,,,,0.0,0.0,0.0,0.0,0.0,0.0,,,,,,,,,,,,,,0,0,1,,
clinopodium nepeta,non-woody/woody,herb/shrub,4.0,0.2695,129.1,0.1145,9.58,1.6,,2.0,2.0,2.0,2.0,1.0,0.0,,,,,,,,,,,,,,0,0,1,0.638544974850226,-0.35400696338870385
clinopodium vulgare,non-woody,herb,1.0,,,,,,,0.0,0.0,0.0,0.0,0.0,0.0,,,,,,,,,,,,,,0,0,1,,
clintonia uniflora,non-woody,herb,2.0,,,,,,,0.0,0.0,0.0,0.0,0.0,0.0,,,,,,,,,,,,,,0,0,1,,
clitoria javitensis,woody,climber,20.0,1.2449260949999998,7.014099169850001,0.25321592055000003,19.388258814,0.7953708126500001,87.71428571428571,20.0,20.0,20.0,20.0,20.0,14.0,,,,,,,,,,,,,,0,0,1,-0.20994361607083536,1.858765232985142
clitoria ternatea,non-woody,herb,2.0,,,,,,80.23,0.0,0.0,0.0,0.0,0.0,2.0,,,,,,,,,,,,,,0,0,1,,
clusia alata,woody,shrub/tree,7.0,0.9086595238571429,5.881815790571428,0.3720245852857143,8.130107142857144,0.5009600918,,7.0,7.0,7.0,7.0,5.0,0.0,,,,,,,,,,,,,,0,0,1,-1.3640973027583208,0.9013795259779663
clusia ducuoides,,,9.0,0.702412724,9.144724876,0.37720444555555555,10.275762222222221,0.751513805,,9.0,9.0,9.0,9.0,5.0,0.0,,,,,,,,,,,,,,0,0,1,-1.1597073246698395,0.33949151496824637
clusia elliptica,woody,tree,16.0,0.893786508125,6.992081181875,0.2598371855625,11.548044375,0.8876676834375,,16.0,16.0,16.0,16.0,16.0,0.0,,,,,,,,,,,,,,0,0,1,-0.7085673490610204,1.0644142773552043
clusia fockeana,woody,tree,1.0,,,,,,,0.0,0.0,0.0,0.0,0.0,0.0,,,,,,,,,,,,,,0,0,1,,
clusia latipes,,,1.0,1.3773,2.15027888,0.312204007,6.45578,0.407527673,,1.0,1.0,1.0,1.0,1.0,0.0,,,,,,,,,,,,,,0,0,1,-1.4042230426131672,2.2363336951154524
cnestidium rufescens,woody,climber,2.0,,0.348,,,,,0.0,2.0,0.0,0.0,0.0,0.0,,,,,,,,,,,,,,0,0,1,,
cnidoscolus aconitifolius,,unspecified,2.0,0.5349,16.9650412,0.202657215,,,,1.0,1.0,1.0,0.0,0.0,0.0,,,,,,,,,,,,,,0,0,1,,
coccoloba excelsa,woody,climber,20.0,1.05868350045,9.75854037635,0.44260800355,13.260976561249999,0.5488408783,93.85714285714286,20.0,20.0,20.0,20.0,20.0,14.0,,,,,,,,,,,,,,0,0,1,-1.2612764589431724,1.0503642139607303
coccoloba manzinellensis,woody,tree,20.0,1.04037577125,6.616228844449999,0.49774246035,10.65207365265,0.446591209,95.14285714285714,20.0,20.0,20.0,20.0,20.0,14.0,,,,,,,,,,,,,,0,0,1,-1.6609006526223715,0.9221377350189592
coccoloba uvifera,woody,tree,2.0,0.322666667,12.50045192,0.551832973,11.09975781,,,1.0,1.0,1.0,1.0,0.0,0.0,,,,,,,,,,,,,,0,0,1,-1.6144422530349376,-1.0128558976746027
cochlearia groenlandica,non-woody,herb,1.0,,,,,,,0.0,0.0,0.0,0.0,0.0,0.0,,,,,,,,,,,,,,0,0,1,,
cochlearia officianlis,non-woody,herb,1.0,,,,,,,0.0,0.0,0.0,0.0,0.0,0.0,,,,,,,,,,,,,,0,0,1,,
cochlospermum regium,,shrub,3.0,,,,,,,0.0,0.0,0.0,0.0,0.0,0.0,,,,,,,,,,,,,,0,0,1,,
cocos nucifera,woody,tree,63.0,0.5980952380952381,15.100000000000001,,,,,63.0,3.0,0.0,0.0,0.0,0.0,37.0,20.08108108108108,16.500706751135134,0.2790330021351351,0.4036875435675676,89.62561926651351,-15.104106605135135,-148.19055554324322,8.0,10.875,1.25,-15.1021625,-148.187375,1,1,1,,
coffea arabica,woody,shrub/tree,72.0,0.5573239436619718,4.433636363636364,,15.180833333333334,,,71.0,11.0,0.0,12.0,0.0,0.0,,,,,,,,,,,,,,0,0,1,,
cojoba rufescens,woody,tree,30.0,,0.4002,,,,,0.0,2.0,0.0,0.0,0.0,0.0,,,,,,,,,,,,,,0,0,1,,
colchicum autumnale,non-woody,herb,3.0,,,,,,,0.0,0.0,0.0,0.0,0.0,0.0,,,,,,,,,,,,,,0,0,1,,
colchicum trigynum,non-woody,herb,6.0,,,,,,,0.0,0.0,0.0,0.0,0.0,0.0,,,,,,,,,,,,,,0,0,1,,
coleataenia caricoides,,,1.0,,,,,,,0.0,0.0,0.0,0.0,0.0,0.0,,,,,,,,,,,,,,0,0,1,,
coleogyne ramosissima,woody,shrub,1.0,,,,,,,0.0,0.0,0.0,0.0,0.0,0.0,,,,,,,,,,,,,,0,0,1,,
coleus scutellarioides,,unspecified,1.0,,,,,,,0.0,0.0,0.0,0.0,0.0,0.0,,,,,,,,,,,,,,0,0,1,,
colicodendron yco,woody,shrub,1.0,,,,,,,0.0,0.0,0.0,0.0,0.0,0.0,,,,,,,,,,,,,,0,0,1,,
colliguaja integerrima,woody,shrub,1.0,,,,,,,0.0,0.0,0.0,0.0,0.0,0.0,,,,,,,,,,,,,,0,0,1,,
colliguaja odorifera,woody,shrub,5.0,,,,,,,0.0,0.0,0.0,0.0,0.0,0.0,,,,,,,,,,,,,,0,0,1,,
collomia heterophylla,non-woody,herb,1.0,,,,,,,0.0,0.0,0.0,0.0,0.0,0.0,,,,,,,,,,,,,,0,0,1,,
colobanthus acicularis,non-woody,unspecified,3.0,,96.880424016,,7.819877451,,,0.0,3.0,0.0,1.0,0.0,0.0,,,,,,,,,,,,,,0,0,1,,
cologania angustifolia,non-woody,herb,2.0,,52.002164504999996,,,,,0.0,2.0,0.0,0.0,0.0,0.0,,,,,,,,,,,,,,0,0,1,,
colophospermum mopane,woody,tree,12.0,,,,,,,0.0,0.0,0.0,0.0,0.0,0.0,,,,,,,,,1.0,4.0,1.0,-19.028,34.1836,0,1,1,,
colpodium versicolor,non-woody,graminoid,4.0,,,,,,,0.0,0.0,0.0,0.0,0.0,0.0,,,,,,,,,,,,,,0,0,1,,
comandra umbellata,non-woody,herb,1.0,0.321385714,31.36179282,0.334821433,,,,1.0,1.0,1.0,0.0,0.0,0.0,,,,,,,,,,,,,,0,0,1,,
comarum palustre,non-woody,herb,12.0,,,,7.987218045,0.945081456,,0.0,0.0,0.0,2.0,2.0,0.0,,,,,,,,,,,,,,0,0,1,,
comarum salesovianum,,,,,,,,,,,,,,,,3.0,12.666666666666666,7.539830088333333,0.0,0.0,99.88962472333333,33.787869,77.102818,,,,,,1,0,0,,
combretum adenogonium,woody,shrub/tree,3.0,,,,,,,0.0,0.0,0.0,0.0,0.0,0.0,,,,,,,,,,,,,,0,0,1,,
combretum apiculatum,woody,tree,7.0,,,,,,,0.0,0.0,0.0,0.0,0.0,0.0,,,,,,,,,,,,,,0,0,1,,
combretum celastroides,woody,climber,2.0,,,,,,,0.0,0.0,0.0,0.0,0.0,0.0,,,,,,,,,,,,,,0,0,1,,
combretum collinum,woody,shrub/tree,5.0,0.53,12.49,0.39,,,,1.0,1.0,1.0,0.0,0.0,0.0,,,,,,,,,,,,,,0,0,1,,
combretum decandrum,woody,climber,20.0,1.20634071135,5.9340232205,0.32427557925,10.3803579922,0.6123178708,92.14285714285714,20.0,20.0,20.0,20.0,20.0,14.0,,,,,,,,,,,,,,0,0,1,-1.102845610168972,1.7240451909250099
combretum elaeagnoides,woody,shrub/tree,4.0,,,,,,,0.0,0.0,0.0,0.0,0.0,0.0,,,,,,,,,,,,,,0,0,1,,
combretum glutinosum,woody,tree,8.0,,,,6.88125,0.41375,,0.0,0.0,0.0,8.0,8.0,0.0,,,,,,,,,,,,,,0,0,1,,
combretum hereroense,woody,shrub/tree,5.0,,,,,,,0.0,0.0,0.0,0.0,0.0,0.0,,,,,,,,,,,,,,0,0,1,,
combretum imberbe,woody,tree,2.0,,,,,,,0.0,0.0,0.0,0.0,0.0,0.0,,,,,,,,,,,,,,0,0,1,,
combretum leprosum,woody,climber,27.0,,,,,,,0.0,0.0,0.0,0.0,0.0,0.0,,,,,,,,,,,,,,0,0,1,,
combretum micranthum,,,,,,,,,,,,,,,,8.0,14.875,16.044601351125003,3.5163884248749997,0.38760638449999996,94.00973749125001,14.58013889,-17.016666665000002,4.0,8.5,1.25,14.58015,-17.01665,1,1,0,,
combretum molle,woody,shrub/tree,1.0,,,,,,,0.0,0.0,0.0,0.0,0.0,0.0,,,,,,,,,,,,,,0,0,1,,
combretum zeyheri,woody,shrub/tree,3.0,,,,,,,0.0,0.0,0.0,0.0,0.0,0.0,,,,,,,,,,,,,,0,0,1,,
commelina attenuata,,unspecified,1.0,,,,,,43.18,0.0,0.0,0.0,0.0,0.0,1.0,,,,,,,,,,,,,,0,0,1,,
commelina benghalensis,,,,,,,,,,,,,,,,7.0,24.285714285714285,12.565056075428572,2.4722276834285717,0.28419856,96.80329434857143,-24.751388890000005,28.57611111,4.0,9.0,1.75,-24.7514,28.5761,1,1,0,,
commelina communis,non-woody,herb,1.0,,,,,,,0.0,0.0,0.0,0.0,0.0,0.0,,,,,,,,,,,,,,0,0,1,,
commelina diffusa,non-woody,herb,1.0,,,,,,18.52,0.0,0.0,0.0,0.0,0.0,1.0,,,,,,,,,,,,,,0,0,1,,
commelina erecta,,,,,,,,,,,,,,,,7.0,6.857142857142857,44.91631624257143,0.024213075,0.013046314428571428,76.97761896857142,-32.60472222,-63.95194444,,,,,,1,0,0,,
commelina tuberosa,non-woody,herb,1.0,,,,,,,0.0,0.0,0.0,0.0,0.0,0.0,,,,,,,,,,,,,,0,0,1,,
commiphora africana,woody,tree,1.0,,,,,,,0.0,0.0,0.0,0.0,0.0,0.0,,,,,,,,,,,,,,0,0,1,,
commiphora gileadensis,,,1.0,,,,,,,0.0,0.0,0.0,0.0,0.0,0.0,,,,,,,,,,,,,,0,0,1,,
commiphora glandulosa,woody,unspecified,6.0,,,,,,,0.0,0.0,0.0,0.0,0.0,0.0,,,,,,,,,,,,,,0,0,1,,
commiphora kataf,,,1.0,,,,,,,0.0,0.0,0.0,0.0,0.0,0.0,,,,,,,,,,,,,,0,0,1,,
commiphora mollis,woody,tree,2.0,,,,,,,0.0,0.0,0.0,0.0,0.0,0.0,,,,,,,,,,,,,,0,0,1,,
commiphora mossambicensis,woody,tree,4.0,,,,,,,0.0,0.0,0.0,0.0,0.0,0.0,,,,,,,,,,,,,,0,0,1,,
commiphora saxicola,woody,unspecified,4.0,,,,,,,0.0,0.0,0.0,0.0,0.0,0.0,,,,,,,,,,,,,,0,0,1,,
commiphora tenuipetiolata,woody,shrub/tree,1.0,,,,,,,0.0,0.0,0.0,0.0,0.0,0.0,,,,,,,,,,,,,,0,0,1,,
commiphora ugogensis,woody,tree,2.0,,,,,,,0.0,0.0,0.0,0.0,0.0,0.0,,,,,,,,,,,,,,0,0,1,,
comptonia peregrina,woody,shrub,2.0,,,,,,,0.0,0.0,0.0,0.0,0.0,0.0,,,,,,,,,,,,,,0,0,1,,
condalia microphylla,woody,shrub,3.0,,,,,,,0.0,0.0,0.0,0.0,0.0,0.0,,,,,,,,,,,,,,0,0,1,,
condalia spathulata,,,1.0,,,,,,,0.0,0.0,0.0,0.0,0.0,0.0,,,,,,,,,,,,,,0,0,1,,
conioselinum vaginatum,,,,,,,,,,,,,,,,1.0,6.0,5.714285714,0.0,0.0,100.0,33.076825,77.216602,,,,,,1,0,0,,
conium maculatum,non-woody,herb,2.0,,,,,,,0.0,0.0,0.0,0.0,0.0,0.0,,,,,,,,,,,,,,0,0,1,,
connarus panamensis,woody,climber,2.0,,0.18205,,,,,0.0,2.0,0.0,0.0,0.0,0.0,,,,,,,,,,,,,,0,0,1,,
conospermum incurvum,woody,shrub,1.0,,,,,,,0.0,0.0,0.0,0.0,0.0,0.0,,,,,,,,,,,,,,0,0,1,,
conostephium minus,,,2.0,,,,,,,0.0,0.0,0.0,0.0,0.0,0.0,,,,,,,,,,,,,,0,0,1,,
conostephium pendulum,woody,shrub,1.0,,,,,,,0.0,0.0,0.0,0.0,0.0,0.0,,,,,,,,,,,,,,0,0,1,,
convallaria majalis,non-woody,herb,4.0,0.42005000000000003,69.09311917,0.11585876049999999,15.368292665,,,2.0,2.0,2.0,2.0,0.0,0.0,14.0,22.785714285714285,28.537361507285713,0.6701360478571429,0.005131362857142857,99.27036421857143,58.28000000000001,27.32416667,6.0,67.66666666666667,1.1666666666666667,58.28,27.320000000000004,1,1,1,0.6068097004011905,0.04251127181940212
convolvulus ammannii,non-woody,herb,1.0,,,,,,,0.0,0.0,0.0,0.0,0.0,0.0,,,,,,,,,,,,,,0,0,1,,
convolvulus arvensis,non-woody,herb,10.0,2.75991392,156.01025353,0.0574,12.29355574,,,1.0,4.0,1.0,1.0,0.0,0.0,,,,,,,,,,,,,,0,0,1,0.6309821788318837,5.9423860248771945
convolvulus cantabrica,non-woody,climber,1.0,,,,,,,0.0,0.0,0.0,0.0,0.0,0.0,,,,,,,,,,,,,,0,0,1,,
convolvulus fruticosus,,unspecified,3.0,,,,,,,0.0,0.0,0.0,0.0,0.0,0.0,,,,,,,,,,,,,,0,0,1,,
convolvulus galaticus,,,2.0,,,,,,,0.0,0.0,0.0,0.0,0.0,0.0,,,,,,,,,,,,,,0,0,1,,
convolvulus hamadae,,unspecified,1.0,,,,,,,0.0,0.0,0.0,0.0,0.0,0.0,,,,,,,,,,,,,,0,0,1,,
convolvulus lanatus,,,1.0,,,,,,,0.0,0.0,0.0,0.0,0.0,0.0,,,,,,,,,,,,,,0,0,1,,
convolvulus prostratus,,,1.0,,,,,,,0.0,0.0,0.0,0.0,0.0,0.0,,,,,,,,,,,,,,0,0,1,,
convolvulus subsericeus,,unspecified,1.0,,,,,,,0.0,0.0,0.0,0.0,0.0,0.0,,,,,,,,,,,,,,0,0,1,,
convolvulus tragacanthoides,woody,shrub,3.0,,,,,,,0.0,0.0,0.0,0.0,0.0,0.0,,,,,,,,,,,,,,0,0,1,,
convolvulus tricolor,non-woody,herb,1.0,,,,,,,0.0,0.0,0.0,0.0,0.0,0.0,,,,,,,,,,,,,,0,0,1,,
conyza bonariensis,,,,,,,,,,,,,,,,10.0,24.0,66.40543222139999,0.17247077219999998,5.3381521838,88.957855185,-32.60472222,-63.95194444,,,,,,1,0,0,,
conyza canadensis,,,,,,,,,,,,,,,,6.0,6.5,39.149487795,22.984052462500003,0.108295984,76.9076515555,-22.631098143333332,28.449933341666668,11.0,323.3636363636364,3.1818181818181817,49.82595454545455,16.052463636363637,1,1,0,,
conyza pannosa,,,,,,,,,,,,,,,,4.0,15.25,35.54185140775,19.468662958249997,1.4375002542500002,78.85798595,15.17805556,-23.68666667,2.0,55.5,2.5,15.1781,-23.6867,1,1,0,,
copiapoa cinerea,,,1.0,,,,,,,0.0,0.0,0.0,0.0,0.0,0.0,,,,,,,,,,,,,,0,0,1,,
coprosma ciliata,woody,shrub,1.0,0.2,91.5,0.34,8.39,0.8,,1.0,1.0,1.0,1.0,1.0,0.0,,,,,,,,,,,,,,0,0,1,-0.4894317125185053,-0.9476383894117503
coprosma foetidissima,woody,shrub,1.0,0.37,44.5,0.21,6.86,0.67,,1.0,1.0,1.0,1.0,1.0,0.0,,,,,,,,,,,,,,0,0,1,-0.4883974710438378,-0.14029530288061562
coprosma linariifolia,woody,shrub/tree,7.0,0.5583428571428571,22.283399722857144,0.19634303542857143,13.9,,,7.0,7.0,7.0,1.0,0.0,0.0,,,,,,,,,,,,,,0,0,1,-0.13252548516184237,0.3070844804116144
coprosma lucida,woody,shrub/tree,1.0,0.45,26.0,0.23,11.36,0.88,,1.0,1.0,1.0,1.0,1.0,0.0,,,,,,,,,,,,,,0,0,1,-0.38313951714920114,-0.011840899527865241
coprosma macrocarpa,woody,tree,2.0,,38.1443642,,13.57357538,1.530316996,,0.0,2.0,0.0,2.0,2.0,0.0,,,,,,,,,,,,,,0,0,1,,
coprosma perpusilla,,unspecified,1.0,,24.28771523,,,,,0.0,1.0,0.0,0.0,0.0,0.0,,,,,,,,,,,,,,0,0,1,,
coprosma petriei,woody,shrub,6.0,,58.221330522333325,0.249638663,,,,0.0,3.0,6.0,0.0,0.0,0.0,,,,,,,,,,,,,,0,0,1,,
coprosma rhamnoides,woody,shrub,1.0,0.2,158.3,0.2,9.64,0.96,,1.0,1.0,1.0,1.0,1.0,0.0,,,,,,,,,,,,,,0,0,1,0.5491567742919218,-0.7638475086311693
corchorus olitorius,non-woody,herb,1.0,,,,,,,0.0,0.0,0.0,0.0,0.0,0.0,,,,,,,,,,,,,,0,0,1,,
corchorus trilocularis,non-woody,herb,2.0,,,,,,39.485,0.0,0.0,0.0,0.0,0.0,2.0,,,,,,,,,,,,,,0,0,1,,
cordia alliodora,woody,tree,2.0,0.456433333,3.702461367,0.467430763,22.2227478,,,1.0,1.0,1.0,1.0,0.0,0.0,,,,,,,,,,,,,,0,0,1,-0.6121324506632148,-0.6214388611179397
cordia dodecandra,woody,tree,4.0,,,,,,,0.0,0.0,0.0,0.0,0.0,0.0,,,,,,,,,,,,,,0,0,1,,
cordiera macrophylla,woody,tree,30.0,,,,,,,0.0,0.0,0.0,0.0,0.0,0.0,,,,,,,,,,,,,,0,0,1,,
cordiera myrciifolia,,,1.0,0.544,13.51,0.465,,,,1.0,1.0,1.0,0.0,0.0,0.0,,,,,,,,,,,,,,0,0,1,,
cordylanthus ramosus,non-woody,herb,2.0,,,,,,,0.0,0.0,0.0,0.0,0.0,0.0,,,,,,,,,,,,,,0,0,1,,
coreopsis palmata,non-woody,herb,4.0,0.33,85.25,0.1,21.433333333333334,,,1.0,4.0,1.0,3.0,0.0,0.0,,,,,,,,,,,,,,0,0,1,1.2243916257827097,-0.2529769611024303
coreopsis tinctoria,non-woody,herb,4.0,,28.59341994,,12.72946239,,,0.0,2.0,0.0,1.0,0.0,0.0,,,,,,,,,,,,,,0,0,1,,
corethrodendron fruticosum,woody,shrub,1.0,,5.99,,18.84,,,0.0,1.0,0.0,1.0,0.0,0.0,,,,,,,,,,,,,,0,0,1,,
coriandrum sativum,non-woody,herb,1.0,,,,,,,0.0,0.0,0.0,0.0,0.0,0.0,,,,,,,,,,,,,,0,0,1,,
coriaria arborea,woody,shrub,1.0,0.31,27.4,0.46,15.99,0.99,,1.0,1.0,1.0,1.0,1.0,0.0,,,,,,,,,,,,,,0,0,1,-0.8350395178674332,-0.9301661992980171
coriaria nepalensis,woody,unspecified,1.0,0.44,31.30576369,0.209036145,26.83182267,,,1.0,1.0,1.0,1.0,0.0,0.0,,,,,,,,,,,,,,0,0,1,0.8297292105237061,-0.19932416133454434
corispermum heptapotamicum,,unspecified,1.0,,34.08,,5.41,,,0.0,1.0,0.0,1.0,0.0,0.0,,,,,,,,,,,,,,0,0,1,,
corispermum lehmannianum,,unspecified,3.0,,,,,,,0.0,0.0,0.0,0.0,0.0,0.0,,,,,,,,,,,,,,0,0,1,,
corispermum mongolicum,non-woody,unspecified,4.0,,24.8675,,6.7225,,,0.0,4.0,0.0,4.0,0.0,0.0,,,,,,,,,,,,,,0,0,1,,
corispermum papillosum,,unspecified,1.0,,,,,,,0.0,0.0,0.0,0.0,0.0,0.0,,,,,,,,,,,,,,0,0,1,,
corispermum puberulum,non-woody,herb,4.0,,36.2125,,,,,0.0,4.0,0.0,0.0,0.0,0.0,,,,,,,,,,,,,,0,0,1,,
cormus domestica,woody,tree,1.0,,,,,,,0.0,0.0,0.0,0.0,0.0,0.0,,,,,,,,,,,,,,0,0,1,,
cornulaca monacantha,,unspecified,2.0,,,,,,,0.0,0.0,0.0,0.0,0.0,0.0,,,,,,,,,,,,,,0,0,1,,
cornus alba,woody,shrub,2.0,,,,,,,0.0,0.0,0.0,0.0,0.0,0.0,,,,,,,,,,,,,,0,0,1,,
cornus alternifolia,woody,shrub/tree,2.0,,,,,,,0.0,0.0,0.0,0.0,0.0,0.0,,,,,,,,,,,,,,0,0,1,,
cornus amomum,woody,shrub,1.0,,23.1,0.43,12.2,,,0.0,1.0,1.0,1.0,0.0,0.0,,,,,,,,,,,,,,0,0,1,,
cornus bretschneideri,woody,unspecified,6.0,0.45391257766666665,30.34411866666667,0.3480575845,11.419145499999999,,,6.0,6.0,6.0,6.0,0.0,0.0,,,,,,,,,,,,,,0,0,1,-0.7733054838608412,-0.2689587876465922
cornus controversa,woody,tree,1.0,0.65355,14.69760833,0.202672971,17.56378533,,,1.0,1.0,1.0,1.0,0.0,0.0,,,,,,,,,,,,,,0,0,1,0.031937409856838586,0.4969630498581825
cornus florida,woody,shrub/tree,7.0,0.552030418,23.2959321262,0.2023135372,13.48225,,,5.0,5.0,5.0,4.0,0.0,0.0,,,,,,,,,,,,,,0,0,1,-0.17531179255946144,0.28190520496793503
cornus kousa,woody,shrub,1.0,0.37895,51.5947027,0.171296296,14.888799,,,1.0,1.0,1.0,1.0,0.0,0.0,,,,,,,,,,,,,,0,0,1,0.2664319455690412,-0.1479991634437146
cornus mas,woody,shrub,1.0,,,,,,,0.0,0.0,0.0,0.0,0.0,0.0,,,,,,,,,,,,,,0,0,1,,
cornus officinalis,woody,shrub,10.0,0.8254853501999999,11.76517528,0.4832966602,10.16,,,10.0,5.0,5.0,5.0,0.0,0.0,,,,,,,,,,,,,,0,0,1,-1.5590657892031163,0.4126905001740134
cornus sanguinea,woody,shrub/tree,2.0,,,,,,,0.0,0.0,0.0,0.0,0.0,0.0,,,,,,,,,,,,,,0,0,1,,
cornus sericea,woody,shrub,1.0,,,,,,,0.0,0.0,0.0,0.0,0.0,0.0,,,,,,,,,,,,,,0,0,1,,
cornus suecica,non-woody,herb,3.0,,,,7.812801366,1.481156325,,0.0,0.0,0.0,2.0,2.0,0.0,2.0,5.0,0.0,0.0,0.0,100.0,69.81361111,27.17361111,1.0,24.0,2.0,69.8136,27.1736,1,1,1,,
cornus ulotricha,woody,unspecified,1.0,0.6110875,13.28886489,0.256929557,16.037594,,,1.0,1.0,1.0,1.0,0.0,0.0,,,,,,,,,,,,,,0,0,1,-0.27025729484109895,0.29327529627836874
coronilla juncea,woody,shrub,1.0,0.3001,7.815522897,0.589211904,,,,1.0,1.0,1.0,0.0,0.0,0.0,,,,,,,,,,,,,,0,0,1,,
coronilla minima,non-woody,herb,15.0,0.5372136606000001,40.442674992,0.18600002599999998,17.375,,,5.0,5.0,3.0,2.0,0.0,0.0,,,,,,,,,,,,,,0,0,1,0.2784341045399243,0.20267549652531525
coronilla orientalis,non-woody,herb,1.0,,,,,,,0.0,0.0,0.0,0.0,0.0,0.0,,,,,,,,,,,,,,0,0,1,,
coronilla vaginalis,non-woody,herb,1.0,,,,,,,0.0,0.0,0.0,0.0,0.0,0.0,,,,,,,,,,,,,,0,0,1,,
coronilla varia,non-woody,herb,7.0,,211.1,0.0906,,,23.4,0.0,1.0,1.0,0.0,0.0,1.0,,,,,,,,,,,,,,0,0,1,,
correa rubra,,,1.0,,,,,,,0.0,0.0,0.0,0.0,0.0,0.0,,,,,,,,,,,,,,0,0,1,,
corydalis alpestris,,unspecified,1.0,,,,,,,0.0,0.0,0.0,0.0,0.0,0.0,,,,,,,,,,,,,,0,0,1,,
corydalis caucasica,,unspecified,1.0,,,,,,,0.0,0.0,0.0,0.0,0.0,0.0,,,,,,,,,,,,,,0,0,1,,
corydalis conorhiza,non-woody,herb,1.0,,,,,,,0.0,0.0,0.0,0.0,0.0,0.0,,,,,,,,,,,,,,0,0,1,,
corydalis meifolia,,,,,,,,,,,,,,,,2.0,9.0,6.859205776,3.249097473,0.0,96.75090253,32.89962456,77.20739698,,,,,,1,0,0,,
corydalis schanginii,,unspecified,2.0,,,,,,,0.0,0.0,0.0,0.0,0.0,0.0,,,,,,,,,,,,,,0,0,1,,
corydalis solida,non-woody,herb,5.0,,,,,,,0.0,0.0,0.0,0.0,0.0,0.0,,,,,,,,,,,,,,0,0,1,,
corylus americana,woody,shrub,5.0,,52.0,,9.9,,,0.0,1.0,0.0,1.0,0.0,0.0,,,,,,,,,,,,,,0,0,1,,
corylus avellana,woody,shrub/tree,4.0,,,,,,,0.0,0.0,0.0,0.0,0.0,0.0,,,,,,,,,,,,,,0,0,1,,
corylus cornuta,woody,shrub/tree,2.0,,,,,,,0.0,0.0,0.0,0.0,0.0,0.0,,,,,,,,,,,,,,0,0,1,,
corylus ferox,woody,tree,1.0,0.2532,68.29596537,0.291356746,20.15906433,,,1.0,1.0,1.0,1.0,0.0,0.0,,,,,,,,,,,,,,0,0,1,0.3530034885721292,-0.8220794759743316
corylus sieboldiana,woody,unspecified,2.0,0.2066333335,132.8431766,0.2340384435,19.484228639999998,,,2.0,2.0,2.0,2.0,0.0,0.0,,,,,,,,,,,,,,0,0,1,0.9546003067327524,-0.9081729133280494
corymbia calophylla,woody,,1.0,,,,,,,0.0,0.0,0.0,0.0,0.0,0.0,,,,,,,,,,,,,,0,0,1,,
corymbia citriodora,woody,tree,14.0,,,,12.5,,,0.0,0.0,0.0,2.0,0.0,0.0,,,,,,,,,,,,,,0,0,1,,
corymbia erythrophloia,woody,tree,1.0,,,,,,,0.0,0.0,0.0,0.0,0.0,0.0,,,,,,,,,,,,,,0,0,1,,
corymbia tessellaris,woody,shrub/tree,1.0,,,,,,,0.0,0.0,0.0,0.0,0.0,0.0,,,,,,,,,,,,,,0,0,1,,
corynephorus canescens,non-woody,graminoid,1.0,,,,,,,0.0,0.0,0.0,0.0,0.0,0.0,,,,,,,,,,,,,,0,0,1,,
corynocarpus laevigatus,woody,unspecified,10.0,0.588,23.799507734,0.1627042304,34.2,,,10.0,10.0,10.0,1.0,0.0,0.0,,,,,,,,,,,,,,0,0,1,1.434164888029604,0.19066078129679148
corythophora alta,woody,tree,1.0,0.45,12.08,0.592,,,,1.0,1.0,1.0,0.0,0.0,0.0,,,,,,,,,,,,,,0,0,1,,
cosmos parviflorus,non-woody,herb,4.0,,109.20557185,,13.09175253,,,0.0,3.0,0.0,1.0,0.0,0.0,,,,,,,,,,,,,,0,0,1,,
cosmos phothea,,unspecified,1.0,,,,,,,0.0,0.0,0.0,0.0,0.0,0.0,,,,,,,,,,,,,,0,0,1,,
cota austriaca,,,1.0,,,,,,,0.0,0.0,0.0,0.0,0.0,0.0,,,,,,,,,,,,,,0,0,1,,
cota melanoloma,,unspecified,1.0,,,,,,,0.0,0.0,0.0,0.0,0.0,0.0,,,,,,,,,,,,,,0,0,1,,
cota tinctoria,non-woody,herb,3.0,2.13288102,294.5666667,0.058370969,,,,1.0,1.0,1.0,0.0,0.0,0.0,,,,,,,,,,,,,,0,0,1,,
cota triumfetti,,unspecified,1.0,,,,,,,0.0,0.0,0.0,0.0,0.0,0.0,,,,,,,,,,,,,,0,0,1,,
cotinus coggygria,woody,shrub,1.0,,,,,,,0.0,0.0,0.0,0.0,0.0,0.0,,,,,,,,,,,,,,0,0,1,,
cotinus szechuanensis,woody,shrub,1.0,,6.31,,12.3,3.23,,0.0,1.0,0.0,1.0,1.0,0.0,,,,,,,,,,,,,,0,0,1,,
cotoneaster acutifolius,woody,unspecified,3.0,0.2034,102.698,0.3,15.50378967,,,1.0,1.0,1.0,1.0,0.0,0.0,,,,,,,,,,,,,,0,0,1,0.2338514915160403,-0.9612006319326457
cotoneaster adpressus,woody,shrub,1.0,0.24365,88.57128378,0.238709677,13.65002367,,,1.0,1.0,1.0,1.0,0.0,0.0,,,,,,,,,,,,,,0,0,1,0.21715508927241395,-0.6789746622130571
cotoneaster hissaricus,,unspecified,1.0,,,,,,,0.0,0.0,0.0,0.0,0.0,0.0,,,,,,,,,,,,,,0,0,1,,
cotoneaster laxiflorus,woody,shrub,2.0,,,,,,,0.0,0.0,0.0,0.0,0.0,0.0,,,,,,,,,,,,,,0,0,1,,
cotoneaster megalocarpus,,unspecified,3.0,,,,,,,0.0,0.0,0.0,0.0,0.0,0.0,,,,,,,,,,,,,,0,0,1,,
cotoneaster multiflorus,woody,unspecified,2.0,0.22965,146.1748496,0.170460705,20.51232067,,,1.0,1.0,1.0,1.0,0.0,0.0,,,,,,,,,,,,,,0,0,1,1.339388772168821,-0.7455560012157673
cotoneaster nummularioides,woody,shrub,1.0,,,,,,,0.0,0.0,0.0,0.0,0.0,0.0,,,,,,,,,,,,,,0,0,1,,
cotoneaster sanguineus,,unspecified,1.0,,,,,,,0.0,0.0,0.0,0.0,0.0,0.0,,,,,,,,,,,,,,0,0,1,,
cotoneaster subacutus,,unspecified,1.0,,,,,,,0.0,0.0,0.0,0.0,0.0,0.0,,,,,,,,,,,,,,0,0,1,,
cotoneaster submultiflorus,,unspecified,1.0,,,,,,,0.0,0.0,0.0,0.0,0.0,0.0,,,,,,,,,,,,,,0,0,1,,
couepia magnoliifolia,,,1.0,0.265,23.26,0.675,,,,1.0,1.0,1.0,0.0,0.0,0.0,,,,,,,,,,,,,,0,0,1,,
couroupita guianensis,woody,tree,4.0,0.5581,6.600357267,0.33419108350000004,11.091848315,,,2.0,2.0,2.0,2.0,0.0,0.0,,,,,,,,,,,,,,0,0,1,-0.9308688774101334,0.0653387096096716
cousinia affinis,,unspecified,2.0,,,,,,,0.0,0.0,0.0,0.0,0.0,0.0,,,,,,,,,,,,,,0,0,1,,
cousinia alpestris,,unspecified,1.0,,,,,,,0.0,0.0,0.0,0.0,0.0,0.0,,,,,,,,,,,,,,0,0,1,,
cousinia astracanica,,unspecified,1.0,,,,,,,0.0,0.0,0.0,0.0,0.0,0.0,,,,,,,,,,,,,,0,0,1,,
cousinia franchetii,,unspecified,2.0,,,,,,,0.0,0.0,0.0,0.0,0.0,0.0,,,,,,,,,,,,,,0,0,1,,
cousinia hamadae,,unspecified,1.0,,,,,,,0.0,0.0,0.0,0.0,0.0,0.0,,,,,,,,,,,,,,0,0,1,,
cousinia microcarpa,,unspecified,1.0,,,,,,,0.0,0.0,0.0,0.0,0.0,0.0,,,,,,,,,,,,,,0,0,1,,
cousinia verticillaris,,unspecified,1.0,,,,,,,0.0,0.0,0.0,0.0,0.0,0.0,,,,,,,,,,,,,,0,0,1,,
coussarea albescens,,,2.0,,,,,,,0.0,0.0,0.0,0.0,0.0,0.0,,,,,,,,,,,,,,0,0,1,,
crambe tataria,,,1.0,,,,,,,0.0,0.0,0.0,0.0,0.0,0.0,,,,,,,,,,,,,,0,0,1,,
cranfillia fluviatilis,non-woody,fern,1.0,0.31,42.9,0.29,12.76,0.54,,1.0,1.0,1.0,1.0,1.0,0.0,,,,,,,,,,,,,,0,0,1,-0.35200422383934105,-0.5401409103963722
craniolaria integrifolia,,herb,2.0,,,,,,,0.0,0.0,0.0,0.0,0.0,0.0,,,,,,,,,,,,,,0,0,1,,
crassula arborescens,,unspecified,1.0,,,,,,,0.0,0.0,0.0,0.0,0.0,0.0,,,,,,,,,,,,,,0,0,1,,
crassula muscosa,,,1.0,,,,,,,0.0,0.0,0.0,0.0,0.0,0.0,,,,,,,,,,,,,,0,0,1,,
crassula perfoliata,,unspecified,1.0,,,,,,,0.0,0.0,0.0,0.0,0.0,0.0,,,,,,,,,,,,,,0,0,1,,
crataegus azarolus,woody,shrub,1.0,,,,,,,0.0,0.0,0.0,0.0,0.0,0.0,,,,,,,,,,,,,,0,0,1,,
crataegus chlorocarpa,,unspecified,3.0,,,,,,,0.0,0.0,0.0,0.0,0.0,0.0,,,,,,,,,,,,,,0,0,1,,
crataegus dsungarica,,unspecified,1.0,,,,,,,0.0,0.0,0.0,0.0,0.0,0.0,,,,,,,,,,,,,,0,0,1,,
crataegus macrocarpa,woody,shrub,1.0,,,,,,,0.0,0.0,0.0,0.0,0.0,0.0,,,,,,,,,,,,,,0,0,1,,
crataegus maximowiczii,,unspecified,1.0,,,,,,,0.0,0.0,0.0,0.0,0.0,0.0,,,,,,,,,,,,,,0,0,1,,
crataegus mollis,woody,tree,2.0,,,,,,,0.0,0.0,0.0,0.0,0.0,0.0,,,,,,,,,,,,,,0,0,1,,
crataegus monogyna,woody,shrub/tree,5.0,0.431175,10.08847613,0.700739281,,,9.376041667,1.0,1.0,1.0,0.0,0.0,1.0,,,,,,,,,,,,,,0,0,1,,
crataegus pinnatifida,woody,shrub/tree,2.0,0.21435,105.2808225,0.271130031,14.80399667,,,1.0,1.0,1.0,1.0,0.0,0.0,,,,,,,,,,,,,,0,0,1,0.3022226636057894,-0.8654539616962785
crataegus songarica,woody,unspecified,4.0,,,,,,,0.0,0.0,0.0,0.0,0.0,0.0,,,,,,,,,,,,,,0,0,1,,
crataegus turkestanica,,unspecified,1.0,,,,,,,0.0,0.0,0.0,0.0,0.0,0.0,,,,,,,,,,,,,,0,0,1,,
cratoxylum cochinchinense,woody,tree,1.0,0.12092,32.53,0.41,8.98,,55.0,1.0,1.0,1.0,1.0,0.0,1.0,,,,,,,,,,,,,,0,0,1,-1.0754630804425036,-1.2125529074642258
cremanthodium decaisnei,,,,,,,,,,,,,,,,1.0,1.0,0.0,0.0,0.0,100.0,32.928529,77.221543,,,,,,1,0,0,,
cremanthodium ellisii,,,,,,,,,,,,,,,,1.0,1.0,0.0,0.0,0.0,100.0,34.255443,77.635079,,,,,,1,0,0,,
crepis aurea,non-woody,herb,1.0,,,,,,,0.0,0.0,0.0,0.0,0.0,0.0,,,,,,,,,,,,,,0,0,1,,
crepis biennis,non-woody,herb,3.0,2.56287913,288.8,0.0661626,,,,1.0,1.0,1.0,0.0,0.0,0.0,,,,,,,,,,,,,,0,0,1,,
crepis capillaris,non-woody,herb,3.0,,138.0,,10.7,,,0.0,1.0,0.0,1.0,0.0,0.0,,,,,,,,,,,,,,0,0,1,,
crepis conyzifolia,non-woody,herb,1.0,,,,,,,0.0,0.0,0.0,0.0,0.0,0.0,,,,,,,,,,,,,,0,0,1,,
crepis foetida,non-woody,herb,4.0,0.2835,296.13,0.0675,14.175,2.5,,2.0,2.0,2.0,2.0,1.0,0.0,,,,,,,,,,,,,,0,0,1,2.251747872848773,-0.5436507895493075
crepis multicaulis,,unspecified,1.0,,,,,,,0.0,0.0,0.0,0.0,0.0,0.0,,,,,,,,,,,,,,0,0,1,,
crepis oreades,,unspecified,1.0,,,,,,,0.0,0.0,0.0,0.0,0.0,0.0,,,,,,,,,,,,,,0,0,1,,
crepis paludosa,non-woody,herb,4.0,,,,,,,0.0,0.0,0.0,0.0,0.0,0.0,,,,,,,,,,,,,,0,0,1,,
crepis sancta,non-woody,herb,2.0,0.29,326.0,,31.4,,35.6,1.0,1.0,0.0,1.0,0.0,1.0,,,,,,,,,,,,,,0,0,1,,
crepis sibirica,,unspecified,5.0,,,,,,,0.0,0.0,0.0,0.0,0.0,0.0,,,,,,,,,,,,,,0,0,1,,
crepis tectorum,non-woody,herb,2.0,0.34,119.0,0.09,,,,1.0,1.0,1.0,0.0,0.0,0.0,,,,,,,,,,,,,,0,0,1,,
crescentia cujete,woody,shrub/tree,1.0,,,,,,55.17,0.0,0.0,0.0,0.0,0.0,1.0,,,,,,,,,,,,,,0,0,1,,
crithmum maritimum,non-woody,herb,1.0,,,,,,,0.0,0.0,0.0,0.0,0.0,0.0,,,,,,,,,,,,,,0,0,1,,
critoniopsis floribunda,,,2.0,0.45785,24.12172985,0.2797405205,30.280055,0.87701082,,2.0,2.0,2.0,2.0,1.0,0.0,,,,,,,,,,,,,,0,0,1,0.7693089832415037,-0.34275348845019576
critoniopsis pycnantha,,,14.0,0.5722413920714285,16.80489604007143,0.28353694757142855,18.06132642857143,1.0677117745,,14.0,14.0,14.0,14.0,14.0,0.0,,,,,,,,,,,,,,0,0,1,-0.1889014534171792,0.1055828301001338
crocus ancyrensis,,,1.0,,,,,,,0.0,0.0,0.0,0.0,0.0,0.0,,,,,,,,,,,,,,0,0,1,,
crocus reticulatus,non-woody,herb,4.0,,,,,,,0.0,0.0,0.0,0.0,0.0,0.0,,,,,,,,,,,,,,0,0,1,,
crocus vernus,non-woody,herb,1.0,,,,,,,0.0,0.0,0.0,0.0,0.0,0.0,,,,,,,,,,,,,,0,0,1,,
crossandra infundibuliformis,,unspecified,1.0,,,,,,48.7,0.0,0.0,0.0,0.0,0.0,1.0,,,,,,,,,,,,,,0,0,1,,
crossopterix febrifuga,,,,,,,,,,,,,,,,,,,,,,,,1.0,11.0,4.0,-18.9639,34.3836,0,1,0,,
crossopteryx febrifuga,woody,tree,1.0,,,,,,,0.0,0.0,0.0,0.0,0.0,0.0,,,,,,,,,,,,,,0,0,1,,
crotalaria albida,,,,,,,,,,,,,,,,4.0,21.75,28.65067109425,0.1321167845,0.398089172,96.4505742725,22.37722222,81.89916667,2.0,2.0,1.5,22.3772,81.8992,1,1,0,,
crotalaria burhia,,,1.0,,,,,,,0.0,0.0,0.0,0.0,0.0,0.0,,,,,,,,,,,,,,0,0,1,,
crotalaria epunctata,,unspecified,1.0,,,,,,92.0,0.0,0.0,0.0,0.0,0.0,1.0,,,,,,,,,,,,,,0,0,1,,
crotalaria hirta,,unspecified,1.0,,,,,,68.28,0.0,0.0,0.0,0.0,0.0,1.0,,,,,,,,,,,,,,0,0,1,,
crotalaria juncea,non-woody,herb,3.0,,,,,,58.17,0.0,0.0,0.0,0.0,0.0,1.0,,,,,,,,,,,,,,0,0,1,,
crotalaria microphylla,,,,,,,,,,,,,,,,4.0,10.25,25.880817266500003,0.19083969475,9.63740458,89.6286934275,16.80527778,-22.92111111,1.0,29.0,1.0,16.8053,-22.9211,1,1,0,,
crotalaria mysorensis,,unspecified,1.0,,,,,,85.5,0.0,0.0,0.0,0.0,0.0,1.0,,,,,,,,,,,,,,0,0,1,,
crotalaria prostrata,,unspecified,1.0,,,,,,82.84,0.0,0.0,0.0,0.0,0.0,1.0,4.0,18.0,5.351964963,0.01888217525,0.0,97.11905571,22.37444444,81.90222222,1.0,1.0,1.0,22.3744,81.9022,1,1,1,,
crotalaria retusa,non-woody/woody,herb/shrub,1.0,,,,,,88.32,0.0,0.0,0.0,0.0,0.0,1.0,,,,,,,,,,,,,,0,0,1,,
crotalaria verrucosa,non-woody/woody,herb/shrub,1.0,,,,,,39.16,0.0,0.0,0.0,0.0,0.0,1.0,,,,,,,,,,,,,,0,0,1,,
crotalaria willdenowiana,,unspecified,1.0,,,,,,79.33,0.0,0.0,0.0,0.0,0.0,1.0,,,,,,,,,,,,,,0,0,1,,
croton kongensis,,,7.0,0.8210561902857142,7.567181018,0.38789118714285714,12.688571428571427,0.7999999999999999,,7.0,7.0,7.0,7.0,7.0,0.0,,,,,,,,,,,,,,0,0,1,-1.0649342187452633,0.5851151962487328
croton pottsii,non-woody,herb,9.0,,,,,,,0.0,0.0,0.0,0.0,0.0,0.0,,,,,,,,,,,,,,0,0,1,,
croton texensis,non-woody,herb,2.0,,,,,,,0.0,0.0,0.0,0.0,0.0,0.0,,,,,,,,,,,,,,0,0,1,,
cruciata glabra,non-woody,herb,4.0,,,,,,,0.0,0.0,0.0,0.0,0.0,0.0,,,,,,,,,,,,,,0,0,1,,
cruciata laevipes,non-woody,herb,7.0,1.66074309,490.9400978,0.089116197,,,,1.0,1.0,1.0,0.0,0.0,0.0,,,,,,,,,,,,,,0,0,1,,
cruciata taurica,non-woody,herb,1.0,,,,,,,0.0,0.0,0.0,0.0,0.0,0.0,,,,,,,,,,,,,,0,0,1,,
cryptandra tomentosa,woody,shrub,1.0,,,,,,,0.0,0.0,0.0,0.0,0.0,0.0,,,,,,,,,,,,,,0,0,1,,
cryptantha utahensis,non-woody,herb,1.0,,,,,,,0.0,0.0,0.0,0.0,0.0,0.0,,,,,,,,,,,,,,0,0,1,,
cryptantha virgata,,herb,1.0,,,,,,,0.0,0.0,0.0,0.0,0.0,0.0,,,,,,,,,,,,,,0,0,1,,
cryptocarya acutifolia,,,10.0,1.0083200001,4.0375383808,0.3460609982,11.198,1.126,,10.0,10.0,10.0,10.0,10.0,0.0,,,,,,,,,,,,,,0,0,1,-1.0888836225744576,1.1717966739852221
cryptocarya alba,woody,shrub/tree,3.0,,,,,,,0.0,0.0,0.0,0.0,0.0,0.0,,,,,,,,,,,,,,0,0,1,,
cryptocarya brachythyrsa,,,1.0,0.891066667,6.473976256,0.252710197,15.61,0.89,,1.0,1.0,1.0,1.0,1.0,0.0,,,,,,,,,,,,,,0,0,1,-0.39714212071148447,1.0215922806029105
cryptocarya chinensis,woody,tree,27.0,1.2500493878666668,6.945556250466667,0.31120767493333334,17.47925855809524,0.48777777777777775,90.0,15.0,15.0,15.0,21.0,9.0,1.0,,,,,,,,,,,,,,0,0,1,-0.5549115090693822,1.7690778758648351
cryptocarya chingii,woody,tree,6.0,,,,19.033333333333335,0.345,,0.0,0.0,0.0,6.0,6.0,0.0,,,,,,,,,,,,,,0,0,1,,
cryptocarya concinna,woody,tree,12.0,0.6893531746666667,14.239284484666667,0.3842049106666667,17.756666666666668,,91.0,6.0,6.0,6.0,6.0,0.0,1.0,,,,,,,,,,,,,,0,0,1,-0.6156930391672751,0.18651234265023645
cryptocarya densiflora,woody,tree,1.0,1.343633333,2.290639341,0.326905588,7.98,0.64,,1.0,1.0,1.0,1.0,1.0,0.0,,,,,,,,,,,,,,0,0,1,-1.3396410470157754,2.099658206125865
cryptocarya yunnanensis,woody,tree,6.0,1.1181722221666666,3.555122915666667,0.323897689,12.43,0.695,,6.0,6.0,6.0,6.0,6.0,0.0,,,,,,,,,,,,,,0,0,1,-0.951033505212716,1.4809735582787544
cryptogramma crispa,non-woody,fern,1.0,,,,,,,0.0,0.0,0.0,0.0,0.0,0.0,,,,,,,,,,,,,,0,0,1,,
cryptomeria japonica,woody,tree,12.0,0.6015250000000001,26.0726351525,0.16682634925,14.272861,,,4.0,4.0,4.0,1.0,0.0,0.0,,,,,,,,,,,,,,0,0,1,0.014934713353950491,0.4693355468953229
cryptostegia grandiflora,,unspecified,1.0,,,,,,48.6,0.0,0.0,0.0,0.0,0.0,1.0,,,,,,,,,,,,,,0,0,1,,
cryptotaenia japonica,non-woody,herb,1.0,,4.466158582,,,,,0.0,1.0,0.0,0.0,0.0,0.0,,,,,,,,,,,,,,0,0,1,,
cucumis melo,non-woody,climber,1.0,,,,,,,0.0,0.0,0.0,0.0,0.0,0.0,,,,,,,,,,,,,,0,0,1,,
cucumis sativus,non-woody,herb,1.0,,,,,,,0.0,0.0,0.0,0.0,0.0,0.0,,,,,,,,,,,,,,0,0,1,,
cucurbita digitata,non-woody,herb,1.0,,,,,,,0.0,0.0,0.0,0.0,0.0,0.0,,,,,,,,,,,,,,0,0,1,,
cucurbita foetidissima,non-woody,climber,2.0,0.29163,,0.399121,,,,1.0,0.0,1.0,0.0,0.0,0.0,,,,,,,,,,,,,,0,0,1,,
cucurbita pepo,non-woody,climber,4.0,,,,,,,0.0,0.0,0.0,0.0,0.0,0.0,,,,,,,,,,,,,,0,0,1,,
cullen australasicum,,,,,,,,,,,,,,,,3.0,13.333333333333334,52.869828893333334,2.6315789473333333,0.43859649133333334,91.36343946,-33.69,117.56,,,,,,1,0,0,,
cullen tenax,,,,,,,,,,,,,,,,4.0,8.25,21.22368725575,0.0,4.1666666675,90.755160495,-33.69,117.56,,,,,,1,0,0,,
cunninghamia lanceolata,woody,tree,133.0,0.6762398697954546,11.66762147697561,0.14502169783783783,11.437402582095238,1.2290033333333332,52.83611068625,44.0,41.0,37.0,42.0,6.0,8.0,,,,,,,,,,,,,,0,0,1,-0.22286988092794746,0.7644889494017729
cupressus funebris,woody,tree,26.0,0.7192955545238094,11.28618609195,,,,,21.0,20.0,0.0,0.0,0.0,0.0,,,,,,,,,,,,,,0,0,1,,
curatella americana,woody,tree,6.0,,,,,,,0.0,0.0,0.0,0.0,0.0,0.0,,,,,,,,,,,,,,0,0,1,,
curculigo orchioides,non-woody,herb,1.0,,,,,,59.48,0.0,0.0,0.0,0.0,0.0,1.0,,,,,,,,,,,,,,0,0,1,,
cyanthillium cinereum,non-woody,herb,1.0,,,,,,59.21,0.0,0.0,0.0,0.0,0.0,1.0,,,,,,,,,,,,,,0,0,1,,
cyathea smithii,non-woody,fern,1.0,0.31,30.1,0.4,5.29,0.39,,1.0,1.0,1.0,1.0,1.0,0.0,,,,,,,,,,,,,,0,0,1,-1.3627512458718658,-0.6645483042962528
cybianthus fulvopulverulentus,woody,shrub/tree,1.0,,,,,,,0.0,0.0,0.0,0.0,0.0,0.0,,,,,,,,,,,,,,0,0,1,,
cycas nathorstii,,,4.0,1.167851852,9.085547053333334,0.21356729366666669,3.7156839279999994,,,3.0,3.0,3.0,3.0,0.0,0.0,,,,,,,,,,,,,,0,0,1,-1.150091991583046,1.9515475972326206
cycas panzhihuaensis,,,4.0,1.1047222223333335,7.224142464333333,0.21362144833333332,3.4194047876666667,,,3.0,3.0,3.0,3.0,0.0,0.0,,,,,,,,,,,,,,0,0,1,-1.169003074577389,1.7998341739822261
cycas revoluta,woody,tree,2.0,,,,,,,0.0,0.0,0.0,0.0,0.0,0.0,,,,,,,,,,,,,,0,0,1,,
cydonia oblonga,woody,shrub,1.0,0.3992,9.416966696,0.933558265,,,26.06666667,1.0,1.0,1.0,0.0,0.0,1.0,,,,,,,,,,,,,,0,0,1,,
cylindropuntia acanthocarpa,,,1.0,,,,,,,0.0,0.0,0.0,0.0,0.0,0.0,,,,,,,,,,,,,,0,0,1,,
cylindropuntia arbuscula,,,2.0,,,,,,,0.0,0.0,0.0,0.0,0.0,0.0,,,,,,,,,,,,,,0,0,1,,
cylindropuntia fulgida,,,3.0,,,,,,,0.0,0.0,0.0,0.0,0.0,0.0,,,,,,,,,,,,,,0,0,1,,
cylindropuntia imbricata,,shrub,4.0,,,,,,,0.0,0.0,0.0,0.0,0.0,0.0,,,,,,,,,,,,,,0,0,1,,
cylindropuntia leptocaulis,,,1.0,,,,,,,0.0,0.0,0.0,0.0,0.0,0.0,,,,,,,,,,,,,,0,0,1,,
cylindropuntia ramosissima,,shrub,3.0,,,,,,,0.0,0.0,0.0,0.0,0.0,0.0,,,,,,,,,,,,,,0,0,1,,
cylindropuntia thurberi,,,1.0,,,,,,,0.0,0.0,0.0,0.0,0.0,0.0,,,,,,,,,,,,,,0,0,1,,
cymbaria daurica,non-woody,herb,3.0,0.25392333333333333,,,,,20.66,3.0,0.0,0.0,0.0,0.0,1.0,,,,,,,,,,,,,,0,0,1,,
cymbopogon caesius,non-woody,graminoid,1.0,,,,,,26.58,0.0,0.0,0.0,0.0,0.0,1.0,,,,,,,,,,,,,,0,0,1,,
cymbopogon citratus,non-woody,graminoid,1.0,,,,,,,0.0,0.0,0.0,0.0,0.0,0.0,,,,,,,,,,,,,,0,0,1,,
cymbopogon nardus,,,,,,,,,,,,,,,,8.0,6.375,8.270216435,0.0,0.0,99.95,-33.990555560000004,18.964861114999998,3.0,19.333333333333332,1.0,-33.989666666666665,18.96173333333333,1,1,0,,
cymopterus hallii,,herb,2.0,,,,,,,0.0,0.0,0.0,0.0,0.0,0.0,,,,,,,,,,,,,,0,0,1,,
cymopterus lemmonii,non-woody,herb,3.0,,18.498290930000003,,6.412793994,,,0.0,2.0,0.0,1.0,0.0,0.0,,,,,,,,,,,,,,0,0,1,,
cymopterus terebinthina,,,4.0,,,,,,,0.0,0.0,0.0,0.0,0.0,0.0,,,,,,,,,,,,,,0,0,1,,
cymopterus terebinthinus,non-woody,herb,1.0,,,,,,,0.0,0.0,0.0,0.0,0.0,0.0,,,,,,,,,,,,,,0,0,1,,
cynanchica graveolens,,unspecified,1.0,,,,,,,0.0,0.0,0.0,0.0,0.0,0.0,,,,,,,,,,,,,,0,0,1,,
cynanchica pyrenaica,,,3.0,1.72907595,390.8625,0.166393875,,,,1.0,1.0,1.0,0.0,0.0,0.0,,,,,,,,,,,,,,0,0,1,,
cynanchum acutum,non-woody/woody,herb/shrub,2.0,,,,,,,0.0,0.0,0.0,0.0,0.0,0.0,,,,,,,,,,,,,,0,0,1,,
cynanchum thesioides,non-woody,climber,4.0,,20.3,,8.3375,,,0.0,4.0,0.0,4.0,0.0,0.0,,,,,,,,,,,,,,0,0,1,,
cynara cardunculus,non-woody,herb,1.0,,,,,,,0.0,0.0,0.0,0.0,0.0,0.0,,,,,,,,,,,,,,0,0,1,,
cynara scolymus,non-woody,herb,1.0,,,,,,,0.0,0.0,0.0,0.0,0.0,0.0,,,,,,,,,,,,,,0,0,1,,
cynodon dactylon,non-woody,graminoid,15.0,,,,,,,0.0,0.0,0.0,0.0,0.0,0.0,1.0,42.0,13.76912378,0.111265647,0.0,97.27399166,-2.681388889,35.12083333,,,,,,1,0,1,,
cynodon radiatus,non-woody,graminoid,1.0,,,,,,22.77,0.0,0.0,0.0,0.0,0.0,1.0,,,,,,,,,,,,,,0,0,1,,
cynoglossum officinale,non-woody,herb,1.0,,,,,,,0.0,0.0,0.0,0.0,0.0,0.0,,,,,,,,,,,,,,0,0,1,,
cynosurus cristatus,non-woody,graminoid,4.0,0.896242985,331.2666667,0.1497502115,,,,2.0,1.0,2.0,0.0,0.0,0.0,,,,,,,,,,,,,,0,0,1,,
cynosurus echinatus,non-woody,graminoid,1.0,,,,,,,0.0,0.0,0.0,0.0,0.0,0.0,,,,,,,,,,,,,,0,0,1,,
cyperus alternifolius,non-woody,graminoid,1.0,,,,,,,0.0,0.0,0.0,0.0,0.0,0.0,,,,,,,,,,,,,,0,0,1,,
cyperus byssaceus,,graminoid,2.0,,,,,,,0.0,0.0,0.0,0.0,0.0,0.0,,,,,,,,,,,,,,0,0,1,,
cyperus compressus,non-woody,graminoid,1.0,,,,,,24.19,0.0,0.0,0.0,0.0,0.0,1.0,,,,,,,,,,,,,,0,0,1,,
cyperus cyperinus,non-woody,graminoid,1.0,,,,,,24.46,0.0,0.0,0.0,0.0,0.0,1.0,,,,,,,,,,,,,,0,0,1,,
cyperus difformis,non-woody,graminoid,2.0,0.513,66.37,,5.4,,,1.0,1.0,0.0,1.0,0.0,0.0,,,,,,,,,,,,,,0,0,1,,
cyperus dubius,non-woody,graminoid,1.0,,,,,,16.38,0.0,0.0,0.0,0.0,0.0,1.0,,,,,,,,,,,,,,0,0,1,,
cyperus esculentus,non-woody,graminoid,1.0,,,,,,,0.0,0.0,0.0,0.0,0.0,0.0,,,,,,,,,,,,,,0,0,1,,
cyperus fuscus,non-woody,graminoid,1.0,,,,,,,0.0,0.0,0.0,0.0,0.0,0.0,,,,,,,,,,,,,,0,0,1,,
cyperus glomeratus,non-woody,graminoid,1.0,,,,,,,0.0,0.0,0.0,0.0,0.0,0.0,,,,,,,,,,,,,,0,0,1,,
cyperus papyrus,non-woody,graminoid,1.0,,,,,,,0.0,0.0,0.0,0.0,0.0,0.0,,,,,,,,,,,,,,0,0,1,,
cyperus rotundus,non-woody,graminoid,1.0,,,,,,,0.0,0.0,0.0,0.0,0.0,0.0,,,,,,,,,,,,,,0,0,1,,
cypripedium guttatum,,unspecified,4.0,,,,,,,0.0,0.0,0.0,0.0,0.0,0.0,,,,,,,,,,,,,,0,0,1,,
cyrtococcum patens,non-woody,graminoid,1.0,,,,,,56.67,0.0,0.0,0.0,0.0,0.0,1.0,,,,,,,,,,,,,,0,0,1,,
cystopteris fragilis,non-woody,fern,3.0,,,,,,,0.0,0.0,0.0,0.0,0.0,0.0,,,,,,,,,,,,,,0,0,1,,
cystopteris sudetica,non-woody,fern,3.0,0.49102581100000003,181.52872013333334,0.071831414,12.962976937666667,,,3.0,3.0,3.0,3.0,0.0,0.0,,,,,,,,,,,,,,0,0,1,1.3317445488102428,0.16754408565094853
cytisus balansae,,shrub,9.0,,,,13.72,0.71,,0.0,0.0,0.0,1.0,1.0,0.0,,,,,,,,,,,,,,0,0,1,,
cytisus grandiflorus,woody,shrub,1.0,0.742,3.251413722,0.792650672,,,,1.0,1.0,1.0,0.0,0.0,0.0,,,,,,,,,,,,,,0,0,1,,
cytisus multiflorus,woody,shrub,2.0,,,,,,,0.0,0.0,0.0,0.0,0.0,0.0,,,,,,,,,,,,,,0,0,1,,
cytisus striatus,woody,shrub,2.0,,,,,,,0.0,0.0,0.0,0.0,0.0,0.0,,,,,,,,,,,,,,0,0,1,,
dacrycarpus dacrydioides,woody,tree,15.0,0.6041636363636363,17.783789332727274,0.208925331,14.1,,,11.0,11.0,11.0,1.0,0.0,0.0,,,,,,,,,,,,,,0,0,1,-0.20433857286366913,0.39909410982389576
dacrycarpus imbricatus,woody,tree,13.0,0.5510607089230769,24.793552778538462,0.314316281,10.040000000000001,,,13.0,13.0,13.0,5.0,0.0,0.0,,,,,,,,,,,,,,0,0,1,-0.8106720905320487,0.07564105233290906
dacrydium balansae,,,4.0,0.49225669,14.74510065,0.45712046733333334,1.3954711450000001,,,4.0,3.0,3.0,4.0,0.0,0.0,,,,,,,,,,,,,,0,0,1,-1.9900416293436773,-0.2575971263049902
dacrydium cupressinum,woody,tree,20.0,0.51026,26.708623964,0.20988832100000002,10.399999999999999,0.34,,15.0,15.0,15.0,2.0,1.0,0.0,,,,,,,,,,,,,,0,0,1,-0.38879784345150414,0.19479004946859335
dacrydium gracile,,unspecified,5.0,0.5476,17.5276,0.2874,,,,5.0,5.0,5.0,0.0,0.0,0.0,,,,,,,,,,,,,,0,0,1,,
dacrydium pectinatum,,unspecified,4.0,0.5595,14.96275,0.28225,,,,4.0,4.0,4.0,0.0,0.0,0.0,,,,,,,,,,,,,,0,0,1,,
dacryodes excelsa,woody,tree,19.0,,,,13.666666666666666,0.6775,,0.0,0.0,0.0,3.0,2.0,0.0,,,,,,,,,,,,,,0,0,1,,
dacryodes peruviana,woody,tree,1.0,0.4414,22.48754043,0.290482077,20.81032,1.01358079,,1.0,1.0,1.0,1.0,1.0,0.0,,,,,,,,,,,,,,0,0,1,0.05057712276300153,-0.2826464846199605
dacryodes rugosa,woody,tree,1.0,1.5177,0.822845489,0.672258065,,,,1.0,1.0,1.0,0.0,0.0,0.0,,,,,,,,,,,,,,0,0,1,,
dactylis glomerata,non-woody,graminoid,138.0,0.286516204,308.89105971290326,0.132007676875,9.457185047724138,2.4989453306,,17.0,31.0,8.0,29.0,10.0,0.0,1.0,9.0,77.95698925,0.537634409,0.0,98.92473118,34.3717667,74.99741667,,,,,,1,0,1,1.77043031473723,-0.6372743939728899
dactyloctenium aegyptium,non-woody,graminoid,3.0,,,,,,,0.0,0.0,0.0,0.0,0.0,0.0,,,,,,,,,,,,,,0,0,1,,
dactylorhiza majalis,non-woody,herb,3.0,,,,,,,0.0,0.0,0.0,0.0,0.0,0.0,,,,,,,,,,,,,,0,0,1,,
dactylorhiza osmanica,non-woody,unspecified,11.0,,,,,,,0.0,0.0,0.0,0.0,0.0,0.0,,,,,,,,,,,,,,0,0,1,,
dalbergia miscolobium,woody,tree,1.0,,,,,,,0.0,0.0,0.0,0.0,0.0,0.0,,,,,,,,,,,,,,0,0,1,,
dalbergia sissoo,woody,tree,4.0,,,,,,,0.0,0.0,0.0,0.0,0.0,0.0,,,,,,,,,,,,,,0,0,1,,
dalea candida,non-woody/woody,herb/shrub,8.0,,53.0,,27.233333333333334,,,0.0,3.0,0.0,3.0,0.0,0.0,,,,,,,,,,,,,,0,0,1,,
dalea nana,,herb,2.0,,,,,,,0.0,0.0,0.0,0.0,0.0,0.0,,,,,,,,,,,,,,0,0,1,,
dalea polygonoides,non-woody,herb,3.0,,73.98105561,,,,,0.0,3.0,0.0,0.0,0.0,0.0,,,,,,,,,,,,,,0,0,1,,
dalea purpurea,non-woody/woody,herb/shrub,13.0,0.3758,50.428602149999996,0.21687499999999998,11.95,,,2.0,3.0,2.0,2.0,0.0,0.0,,,,,,,,,,,,,,0,0,1,-0.11272979218848406,-0.21612634557428784
dalea villosa,non-woody/woody,herb/shrub,4.0,,40.0,,11.2,,,0.0,1.0,0.0,1.0,0.0,0.0,,,,,,,,,,,,,,0,0,1,,
damburneya ambigens,,,1.0,,,,,,,0.0,0.0,0.0,0.0,0.0,0.0,,,,,,,,,,,,,,0,0,1,,
danthonia decumbens,non-woody,graminoid,1.0,,,,,,,0.0,0.0,0.0,0.0,0.0,0.0,,,,,,,,,,,,,,0,0,1,,
danthonia intermedia,non-woody,graminoid,1.0,0.3774,15.56514286,0.583333333,,,,1.0,1.0,1.0,0.0,0.0,0.0,,,,,,,,,,,,,,0,0,1,,
daphne glomerata,woody,shrub,3.0,,,,,,,0.0,0.0,0.0,0.0,0.0,0.0,,,,,,,,,,,,,,0,0,1,,
daphne gnidium,woody,shrub,2.0,,,,,,,0.0,0.0,0.0,0.0,0.0,0.0,,,,,,,,,,,,,,0,0,1,,
daphne mezereum,woody,shrub,9.0,,,,,,,0.0,0.0,0.0,0.0,0.0,0.0,,,,,,,,,,,,,,0,0,1,,
daphne striata,woody,shrub,1.0,,,,,,,0.0,0.0,0.0,0.0,0.0,0.0,,,,,,,,,,,,,,0,0,1,,
daphniphyllum macropodum,woody,tree,1.0,,,,7.1,0.93,,0.0,0.0,0.0,1.0,1.0,0.0,,,,,,,,,,,,,,0,0,1,,
daphniphyllum oldhamii,,,,,,,,,,,,,,,,,,,,,,,,4.0,3.0,1.75,29.25,118.12,0,1,0,,
daphniphyllum pentandrum,woody,unspecified,1.0,0.272533333,63.17596899,0.26875,15.911417,,,1.0,1.0,1.0,1.0,0.0,0.0,,,,,,,,,,,,,,0,0,1,0.0930525114142465,-0.6608245696270653
dasiphora fruticosa,non-woody,herb,5.0,,,,,,,0.0,0.0,0.0,0.0,0.0,0.0,,,,,,,,,,,,,,0,0,1,,
dasymaschalon rostratum,,,5.0,,,,14.66,0.382,,0.0,0.0,0.0,5.0,5.0,0.0,,,,,,,,,,,,,,0,0,1,,
dasyphyllum tomentosum,,,1.0,,,,,,,0.0,0.0,0.0,0.0,0.0,0.0,,,,,,,,,,,,,,0,0,1,,
datura metel,,unspecified,1.0,,,,,,53.12,0.0,0.0,0.0,0.0,0.0,1.0,,,,,,,,,,,,,,0,0,1,,
datura stramonium,non-woody,herb,2.0,,,,,,43.19,0.0,0.0,0.0,0.0,0.0,1.0,,,,,,,,,,,,,,0,0,1,,
daucus annuus,,,,,,,,,,,,,,,,,,,,,,,,3.0,69.33333333333333,1.6666666666666667,15.179566666666668,-23.68943333333333,0,1,0,,
daucus carota,non-woody,herb,13.0,0.40437847,359.2836417,0.06412504366666667,9.123333333333333,1.5,,8.0,9.0,3.0,3.0,1.0,0.0,,,,,,,,,116.0,274.5086206896552,2.836206896551724,50.0673474137931,14.859802586206897,0,1,1,2.300374845727028,-0.26920550138999233
daviesia brevifolia,,,1.0,,,,,,,0.0,0.0,0.0,0.0,0.0,0.0,,,,,,,,,,,,,,0,0,1,,
daviesia gracilis,,,2.0,,,,,,,0.0,0.0,0.0,0.0,0.0,0.0,,,,,,,,,,,,,,0,0,1,,
davilla kunthii,,unspecified,2.0,,,,,,,0.0,0.0,0.0,0.0,0.0,0.0,,,,,,,,,,,,,,0,0,1,,
decaspermum gracilentum,woody,shrub/tree,1.0,0.15535,63.99,0.42,14.13,,31.0,1.0,1.0,1.0,1.0,0.0,1.0,,,,,,,,,,,,,,0,0,1,-0.5420063285842505,-1.2652329550398485
delonix regia,woody,tree,1.0,,,,,,55.61,0.0,0.0,0.0,0.0,0.0,1.0,,,,,,,,,,,,,,0,0,1,,
delphinium ajacis,non-woody,herb,1.0,,,,,,,0.0,0.0,0.0,0.0,0.0,0.0,,,,,,,,,,,,,,0,0,1,,
delphinium camptocarpum,,unspecified,2.0,,,,,,,0.0,0.0,0.0,0.0,0.0,0.0,,,,,,,,,,,,,,0,0,1,,
delphinium caucasicum,non-woody,herb,1.0,,,,,,,0.0,0.0,0.0,0.0,0.0,0.0,,,,,,,,,,,,,,0,0,1,,
delphinium consolida,,,2.0,,,,,,,0.0,0.0,0.0,0.0,0.0,0.0,,,,,,,,,,,,,,0,0,1,,
delphinium oreophilum,,unspecified,1.0,,,,,,,0.0,0.0,0.0,0.0,0.0,0.0,,,,,,,,,,,,,,0,0,1,,
delphinium pyramidatum,,unspecified,1.0,,,,,,,0.0,0.0,0.0,0.0,0.0,0.0,,,,,,,,,,,,,,0,0,1,,
delphinium roylei,,,,,,,,,,,,,,,,1.0,10.0,90.0,0.0,0.0,100.0,34.1094167,74.97918333,,,,,,1,0,0,,
delphinium rugulosum,,unspecified,1.0,,,,,,,0.0,0.0,0.0,0.0,0.0,0.0,,,,,,,,,,,,,,0,0,1,,
delpjinium elatum,non-woody,herb,2.0,,,,,,,0.0,0.0,0.0,0.0,0.0,0.0,,,,,,,,,,,,,,0,0,1,,
dendrocalamus strictus,woody,graminoid,1.0,,,,8.5,0.24,,0.0,0.0,0.0,1.0,1.0,0.0,,,,,,,,,,,,,,0,0,1,,
dendrolycopodium obscurum,non-woody,fern,2.0,,,,,,,0.0,0.0,0.0,0.0,0.0,0.0,,,,,,,,,,,,,,0,0,1,,
dendropanax dentigerus,woody,unspecified,1.0,0.1273,223.2676,0.416666667,19.064526,,,1.0,1.0,1.0,1.0,0.0,0.0,,,,,,,,,,,,,,0,0,1,0.8968450889559261,-1.648182402294435
deschampsia cespitosa,non-woody,graminoid,34.0,0.92901753,399.0375,0.1427832815,10.24890474,0.837119445,,2.0,2.0,2.0,3.0,2.0,0.0,5.0,16.4,2.2357001002,1.6785536880000003,0.0596059196,98.18221701600001,58.67503484800001,-3.1816119999999986,2.0,4.0,1.0,64.8506,-23.2975,1,1,1,2.2423963618952163,0.7961503914164814
deschampsia flexuosa,,,,,,,,,,,,,,,,12.0,9.5,25.961842262333334,0.0,0.0,99.26333308916666,68.01064814666667,12.954074073333333,,,,,,1,0,0,,
deschampsia nubigena,non-woody,graminoid,1.0,,,,,,,0.0,0.0,0.0,0.0,0.0,0.0,,,,,,,,,,,,,,0,0,1,,
descurainia sophia,non-woody,herb,9.0,0.1259,168.6505263,0.475,,,,1.0,1.0,1.0,0.0,0.0,0.0,,,,,,,,,,,,,,0,0,1,,
desmanthus cooleyi,,unspecified,2.0,,,,,,,0.0,0.0,0.0,0.0,0.0,0.0,,,,,,,,,,,,,,0,0,1,,
desmanthus illinoensis,non-woody,herb,1.0,0.25445,,0.416564,,,,1.0,0.0,1.0,0.0,0.0,0.0,,,,,,,,,,,,,,0,0,1,,
desmodium canadense,non-woody,herb,2.0,0.34,82.0,0.09,20.5,,,1.0,2.0,1.0,1.0,0.0,0.0,,,,,,,,,,,,,,0,0,1,1.1696668426566394,-0.18864499576817326
desmodium illinoense,non-woody,herb,1.0,0.22529,,0.263301,,,,1.0,0.0,1.0,0.0,0.0,0.0,,,,,,,,,,,,,,0,0,1,,
desmodium incanum,,,,,,,,,,,,,,,,5.0,40.2,24.344650954800002,5.4329358716,0.15467580939999998,93.189760762,-30.096388890000004,-51.68777778,,,,,,1,0,0,,
desmopsis panamensis,,,,,,,,,,,,,,,,,,,,,,,,2.0,4.5,1.5,9.11006,-79.8434,0,1,0,,
desmostachya bipinnata,non-woody,graminoid,4.0,,,,5.6,,,0.0,0.0,0.0,4.0,0.0,0.0,,,,,,,,,,,,,,0,0,1,,
deutzia carnea,,unspecified,1.0,,,,,,,0.0,0.0,0.0,0.0,0.0,0.0,,,,,,,,,,,,,,0,0,1,,
deutzia discolor,,unspecified,3.0,,,,,,,0.0,0.0,0.0,0.0,0.0,0.0,,,,,,,,,,,,,,0,0,1,,
deutzia floribunda,,unspecified,1.0,,,,,,,0.0,0.0,0.0,0.0,0.0,0.0,,,,,,,,,,,,,,0,0,1,,
deutzia glabrata,woody,shrub,1.0,0.184,214.6035484,0.177142857,21.49839733,,,1.0,1.0,1.0,1.0,0.0,0.0,,,,,,,,,,,,,,0,0,1,1.855795115555237,-0.997556400858319
deutzia grandiflora,woody,unspecified,2.0,0.32837500000000003,156.31638565,0.13041714599999998,17.744072405,,,2.0,2.0,2.0,2.0,0.0,0.0,,,,,,,,,,,,,,0,0,1,1.3308370940413048,-0.39045120472828077
deutzia japonica,,unspecified,1.0,,,,,,,0.0,0.0,0.0,0.0,0.0,0.0,,,,,,,,,,,,,,0,0,1,,
deutzia longifolia,woody,shrub,1.0,,,,,,,0.0,0.0,0.0,0.0,0.0,0.0,,,,,,,,,,,,,,0,0,1,,
deutzia pulchra,,unspecified,1.0,,,,,,,0.0,0.0,0.0,0.0,0.0,0.0,,,,,,,,,,,,,,0,0,1,,
deutzia purpurascens,,unspecified,1.0,,,,,,,0.0,0.0,0.0,0.0,0.0,0.0,,,,,,,,,,,,,,0,0,1,,
deutzia scabra,,unspecified,1.0,,,,,,,0.0,0.0,0.0,0.0,0.0,0.0,,,,,,,,,,,,,,0,0,1,,
deutzia schneideriana,,unspecified,1.0,,,,,,,0.0,0.0,0.0,0.0,0.0,0.0,,,,,,,,,,,,,,0,0,1,,
deutzia staminea,,unspecified,1.0,,,,,,,0.0,0.0,0.0,0.0,0.0,0.0,,,,,,,,,,,,,,0,0,1,,
deverra scoparia,,unspecified,2.0,,,,,,,0.0,0.0,0.0,0.0,0.0,0.0,,,,,,,,,,,,,,0,0,1,,
deverra tortuosa,non-woody,herb,1.0,,,,,,,0.0,0.0,0.0,0.0,0.0,0.0,,,,,,,,,,,,,,0,0,1,,
dialium englerianum,woody,tree,3.0,,,,,,,0.0,0.0,0.0,0.0,0.0,0.0,,,,,,,,,,,,,,0,0,1,,
dialium guinense,,unspecified,19.0,,,,,,22.28225805588235,0.0,0.0,0.0,0.0,0.0,17.0,,,,,,,,,,,,,,0,0,1,,
dianthus barbatus,non-woody,herb,1.0,,,,,,,0.0,0.0,0.0,0.0,0.0,0.0,,,,,,,,,,,,,,0,0,1,,
dianthus carthusianorum,non-woody,herb,3.0,1.99812147,684.8153846,0.047393131,,,,1.0,1.0,1.0,0.0,0.0,0.0,,,,,,,,,,,,,,0,0,1,,
dianthus chinensis,non-woody,herb,5.0,,,,,,,0.0,0.0,0.0,0.0,0.0,0.0,,,,,,,,,,,,,,0,0,1,,
dianthus cretaceus,non-woody,herb,3.0,,,,,,,0.0,0.0,0.0,0.0,0.0,0.0,,,,,,,,,,,,,,0,0,1,,
dianthus deltoides,non-woody,herb,6.0,,,,,,,0.0,0.0,0.0,0.0,0.0,0.0,,,,,,,,,,,,,,0,0,1,,
dianthus harrissii,,,,,,,,,,,,,,,,1.0,,,,,,33.07146348,77.21993035,,,,,,1,0,0,,
dianthus leptopetalus,,,1.0,,,,,,,0.0,0.0,0.0,0.0,0.0,0.0,,,,,,,,,,,,,,0,0,1,,
dianthus monspessulanus,non-woody,herb,1.0,,,,,,,0.0,0.0,0.0,0.0,0.0,0.0,,,,,,,,,,,,,,0,0,1,,
dianthus plumaris,non-woody,herb,1.0,,,,,,,0.0,0.0,0.0,0.0,0.0,0.0,,,,,,,,,,,,,,0,0,1,,
dianthus ruprechtii,,unspecified,3.0,,,,,,,0.0,0.0,0.0,0.0,0.0,0.0,,,,,,,,,,,,,,0,0,1,,
dianthus superbus,non-woody,herb,5.0,,,,,,,0.0,0.0,0.0,0.0,0.0,0.0,,,,,,,,,,,,,,0,0,1,,
dianthus turkestanicus,,,1.0,,,,,,,0.0,0.0,0.0,0.0,0.0,0.0,,,,,,,,,,,,,,0,0,1,,
diapensia lapponica,non-woody,herb,7.0,0.22965,199.04014279,,6.6,0.8,,2.0,2.0,0.0,1.0,1.0,0.0,,,,,,,,,,,,,,0,0,1,,
diarthron ammodendron,,,1.0,,,,,,,0.0,0.0,0.0,0.0,0.0,0.0,,,,,,,,,,,,,,0,0,1,,
dichanthelium acuminatum,non-woody,graminoid,1.0,0.16843,,0.264243,,,,1.0,0.0,1.0,0.0,0.0,0.0,,,,,,,,,,,,,,0,0,1,,
dichanthium annulatum,non-woody,graminoid,10.0,,,,6.7,,,0.0,0.0,0.0,4.0,0.0,0.0,7.0,18.857142857142858,26.229877491,0.8120783347142858,0.4370738814285714,90.11519247142857,22.375634917142857,81.90091269857143,4.0,5.0,1.75,22.3751,81.90145,1,1,1,,
dichelostemma capitatum,non-woody,herb,1.0,,,,,,,0.0,0.0,0.0,0.0,0.0,0.0,,,,,,,,,,,,,,0,0,1,,
dichrostachys cinerea,woody,shrub/tree,10.0,,,,14.466666666666667,0.6366666666666667,,0.0,0.0,0.0,3.0,3.0,0.0,8.0,21.25,9.653720768125,0.13239703975,0.105052419125,99.6004014675,-24.714583335,28.61847222,7.0,61.714285714285715,1.4285714285714286,-24.719857142857144,28.6124,1,1,1,,
dicksonia squarrosa,non-woody,fern,12.0,0.6593083333333333,16.507516646666666,0.20211154075,9.059999999999999,0.29,,12.0,12.0,12.0,2.0,1.0,0.0,,,,,,,,,,,,,,0,0,1,-0.5597606562930885,0.6195961943997444
dicliptera squarrosa,,,,,,,,,,,,,,,,10.0,14.2,14.044448407600001,0.0044843049000000005,2.4111970738,72.220335233,-32.60472222,-63.95194444,,,,,,1,0,0,,
dicliptera tweediana,,,,,,,,,,,,,,,,9.0,17.22222222222222,9.019266259111111,0.007691162555555555,0.028597210444444448,75.41835610444444,-32.60472222,-63.95194444,,,,,,1,0,0,,
dicorynia guianensis,woody,tree,4.0,,,,,,,0.0,0.0,0.0,0.0,0.0,0.0,2.0,14.5,11.559139785,0.2688172045,0.0,99.46236558999999,5.257222222,-52.92972222,1.0,1.0,1.0,5.2572,-52.9297,1,1,1,,
dicranopteris linearis,non-woody,fern,12.0,0.419102947,31.342499999999998,0.5175,8.28947798575,,47.333333333333336,8.0,4.0,4.0,4.0,0.0,3.0,3.0,16.666666666666668,25.075472977999997,0.4400865763333333,0.013070186999999999,96.28156859,0.617222222,10.41361111,1.0,92.0,1.0,0.6172,10.4136,1,1,1,-1.5874627316349939,-0.6894795419641561
dicranopteris pedata,non-woody,unspecified,1.0,0.20445,80.98027027,0.37,10.20415067,,,1.0,1.0,1.0,1.0,0.0,0.0,,,,,,,,,,,,,,0,0,1,-0.5395490064539578,-1.0088550560827296
didymocheton spectabilis,,unspecified,11.0,1.0138454545454545,7.367012992272728,0.17685630736363636,20.6,,,11.0,11.0,11.0,1.0,0.0,0.0,,,,,,,,,,,,,,0,0,1,0.2062499911366101,1.430318345544998
didymophysa fedtschenkoana,,unspecified,1.0,,,,,,,0.0,0.0,0.0,0.0,0.0,0.0,,,,,,,,,,,,,,0,0,1,,
diervilla lonicera,woody,shrub,1.0,,69.2,0.39,14.2,,,0.0,1.0,1.0,1.0,0.0,0.0,,,,,,,,,,,,,,0,0,1,,
dieteria canescens,non-woody,herb,10.0,,58.2539183975,,11.39190793,,,0.0,4.0,0.0,1.0,0.0,0.0,,,,,,,,,,,,,,0,0,1,,
digitalis ferruginea,non-woody,herb,2.0,,,,,,,0.0,0.0,0.0,0.0,0.0,0.0,,,,,,,,,,,,,,0,0,1,,
digitalis grandiflora,non-woody,herb,2.0,,,,,,,0.0,0.0,0.0,0.0,0.0,0.0,,,,,,,,,,,,,,0,0,1,,
digitalis purpurea,non-woody,herb,6.0,,338.86961618,,,,,0.0,5.0,0.0,0.0,0.0,0.0,,,,,,,,,,,,,,0,0,1,,
digitaria bicornis,non-woody,graminoid,1.0,,,,,,38.87,0.0,0.0,0.0,0.0,0.0,1.0,,,,,,,,,,,,,,0,0,1,,
digitaria californica,non-woody,graminoid,1.0,,,,,,,0.0,0.0,0.0,0.0,0.0,0.0,,,,,,,,,,,,,,0,0,1,,
digitaria ciliaris,non-woody,graminoid,1.0,,,,,,15.53,0.0,0.0,0.0,0.0,0.0,1.0,,,,,,,,,,,,,,0,0,1,,
digitaria eriantha,non-woody,graminoid,1.0,,,,,,,0.0,0.0,0.0,0.0,0.0,0.0,8.0,27.625,12.198728289375,3.3805891459999997,0.149692072625,94.83554986,-24.714583335,28.61847222,5.0,49.8,2.2,-24.692520000000002,28.64386,1,1,1,,
digitaria ischaemum,non-woody,graminoid,2.0,,,,,,,0.0,0.0,0.0,0.0,0.0,0.0,,,,,,,,,,,,,,0,0,1,,
digitaria macroblephara,,,,,,,,,,,,,,,,40.0,40.5,12.441669160475,0.086168871625,0.1591405969,99.055621281,-2.22889583325,35.0374791655,17.0,19.470588235294116,2.235294117647059,-2.2578411764705884,35.02865882352941,1,1,0,,
digitaria sanguinalis,non-woody,graminoid,2.0,,,,,,,0.0,0.0,0.0,0.0,0.0,0.0,10.0,14.9,50.501919516499996,0.0,1.9360185267999999,84.889225076,-32.60472222,-63.95194444,,,,,,1,0,1,,
digitaria setigera,non-woody,graminoid,2.0,0.355,36.09,,12.67,,,1.0,1.0,0.0,1.0,0.0,0.0,,,,,,,,,,,,,,0,0,1,,
digitaria tricholaenoides,non-woody,graminoid,1.0,,,,,,,0.0,0.0,0.0,0.0,0.0,0.0,,,,,,,,,,,,,,0,0,1,,
digitaria violascens,non-woody,graminoid,1.0,,,,,,,0.0,0.0,0.0,0.0,0.0,0.0,,,,,,,,,,,,,,0,0,1,,
dillenia suffruticosa,woody,shrub/tree,15.0,,,,,,,0.0,0.0,0.0,0.0,0.0,0.0,,,,,,,,,,,,,,0,0,1,,
dillwynia hispida,,,1.0,,,,,,,0.0,0.0,0.0,0.0,0.0,0.0,,,,,,,,,,,,,,0,0,1,,
dimorphandra conjugata,woody,,1.0,,,,,,,0.0,0.0,0.0,0.0,0.0,0.0,,,,,,,,,,,,,,0,0,1,,
dimorphandra mollis,woody,tree,1.0,,,,,,,0.0,0.0,0.0,0.0,0.0,0.0,,,,,,,,,,,,,,0,0,1,,
dimorphocarpa wislizeni,,herb,3.0,,,,,,,0.0,0.0,0.0,0.0,0.0,0.0,,,,,,,,,,,,,,0,0,1,,
dioon rzedowskii,,,4.0,0.9552962963333332,13.638177635666667,0.23758206333333334,1.7293608526666668,,,3.0,3.0,3.0,3.0,0.0,0.0,,,,,,,,,,,,,,0,0,1,-1.2967125315269898,1.3837854967139667
dioscorea bulbifera,non-woody,herb,1.0,,,,,,56.37,0.0,0.0,0.0,0.0,0.0,1.0,,,,,,,,,,,,,,0,0,1,,
dioscorea japonica,,unspecified,1.0,,,,,,,0.0,0.0,0.0,0.0,0.0,0.0,,,,,,,,,,,,,,0,0,1,,
dioscorea nipponica,non-woody,unspecified,1.0,0.2018,264.2472414,0.116,14.35542967,,,1.0,1.0,1.0,1.0,0.0,0.0,,,,,,,,,,,,,,0,0,1,1.8960727801333626,-0.8062052781096518
dioscorea pentaphylla,,unspecified,1.0,,,,,,67.12,0.0,0.0,0.0,0.0,0.0,1.0,,,,,,,,,,,,,,0,0,1,,
diospyros lasiocalyx,woody,tree,2.0,,,,,,,0.0,0.0,0.0,0.0,0.0,0.0,,,,,,,,,,,,,,0,0,1,,
diospyros lycioides,woody,shrub/tree,2.0,,,,,,,0.0,0.0,0.0,0.0,0.0,0.0,,,,,,,,,,,,,,0,0,1,,
diospyros nigrocortex,,,7.0,1.1909952382857143,3.0117196365714283,0.33206884814285714,9.654285714285715,0.9014285714285715,,7.0,7.0,7.0,7.0,7.0,0.0,,,,,,,,,,,,,,0,0,1,-1.1983730569476934,1.6825077196618827
diospyros strigosa,,unspecified,5.0,0.593632578,19.751895863999998,0.392113988,8.7,,,5.0,5.0,5.0,5.0,0.0,0.0,,,,,,,,,,,,,,0,0,1,-1.228292173471873,0.037089688949134114
diospyros virginiana,woody,tree,34.0,0.601102129117647,17.5871875125,0.16475,15.74159375,,,34.0,4.0,4.0,4.0,0.0,0.0,,,,,,,,,,,,,,0,0,1,0.06989514741124893,0.46750338987151685
diphasiastrum complanatum,non-woody,fern,7.0,,,,,,,0.0,0.0,0.0,0.0,0.0,0.0,,,,,,,,,,,,,,0,0,1,,
diplacus acida,,,1.0,,,,,,,0.0,0.0,0.0,0.0,0.0,0.0,,,,,,,,,,,,,,0,0,1,,
diplacus aurantiacus,non-woody,herb,1.0,,,,,,,0.0,0.0,0.0,0.0,0.0,0.0,,,,,,,,,,,,,,0,0,1,,
diplacus longiflorus,non-woody,herb,2.0,,,,,,,0.0,0.0,0.0,0.0,0.0,0.0,,,,,,,,,,,,,,0,0,1,,
diplazium dilatatum,,,4.0,,2.6109906580000004,,14.9278749175,1.4408795035,,0.0,4.0,0.0,4.0,4.0,0.0,,,,,,,,,,,,,,0,0,1,,
diplazium hachijoense,,,4.0,,2.5384108525,,6.3265384202499995,1.8373972865,,0.0,4.0,0.0,4.0,4.0,0.0,,,,,,,,,,,,,,0,0,1,,
diplazium sibricum,,unspecified,1.0,,,,,,,0.0,0.0,0.0,0.0,0.0,0.0,,,,,,,,,,,,,,0,0,1,,
diplolepis australis,,,1.0,,,,,,,0.0,0.0,0.0,0.0,0.0,0.0,,,,,,,,,,,,,,0,0,1,,
diplopterygium chinense,,,4.0,,0.77260834475,,8.662084684,0.500128761,,0.0,4.0,0.0,4.0,4.0,0.0,,,,,,,,,,,,,,0,0,1,,
diplopterygium glaucum,,unspecified,2.0,,,,,,,0.0,0.0,0.0,0.0,0.0,0.0,,,,,,,,,,,,,,0,0,1,,
diplorhynchus condylocarpon,woody,shrub/tree,2.0,,,,,,,0.0,0.0,0.0,0.0,0.0,0.0,,,,,,,,,,,,,,0,0,1,,
diplospora dubia,woody,unspecified,1.0,0.3013,83.34823529,0.165853659,20.020907,,,1.0,1.0,1.0,1.0,0.0,0.0,,,,,,,,,,,,,,0,0,1,0.8822224774612363,-0.4482669347156034
diplotaxis acris,,,1.0,,,,,,,0.0,0.0,0.0,0.0,0.0,0.0,,,,,,,,,,,,,,0,0,1,,
diplotaxis harra,non-woody,herb,1.0,,,,,,,0.0,0.0,0.0,0.0,0.0,0.0,,,,,,,,,,,,,,0,0,1,,
diplotaxis muralis,non-woody,herb,1.0,,,,,,,0.0,0.0,0.0,0.0,0.0,0.0,,,,,,,,,,,,,,0,0,1,,
dipsacus fullonum,non-woody,herb,3.0,2.29141947,308.3333333,0.033764021,,,,1.0,1.0,1.0,0.0,0.0,0.0,,,,,,,,,,,,,,0,0,1,,
dipterocarpus costatus,woody,tree,1.0,,,,,,,0.0,0.0,0.0,0.0,0.0,0.0,,,,,,,,,,,,,,0,0,1,,
dipteryx alata,woody,tree,2.0,,,,,,,0.0,0.0,0.0,0.0,0.0,0.0,,,,,,,,,,,,,,0,0,1,,
dipteryx oleifera,woody,tree,5.0,,,,,,,0.0,0.0,0.0,0.0,0.0,0.0,,,,,,,,,,,,,,0,0,1,,
dirca palustris,woody,shrub,1.0,,57.6,0.61,10.0,,,0.0,1.0,1.0,1.0,0.0,0.0,,,,,,,,,,,,,,0,0,1,,
distichlis spicata,non-woody,graminoid,7.0,,,,,,,0.0,0.0,0.0,0.0,0.0,0.0,,,,,,,,,,,,,,0,0,1,,
distylium myricoides,,,,,,,,,,,,,,,,,,,,,,,,3.0,6.0,1.0,29.25,118.12,0,1,0,,
ditaxis humilis,,,1.0,,,,,,,0.0,0.0,0.0,0.0,0.0,0.0,,,,,,,,,,,,,,0,0,1,,
ditaxis mercurialina,,,1.0,,,,,,,0.0,0.0,0.0,0.0,0.0,0.0,,,,,,,,,,,,,,0,0,1,,
dodonaea viscosa,woody,shrub,2.0,0.381733333,16.99307339,0.327922114,10.85692644,,,1.0,1.0,1.0,1.0,0.0,0.0,,,,,,,,,,,,,,0,0,1,-0.8138715371485893,-0.3771443844816455
doellingeria umbellata,non-woody,herb,5.0,0.3543,115.001075248,,,,,5.0,5.0,0.0,0.0,0.0,0.0,,,,,,,,,,,,,,0,0,1,,
dolichorrhiza renifolia,,unspecified,3.0,,,,,,,0.0,0.0,0.0,0.0,0.0,0.0,,,,,,,,,,,,,,0,0,1,,
dombeya rotundifolia,woody,tree,2.0,,,,,,,0.0,0.0,0.0,0.0,0.0,0.0,,,,,,,,,,,,,,0,0,1,,
doniophyton anomalum,non-woody,herb,1.0,,,,,,,0.0,0.0,0.0,0.0,0.0,0.0,,,,,,,,,,,,,,0,0,1,,
doronicum macrophyllum,non-woody,herb,3.0,,,,,,,0.0,0.0,0.0,0.0,0.0,0.0,,,,,,,,,,,,,,0,0,1,,
dovyalis abyssinica,woody,tree,1.0,0.62,10.76,0.33,,,,1.0,1.0,1.0,0.0,0.0,0.0,,,,,,,,,,,,,,0,0,1,,
draba aizoides,non-woody,herb,1.0,,,,,,,0.0,0.0,0.0,0.0,0.0,0.0,,,,,,,,,,,,,,0,0,1,,
draba asprella,non-woody,herb,4.0,,49.52981563333333,,18.94153595,,,0.0,3.0,0.0,1.0,0.0,0.0,,,,,,,,,,,,,,0,0,1,,
draba bryoides,,unspecified,2.0,,,,,,,0.0,0.0,0.0,0.0,0.0,0.0,,,,,,,,,,,,,,0,0,1,,
draba corymbosa,non-woody,herb,2.0,,,,,,,0.0,0.0,0.0,0.0,0.0,0.0,,,,,,,,,,,,,,0,0,1,,
draba hispida,non-woody,herb,2.0,,,,,,,0.0,0.0,0.0,0.0,0.0,0.0,,,,,,,,,,,,,,0,0,1,,
draba nemorosa,non-woody,herb,1.0,0.13435,271.560156,0.5,,,,1.0,1.0,1.0,0.0,0.0,0.0,,,,,,,,,,,,,,0,0,1,,
draba oblongata,non-woody,herb,1.0,,,,,,,0.0,0.0,0.0,0.0,0.0,0.0,,,,,,,,,,,,,,0,0,1,,
draba olgae,,unspecified,1.0,,,,,,,0.0,0.0,0.0,0.0,0.0,0.0,,,,,,,,,,,,,,0,0,1,,
draba oligosperma,,herb,2.0,,,,,,,0.0,0.0,0.0,0.0,0.0,0.0,,,,,,,,,,,,,,0,0,1,,
draba sibirica,,unspecified,4.0,,,,,,,0.0,0.0,0.0,0.0,0.0,0.0,,,,,,,,,,,,,,0,0,1,,
draba siliquosa,non-woody,herb,5.0,,,,,,,0.0,0.0,0.0,0.0,0.0,0.0,,,,,,,,,,,,,,0,0,1,,
draba supranivalis,,unspecified,2.0,,,,,,,0.0,0.0,0.0,0.0,0.0,0.0,,,,,,,,,,,,,,0,0,1,,
draba verna,non-woody,herb,2.0,,,,,,,0.0,0.0,0.0,0.0,0.0,0.0,,,,,,,,,,,,,,0,0,1,,
dracaena hanningtonii,,unspecified,3.0,,,,,,,0.0,0.0,0.0,0.0,0.0,0.0,,,,,,,,,,,,,,0,0,1,,
dracocephalum imberbe,,unspecified,2.0,,,,,,,0.0,0.0,0.0,0.0,0.0,0.0,,,,,,,,,,,,,,0,0,1,,
dracocephalum nutans,,unspecified,1.0,,,,,,,0.0,0.0,0.0,0.0,0.0,0.0,,,,,,,,,,,,,,0,0,1,,
dracocephalum ruyschiana,non-woody,herb,3.0,,,,,,,0.0,0.0,0.0,0.0,0.0,0.0,,,,,,,,,,,,,,0,0,1,,
dracocephalum stamineum,,,,,,,,,,,,,,,,2.0,8.0,45.37037037,0.0,7.407407405,92.592592595,33.38537,77.67267,,,,,,1,0,0,,
dracophyllum longifolium,woody,shrub,6.0,0.22019999999999998,130.51387446,0.22777995233333334,9.7,,,6.0,6.0,6.0,1.0,0.0,0.0,,,,,,,,,,,,,,0,0,1,0.2626431987776265,-0.7302400043080531
drepanocaryum sewerzowii,,unspecified,1.0,,,,,,,0.0,0.0,0.0,0.0,0.0,0.0,,,,,,,,,,,,,,0,0,1,,
drepanostachyum falcatum,non-woody,graminoid,2.0,,,,,,,0.0,0.0,0.0,0.0,0.0,0.0,,,,,,,,,,,,,,0,0,1,,
drimia maritima,non-woody,herb,1.0,,,,,,,0.0,0.0,0.0,0.0,0.0,0.0,,,,,,,,,,,,,,0,0,1,,
drosera anglica,non-woody,herb,1.0,,,,,,,0.0,0.0,0.0,0.0,0.0,0.0,,,,,,,,,,,,,,0,0,1,,
drosera rotundifolia,non-woody,herb,5.0,,,,,,,0.0,0.0,0.0,0.0,0.0,0.0,,,,,,,,,,,,,,0,0,1,,
drosera whittakeri,non-woody,herb,1.0,,,,,,,0.0,0.0,0.0,0.0,0.0,0.0,,,,,,,,,,,,,,0,0,1,,
dryas intergrifolia,woody,shrub,14.0,,,,7.0,0.6499999999999999,,0.0,0.0,0.0,1.0,2.0,0.0,,,,,,,,,,,,,,0,0,1,,
dryas octopetala,non-woody/woody,herb/shrub,15.0,,,,12.850000000000001,,,0.0,0.0,0.0,2.0,0.0,0.0,,,,,,,,,,,,,,0,0,1,,
drymaria leptophylla,non-woody,herb,4.0,,153.43648506666668,,5.466606021,,,0.0,3.0,0.0,1.0,0.0,0.0,,,,,,,,,,,,,,0,0,1,,
drymaria molluginea,non-woody,herb,4.0,,117.58322351999999,,6.815868616,,,0.0,3.0,0.0,1.0,0.0,0.0,,,,,,,,,,,,,,0,0,1,,
drymocallis arguta,non-woody/woody,herb/shrub,5.0,0.3563166665,41.51212244,0.43729341749999995,6.8,,,2.0,3.0,2.0,1.0,0.0,0.0,,,,,,,,,,,,,,0,0,1,-1.3231709884145755,-0.6680569114565486
drymocallis rupestris,,,1.0,,,,,,,0.0,0.0,0.0,0.0,0.0,0.0,,,,,,,,,,,,,,0,0,1,,
dryobalanops aromatica,woody,tree,49.0,,,,,,,0.0,0.0,0.0,0.0,0.0,0.0,,,,,,,,,,,,,,0,0,1,,
dryobalanops lanceolata,woody,tree,4.0,,,,,,,0.0,0.0,0.0,0.0,0.0,0.0,,,,,,,,,,,,,,0,0,1,,
dryopteris carthusiana,non-woody,fern,4.0,,,,,,,0.0,0.0,0.0,0.0,0.0,0.0,,,,,,,,,,,,,,0,0,1,,
dryopteris erythrosora,,fern,4.0,,3.9648761405,,6.22999983575,0.7982888345,,0.0,4.0,0.0,4.0,4.0,0.0,,,,,,,,,,,,,,0,0,1,,
dryopteris filix-mas,non-woody,fern,4.0,,,,,,,0.0,0.0,0.0,0.0,0.0,0.0,,,,,,,,,,,,,,0,0,1,,
dryopteris labordei,,,4.0,,2.54659495475,,9.939107526499999,1.359399037,,0.0,4.0,0.0,4.0,4.0,0.0,,,,,,,,,,,,,,0,0,1,,
dryopteris lepidopoda,non-woody,fern,1.0,0.199866667,122.6113953,0.252941176,17.40001367,,,1.0,1.0,1.0,1.0,0.0,0.0,,,,,,,,,,,,,,0,0,1,0.6716572313118666,-0.9232728027917837
dryopteris sparsa,non-woody,unspecified,2.0,0.1987541665,189.91332060000002,0.184841954,17.456900335,,,2.0,2.0,2.0,2.0,0.0,0.0,,,,,,,,,,,,,,0,0,1,1.371673516282934,-0.8855193249800518
drypetes glauca,woody,tree,1.0,,,,7.6,,,0.0,0.0,0.0,1.0,0.0,0.0,,,,,,,,,,,,,,0,0,1,,
dupontia fisheri,non-woody,graminoid,11.0,0.03,,,,,,1.0,0.0,0.0,0.0,0.0,0.0,,,,,,,,,,,,,,0,0,1,,
dupontia fulva,non-woody,graminoid,1.0,,,,,,,0.0,0.0,0.0,0.0,0.0,0.0,,,,,,,,,,,,,,0,0,1,,
durio oxleyanus,woody,tree,4.0,,,,,,,0.0,0.0,0.0,0.0,0.0,0.0,,,,,,,,,,,,,,0,0,1,,
durio zibethinus,woody,tree,24.0,1.3,4.433333333333334,,,,,3.0,3.0,0.0,0.0,0.0,0.0,,,,,,,,,,,,,,0,0,1,,
dussia tessmannii,woody,tree,1.0,0.4089,10.82787033,0.704333333,16.12051,,,1.0,1.0,1.0,1.0,0.0,0.0,,,,,,,,,,,,,,0,0,1,-1.834958923453649,-1.1934413489124354
dysphania aristata,non-woody,herb,5.0,,66.154,,6.1,,,0.0,5.0,0.0,1.0,0.0,0.0,,,,,,,,,,,,,,0,0,1,,
dysphania nepalensis,,,,,,,,,,,,,,,,1.0,1.0,100.0,0.0,0.0,100.0,33.71969355,76.86824413,,,,,,1,0,0,,
echeandia flavescens,non-woody,herb,4.0,,104.06573685333335,,5.133523345,,,0.0,3.0,0.0,1.0,0.0,0.0,,,,,,,,,,,,,,0,0,1,,
echeveria elegans,,unspecified,1.0,,,,,,,0.0,0.0,0.0,0.0,0.0,0.0,,,,,,,,,,,,,,0,0,1,,
echinacea angustifolia,non-woody,herb,1.0,0.27647,,0.343163,,,,1.0,0.0,1.0,0.0,0.0,0.0,,,,,,,,,,,,,,0,0,1,,
echinacea atrorubens,non-woody,herb,1.0,0.29984,,0.489457,,,,1.0,0.0,1.0,0.0,0.0,0.0,,,,,,,,,,,,,,0,0,1,,
echinacea pallida,non-woody,herb,9.0,0.2827,,0.332593,,,,1.0,0.0,1.0,0.0,0.0,0.0,,,,,,,,,,,,,,0,0,1,,
echinacea serotina,non-woody,herb,2.0,0.41,82.5,0.22,19.2,,,1.0,2.0,1.0,1.0,0.0,0.0,,,,,,,,,,,,,,0,0,1,0.598779997737295,-0.28240330549544496
echinaria capitata,non-woody,graminoid,2.0,,,,,,,0.0,0.0,0.0,0.0,0.0,0.0,,,,,,,,,,,,,,0,0,1,,
echinocactus horizonthalonius,woody,,1.0,,,,,,,0.0,0.0,0.0,0.0,0.0,0.0,,,,,,,,,,,,,,0,0,1,,
echinocereus engelmannii,,,2.0,,,,,,,0.0,0.0,0.0,0.0,0.0,0.0,,,,,,,,,,,,,,0,0,1,,
echinochloa colona,,,,,,,,,,,,,,,,8.0,15.0,31.894125537249998,2.4650876605,0.0862068965,95.31103261625,14.58013889,-17.016666665000002,2.0,40.5,1.0,14.58015,-17.01665,1,1,0,,
echinochloa colonum,non-woody,graminoid,2.0,,,,,,,0.0,0.0,0.0,0.0,0.0,0.0,,,,,,,,,,,,,,0,0,1,,
echinochloa crus-galli,non-woody,graminoid,7.0,,33.57,,3.83,,,0.0,1.0,0.0,1.0,0.0,0.0,,,,,,,,,,,,,,0,0,1,,
echinochloa polystachya,non-woody,graminoid,1.0,,,,,,,0.0,0.0,0.0,0.0,0.0,0.0,,,,,,,,,,,,,,0,0,1,,
echinodorus berteroi,non-woody,herb,1.0,0.4308,,0.40177,,,,1.0,0.0,1.0,0.0,0.0,0.0,,,,,,,,,,,,,,0,0,1,,
echinolaena inflexa,non-woody,graminoid,1.0,,,,,,,0.0,0.0,0.0,0.0,0.0,0.0,,,,,,,,,,,,,,0,0,1,,
echinophora spinosa,,,1.0,,,,,,,0.0,0.0,0.0,0.0,0.0,0.0,,,,,,,,,,,,,,0,0,1,,
echinops albicaulis,,,1.0,,,,,,,0.0,0.0,0.0,0.0,0.0,0.0,,,,,,,,,,,,,,0,0,1,,
echinops gmelinii,,,1.0,,,,,,,0.0,0.0,0.0,0.0,0.0,0.0,,,,,,,,,,,,,,0,0,1,,
echinops sphaerocephalus,,,,,,,,,,,,,,,,,,,,,,,,12.0,85.66666666666667,3.6666666666666665,50.047133333333335,14.324166666666665,0,1,0,,
echinopsis ritro,non-woody,herb,3.0,,,,,,,0.0,0.0,0.0,0.0,0.0,0.0,,,,,,,,,,,,,,0,0,1,,
echinopsis tubiflora,,unspecified,1.0,,,,,,,0.0,0.0,0.0,0.0,0.0,0.0,,,,,,,,,,,,,,0,0,1,,
echiochilon fruticosum,,,1.0,,,,,,,0.0,0.0,0.0,0.0,0.0,0.0,,,,,,,,,,,,,,0,0,1,,
echium vulgare,non-woody,herb,1.0,,,,,,,0.0,0.0,0.0,0.0,0.0,0.0,,,,,,,,,,,,,,0,0,1,,
eclipta prostrata,non-woody,herb,2.0,0.487,30.6,,10.35,,,1.0,1.0,0.0,1.0,0.0,0.0,,,,,,,,,,,,,,0,0,1,,
ekebergia capensis,woody,tree,1.0,0.74,7.31,0.39,,,,1.0,1.0,1.0,0.0,0.0,0.0,,,,,,,,,,,,,,0,0,1,,
elaeagnus angustifolia,woody,shrub/tree,17.0,0.952,25.4,0.26,20.646666666666665,,,5.0,1.0,1.0,6.0,0.0,0.0,,,,,,,,,,,,,,0,0,1,0.04756314202307959,1.0629885940629893
elaeagnus commutata,woody,shrub,2.0,0.3984,23.39709559,0.41587301600000004,29.5,,,1.0,2.0,2.0,1.0,0.0,0.0,,,,,,,,,,,,,,0,0,1,0.2356444208709188,-0.7795608085626811
elaeagnus multiflora,woody,shrub,1.0,,26.4,0.2,38.4,,,0.0,1.0,1.0,1.0,0.0,0.0,,,,,,,,,,,,,,0,0,1,,
elaeagnus stellipila,woody,shrub,2.0,,3.1442269935,,28.1,3.19,,0.0,2.0,0.0,1.0,1.0,0.0,,,,,,,,,,,,,,0,0,1,,
elaeagnus umbellata,woody,shrub,1.0,,28.7,0.22,39.4,,,0.0,1.0,1.0,1.0,0.0,0.0,,,,,,,,,,,,,,0,0,1,,
elaeis guineensis,woody,tree,4.0,,,,,,,0.0,0.0,0.0,0.0,0.0,0.0,,,,,,,,,,,,,,0,0,1,,
elaeocarpus dentatus,woody,tree,7.0,0.5938571428571429,28.127922375714288,0.13696819200000002,,,,7.0,7.0,7.0,0.0,0.0,0.0,,,,,,,,,,,,,,0,0,1,,
elaeocarpus dubius,woody,tree,2.0,0.29794,58.391206894999996,0.318095238,17.333038000000002,,84.0,2.0,2.0,2.0,2.0,0.0,1.0,,,,,,,,,,,,,,0,0,1,-0.020637738944047457,-0.7160753294887479
elaeocarpus glabripetalus,woody,unspecified,10.0,0.3425,57.475,0.22666666666666666,13.9,,49.582555537999994,4.0,4.0,3.0,1.0,0.0,5.0,,,,,,,,,,,,,,0,0,1,0.045983600545426835,-0.3577085097415969
elaeocarpus hookerianus,woody,tree,6.0,0.42393333333333333,33.42460321,0.21211615666666664,15.3,,,6.0,6.0,6.0,1.0,0.0,0.0,,,,,,,,,,,,,,0,0,1,0.016948042643387097,-0.10082973837592825
elaeocarpus sylvestris,woody,tree,6.0,0.266911894,50.099989120000004,0.4527692886666667,14.381955339500001,,,6.0,6.0,6.0,6.0,0.0,0.0,,,,,,,,,,,,,,0,0,1,-0.7609050652696351,-1.0381444109949256
eleiotis monophyllos,,unspecified,1.0,,,,,,86.09,0.0,0.0,0.0,0.0,0.0,1.0,,,,,,,,,,,,,,0,0,1,,
eleocharis acuta,non-woody,graminoid,173.0,,61.73880201965117,0.15224596918604652,,,,0.0,86.0,172.0,0.0,0.0,0.0,,,,,,,,,,,,,,0,0,1,,
eleocharis mamillata,non-woody,graminoid,1.0,,,,,,,0.0,0.0,0.0,0.0,0.0,0.0,,,,,,,,,,,,,,0,0,1,,
eleocharis palustris,non-woody,graminoid,4.0,,,,,,,0.0,0.0,0.0,0.0,0.0,0.0,,,,,,,,,,,,,,0,0,1,,
eleocharis pumilum,,unspecified,1.0,,,,,,,0.0,0.0,0.0,0.0,0.0,0.0,,,,,,,,,,,,,,0,0,1,,
eleocharis pusilla,non-woody,graminoid,126.0,,103.61678461112903,0.1267084775483871,,,,0.0,62.0,124.0,0.0,0.0,0.0,,,,,,,,,,,,,,0,0,1,,
eleocharis quinqueflora,non-woody,graminoid,1.0,,,,,,,0.0,0.0,0.0,0.0,0.0,0.0,,,,,,,,,,,,,,0,0,1,,
elephantopus scaber,,,,,,,,,,,,,,,,4.0,7.75,20.970225351,9.05620897075,0.0,83.7621724775,16.85944444,100.4652778,1.0,35.0,1.0,16.8594,100.465,1,1,0,,
eleusine indica,non-woody,graminoid,2.0,0.12528,,0.314068,,,,1.0,0.0,1.0,0.0,0.0,0.0,,,,,,,,,,,,,,0,0,1,,
eleusine tristachya,,,,,,,,,,,,,,,,9.0,12.555555555555555,41.750506054666666,0.040551500444444444,0.03216858011111111,88.02149845,-32.60472222,-63.95194444,,,,,,1,0,0,,
eleutherococcus senticosus,woody,shrub,1.0,0.2245,193.1835714,0.133333333,39.931073,,,1.0,1.0,1.0,1.0,0.0,0.0,,,,,,,,,,,,,,0,0,1,3.1695878094677568,-1.0034352975276442
elionurus muticus,non-woody,graminoid,1.0,,,,,,,0.0,0.0,0.0,0.0,0.0,0.0,,,,,,,,,,,,,,0,0,1,,
elsholtzia eriostachya,,,,,,,,,,,,,,,,1.0,5.0,55.55555556,55.55555556,0.0,44.44444444,32.928529,77.221543,,,,,,1,0,0,,
elwendia chaerophylloides,,unspecified,1.0,,,,,,,0.0,0.0,0.0,0.0,0.0,0.0,,,,,,,,,,,,,,0,0,1,,
elymus canadensis,non-woody,graminoid,16.0,0.17685125000000002,135.7563553375,0.262295,15.566666666666668,,,8.0,8.0,3.0,3.0,0.0,0.0,,,,,,,,,,,,,,0,0,1,0.601525181313076,-0.9990154121024581
elymus caninus,non-woody,graminoid,16.0,,,,,,,0.0,0.0,0.0,0.0,0.0,0.0,,,,,,,,,,,,,,0,0,1,,
elymus cognatus,,,,,,,,,,,,,,,,1.0,11.0,50.78125,0.0,0.0,100.0,32.9315,77.22816667,,,,,,1,0,0,,
elymus dahuricus,non-woody,graminoid,1.0,,,,,,,0.0,0.0,0.0,0.0,0.0,0.0,,,,,,,,,,,,,,0,0,1,,
elymus elymoides,non-woody,graminoid,21.0,,23.04406298875,0.3872307692307692,10.1878643,,,0.0,16.0,13.0,1.0,0.0,0.0,,,,,,,,,,,,,,0,0,1,,
elymus ferganensis,,unspecified,1.0,,,,,,,0.0,0.0,0.0,0.0,0.0,0.0,,,,,,,,,,,,,,0,0,1,,
elymus fibrosus,non-woody,graminoid,2.0,,,,,,,0.0,0.0,0.0,0.0,0.0,0.0,,,,,,,,,,,,,,0,0,1,,
elymus gracillima,,unspecified,1.0,,,,,,,0.0,0.0,0.0,0.0,0.0,0.0,,,,,,,,,,,,,,0,0,1,,
elymus hondae,non-woody,graminoid,8.0,0.15230674625,,0.35621231925,,,,4.0,0.0,4.0,0.0,0.0,0.0,,,,,,,,,,,,,,0,0,1,,
elymus jacquemontii,,,,,,,,,,,,,,,,1.0,1.0,0.0,0.0,0.0,100.0,32.799377,77.112021,,,,,,1,0,0,,
elymus lanceolatus,non-woody,graminoid,23.0,0.221186667,94.78007133,0.30820288,,,,1.0,1.0,1.0,0.0,0.0,0.0,,,,,,,,,,,,,,0,0,1,,
elymus multisetus,non-woody,graminoid,1.0,,32.07565216,,,,,0.0,1.0,0.0,0.0,0.0,0.0,,,,,,,,,,,,,,0,0,1,,
elymus nutans,non-woody,graminoid,8.0,,,,,,,0.0,0.0,0.0,0.0,0.0,0.0,,,,,,,,,6.0,72.0,1.6666666666666667,33.6667,101.84999999999998,0,1,1,,
elymus pendulinus,non-woody,graminoid,1.0,,,,,,,0.0,0.0,0.0,0.0,0.0,0.0,,,,,,,,,,,,,,0,0,1,,
elymus pungens,non-woody,graminoid,1.0,,,,,,,0.0,0.0,0.0,0.0,0.0,0.0,,,,,,,,,,,,,,0,0,1,,
elymus repens,non-woody,graminoid,35.0,0.5132187371666667,121.48136779444445,0.17461086312500002,16.762857142857143,,,6.0,9.0,8.0,7.0,0.0,0.0,,,,,,,,,,,,,,0,0,1,0.825503443671492,0.04505957221366695
elymus riparius,non-woody,graminoid,5.0,0.1613,200.14918644,,,,,5.0,5.0,0.0,0.0,0.0,0.0,,,,,,,,,,,,,,0,0,1,,
elymus schrenkianus,,,,,,,,,,,,,,,,4.0,7.75,25.320445055,0.01020824825,0.1317614425,99.844160685,33.17149275,78.1060245,,,,,,1,0,0,,
elymus sibiricus,non-woody,graminoid,1.0,,,,,,,0.0,0.0,0.0,0.0,0.0,0.0,,,,,,,,,,,,,,0,0,1,,
elymus smithii,non-woody,graminoid,34.0,0.1948,36.23007536585714,0.284568,15.91592637,1.8,,1.0,7.0,1.0,5.0,1.0,0.0,,,,,,,,,,,,,,0,0,1,-0.125915387615665,-0.8473405607741619
elymus trachycaulus,non-woody,graminoid,1.0,,,,,,,0.0,0.0,0.0,0.0,0.0,0.0,,,,,,,,,,,,,,0,0,1,,
elymus trichophora,,unspecified,2.0,,,,,,,0.0,0.0,0.0,0.0,0.0,0.0,,,,,,,,,,,,,,0,0,1,,
elymus violaceus,non-woody,graminoid,7.0,,62.47601097999999,,8.223750591,,,0.0,3.0,0.0,1.0,0.0,0.0,,,,,,,,,,,,,,0,0,1,,
elymus virginicus,non-woody,graminoid,8.0,0.19341408157142856,282.0682093333333,0.159152981,,,,7.0,6.0,2.0,0.0,0.0,0.0,,,,,,,,,,,,,,0,0,1,,
elytropappus rhinocerotis,,,1.0,,,,,,,0.0,0.0,0.0,0.0,0.0,0.0,,,,,,,,,,,,,,0,0,1,,
embelia vestita,woody,unspecified,1.0,0.20785,96.43036364,0.305555556,13.75057833,,,1.0,1.0,1.0,1.0,0.0,0.0,,,,,,,,,,,,,,0,0,1,0.046200212980508595,-0.929502000073451
embothrium coccineum,,,,,,,,,,,,,,,,3.0,17.666666666666668,28.397347604333333,0.0,0.0,100.0,-38.69916667,-71.61527778,1.0,5.0,2.0,-38.6993,-71.6155,1,1,0,,
emilia sonchifolia,non-woody,herb,1.0,,,,,,69.0,0.0,0.0,0.0,0.0,0.0,1.0,,,,,,,,,,,,,,0,0,1,,
eminium lehmannii,,unspecified,1.0,,,,,,,0.0,0.0,0.0,0.0,0.0,0.0,,,,,,,,,,,,,,0,0,1,,
empetrum nigrum,woody,shrub,94.0,0.2392,93.48529827133333,,7.836029566606061,1.0009410501818183,,30.0,30.0,0.0,33.0,33.0,0.0,,,,,,,,,,,,,,0,0,1,,
enarganthe octonaria,woody,shrub,3.0,,,,,,,0.0,0.0,0.0,0.0,0.0,0.0,,,,,,,,,,,,,,0,0,1,,
encelia californica,woody,shrub,63.0,,,,,,,0.0,0.0,0.0,0.0,0.0,0.0,,,,,,,,,,,,,,0,0,1,,
encelia farinosa,woody,shrub,2.0,,,,,,,0.0,0.0,0.0,0.0,0.0,0.0,,,,,,,,,,,,,,0,0,1,,
encephalartos gratus,woody,shrub/tree,4.0,1.2516111109999999,4.741928428666667,0.25463073966666666,3.0929997686666666,,,3.0,3.0,3.0,3.0,0.0,0.0,,,,,,,,,,,,,,0,0,1,-1.390216534365829,2.0866081797067983
endlicheria anomala,woody,tree,1.0,0.668,11.0,0.304,,,,1.0,1.0,1.0,0.0,0.0,0.0,,,,,,,,,,,,,,0,0,1,,
endlicheria arenosa,,,1.0,0.228,73.68,0.255,,,,1.0,1.0,1.0,0.0,0.0,0.0,,,,,,,,,,,,,,0,0,1,,
endlicheria bracteolata,woody,,1.0,0.606,19.99,0.181,,,,1.0,1.0,1.0,0.0,0.0,0.0,,,,,,,,,,,,,,0,0,1,,
endlicheria citriodora,,,1.0,0.832,10.66,0.174,,,,1.0,1.0,1.0,0.0,0.0,0.0,,,,,,,,,,,,,,0,0,1,,
endlicheria longicaudata,,,1.0,0.865,6.19,0.287,,,,1.0,1.0,1.0,0.0,0.0,0.0,,,,,,,,,,,,,,0,0,1,,
endlicheria macrophylla,,,1.0,0.535,18.01,0.259,,,,1.0,1.0,1.0,0.0,0.0,0.0,,,,,,,,,,,,,,0,0,1,,
endlicheria melinonii,,,2.0,0.9572,3.258496562,0.300680729,,,,2.0,1.0,1.0,0.0,0.0,0.0,,,,,,,,,,,,,,0,0,1,,
endlicheria oreocola,,,1.0,0.7855,9.69638572,0.212764291,23.26449,,,1.0,1.0,1.0,1.0,0.0,0.0,,,,,,,,,,,,,,0,0,1,0.33644952673016604,0.7403137971155637
endlicheria ruforamula,,,8.0,0.926129166625,6.48232772825,0.273837084,26.35869125,0.8056613015,,8.0,8.0,8.0,8.0,2.0,0.0,,,,,,,,,,,,,,0,0,1,0.2831306822506722,0.9243177076135031
endocomia macrocoma,,,1.0,1.228766667,3.572591837,0.240184598,11.44,1.28,,1.0,1.0,1.0,1.0,1.0,0.0,,,,,,,,,,,,,,0,0,1,-0.7476210537888729,1.9550430865543527
endopleura uchi,woody,tree,3.0,,,,,,,0.0,0.0,0.0,0.0,0.0,0.0,,,,,,,,,,,,,,0,0,1,,
endospermum chinense,woody,tree,11.0,1.1066360747272728,13.57264645390909,0.2585895551818182,18.07400637090909,,88.0,11.0,11.0,11.0,11.0,0.0,1.0,,,,,,,,,,,,,,0,0,1,-0.24604977348532855,1.5063796311537057
endospermum diadenum,woody,tree,29.0,,,,,,,0.0,0.0,0.0,0.0,0.0,0.0,,,,,,,,,,,,,,0,0,1,,
engelhardia roxburghiana,woody,tree,12.0,0.57525,41.89429285116667,0.31225024183333333,11.083011749999999,0.3344444444444445,62.0,6.0,6.0,6.0,12.0,9.0,1.0,,,,,,,,,,,,,,0,0,1,-0.6199884135154476,0.09990268756712302
engelhardia serrata,woody,tree,1.0,0.461566667,23.49726204,0.285239019,8.64,0.76,,1.0,1.0,1.0,1.0,1.0,0.0,,,,,,,,,,,,,,0,0,1,-0.793765183755132,-0.06492429252210954
engelhardia spicata,woody,tree,8.0,0.646458333375,13.173995832,0.316665781375,12.4475,0.66625,,8.0,8.0,8.0,8.0,8.0,0.0,,,,,,,,,,,,,,0,0,1,-0.748396842198166,0.2974530136401134
enneapogon scoparius,non-woody,graminoid,1.0,,,,,,,0.0,0.0,0.0,0.0,0.0,0.0,,,,,,,,,,,,,,0,0,1,,
entada wahlbergia,,,1.0,,,,,,,0.0,0.0,0.0,0.0,0.0,0.0,,,,,,,,,,,,,,0,0,1,,
entandrophragma angolense,woody,tree,39.0,,0.30247043589743594,,,,,0.0,39.0,0.0,0.0,0.0,0.0,,,,,,,,,,,,,,0,0,1,,
entandrophragma caudatum,woody,tree,2.0,,,,,,,0.0,0.0,0.0,0.0,0.0,0.0,,,,,,,,,,,,,,0,0,1,,
entandrophragma cylindricum,woody,shrub/tree,8.0,,,,,,,0.0,0.0,0.0,0.0,0.0,0.0,,,,,,,,,,,,,,0,0,1,,
enterolobium cyclocarpum,woody,tree,10.0,0.508133333,15.104335,0.184067148,15.08996725,,,1.0,1.0,1.0,1.0,0.0,0.0,,,,,,,,,,,,,,0,0,1,-0.04039083930460553,0.20421222338850278
enteropogon prieurii,,,,,,,,,,,,,,,,4.0,15.25,12.673716361750001,2.03578601425,0.0,97.964213985,14.58222222,-17.01611111,1.0,60.0,1.0,14.5822,-17.0161,1,1,0,,
epacris microphylla,,,,,,,,,,,,,,,,4.0,9.5,7.9481641475,0.0,0.0,99.657750705,-33.67527778,151.2144444,2.0,29.0,1.0,-33.6753,151.214,1,1,0,,
eperua falcata,woody,tree,4.0,,,,,,,0.0,0.0,0.0,0.0,0.0,0.0,4.0,6.25,10.401760274,0.0269106565,25.0,71.3825622225,5.258333333,-52.92972222,1.0,1.0,1.0,5.2583,-52.9297,1,1,1,,
eperua grandiflora,,,,,,,,,,,,,,,,6.0,14.166666666666666,15.358341246999998,0.36136083199999997,0.0,98.04411544666668,5.257592592333334,-52.92972222,2.0,1.0,1.0,5.25775,-52.9297,1,1,0,,
ephedra alata,woody,shrub,2.0,,,,,,,0.0,0.0,0.0,0.0,0.0,0.0,,,,,,,,,,,,,,0,0,1,,
ephedra distachya,woody,shrub,13.0,0.2678367086666667,48.58980450666667,0.19623615833333333,3.0362894533333336,,48.2312037,3.0,3.0,3.0,3.0,0.0,1.0,,,,,,,,,,,,,,0,0,1,-0.6594569798778565,-0.32362095288463344
ephedra fragilis,woody,shrub,1.0,0.507133333,3.390764119,0.515833978,,,,1.0,1.0,1.0,0.0,0.0,0.0,,,,,,,,,,,,,,0,0,1,,
ephedra intermedia,,unspecified,1.0,,,,,,,0.0,0.0,0.0,0.0,0.0,0.0,1.0,5.0,98.24442944,0.0,0.0,100.0,33.25158664,77.16686209,,,,,,1,0,1,,
ephedra nevadensis,woody,shrub,4.0,,,,,,,0.0,0.0,0.0,0.0,0.0,0.0,,,,,,,,,,,,,,0,0,1,,
ephedra strobilacea,woody,shrub/tree,3.0,,,,,,,0.0,0.0,0.0,0.0,0.0,0.0,,,,,,,,,,,,,,0,0,1,,
ephedra strobilaceae,woody,shrub/tree,1.0,,,,,,,0.0,0.0,0.0,0.0,0.0,0.0,,,,,,,,,,,,,,0,0,1,,
ephedra torreyana,woody,shrub,2.0,,,,,,,0.0,0.0,0.0,0.0,0.0,0.0,,,,,,,,,,,,,,0,0,1,,
ephedra triandra,,,,,,,,,,,,,,,,6.0,11.166666666666666,11.222495730333334,0.06385696033333334,0.0,83.22672664,-32.60472222,-63.95194444,,,,,,1,0,0,,
ephedra trifurca,woody,shrub,5.0,,,,,,,0.0,0.0,0.0,0.0,0.0,0.0,,,,,,,,,,,,,,0,0,1,,
ephedra viridis,woody,shrub,2.0,,,,,,,0.0,0.0,0.0,0.0,0.0,0.0,,,,,,,,,,,,,,0,0,1,,
epicharis parasitica,woody,tree,1.0,0.5,20.9,,,,,1.0,1.0,0.0,0.0,0.0,0.0,,,,,,,,,,,,,,0,0,1,,
epilasia hemilasia,,unspecified,1.0,,,,,,,0.0,0.0,0.0,0.0,0.0,0.0,,,,,,,,,,,,,,0,0,1,,
epilobium angustifolium,non-woody,herb,30.0,,295.54740234,,11.29821394,1.865665457,,0.0,5.0,0.0,2.0,2.0,0.0,,,,,,,,,,,,,,0,0,1,,
epilobium brachycarpum,non-woody,herb,5.0,,81.71053256,,10.95816314,,,0.0,3.0,0.0,1.0,0.0,0.0,,,,,,,,,,,,,,0,0,1,,
epilobium dodonaei,non-woody,herb,2.0,,,,,,,0.0,0.0,0.0,0.0,0.0,0.0,,,,,,,,,,,,,,0,0,1,,
epilobium glaciale,,,,,,,,,,,,,,,,1.0,14.0,89.6991331,0.0,0.101988781,99.89801122,34.0789667,75.9787667,,,,,,1,0,0,,
epilobium hirsutum,non-woody,herb,3.0,1.82921917,418.2285714,0.07846875,,,,1.0,1.0,1.0,0.0,0.0,0.0,,,,,,,,,,,,,,0,0,1,,
epilobium latifolium,,,,,,,,,,,,,,,,2.0,5.5,40.616375345,0.04599816,0.0,99.95400183999999,32.881766999999996,77.19122300000001,,,,,,1,0,0,,
epilobium palustre,non-woody,herb,1.0,,,,,,,0.0,0.0,0.0,0.0,0.0,0.0,,,,,,,,,,,,,,0,0,1,,
epilobium parviflorum,non-woody,herb,3.0,1.78185054,393.8642857,0.133105507,,,,1.0,1.0,1.0,0.0,0.0,0.0,,,,,,,,,,,,,,0,0,1,,
epilobium ponticum,,unspecified,1.0,,,,,,,0.0,0.0,0.0,0.0,0.0,0.0,,,,,,,,,,,,,,0,0,1,,
epilobium porphyrium,non-woody,unspecified,3.0,,111.701599975,,5.156659595,,,0.0,2.0,0.0,1.0,0.0,0.0,,,,,,,,,,,,,,0,0,1,,
epilobium roseum,non-woody,herb,2.0,,,,,,,0.0,0.0,0.0,0.0,0.0,0.0,,,,,,,,,,,,,,0,0,1,,
epiphyllum hybridum,,unspecified,1.0,,,,,,,0.0,0.0,0.0,0.0,0.0,0.0,,,,,,,,,,,,,,0,0,1,,
equisetum arvense,non-woody,fern,5.0,,,,,,,0.0,0.0,0.0,0.0,0.0,0.0,,,,,,,,,,,,,,0,0,1,,
equisetum fluviatile,non-woody,fern,11.0,,,,9.046528604,0.814431496,,0.0,0.0,0.0,2.0,2.0,0.0,,,,,,,,,,,,,,0,0,1,,
equisetum hyemale,non-woody,fern,6.0,0.597613014,55.20185967333333,0.084507469,15.291017629999999,,,3.0,3.0,3.0,3.0,0.0,0.0,,,,,,,,,,,,,,0,0,1,0.5785179154440867,0.5802480071264282
equisetum palustre,non-woody,fern,3.0,,,,,,,0.0,0.0,0.0,0.0,0.0,0.0,,,,,,,,,,,,,,0,0,1,,
equisetum pratense,non-woody,fern,15.0,0.3515340763333333,203.29091113333334,0.04647933466666667,19.576728476666666,,,3.0,3.0,3.0,3.0,0.0,0.0,,,,,,,,,,,,,,0,0,1,2.0715813114827495,-0.24727241115038628
equisetum ramosissimum,non-woody,fern,3.0,,,,,,,0.0,0.0,0.0,0.0,0.0,0.0,1.0,11.0,81.48450245,0.0,0.0,100.0,34.12595945,77.51349066,,,,,,1,0,1,,
equisetum scirpoides,non-woody,fern,1.0,,,,,,,0.0,0.0,0.0,0.0,0.0,0.0,,,,,,,,,,,,,,0,0,1,,
equisetum sylvaticum,non-woody,fern,20.0,,,,12.79277951,1.556136662,,0.0,0.0,0.0,2.0,2.0,0.0,,,,,,,,,,,,,,0,0,1,,
equisetum variegatum,non-woody,fern,2.0,,,,,,,0.0,0.0,0.0,0.0,0.0,0.0,,,,,,,,,,,,,,0,0,1,,
eragostis tef,,,,,,,,,,,,,,,,,,,,,,,,27.0,687.0370370370371,4.592592592592593,-26.00143703703704,29.19202962962963,0,1,0,,
eragrostiella bifaria,non-woody,graminoid,1.0,,,,,,73.12,0.0,0.0,0.0,0.0,0.0,1.0,,,,,,,,,,,,,,0,0,1,,
eragrostis barrelieri,,,,,,,,,,,,,,,,8.0,26.0,19.1164790685,0.75475116825,0.037880062,97.61632419,-23.766805554999998,133.87611114999999,7.0,100.57142857142857,1.5714285714285714,-23.766814285714286,133.87642857142856,1,1,0,,
eragrostis curvula,non-woody,graminoid,2.0,,,,,,,0.0,0.0,0.0,0.0,0.0,0.0,,,,,,,,,,,,,,0,0,1,,
eragrostis lehmanniana,non-woody,graminoid,2.0,,,,,,,0.0,0.0,0.0,0.0,0.0,0.0,,,,,,,,,,,,,,0,0,1,,
eragrostis mahrana,non-woody,graminoid,1.0,,,,,,,0.0,0.0,0.0,0.0,0.0,0.0,,,,,,,,,,,,,,0,0,1,,
eragrostis mexicana,non-woody,graminoid,4.0,,122.79744923333334,,7.764929533,,,0.0,3.0,0.0,1.0,0.0,0.0,,,,,,,,,,,,,,0,0,1,,
eragrostis minor,non-woody,graminoid,2.0,,27.92,,5.94,,,0.0,1.0,0.0,1.0,0.0,0.0,,,,,,,,,,,,,,0,0,1,,
eragrostis pectinacea,non-woody,graminoid,1.0,0.1798,,0.372125,,,,1.0,0.0,1.0,0.0,0.0,0.0,,,,,,,,,,,,,,0,0,1,,
eragrostis planiculmis,non-woody,graminoid,1.0,,,,,,,0.0,0.0,0.0,0.0,0.0,0.0,,,,,,,,,,,,,,0,0,1,,
eragrostis racemosa,non-woody,graminoid,1.0,,,,,,,0.0,0.0,0.0,0.0,0.0,0.0,,,,,,,,,,,,,,0,0,1,,
eragrostis trichodes,non-woody,graminoid,3.0,0.21,73.0,0.39,,,,1.0,1.0,1.0,0.0,0.0,0.0,,,,,,,,,,,,,,0,0,1,,
eremalche rotundifolia,non-woody/woody,herb/shrub,1.0,,,,,,,0.0,0.0,0.0,0.0,0.0,0.0,,,,,,,,,,,,,,0,0,1,,
eremobium aegyptiacum,,,1.0,,,,,,,0.0,0.0,0.0,0.0,0.0,0.0,,,,,,,,,,,,,,0,0,1,,
eremogone fendleri,non-woody,herb,4.0,,50.08046886333333,,9.550431967,,,0.0,3.0,0.0,1.0,0.0,0.0,,,,,,,,,,,,,,0,0,1,,
eremogone griffithii,,unspecified,2.0,,,,,,,0.0,0.0,0.0,0.0,0.0,0.0,,,,,,,,,,,,,,0,0,1,,
eremogone ledebouriana,,unspecified,1.0,,,,,,,0.0,0.0,0.0,0.0,0.0,0.0,,,,,,,,,,,,,,0,0,1,,
eremogone longifolia,,unspecified,3.0,,,,,,,0.0,0.0,0.0,0.0,0.0,0.0,,,,,,,,,,,,,,0,0,1,,
eremogone lychnidea,non-woody,herb,1.0,,,,,,,0.0,0.0,0.0,0.0,0.0,0.0,,,,,,,,,,,,,,0,0,1,,
eremopyrum bonaepartis,non-woody,graminoid,7.0,,,,,,,0.0,0.0,0.0,0.0,0.0,0.0,,,,,,,,,,,,,,0,0,1,,
eremopyrum orientale,non-woody,graminoid,7.0,,,,,,,0.0,0.0,0.0,0.0,0.0,0.0,,,,,,,,,,,,,,0,0,1,,
eremopyrum triticeum,non-woody,graminoid,2.0,,,,,,,0.0,0.0,0.0,0.0,0.0,0.0,,,,,,,,,,,,,,0,0,1,,
eremosparton aphyllum,,,1.0,,,,,,,0.0,0.0,0.0,0.0,0.0,0.0,,,,,,,,,,,,,,0,0,1,,
eremosparton flaccidum,,unspecified,1.0,,,,,,,0.0,0.0,0.0,0.0,0.0,0.0,,,,,,,,,,,,,,0,0,1,,
eremurus anisopterus,,unspecified,5.0,,,,,,,0.0,0.0,0.0,0.0,0.0,0.0,,,,,,,,,,,,,,0,0,1,,
eremurus hissaricus,,unspecified,1.0,,,,,,,0.0,0.0,0.0,0.0,0.0,0.0,,,,,,,,,,,,,,0,0,1,,
eremurus robustus,,,1.0,,,,,,,0.0,0.0,0.0,0.0,0.0,0.0,,,,,,,,,,,,,,0,0,1,,
eremus inderiensis,,unspecified,4.0,,,,,,,0.0,0.0,0.0,0.0,0.0,0.0,,,,,,,,,,,,,,0,0,1,,
erica arborea,woody,shrub,2.0,0.380475,14.15140327,0.654422225,,,,1.0,1.0,1.0,0.0,0.0,0.0,,,,,,,,,,,,,,0,0,1,,
erica australis,woody,shrub,2.0,,,,,,,0.0,0.0,0.0,0.0,0.0,0.0,,,,,,,,,,,,,,0,0,1,,
erica carnea,non-woody,herb,2.0,,,,,,,0.0,0.0,0.0,0.0,0.0,0.0,,,,,,,,,,,,,,0,0,1,,
erica lusitanica,woody,shrub,2.0,,,,,,,0.0,0.0,0.0,0.0,0.0,0.0,,,,,,,,,,,,,,0,0,1,,
erica plukenetii,woody,shrub,3.0,,,,,,,0.0,0.0,0.0,0.0,0.0,0.0,,,,,,,,,,,,,,0,0,1,,
erica scoparia,woody,shrub/tree,4.0,0.259025,20.20964705,1.12772211,,,,1.0,1.0,1.0,0.0,0.0,0.0,,,,,,,,,,,,,,0,0,1,,
erica umbellata,woody,shrub,2.0,,,,,,,0.0,0.0,0.0,0.0,0.0,0.0,,,,,,,,,,,,,,0,0,1,,
ericameria cooperi,woody,shrub,4.0,,,,,,,0.0,0.0,0.0,0.0,0.0,0.0,,,,,,,,,,,,,,0,0,1,,
ericameria nauseosa,woody,shrub,26.0,,,,,,,0.0,0.0,0.0,0.0,0.0,0.0,,,,,,,,,,,,,,0,0,1,,
ericameria plukenetii,woody,shrub,1.0,,,,,,,0.0,0.0,0.0,0.0,0.0,0.0,,,,,,,,,,,,,,0,0,1,,
ericameria teretifolia,,,1.0,,,,,,,0.0,0.0,0.0,0.0,0.0,0.0,,,,,,,,,,,,,,0,0,1,,
erigeron acris,non-woody,herb,5.0,1.60290418,535.8454545,0.126011018,,,,1.0,1.0,1.0,0.0,0.0,0.0,,,,,,,,,,,,,,0,0,1,,
erigeron alpinus,non-woody,herb,2.0,,,,,,,0.0,0.0,0.0,0.0,0.0,0.0,,,,,,,,,,,,,,0,0,1,,
erigeron annuus,non-woody,herb,4.0,0.2483,,0.328758,,,,1.0,0.0,1.0,0.0,0.0,0.0,,,,,,,,,12.0,347.4166666666667,3.5833333333333335,50.302233333333334,14.725766666666667,0,1,1,,
erigeron bellidiastrum,,,1.0,,,,,,,0.0,0.0,0.0,0.0,0.0,0.0,,,,,,,,,,,,,,0,0,1,,
erigeron bellidioides,,,,,,,,,,,,,,,,3.0,15.0,50.85877863,0.0,0.0,99.90458015,32.98706025333333,77.22144199,,,,,,1,0,0,,
erigeron cabulicus,,unspecified,2.0,,,,,,,0.0,0.0,0.0,0.0,0.0,0.0,,,,,,,,,,,,,,0,0,1,,
erigeron canadensis,non-woody,herb,7.0,1.020073685,342.88,0.07020313,,,,2.0,2.0,2.0,0.0,0.0,0.0,,,,,,,,,,,,,,0,0,1,,
erigeron caucasicus,non-woody,herb,3.0,,,,,,,0.0,0.0,0.0,0.0,0.0,0.0,,,,,,,,,,,,,,0,0,1,,
erigeron compositus,non-woody,herb,2.0,,,,,,,0.0,0.0,0.0,0.0,0.0,0.0,,,,,,,,,,,,,,0,0,1,,
erigeron divergens,non-woody,herb,8.0,,28.531331222857144,,9.564896226,,,0.0,7.0,0.0,1.0,0.0,0.0,,,,,,,,,,,,,,0,0,1,,
erigeron flavescens,,unspecified,4.0,,42.05178505333333,,10.85675001,,,0.0,3.0,0.0,1.0,0.0,0.0,,,,,,,,,,,,,,0,0,1,,
erigeron formosissimus,non-woody,herb,4.0,,47.91707673333334,,12.42863536,,,0.0,3.0,0.0,1.0,0.0,0.0,,,,,,,,,,,,,,0,0,1,,
erigeron glabellus,non-woody,herb,1.0,0.305833333,53.57624225,0.275066354,,,,1.0,1.0,1.0,0.0,0.0,0.0,,,,,,,,,,,,,,0,0,1,,
erigeron multiradiatus,,,,,,,,,,,,,,,,1.0,4.0,0.154798762,0.154798762,0.0,99.84520124,32.92857039,77.22147706,,,,,,1,0,0,,
erigeron petroiketes,,unspecified,2.0,,,,,,,0.0,0.0,0.0,0.0,0.0,0.0,,,,,,,,,,,,,,0,0,1,,
erigeron pinnatisectus,,unspecified,2.0,,,,,,,0.0,0.0,0.0,0.0,0.0,0.0,,,,,,,,,,,,,,0,0,1,,
erigeron poncinsii,,,,,,,,,,,,,,,,1.0,8.0,7.242339833,0.0,0.0,100.0,32.814903,77.124353,,,,,,1,0,0,,
erigeron pumilus,non-woody,herb,1.0,0.18365,84.55363636,0.3,,,,1.0,1.0,1.0,0.0,0.0,0.0,,,,,,,,,,,,,,0,0,1,,
erigeron speciosus,non-woody,herb,4.0,,21.484518621333336,,6.928470135,,,0.0,3.0,0.0,1.0,0.0,0.0,,,,,,,,,,,,,,0,0,1,,
erigeron uniflorus,non-woody,herb,2.0,,,,,,,0.0,0.0,0.0,0.0,0.0,0.0,1.0,,,,,,32.75914798,77.41943825,,,,,,1,0,1,,
erigeron ursinus,,unspecified,2.0,,,,,,,0.0,0.0,0.0,0.0,0.0,0.0,,,,,,,,,,,,,,0,0,1,,
eriobotrya japonica,woody,tree,3.0,0.31884,46.15,0.39,16.18,,45.0,1.0,1.0,1.0,1.0,0.0,1.0,,,,,,,,,,,,,,0,0,1,-0.44712083143904024,-0.7869098588293996
eriocoma hymenoides,non-woody,graminoid,4.0,,,,,,,0.0,0.0,0.0,0.0,0.0,0.0,,,,,,,,,,,,,,0,0,1,,
eriocoma lettermanii,non-woody,graminoid,2.0,,,,,,,0.0,0.0,0.0,0.0,0.0,0.0,,,,,,,,,,,,,,0,0,1,,
eriodictyon crassifolium,woody,shrub,1.0,,,,,,,0.0,0.0,0.0,0.0,0.0,0.0,,,,,,,,,,,,,,0,0,1,,
eriodictyon crasssifolium,,,1.0,,,,,,,0.0,0.0,0.0,0.0,0.0,0.0,,,,,,,,,,,,,,0,0,1,,
eriogonum alatum,non-woody,herb,4.0,,27.43969854,,9.286619425,,,0.0,3.0,0.0,1.0,0.0,0.0,,,,,,,,,,,,,,0,0,1,,
eriogonum annuum,non-woody,herb,2.0,,,,,,,0.0,0.0,0.0,0.0,0.0,0.0,,,,,,,,,,,,,,0,0,1,,
eriogonum effusum,woody,shrub,1.0,,,,,,,0.0,0.0,0.0,0.0,0.0,0.0,,,,,,,,,,,,,,0,0,1,,
eriogonum fasciculatum,woody,shrub,5.0,,,,,,,0.0,0.0,0.0,0.0,0.0,0.0,,,,,,,,,,,,,,0,0,1,,
eriogonum flavum,non-woody/woody,herb/shrub,2.0,,,,,,,0.0,0.0,0.0,0.0,0.0,0.0,,,,,,,,,,,,,,0,0,1,,
eriogonum heracleoides,,unspecified,5.0,,,,,,,0.0,0.0,0.0,0.0,0.0,0.0,,,,,,,,,,,,,,0,0,1,,
eriogonum jamesii,,shrub,3.0,,,,,,,0.0,0.0,0.0,0.0,0.0,0.0,,,,,,,,,,,,,,0,0,1,,
eriogonum microthecum,woody,shrub,3.0,,,,,,,0.0,0.0,0.0,0.0,0.0,0.0,,,,,,,,,,,,,,0,0,1,,
eriogonum niveum,non-woody/woody,herb/shrub,2.0,,,,,,,0.0,0.0,0.0,0.0,0.0,0.0,,,,,,,,,,,,,,0,0,1,,
eriogonum pharnaceoides,non-woody,herb,4.0,,44.427300996666666,,9.341262281,,,0.0,3.0,0.0,1.0,0.0,0.0,,,,,,,,,,,,,,0,0,1,,
eriogonum racemosum,non-woody/woody,herb/shrub,4.0,,41.04442731666666,,7.585527897,,,0.0,3.0,0.0,1.0,0.0,0.0,,,,,,,,,,,,,,0,0,1,,
eriophorum angustifolium,non-woody,graminoid,27.0,0.7875000000000001,,,8.05,0.73,,4.0,0.0,0.0,2.0,1.0,0.0,,,,,,,,,,,,,,0,0,1,,
eriophorum chamissonis,non-woody,graminoid,1.0,,,,,,,0.0,0.0,0.0,0.0,0.0,0.0,,,,,,,,,,,,,,0,0,1,,
eriophorum gracile,non-woody,graminoid,2.0,,,,,,,0.0,0.0,0.0,0.0,0.0,0.0,,,,,,,,,,,,,,0,0,1,,
eriophorum latifolium,non-woody,graminoid,1.0,,,,,,,0.0,0.0,0.0,0.0,0.0,0.0,,,,,,,,,,,,,,0,0,1,,
eriophorum medium,,unspecified,1.0,,,,,,,0.0,0.0,0.0,0.0,0.0,0.0,,,,,,,,,,,,,,0,0,1,,
eriophorum scheuchzeri,non-woody,graminoid,6.0,,,,,,,0.0,0.0,0.0,0.0,0.0,0.0,,,,,,,,,,,,,,0,0,1,,
eriophorum vaginatum,non-woody,graminoid,233.0,0.7905882352941177,178.0,,7.033333333333333,1.39,0.0,17.0,1.0,0.0,51.0,4.0,10.0,,,,,,,,,,,,,,0,0,1,,
eriophyllum wallacei,non-woody,herb,1.0,,,,,,,0.0,0.0,0.0,0.0,0.0,0.0,,,,,,,,,,,,,,0,0,1,,
eriophyton rhomboideum,,unspecified,1.0,,,,,,,0.0,0.0,0.0,0.0,0.0,0.0,,,,,,,,,,,,,,0,0,1,,
eriosema crinitum,,,1.0,,,,,,,0.0,0.0,0.0,0.0,0.0,0.0,,,,,,,,,,,,,,0,0,1,,
eriosema violaceum,,,1.0,,,,,,,0.0,0.0,0.0,0.0,0.0,0.0,,,,,,,,,,,,,,0,0,1,,
eriotheca longitubulosa,,,2.0,0.43318999999999996,12.07652974,0.350451225,,,,2.0,1.0,1.0,0.0,0.0,0.0,,,,,,,,,,,,,,0,0,1,,
eriotheca pubescens,woody,tree,1.0,,,,,,,0.0,0.0,0.0,0.0,0.0,0.0,,,,,,,,,,,,,,0,0,1,,
eriotheca surinamensis,woody,tree,6.0,0.5689732143333334,9.868097542666668,0.30904669366666665,,,,6.0,3.0,3.0,0.0,0.0,0.0,,,,,,,,,,,,,,0,0,1,,
erisma uncinatum,woody,tree,2.0,,,,,,,0.0,0.0,0.0,0.0,0.0,0.0,,,,,,,,,,,,,,0,0,1,,
erithalis fruticosa,woody,tree,2.0,0.386933333,11.12388324,0.394682994,9.01038587,,,1.0,1.0,1.0,1.0,0.0,0.0,,,,,,,,,,,,,,0,0,1,-1.2247601524660685,-0.4773702412291384
eritrichium argenteum,,unspecified,1.0,,,,,,,0.0,0.0,0.0,0.0,0.0,0.0,,,,,,,,,,,,,,0,0,1,,
eritrichium hemisphaericum,,,,,,,,,,,,,,,,1.0,3.0,0.0,0.0,0.0,100.0,33.00501519,78.42476187,,,,,,1,0,0,,
eritrichium nanum,,unspecified,3.0,,,,,,,0.0,0.0,0.0,0.0,0.0,0.0,,,,,,,,,,,,,,0,0,1,,
eritrichium villosum,,,,,,,,,,,,,,,,1.0,10.0,35.46391753,27.62886598,0.0,72.16494845,32.75914798,77.41943825,,,,,,1,0,0,,
erodium botrys,non-woody,herb,1.0,,,,,,,0.0,0.0,0.0,0.0,0.0,0.0,,,,,,,,,,,,,,0,0,1,,
erodium cicutarium,non-woody,herb,6.0,,71.73312271333334,,11.47977948,,,0.0,3.0,0.0,1.0,0.0,0.0,,,,,,,,,,,,,,0,0,1,,
erodium crassifolium,,,,,,,,,,,,,,,,8.0,5.5,17.408460948,0.059416867625,0.0,99.50580052375,30.593055555,34.711805555,3.0,7.333333333333333,1.3333333333333333,30.592966666666666,34.711933333333334,1,1,0,,
erodium glaucophyllum,non-woody,herb,1.0,,,,,,,0.0,0.0,0.0,0.0,0.0,0.0,,,,,,,,,,,,,,0,0,1,,
erodium oxyrhinchum,,unspecified,1.0,,,,,,,0.0,0.0,0.0,0.0,0.0,0.0,,,,,,,,,,,,,,0,0,1,,
erodium tataricum,,unspecified,1.0,,,,,,,0.0,0.0,0.0,0.0,0.0,0.0,,,,,,,,,,,,,,0,0,1,,
erophila verna,non-woody,herb,2.0,1.42775274,783.9538462,0.052189246,,,,1.0,1.0,1.0,0.0,0.0,0.0,,,,,,,,,,,,,,0,0,1,,
erucaria rostrata,non-woody,herb,3.0,,,,,,,0.0,0.0,0.0,0.0,0.0,0.0,,,,,,,,,,,,,,0,0,1,,
eryngium campestre,non-woody,herb,8.0,2.85220598,207.2625,0.08414755,,,,1.0,1.0,1.0,0.0,0.0,0.0,,,,,,,,,,,,,,0,0,1,,
eryngium planum,non-woody,herb,4.0,,,,,,,0.0,0.0,0.0,0.0,0.0,0.0,,,,,,,,,,,,,,0,0,1,,
eryngium yuccifolium,non-woody,herb,1.0,0.37031,,0.216336,,,,1.0,0.0,1.0,0.0,0.0,0.0,,,,,,,,,,,,,,0,0,1,,
erysimum cheiranthoides,non-woody,herb,2.0,,,,,,,0.0,0.0,0.0,0.0,0.0,0.0,,,,,,,,,,,,,,0,0,1,,
erysimum diffusum,non-woody,herb,1.0,,,,,,,0.0,0.0,0.0,0.0,0.0,0.0,,,,,,,,,,,,,,0,0,1,,
erysimum hieraciifolium,non-woody,herb,1.0,,,,,,,0.0,0.0,0.0,0.0,0.0,0.0,,,,,,,,,,,,,,0,0,1,,
erysimum ibericum,,unspecified,1.0,,,,,,,0.0,0.0,0.0,0.0,0.0,0.0,,,,,,,,,,,,,,0,0,1,,
erysimum inconspicuum,non-woody,herb,1.0,0.1219,359.7676816,0.288709678,,,,1.0,1.0,1.0,0.0,0.0,0.0,,,,,,,,,,,,,,0,0,1,,
erysimum marschallianum,non-woody,herb,1.0,,,,,,,0.0,0.0,0.0,0.0,0.0,0.0,,,,,,,,,,,,,,0,0,1,,
erysimum siliculosum,,,1.0,,,,,,,0.0,0.0,0.0,0.0,0.0,0.0,,,,,,,,,,,,,,0,0,1,,
erythrina melanacantha,,,1.0,,,,,,,0.0,0.0,0.0,0.0,0.0,0.0,,,,,,,,,,,,,,0,0,1,,
erythrina vespertilio,woody,tree,1.0,,,,,,,0.0,0.0,0.0,0.0,0.0,0.0,,,,,,,,,,,,,,0,0,1,,
erythronium dens-canis,non-woody,herb,1.0,,,,,,,0.0,0.0,0.0,0.0,0.0,0.0,,,,,,,,,,,,,,0,0,1,,
erythronium montanum,non-woody,herb,2.0,,,,,,,0.0,0.0,0.0,0.0,0.0,0.0,,,,,,,,,,,,,,0,0,1,,
erythronium sibiricum,,unspecified,1.0,,,,,,,0.0,0.0,0.0,0.0,0.0,0.0,,,,,,,,,,,,,,0,0,1,,
erythrophleum africanum,woody,tree,17.0,,,,,,,0.0,0.0,0.0,0.0,0.0,0.0,,,,,,,,,,,,,,0,0,1,,
erythrophleum chlorostachys,woody,tree,2.0,,,,,,,0.0,0.0,0.0,0.0,0.0,0.0,,,,,,,,,,,,,,0,0,1,,
erythroxylum daphnites,woody,tree,8.0,,,,,,,0.0,0.0,0.0,0.0,0.0,0.0,,,,,,,,,,,,,,0,0,1,,
eschscholzia californica,non-woody,herb,1.0,,,,,,,0.0,0.0,0.0,0.0,0.0,0.0,,,,,,,,,,,,,,0,0,1,,
eschweilera albiflora,woody,tree,1.0,0.42,12.15,0.488,,,,1.0,1.0,1.0,0.0,0.0,0.0,,,,,,,,,,,,,,0,0,1,,
eschweilera atropetiolata,woody,tree,1.0,0.772,4.13,0.554,,,,1.0,1.0,1.0,0.0,0.0,0.0,,,,,,,,,,,,,,0,0,1,,
eschweilera bracteosa,woody,tree,1.0,0.69,5.89,0.476,,,,1.0,1.0,1.0,0.0,0.0,0.0,,,,,,,,,,,,,,0,0,1,,
eschweilera coriacea,woody,tree,19.0,0.5936754386315789,4.5535889857,0.5764156441,,,,19.0,10.0,10.0,0.0,0.0,0.0,,,,,,,,,,,,,,0,0,1,,
eschweilera decolorans,woody,tree,1.0,0.852,2.98,0.419,,,,1.0,1.0,1.0,0.0,0.0,0.0,,,,,,,,,,,,,,0,0,1,,
eschweilera grandiflora,woody,tree,1.0,0.637,7.97,0.47,,,,1.0,1.0,1.0,0.0,0.0,0.0,,,,,,,,,,,,,,0,0,1,,
eschweilera ovata,woody,tree,1.0,0.508,13.15,0.409,,,,1.0,1.0,1.0,0.0,0.0,0.0,,,,,,,,,,,,,,0,0,1,,
eschweilera parviflora,woody,tree,1.0,0.797,3.91,0.425,,,,1.0,1.0,1.0,0.0,0.0,0.0,,,,,,,,,,,,,,0,0,1,,
eschweilera pedicellata,woody,tree,1.0,0.658,6.34,0.486,,,,1.0,1.0,1.0,0.0,0.0,0.0,,,,,,,,,,,,,,0,0,1,,
eschweilera tenuifolia,woody,tree,1.0,0.575,6.25,0.485,,,,1.0,1.0,1.0,0.0,0.0,0.0,,,,,,,,,,,,,,0,0,1,,
eschweilera truncata,woody,tree,1.0,0.616,10.52,0.403,,,,1.0,1.0,1.0,0.0,0.0,0.0,,,,,,,,,,,,,,0,0,1,,
eschweilera wachenheimii,woody,tree,1.0,0.437,16.04,0.487,,,,1.0,1.0,1.0,0.0,0.0,0.0,,,,,,,,,,,,,,0,0,1,,
eucalyptus alba,woody,tree,2.0,,,,,,,0.0,0.0,0.0,0.0,0.0,0.0,,,,,,,,,,,,,,0,0,1,,
eucalyptus astringens,woody,tree,2.0,,,,,,,0.0,0.0,0.0,0.0,0.0,0.0,,,,,,,,,,,,,,0,0,1,,
eucalyptus camaldulensis,woody,tree,5.0,,,,,,,0.0,0.0,0.0,0.0,0.0,0.0,,,,,,,,,,,,,,0,0,1,,
eucalyptus crebra,woody,tree,1.0,,,,,,,0.0,0.0,0.0,0.0,0.0,0.0,,,,,,,,,,,,,,0,0,1,,
eucalyptus deglupta,woody,tree,2.0,,,,,,,0.0,0.0,0.0,0.0,0.0,0.0,,,,,,,,,,,,,,0,0,1,,
eucalyptus diversicolor,woody,tree,3.0,,,,,,,0.0,0.0,0.0,0.0,0.0,0.0,,,,,,,,,,,,,,0,0,1,,
eucalyptus globulus,woody,tree,53.0,,,,,,,0.0,0.0,0.0,0.0,0.0,0.0,,,,,,,,,,,,,,0,0,1,,
eucalyptus gomphocephala,woody,tree,2.0,,,,,,,0.0,0.0,0.0,0.0,0.0,0.0,,,,,,,,,,,,,,0,0,1,,
eucalyptus grandis,woody,tree,204.0,0.38653910227777777,26.108688108888888,,7.6,4.777777777777778,82.20689655172414,18.0,18.0,0.0,1.0,9.0,58.0,,,,,,,,,,,,,,0,0,1,,
eucalyptus horistes,woody,tree,2.0,,,,,,,0.0,0.0,0.0,0.0,0.0,0.0,,,,,,,,,,,,,,0,0,1,,
eucalyptus kochii,woody,tree,12.0,,,,,,,0.0,0.0,0.0,0.0,0.0,0.0,,,,,,,,,,,,,,0,0,1,,
eucalyptus loxophleba,woody,tree,2.0,,,,,,,0.0,0.0,0.0,0.0,0.0,0.0,,,,,,,,,,,,,,0,0,1,,
eucalyptus marginata,woody,tree,7.0,,,,,,,0.0,0.0,0.0,0.0,0.0,0.0,,,,,,,,,,,,,,0,0,1,,
eucalyptus melanophloia,woody,tree,1.0,,,,,,,0.0,0.0,0.0,0.0,0.0,0.0,,,,,,,,,,,,,,0,0,1,,
eucalyptus miniata,woody,tree,1.0,,,,,,,0.0,0.0,0.0,0.0,0.0,0.0,,,,,,,,,,,,,,0,0,1,,
eucalyptus pauciflora,woody,tree,4.0,,,,,,,0.0,0.0,0.0,0.0,0.0,0.0,,,,,,,,,,,,,,0,0,1,,
eucalyptus pileata,woody,tree,1.0,,,,,,,0.0,0.0,0.0,0.0,0.0,0.0,,,,,,,,,,,,,,0,0,1,,
eucalyptus pilularis,woody,tree,72.0,,,,,,,0.0,0.0,0.0,0.0,0.0,0.0,,,,,,,,,,,,,,0,0,1,,
eucalyptus platyphylla,woody,tree,1.0,,,,,,,0.0,0.0,0.0,0.0,0.0,0.0,,,,,,,,,,,,,,0,0,1,,
eucalyptus polybractea,woody,tree,6.0,,,,,,,0.0,0.0,0.0,0.0,0.0,0.0,,,,,,,,,,,,,,0,0,1,,
eucalyptus populnea,woody,tree,76.0,,,,,,,0.0,0.0,0.0,0.0,0.0,0.0,,,,,,,,,,,,,,0,0,1,,
eucalyptus racemosa,woody,tree,1.0,,,,,,,0.0,0.0,0.0,0.0,0.0,0.0,,,,,,,,,,,,,,0,0,1,,
eucalyptus regnans,woody,tree,5.0,,,,,,,0.0,0.0,0.0,0.0,0.0,0.0,,,,,,,,,,,,,,0,0,1,,
eucalyptus saligna,woody,tree,3.0,,,,,,,0.0,0.0,0.0,0.0,0.0,0.0,,,,,,,,,,,,,,0,0,1,,
eucalyptus shirleyi,woody,tree,1.0,,,,,,,0.0,0.0,0.0,0.0,0.0,0.0,,,,,,,,,,,,,,0,0,1,,
eucalyptus sideroxylon,woody,tree,2.0,,,,,,,0.0,0.0,0.0,0.0,0.0,0.0,,,,,,,,,,,,,,0,0,1,,
eucalyptus tereticornis,woody,tree,6.0,,,,,,,0.0,0.0,0.0,0.0,0.0,0.0,,,,,,,,,,,,,,0,0,1,,
eucalyptus tetrodonta,woody,tree,4.0,,,,,,,0.0,0.0,0.0,0.0,0.0,0.0,,,,,,,,,,,,,,0,0,1,,
eucalyptus umbra,woody,tree,2.0,,,,,,,0.0,0.0,0.0,0.0,0.0,0.0,,,,,,,,,,,,,,0,0,1,,
eucalyptus urophylla,woody,tree,1.0,0.14444,106.21,0.63,5.83,,60.0,1.0,1.0,1.0,1.0,0.0,1.0,,,,,,,,,,,,,,0,0,1,-1.597711586017323,-1.7143131096389281
eucalyptus viminalis,woody,tree,1.0,,,,,,,0.0,0.0,0.0,0.0,0.0,0.0,,,,,,,,,,,,,,0,0,1,,
euchilopsis linearis,,,1.0,,,,,,,0.0,0.0,0.0,0.0,0.0,0.0,,,,,,,,,,,,,,0,0,1,,
euclea divinorum,woody,shrub/tree,1.0,,,,,,,0.0,0.0,0.0,0.0,0.0,0.0,,,,,,,,,,,,,,0,0,1,,
euclidium syriacum,non-woody,herb,2.0,,,,,,,0.0,0.0,0.0,0.0,0.0,0.0,,,,,,,,,,,,,,0,0,1,,
eugenia astringens,woody,tree,2.0,0.296366667,10.40843173,0.617492002,6.27147764,,,1.0,1.0,1.0,1.0,0.0,0.0,,,,,,,,,,,,,,0,0,1,-2.200578854954487,-1.1572603895190887
eugenia biflora,woody,shrub/tree,1.0,0.498,15.91,0.423,,,,1.0,1.0,1.0,0.0,0.0,0.0,,,,,,,,,,,,,,0,0,1,,
eugenia dysenterica,woody,tree,1.0,,,,,,,0.0,0.0,0.0,0.0,0.0,0.0,,,,,,,,,,,,,,0,0,1,,
eugenia florida,woody,tree,3.0,0.4235499999999999,26.054588274333337,0.37856351499999996,13.402376666666667,0.720744034,,3.0,3.0,3.0,3.0,2.0,0.0,,,,,,,,,,,,,,0,0,1,-0.7631934886936023,-0.43084673772595594
eugenia lambertiana,woody,,1.0,0.323,28.21,0.39,,,,1.0,1.0,1.0,0.0,0.0,0.0,,,,,,,,,,,,,,0,0,1,,
eugenia lisboae,,,1.0,0.331,20.88,0.465,,,,1.0,1.0,1.0,0.0,0.0,0.0,,,,,,,,,,,,,,0,0,1,,
eugenia patrisii,woody,tree,1.0,0.448,13.47,0.514,,,,1.0,1.0,1.0,0.0,0.0,0.0,,,,,,,,,,,,,,0,0,1,,
eugenia protenta,,,1.0,0.455,19.32,0.438,,,,1.0,1.0,1.0,0.0,0.0,0.0,,,,,,,,,,,,,,0,0,1,,
eugenia pseudopsidium,woody,tree,1.0,0.441,7.44,0.753,,,,1.0,1.0,1.0,0.0,0.0,0.0,,,,,,,,,,,,,,0,0,1,,
eugenia punicifolia,woody,tree,1.0,,,,,,,0.0,0.0,0.0,0.0,0.0,0.0,,,,,,,,,,,,,,0,0,1,,
eugenia pusilliflora,,,1.0,0.604,4.18,0.585,,,,1.0,1.0,1.0,0.0,0.0,0.0,,,,,,,,,,,,,,0,0,1,,
eugenia sinemariensis,,,12.0,0.34331571425,7.269977605,0.7916344816666667,,,,12.0,6.0,6.0,0.0,0.0,0.0,,,,,,,,,,,,,,0,0,1,,
eugenia spruceana,,,1.0,0.427,15.86,0.404,,,,1.0,1.0,1.0,0.0,0.0,0.0,,,,,,,,,,,,,,0,0,1,,
eumachia astrellantha,,,1.0,0.313,24.92,0.378,,,,1.0,1.0,1.0,0.0,0.0,0.0,,,,,,,,,,,,,,0,0,1,,
eumachia podocephala,,,1.0,0.673,5.26,0.406,,,,1.0,1.0,1.0,0.0,0.0,0.0,,,,,,,,,,,,,,0,0,1,,
euonymus alatus,woody,shrub,15.0,0.2962304578181818,59.89797804225,0.8915200888571428,20.98418411,2.1,,11.0,12.0,7.0,3.0,1.0,0.0,,,,,,,,,,,,,,0,0,1,-1.8033085299429084,-2.0288672416721685
euonymus americanus,woody,shrub,1.0,,39.6,0.21,18.2,,,0.0,1.0,1.0,1.0,0.0,0.0,,,,,,,,,,,,,,0,0,1,,
euonymus europaeus,woody,shrub/tree,3.0,,26.9,0.23,15.4,,,0.0,1.0,1.0,1.0,0.0,0.0,,,,,,,,,,,,,,0,0,1,,
euonymus hamiltonianus,woody,tree,1.0,,34.5,0.26,15.8,,,0.0,1.0,1.0,1.0,0.0,0.0,,,,,,,,,,,,,,0,0,1,,
euonymus latifolius,woody,shrub,2.0,,,,,,,0.0,0.0,0.0,0.0,0.0,0.0,,,,,,,,,,,,,,0,0,1,,
euonymus maackii,woody,shrub/tree,1.0,,41.3,0.26,15.8,,,0.0,1.0,1.0,1.0,0.0,0.0,,,,,,,,,,,,,,0,0,1,,
euonymus verrucosus,woody,shrub,9.0,0.3869966216666667,101.66094386066668,0.149074505,24.327222,,,6.0,6.0,1.0,1.0,0.0,0.0,,,,,,,,,,,,,,0,0,1,1.351230134409605,-0.2814671597391303
eupatorium altissimum,non-woody,herb,1.0,0.35186,,0.226408,,,,1.0,0.0,1.0,0.0,0.0,0.0,,,,,,,,,,,,,,0,0,1,,
eupatorium cannabinum,non-woody,herb,2.0,,,,,,,0.0,0.0,0.0,0.0,0.0,0.0,,,,,,,,,,,,,,0,0,1,,
eupatorium purpureum,non-woody,herb,1.0,0.31646,,0.216778,,,,1.0,0.0,1.0,0.0,0.0,0.0,,,,,,,,,,,,,,0,0,1,,
euphorbia abramsiana,,,1.0,,,,,,,0.0,0.0,0.0,0.0,0.0,0.0,,,,,,,,,,,,,,0,0,1,,
euphorbia albomarginata,,herb,3.0,,,,,,,0.0,0.0,0.0,0.0,0.0,0.0,,,,,,,,,,,,,,0,0,1,,
euphorbia antiquorum,woody,shrub,1.0,,,,,,90.02,0.0,0.0,0.0,0.0,0.0,1.0,,,,,,,,,,,,,,0,0,1,,
euphorbia arizonica,non-woody,herb,2.0,,20.91,,9.35,,,0.0,1.0,0.0,1.0,0.0,0.0,,,,,,,,,,,,,,0,0,1,,
euphorbia brachycera,non-woody,herb,1.0,,,,,,,0.0,0.0,0.0,0.0,0.0,0.0,,,,,,,,,,,,,,0,0,1,,
euphorbia burmanni,,,2.0,,,,,,,0.0,0.0,0.0,0.0,0.0,0.0,,,,,,,,,,,,,,0,0,1,,
euphorbia characias,non-woody/woody,herb/shrub,1.0,,,,,,,0.0,0.0,0.0,0.0,0.0,0.0,,,,,,,,,,,,,,0,0,1,,
euphorbia collina,non-woody,herb,2.0,,,,,,,0.0,0.0,0.0,0.0,0.0,0.0,,,,,,,,,,,,,,0,0,1,,
euphorbia corollata,non-woody,herb,3.0,0.3749,,0.35,,,,1.0,0.0,1.0,0.0,0.0,0.0,,,,,,,,,,,,,,0,0,1,,
euphorbia cyparissias,non-woody,herb,5.0,1.57657627,117.1123077,0.134900658,8.96,,,2.0,2.0,1.0,1.0,0.0,0.0,,,,,,,,,,,,,,0,0,1,0.13361279293835368,2.908427160327694
euphorbia damarana,,,1.0,,,,,,,0.0,0.0,0.0,0.0,0.0,0.0,,,,,,,,,,,,,,0,0,1,,
euphorbia dentata,non-woody,herb,1.0,0.20893,,0.278388,,,,1.0,0.0,1.0,0.0,0.0,0.0,,,,,,,,,,,,,,0,0,1,,
euphorbia esula,non-woody,herb,2.0,,,,,,,0.0,0.0,0.0,0.0,0.0,0.0,,,,,,,,,5.0,274.2,6.6,46.82352,-114.0086,0,1,1,,
euphorbia exigua,non-woody,herb,1.0,,,,,,,0.0,0.0,0.0,0.0,0.0,0.0,,,,,,,,,,,,,,0,0,1,,
euphorbia falcata,non-woody,herb,1.0,,,,,,,0.0,0.0,0.0,0.0,0.0,0.0,,,,,,,,,,,,,,0,0,1,,
euphorbia fendleri,non-woody/woody,herb/shrub,4.0,,84.45691092666667,,9.294117689,,,0.0,3.0,0.0,1.0,0.0,0.0,,,,,,,,,,,,,,0,0,1,,
euphorbia helioscopia,non-woody,herb,3.0,2.38657065,410.075,0.03160955,,,,1.0,1.0,1.0,0.0,0.0,0.0,,,,,,,,,,,,,,0,0,1,,
euphorbia hirta,non-woody,herb,1.0,,,,,,61.68,0.0,0.0,0.0,0.0,0.0,1.0,,,,,,,,,,,,,,0,0,1,,
euphorbia humifusa,non-woody,herb,1.0,,22.47,,8.47,,,0.0,1.0,0.0,1.0,0.0,0.0,,,,,,,,,,,,,,0,0,1,,
euphorbia indica,non-woody,herb,1.0,,,,,,53.28,0.0,0.0,0.0,0.0,0.0,1.0,,,,,,,,,,,,,,0,0,1,,
euphorbia irgisensis,,unspecified,1.0,,,,,,,0.0,0.0,0.0,0.0,0.0,0.0,,,,,,,,,,,,,,0,0,1,,
euphorbia leptocaula,,unspecified,1.0,,,,,,,0.0,0.0,0.0,0.0,0.0,0.0,,,,,,,,,,,,,,0,0,1,,
euphorbia macroceras,,unspecified,1.0,,,,,,,0.0,0.0,0.0,0.0,0.0,0.0,,,,,,,,,,,,,,0,0,1,,
euphorbia macroclada,woody,shrub,1.0,,,,,,,0.0,0.0,0.0,0.0,0.0,0.0,,,,,,,,,,,,,,0,0,1,,
euphorbia marginata,woody,shrub,1.0,0.34435,,0.105272,,,,1.0,0.0,1.0,0.0,0.0,0.0,,,,,,,,,,,,,,0,0,1,,
euphorbia mauritanica,non-woody,herb,2.0,,,,,,,0.0,0.0,0.0,0.0,0.0,0.0,,,,,,,,,,,,,,0,0,1,,
euphorbia missurica,non-woody,herb,2.0,,,,,,,0.0,0.0,0.0,0.0,0.0,0.0,,,,,,,,,,,,,,0,0,1,,
euphorbia mongolica,non-woody,herb,2.0,,,,,,,0.0,0.0,0.0,0.0,0.0,0.0,,,,,,,,,,,,,,0,0,1,,
euphorbia myrsinites,non-woody,herb,1.0,,,,,,,0.0,0.0,0.0,0.0,0.0,0.0,,,,,,,,,,,,,,0,0,1,,
euphorbia nutans,non-woody,herb,1.0,0.18908,,0.336004,,,,1.0,0.0,1.0,0.0,0.0,0.0,,,,,,,,,,,,,,0,0,1,,
euphorbia paralias,non-woody,herb,2.0,,,,,,,0.0,0.0,0.0,0.0,0.0,0.0,,,,,,,,,,,,,,0,0,1,,
euphorbia pilosa,,unspecified,1.0,,,,,,,0.0,0.0,0.0,0.0,0.0,0.0,,,,,,,,,,,,,,0,0,1,,
euphorbia rapulum,,unspecified,2.0,,,,,,,0.0,0.0,0.0,0.0,0.0,0.0,,,,,,,,,,,,,,0,0,1,,
euphorbia retusa,non-woody,herb,1.0,,,,,,,0.0,0.0,0.0,0.0,0.0,0.0,,,,,,,,,,,,,,0,0,1,,
euphorbia sarawschanica,,unspecified,2.0,,,,,,,0.0,0.0,0.0,0.0,0.0,0.0,,,,,,,,,,,,,,0,0,1,,
euphorbia seguieriana,non-woody/woody,herb/shrub,4.0,,,,,,,0.0,0.0,0.0,0.0,0.0,0.0,,,,,,,,,,,,,,0,0,1,,
euphorbia semivillosa,,unspecified,1.0,,,,,,,0.0,0.0,0.0,0.0,0.0,0.0,,,,,,,,,,,,,,0,0,1,,
euphorbia serpyllifolia,non-woody,herb,4.0,,148.96299021666667,,14.33110356,,,0.0,3.0,0.0,1.0,0.0,0.0,,,,,,,,,,,,,,0,0,1,,
euphorbia squamosa,,unspecified,1.0,,,,,,,0.0,0.0,0.0,0.0,0.0,0.0,,,,,,,,,,,,,,0,0,1,,
euphorbia stricta,non-woody,herb,1.0,,,,,,,0.0,0.0,0.0,0.0,0.0,0.0,,,,,,,,,,,,,,0,0,1,,
euphorbia thymifolia,non-woody,herb,1.0,,,,,,16.69,0.0,0.0,0.0,0.0,0.0,1.0,,,,,,,,,,,,,,0,0,1,,
euphorbia tirucalli,woody,tree,1.0,,,,,,45.65,0.0,0.0,0.0,0.0,0.0,1.0,,,,,,,,,,,,,,0,0,1,,
euphorbia turczaninowii,,unspecified,1.0,,,,,,,0.0,0.0,0.0,0.0,0.0,0.0,,,,,,,,,,,,,,0,0,1,,
euphorbia virosa,,,1.0,,,,,,,0.0,0.0,0.0,0.0,0.0,0.0,,,,,,,,,,,,,,0,0,1,,
euphorbia wallichii,,unspecified,2.0,,,,,,,0.0,0.0,0.0,0.0,0.0,0.0,,,,,,,,,,,,,,0,0,1,,
euphrasia brevipila,,unspecified,1.0,,,,,,,0.0,0.0,0.0,0.0,0.0,0.0,,,,,,,,,,,,,,0,0,1,,
euphrasia collina,non-woody,herb,1.0,,,,,,,0.0,0.0,0.0,0.0,0.0,0.0,,,,,,,,,,,,,,0,0,1,,
euphrasia hirtella,non-woody,herb,1.0,,,,,,,0.0,0.0,0.0,0.0,0.0,0.0,,,,,,,,,,,,,,0,0,1,,
euphrasia officinalis,non-woody,herb,3.0,1.88166672,131.9,0.1282051,,,,1.0,1.0,1.0,0.0,0.0,0.0,4.0,6.75,11.427332862,0.0,0.0,74.502796166,58.10333333,22.18972222,,,,,,1,0,1,,
euphrasia pectinata,non-woody,unspecified,5.0,,,,,,,0.0,0.0,0.0,0.0,0.0,0.0,,,,,,,,,,,,,,0,0,1,,
euphrosyne dealbata,,herb,3.0,,,,,,,0.0,0.0,0.0,0.0,0.0,0.0,,,,,,,,,,,,,,0,0,1,,
euploca convolvulacea,,herb,2.0,,,,,,,0.0,0.0,0.0,0.0,0.0,0.0,,,,,,,,,,,,,,0,0,1,,
euploca ovalifolia,non-woody,herb,1.0,,,,,,41.81,0.0,0.0,0.0,0.0,0.0,1.0,,,,,,,,,,,,,,0,0,1,,
euptelea pleiosperma,woody,tree,1.0,0.319408333,60.28073226,0.207932068,25.86417833,,,1.0,1.0,1.0,1.0,0.0,0.0,,,,,,,,,,,,,,0,0,1,0.9878152518909911,-0.5336018944820894
eurya ciliata,,,6.0,,,,7.383333333333333,0.20333333333333334,,0.0,0.0,0.0,6.0,6.0,0.0,,,,,,,,,,,,,,0,0,1,,
eurya japonica,woody,shrub/tree,5.0,0.5096494361999999,51.9531004352,0.2493567954,11.32,,,5.0,5.0,5.0,5.0,0.0,0.0,,,,,,,,,,,,,,0,0,1,-0.29502735728789975,0.05412741413367079
eurycoma longifolia,woody,tree,2.0,,,,,,,0.0,0.0,0.0,0.0,0.0,0.0,,,,,,,,,,,,,,0,0,1,,
eustachys retusa,non-woody,graminoid,2.0,,29.25,0.159,3.8,,48.0,0.0,1.0,1.0,1.0,0.0,1.0,,,,,,,,,,,,,,0,0,1,,
euterpe oleracea,woody,tree,1.0,,,,,,,0.0,0.0,0.0,0.0,0.0,0.0,,,,,,,,,,,,,,0,0,1,,
euterpe precatoria,woody,tree,2.0,,,,,,,0.0,0.0,0.0,0.0,0.0,0.0,,,,,,,,,,,,,,0,0,1,,
evolvulus alsinoides,non-woody,herb,1.0,,,,,,66.14,0.0,0.0,0.0,0.0,0.0,1.0,,,,,,,,,,,,,,0,0,1,,
evolvulus nuttallianus,non-woody/woody,herb/shrub,1.0,,,,,,,0.0,0.0,0.0,0.0,0.0,0.0,,,,,,,,,,,,,,0,0,1,,
fagopyrum esculentum,non-woody,herb,1.0,,,,,,,0.0,0.0,0.0,0.0,0.0,0.0,,,,,,,,,,,,,,0,0,1,,
fagus crenata,woody,tree,6.0,,,,,,,0.0,0.0,0.0,0.0,0.0,0.0,,,,,,,,,,,,,,0,0,1,,
fagus engleriana,woody,unspecified,1.0,0.184175,93.53339118,0.416161616,15.148431,,,1.0,1.0,1.0,1.0,0.0,0.0,,,,,,,,,,,,,,0,0,1,-0.2642634267994627,-1.2451387141091796
fagus grandifolia,woody,tree,81.0,0.6054164179104478,19.543505282701492,0.2800442315,6.234999999999999,,33.62,67.0,67.0,66.0,4.0,0.0,1.0,,,,,,,,,,,,,,0,0,1,-1.0065054110608613,0.34488077506000775
fagus orientalis,woody,unspecified,2.0,,,,,,,0.0,0.0,0.0,0.0,0.0,0.0,,,,,,,,,,,,,,0,0,1,,
fagus sylvatica,woody,tree,2969.0,0.39883149137333335,25.249363702554216,0.5467744544102564,10.6217656933125,0.6617142857142857,76.80238095238094,75.0,83.0,78.0,16.0,7.0,42.0,,,,,,,,,,,,,,0,0,1,-1.5626128448972558,-0.8249507099800846
faidherbia albida,woody,unspecified,21.0,,,,,,,0.0,0.0,0.0,0.0,0.0,0.0,,,,,,,,,1.0,156.0,3.0,-18.884,34.4106,0,1,1,,
falcaria vulgaris,non-woody,herb,3.0,2.00164672,147.0,0.1150432,,,,1.0,1.0,1.0,0.0,0.0,0.0,,,,,,,,,,,,,,0,0,1,,
falcataria falcata,woody,tree,2.0,,,,,,,0.0,0.0,0.0,0.0,0.0,0.0,,,,,,,,,,,,,,0,0,1,,
fallopia convolvulus,non-woody,climber,4.0,0.87199048,311.96666665,0.0653698835,,,,2.0,2.0,2.0,0.0,0.0,0.0,,,,,,,,,,,,,,0,0,1,,
fallugia paradoxa,woody,shrub,3.0,,,,,,,0.0,0.0,0.0,0.0,0.0,0.0,,,,,,,,,,,,,,0,0,1,,
faramea bangii,,,1.0,0.7739,7.395169598,0.287364621,17.09765,,,1.0,1.0,1.0,1.0,0.0,0.0,,,,,,,,,,,,,,0,0,1,-0.3817101852254497,0.6307964761994693
faramea capillipes,,,1.0,0.352,23.86,0.462,,,,1.0,1.0,1.0,0.0,0.0,0.0,,,,,,,,,,,,,,0,0,1,,
faramea occidentalis,woody,tree,3.0,,0.6146499999999999,,,,,0.0,2.0,0.0,0.0,0.0,0.0,,,,,,,,,,,,,,0,0,1,,
faramea platyneura,woody,tree,1.0,0.479,26.49,0.394,,,,1.0,1.0,1.0,0.0,0.0,0.0,,,,,,,,,,,,,,0,0,1,,
faramea torquata,woody,tree,1.0,0.206,64.91,0.399,,,,1.0,1.0,1.0,0.0,0.0,0.0,,,,,,,,,,,,,,0,0,1,,
farsetia aegyptia,,,1.0,,,,,,,0.0,0.0,0.0,0.0,0.0,0.0,,,,,,,,,,,,,,0,0,1,,
faurea saligna,woody,herb,3.0,,,,,,,0.0,0.0,0.0,0.0,0.0,0.0,,,,,,,,,,,,,,0,0,1,,
ferdinandusa hirsuta,,,1.0,0.502,25.46,0.239,,,,1.0,1.0,1.0,0.0,0.0,0.0,,,,,,,,,,,,,,0,0,1,,
ferdinandusa rudgeoides,woody,,1.0,0.329,44.96,0.236,,,,1.0,1.0,1.0,0.0,0.0,0.0,,,,,,,,,,,,,,0,0,1,,
ferocactus acanthodes,,,1.0,,,,,,,0.0,0.0,0.0,0.0,0.0,0.0,,,,,,,,,,,,,,0,0,1,,
ferocactus wislizeni,,,4.0,,,,,,,0.0,0.0,0.0,0.0,0.0,0.0,,,,,,,,,,,,,,0,0,1,,
ferula akitschkensis,,,1.0,,,,,,,0.0,0.0,0.0,0.0,0.0,0.0,,,,,,,,,,,,,,0,0,1,,
ferula badra-kema,,,2.0,,,,,,,0.0,0.0,0.0,0.0,0.0,0.0,,,,,,,,,,,,,,0,0,1,,
ferula canescens,,unspecified,2.0,,,,,,,0.0,0.0,0.0,0.0,0.0,0.0,,,,,,,,,,,,,,0,0,1,,
ferula caspica,,unspecified,4.0,,,,,,,0.0,0.0,0.0,0.0,0.0,0.0,,,,,,,,,,,,,,0,0,1,,
ferula communis,non-woody,herb,1.0,,,,,,,0.0,0.0,0.0,0.0,0.0,0.0,,,,,,,,,,,,,,0,0,1,,
ferula dubjanskyi,,unspecified,2.0,,,,,,,0.0,0.0,0.0,0.0,0.0,0.0,,,,,,,,,,,,,,0,0,1,,
ferula foetida,non-woody,herb,2.0,,,,,,,0.0,0.0,0.0,0.0,0.0,0.0,,,,,,,,,,,,,,0,0,1,,
ferula karelinii,,unspecified,1.0,,,,,,,0.0,0.0,0.0,0.0,0.0,0.0,,,,,,,,,,,,,,0,0,1,,
ferula kokanica,,unspecified,1.0,,,,,,,0.0,0.0,0.0,0.0,0.0,0.0,,,,,,,,,,,,,,0,0,1,,
ferula lehmannii,,unspecified,2.0,,,,,,,0.0,0.0,0.0,0.0,0.0,0.0,,,,,,,,,,,,,,0,0,1,,
ferula michaelii,,,1.0,,,,,,,0.0,0.0,0.0,0.0,0.0,0.0,,,,,,,,,,,,,,0,0,1,,
ferula nuda,,unspecified,1.0,,,,,,,0.0,0.0,0.0,0.0,0.0,0.0,,,,,,,,,,,,,,0,0,1,,
ferula oopoda,non-woody,herb,1.0,,,,,,,0.0,0.0,0.0,0.0,0.0,0.0,,,,,,,,,,,,,,0,0,1,,
ferula paniculata,,,4.0,,,,,,,0.0,0.0,0.0,0.0,0.0,0.0,,,,,,,,,,,,,,0,0,1,,
ferula sabulosa,,,1.0,,,,,,,0.0,0.0,0.0,0.0,0.0,0.0,,,,,,,,,,,,,,0,0,1,,
ferula songarica,,,1.0,,,,,,,0.0,0.0,0.0,0.0,0.0,0.0,,,,,,,,,,,,,,0,0,1,,
festuca airoides,non-woody,graminoid,1.0,,,,,,,0.0,0.0,0.0,0.0,0.0,0.0,,,,,,,,,,,,,,0,0,1,,
festuca altaica,non-woody,graminoid,11.0,,,,,,,0.0,0.0,0.0,0.0,0.0,0.0,,,,,,,,,,,,,,0,0,1,,
festuca altissima,non-woody,graminoid,2.0,,,,,,,0.0,0.0,0.0,0.0,0.0,0.0,,,,,,,,,,,,,,0,0,1,,
festuca amethystina,non-woody,graminoid,1.0,,,,,,,0.0,0.0,0.0,0.0,0.0,0.0,,,,,,,,,,,,,,0,0,1,,
festuca arizonica,non-woody,graminoid,24.0,,25.486682242666667,0.2676,5.317028165,,,0.0,15.0,10.0,1.0,0.0,0.0,,,,,,,,,,,,,,0,0,1,,
festuca beckeri,non-woody,graminoid,11.0,,,,,,,0.0,0.0,0.0,0.0,0.0,0.0,,,,,,,,,,,,,,0,0,1,,
festuca brachyphylla,non-woody,graminoid,1.0,,,,,,,0.0,0.0,0.0,0.0,0.0,0.0,,,,,,,,,,,,,,0,0,1,,
festuca bromoides,non-woody,graminoid,5.0,0.2945,417.75,,,,,2.0,2.0,0.0,0.0,0.0,0.0,,,,,,,,,,,,,,0,0,1,,
festuca calva,non-woody,graminoid,1.0,,,,,,,0.0,0.0,0.0,0.0,0.0,0.0,,,,,,,,,,,,,,0,0,1,,
festuca caucasica,non-woody,graminoid,1.0,,,,,,,0.0,0.0,0.0,0.0,0.0,0.0,,,,,,,,,,,,,,0,0,1,,
festuca christianii-bernardii,non-woody,graminoid,28.0,0.251,132.59333333333333,0.163,9.18,,,3.0,3.0,1.0,2.0,0.0,0.0,,,,,,,,,,,,,,0,0,1,0.464298026706023,-0.5073581326098575
festuca coelestis,,,,,,,,,,,,,,,,1.0,7.0,0.240963855,0.0,0.0,100.0,34.255443,77.635079,,,,,,1,0,0,,
festuca contracta,non-woody,graminoid,2.0,,,,,,,0.0,0.0,0.0,0.0,0.0,0.0,,,,,,,,,,,,,,0,0,1,,
festuca drymeja,non-woody,graminoid,1.0,,,,,,,0.0,0.0,0.0,0.0,0.0,0.0,,,,,,,,,,,,,,0,0,1,,
festuca eskia,non-woody,graminoid,9.0,,,,5.74,1.04,,0.0,0.0,0.0,1.0,1.0,0.0,,,,,,,,,,,,,,0,0,1,,
festuca filiformis,non-woody,graminoid,1.0,,,,,,,0.0,0.0,0.0,0.0,0.0,0.0,,,,,,,,,,,,,,0,0,1,,
festuca guestfalica,non-woody,graminoid,2.0,1.64862463,459.9285714,0.059208036,,,,1.0,1.0,1.0,0.0,0.0,0.0,,,,,,,,,,,,,,0,0,1,,
festuca hallii,non-woody,graminoid,1.0,0.20186,82.94415808,0.499767239,,,,1.0,1.0,1.0,0.0,0.0,0.0,,,,,,,,,,,,,,0,0,1,,
festuca heterophylla,non-woody,graminoid,11.0,,,,,,,0.0,0.0,0.0,0.0,0.0,0.0,,,,,,,,,,,,,,0,0,1,,
festuca idahoensis,non-woody,graminoid,3.0,,,,,,,0.0,0.0,0.0,0.0,0.0,0.0,,,,,,,,,,,,,,0,0,1,,
festuca jeanpertii,non-woody,graminoid,1.0,,,,,,,0.0,0.0,0.0,0.0,0.0,0.0,,,,,,,,,,,,,,0,0,1,,
festuca kryloviana,non-woody,graminoid,4.0,,,,,,,0.0,0.0,0.0,0.0,0.0,0.0,,,,,,,,,,,,,,0,0,1,,
festuca laxa,non-woody,graminoid,1.0,,,,,,,0.0,0.0,0.0,0.0,0.0,0.0,,,,,,,,,,,,,,0,0,1,,
festuca lenensis,,,,,,,,,,,,,,,,4.0,36.75,30.232454505,0.01980982575,0.47498881775,98.041761115,43.50166667,104.0577778,4.0,21.75,2.0,43.0519,104.058,1,1,0,,
festuca microstachys,non-woody,graminoid,1.0,,496.2265033,,,,,0.0,1.0,0.0,0.0,0.0,0.0,,,,,,,,,,,,,,0,0,1,,
festuca myuros,non-woody,graminoid,2.0,,268.91,0.044,7.5,,36.0,0.0,1.0,1.0,1.0,0.0,1.0,,,,,,,,,,,,,,0,0,1,,
festuca nigrescens,non-woody,graminoid,2.0,1.59051426,575.3214286,0.0454,,,,1.0,1.0,1.0,0.0,0.0,0.0,,,,,,,,,,,,,,0,0,1,,
festuca novae-zelandiae,non-woody,graminoid,46.0,,46.01325530326087,0.2045291085652174,,,,0.0,23.0,46.0,0.0,0.0,0.0,,,,,,,,,,,,,,0,0,1,,
festuca octoflora,non-woody,graminoid,1.0,0.11168,,0.243529,,,,1.0,0.0,1.0,0.0,0.0,0.0,,,,,,,,,,,,,,0,0,1,,
festuca olgae,,,,,,,,,,,,,,,,1.0,,,,,,32.93134212,77.22834896,,,,,,1,0,0,,
festuca orientalis,,unspecified,1.0,,,,,,,0.0,0.0,0.0,0.0,0.0,0.0,,,,,,,,,,,,,,0,0,1,,
festuca ovina,non-woody,graminoid,193.0,0.4953482225,197.42857142857142,0.106352675,5.8134375,1.21,17.2,4.0,7.0,2.0,160.0,1.0,1.0,18.0,29.666666666666668,25.212119679444445,0.1854842797222222,0.02847082416666667,99.28283526666667,58.97841049111111,36.34990740611111,1.0,53.0,2.0,61.2536,73.1664,1,1,1,0.8056780833625635,0.16939935775463058
festuca pallens,non-woody,graminoid,1.0,,,,,,,0.0,0.0,0.0,0.0,0.0,0.0,,,,,,,,,,,,,,0,0,1,,
festuca pallescens,non-woody,graminoid,2.0,,,,,,,0.0,0.0,0.0,0.0,0.0,0.0,40.0,18.65,6.015528155225001,1.4461178117,0.018212745800000003,97.03252310525001,-38.974722220000004,-71.368055555,,,,,,1,0,1,,
festuca richardsonii,non-woody,graminoid,1.0,,,,,,,0.0,0.0,0.0,0.0,0.0,0.0,,,,,,,,,,,,,,0,0,1,,
festuca rubra,non-woody,graminoid,79.0,0.5126568275,311.3780916333333,0.16181263266666668,13.681666666666667,,,4.0,9.0,6.0,6.0,0.0,0.0,,,,,,,,,,,,,,0,0,1,1.9275681727718872,-0.1938146592472923
festuca rupicola,non-woody,graminoid,22.0,,,,,,,0.0,0.0,0.0,0.0,0.0,0.0,,,,,,,,,,,,,,0,0,1,,
festuca sibirica,non-woody,graminoid,1.0,,,,,,,0.0,0.0,0.0,0.0,0.0,0.0,,,,,,,,,,,,,,0,0,1,,
festuca subverticillata,non-woody,graminoid,1.0,0.17404,,0.269359,,,,1.0,0.0,1.0,0.0,0.0,0.0,,,,,,,,,,,,,,0,0,1,,
festuca valesiaca,non-woody,graminoid,24.0,,,,,,,0.0,0.0,0.0,0.0,0.0,0.0,,,,,,,,,,,,,,0,0,1,,
festuca varia,non-woody,graminoid,13.0,,,,,,,0.0,0.0,0.0,0.0,0.0,0.0,,,,,,,,,,,,,,0,0,1,,
festuca vivipara,,,,,,,,,,,,,,,,8.0,15.375,1.24940975,0.245339574625,0.0,99.57273244375,64.89805556,-23.326666664999998,2.0,2.0,1.5,64.8981,-23.32665,1,1,0,,
ficus apollinaris,,,1.0,0.2969,26.2859267,0.532033426,11.07486,0.77505028,,1.0,1.0,1.0,1.0,1.0,0.0,,,,,,,,,,,,,,0,0,1,-1.4467065219131243,-1.0558919858079114
ficus benghalensis,woody,tree,4.0,0.4624,3.940920295,0.520120773,8.991120656,,,1.0,1.0,1.0,1.0,0.0,0.0,,,,,,,,,,,,,,0,0,1,-1.7411479991216299,-0.5515858430775222
ficus boliviana,woody,tree,30.0,,,,,,,0.0,0.0,0.0,0.0,0.0,0.0,,,,,,,,,,,,,,0,0,1,,
ficus carica,woody,tree,62.0,0.17078483606557376,21.37773738,0.556481025,,,1.683333333,61.0,1.0,1.0,0.0,0.0,1.0,,,,,,,,,,,,,,0,0,1,,
ficus citrifolia,woody,shrub/tree,1.0,0.6055,8.517689635,0.407311321,15.26026,,,1.0,1.0,1.0,1.0,0.0,0.0,,,,,,,,,,,,,,0,0,1,-0.894574794115696,-0.033182369126808074
ficus cotinifolia,,tree,6.0,,,,,,,0.0,0.0,0.0,0.0,0.0,0.0,,,,,,,,,,,,,,0,0,1,,
ficus fistulosa,woody,tree,3.0,0.5825666666666667,11.779028663666667,0.429865779,8.733333333333333,0.4633333333333334,,3.0,3.0,3.0,3.0,3.0,0.0,,,,,,,,,,,,,,0,0,1,-1.4120016124246406,-0.0611695443735897
ficus formosana,,,6.0,,,,8.75,0.25333333333333335,,0.0,0.0,0.0,6.0,6.0,0.0,,,,,,,,,,,,,,0,0,1,,
ficus langkokensis,woody,tree,10.0,0.6087033332,14.045212057099999,0.3614954845,13.580000000000002,0.748,,10.0,10.0,10.0,10.0,10.0,0.0,,,,,,,,,,,,,,0,0,1,-0.8136443133718192,0.08825985131665916
ficus maclellandii,,,3.0,0.656733333,13.215092284,0.33189840633333334,19.426666666666666,0.6533333333333333,,3.0,3.0,3.0,3.0,3.0,0.0,,,,,,,,,,,,,,0,0,1,-0.3089393565401973,0.1995640866807548
ficus pertusa,woody,tree,2.0,0.5325,8.497591265,0.528546256,11.32603,,,1.0,1.0,1.0,1.0,0.0,0.0,,,,,,,,,,,,,,0,0,1,-1.5912127169862182,-0.4316690344465743
ficus religiosa,woody,tree,2.0,,,,,,,0.0,0.0,0.0,0.0,0.0,0.0,,,,,,,,,,,,,,0,0,1,,
ficus simplicissima,,,12.0,0.5564611111666666,17.628250103333333,0.3981166211666667,10.3425,0.519090909090909,,6.0,6.0,6.0,12.0,11.0,0.0,,,,,,,,,,,,,,0,0,1,-1.1385402809322498,-0.08717015345454496
ficus sodiroi,,,1.0,0.5755,7.023011705,0.547833622,14.12686,,,1.0,1.0,1.0,1.0,0.0,0.0,,,,,,,,,,,,,,0,0,1,-1.4811674755115702,-0.3999230933812258
ficus stolonifera,woody,tree,3.0,,,,,,,0.0,0.0,0.0,0.0,0.0,0.0,,,,,,,,,,,,,,0,0,1,,
ficus sycomorus,woody,tree,1.0,,,,,,,0.0,0.0,0.0,0.0,0.0,0.0,,,,,,,,,,,,,,0,0,1,,
ficus ti-koua,,unspecified,2.0,0.555,6.55,,5.23,,,1.0,1.0,0.0,1.0,0.0,0.0,,,,,,,,,,,,,,0,0,1,,
ficus tonduzii,woody,tree,2.0,0.2969166665,47.38624919,0.43613338799999996,16.838935,1.607248193,,2.0,2.0,2.0,2.0,1.0,0.0,,,,,,,,,,,,,,0,0,1,-0.5519707643793011,-0.9537066494004147
ficus variolosa,,unspecified,1.0,0.13292,143.45,0.32,24.04,,27.0,1.0,1.0,1.0,1.0,0.0,1.0,,,,,,,,,,,,,,0,0,1,1.0592882462311217,-1.3577816982209396
ficus vasculosa,woody,tree,10.0,0.68254999975,9.5729334565,0.40048508675,13.681111111111111,0.446,,4.0,4.0,4.0,9.0,10.0,0.0,,,,,,,,,,,,,,0,0,1,-0.9934258142516436,0.19385516546155984
filago arvensis,non-woody,herb,2.0,,,,,,,0.0,0.0,0.0,0.0,0.0,0.0,,,,,,,,,,,,,,0,0,1,,
filifolium sibiricum,non-woody,herb,4.0,,36.955,,,,,0.0,4.0,0.0,0.0,0.0,0.0,,,,,,,,,,,,,,0,0,1,,
filipendula digitata,non-woody,herb,1.0,0.183,220.6077778,0.171428571,19.03526067,,,1.0,1.0,1.0,1.0,0.0,0.0,,,,,,,,,,,,,,0,0,1,1.741707715592895,-0.9653542327875527
filipendula ulmaria,non-woody,herb,20.0,,,,11.70376799,1.427943504,,0.0,0.0,0.0,2.0,2.0,0.0,,,,,,,,,,,,,,0,0,1,,
filipendula vulgaris,non-woody,herb,7.0,,,,,,,0.0,0.0,0.0,0.0,0.0,0.0,21.0,28.095238095238095,32.99551034771429,0.05215495952380952,0.11302704200000001,98.55830590809525,57.80681216714286,21.09880952285714,8.0,12.25,1.125,57.51975,20.042125000000002,1,1,1,,
fimbristylis consanguinea,non-woody,graminoid,1.0,,,,,,58.33,0.0,0.0,0.0,0.0,0.0,1.0,,,,,,,,,,,,,,0,0,1,,
fimbristylis dichotoma,non-woody,graminoid,1.0,,,,,,,0.0,0.0,0.0,0.0,0.0,0.0,,,,,,,,,,,,,,0,0,1,,
finschia chloroxantha,,unspecified,2.0,0.3867,15.30196718,0.297767543,8.7520659,,,1.0,1.0,1.0,1.0,0.0,0.0,,,,,,,,,,,,,,0,0,1,-0.8680760270298777,-0.2685668536602557
flourensia cernua,woody,shrub,21.0,,,,,,,0.0,0.0,0.0,0.0,0.0,0.0,,,,,,,,,,,,,,0,0,1,,
flueggea virosa,woody,shrub/tree,4.0,,,,,,,0.0,0.0,0.0,0.0,0.0,0.0,,,,,,,,,,,,,,0,0,1,,
foeniculum vulgare,non-woody,herb,2.0,,,,,,,0.0,0.0,0.0,0.0,0.0,0.0,,,,,,,,,,,,,,0,0,1,,
fokienia hodginsii,woody,tree,4.0,,,,,,,0.0,0.0,0.0,0.0,0.0,0.0,,,,,,,,,,,,,,0,0,1,,
forsythia europaea,,unspecified,1.0,,,,,,,0.0,0.0,0.0,0.0,0.0,0.0,,,,,,,,,,,,,,0,0,1,,
fouquieria splendens,woody,shrub,6.0,,,,,,,0.0,0.0,0.0,0.0,0.0,0.0,,,,,,,,,,,,,,0,0,1,,
fragaria nubicola,,,,,,,,,,,,,,,,1.0,3.0,88.23529412,0.0,0.0,100.0,34.36275,74.989,,,,,,1,0,0,,
fragaria vesca,non-woody,herb,20.0,1.97456889,705.4666667,0.0764461,,,,1.0,1.0,1.0,0.0,0.0,0.0,11.0,12.545454545454545,24.057769482090908,1.359031408181818,0.06702148627272728,97.9220307509091,58.93507575818182,25.85866161727273,,,,,,1,0,1,,
fragaria virginiana,non-woody,herb,6.0,0.1726,215.13342353333334,,,,,5.0,6.0,0.0,0.0,0.0,0.0,,,,,,,,,,,,,,0,0,1,,
fragaria viridis,non-woody,herb,8.0,1.88689903,259.9583333,0.136721131,,,,1.0,1.0,1.0,0.0,0.0,0.0,,,,,,,,,,,,,,0,0,1,,
frangula alnus,woody,shrub/tree,11.0,3.1,31.8,0.29,9.9,,,1.0,1.0,1.0,1.0,0.0,0.0,4.0,33.25,24.6062540985,0.0050740815,0.050740816,97.44693252,58.10333333,22.18972222,,,,,,1,0,1,-1.2858583149792753,6.515793791255801
frangula caroliniana,woody,shrub/tree,1.0,,32.5,0.22,17.6,,,0.0,1.0,1.0,1.0,0.0,0.0,,,,,,,,,,,,,,0,0,1,,
frankenia hirsuta,,unspecified,3.0,,,,,,,0.0,0.0,0.0,0.0,0.0,0.0,,,,,,,,,,,,,,0,0,1,,
frasera speciosa,,herb,2.0,,,,,,,0.0,0.0,0.0,0.0,0.0,0.0,,,,,,,,,,,,,,0,0,1,,
fraxinus americana,woody,tree,80.0,0.6863761880793651,26.942649526064518,0.19057491012962963,18.330951458333335,,23.059420325,63.0,62.0,54.0,12.0,0.0,6.0,,,,,,,,,,,,,,0,0,1,0.2042879642583036,0.5762943569084156
fraxinus angustifolia,woody,tree,4.0,0.4575375,18.86711932,0.355371312,,,11.55416667,1.0,1.0,1.0,0.0,0.0,1.0,,,,,,,,,,,,,,0,0,1,,
fraxinus anomala,woody,shrub/tree,1.0,,,,,,,0.0,0.0,0.0,0.0,0.0,0.0,,,,,,,,,,,,,,0,0,1,,
fraxinus chinensis,woody,tree,17.0,0.6530080296875,21.28511087981818,0.29757734154545457,12.25421481818182,,,16.0,11.0,11.0,11.0,0.0,0.0,,,,,,,,,,,,,,0,0,1,-0.6408784890316006,0.3452495919047173
fraxinus excelsior,woody,tree,52.0,0.9568377806666666,15.071143113,0.47823360225,14.341847170000001,,93.05,12.0,12.0,12.0,9.0,0.0,2.0,,,,,,,,,,,,,,0,0,1,-1.2523520294442636,0.6940756785762042
fraxinus latifolia,woody,tree,87.0,,,,12.0,,,0.0,0.0,0.0,1.0,0.0,0.0,,,,,,,,,,,,,,0,0,1,,
fraxinus longicuspis,,,1.0,,,,,,,0.0,0.0,0.0,0.0,0.0,0.0,,,,,,,,,,,,,,0,0,1,,
fraxinus mandshurica,woody,tree,566.0,0.716273792390625,47.83860206295402,0.2645036380232558,16.083933624048274,2.0276,24.26,128.0,87.0,43.0,290.0,4.0,5.0,,,,,,,,,,,,,,0,0,1,-0.08680882423053914,0.48444091011338225
fraxinus nigra,woody,tree,27.0,0.5764222222222222,26.987222418703706,0.20520586866666668,,,,27.0,27.0,27.0,0.0,0.0,0.0,,,,,,,,,,,,,,0,0,1,,
fraxinus ornus,woody,tree,1.0,,,,,,,0.0,0.0,0.0,0.0,0.0,0.0,,,,,,,,,,,,,,0,0,1,,
fraxinus pennsylvanica,woody,tree,212.0,,,,,2.325384324397163,26.6,0.0,0.0,0.0,0.0,141.0,10.0,,,,,,,,,,,,,,0,0,1,,
fraxinus velutina,woody,tree,1.0,,,,,,,0.0,0.0,0.0,0.0,0.0,0.0,,,,,,,,,,,,,,0,0,1,,
fritillaria collina,non-woody,herb,3.0,,,,,,,0.0,0.0,0.0,0.0,0.0,0.0,,,,,,,,,,,,,,0,0,1,,
fritillaria karelinii,,unspecified,4.0,,,,,,,0.0,0.0,0.0,0.0,0.0,0.0,,,,,,,,,,,,,,0,0,1,,
fuchsia excorticata,woody,tree,7.0,0.3429857142857143,84.02831517571428,0.13295060271428571,13.6,,,7.0,7.0,7.0,1.0,0.0,0.0,,,,,,,,,,,,,,0,0,1,0.5383315184971832,-0.18956732405395713
fumana procumbens,woody,shrub,2.0,,,,,,,0.0,0.0,0.0,0.0,0.0,0.0,,,,,,,,,,,,,,0,0,1,,
fumana thymifolia,woody,shrub,1.0,0.4134,5.515622559,0.824491871,,,,1.0,1.0,1.0,0.0,0.0,0.0,,,,,,,,,,,,,,0,0,1,,
fumaria officinalis,non-woody,herb,2.0,,,,,,,0.0,0.0,0.0,0.0,0.0,0.0,,,,,,,,,,,,,,0,0,1,,
fumaria vaillantii,non-woody,herb,2.0,,,,,,,0.0,0.0,0.0,0.0,0.0,0.0,,,,,,,,,,,,,,0,0,1,,
gabonius ngouniensis,,,,,,,,,,,,,,,,,,,,,,,,3.0,4.0,1.0,0.6172,10.4136,0,1,0,,
gagea bergii,,unspecified,2.0,,,,,,,0.0,0.0,0.0,0.0,0.0,0.0,,,,,,,,,,,,,,0,0,1,,
gagea bulbifera,non-woody,herb,2.0,,,,,,,0.0,0.0,0.0,0.0,0.0,0.0,,,,,,,,,,,,,,0,0,1,,
gagea divaricata,,unspecified,3.0,,,,,,,0.0,0.0,0.0,0.0,0.0,0.0,,,,,,,,,,,,,,0,0,1,,
gagea glacialis,,unspecified,3.0,,,,,,,0.0,0.0,0.0,0.0,0.0,0.0,,,,,,,,,,,,,,0,0,1,,
gagea liotardii,,unspecified,3.0,,,,,,,0.0,0.0,0.0,0.0,0.0,0.0,,,,,,,,,,,,,,0,0,1,,
gagea lutea,non-woody,herb,4.0,,,,,,,0.0,0.0,0.0,0.0,0.0,0.0,,,,,,,,,,,,,,0,0,1,,
gagea pusilla,,,1.0,,,,,,,0.0,0.0,0.0,0.0,0.0,0.0,,,,,,,,,,,,,,0,0,1,,
gagea reticulata,,unspecified,3.0,,,,,,,0.0,0.0,0.0,0.0,0.0,0.0,,,,,,,,,,,,,,0,0,1,,
gagea serotina,non-woody,herb,1.0,,,,,,,0.0,0.0,0.0,0.0,0.0,0.0,,,,,,,,,,,,,,0,0,1,,
gagea tenera,,unspecified,1.0,,,,,,,0.0,0.0,0.0,0.0,0.0,0.0,,,,,,,,,,,,,,0,0,1,,
gahnia procera,non-woody,graminoid,1.0,0.32,58.7,0.19,4.02,0.25,,1.0,1.0,1.0,1.0,1.0,0.0,,,,,,,,,,,,,,0,0,1,-0.5115794541395656,-0.20799965916017502
gahnia xanthocarpa,non-woody,graminoid,1.0,0.46,45.6,0.1,4.73,0.12,,1.0,1.0,1.0,1.0,1.0,0.0,,,,,,,,,,,,,,0,0,1,-0.2598109807728778,0.35279302906011695
gaillardia aestivalis,,unspecified,1.0,,,,,,,0.0,0.0,0.0,0.0,0.0,0.0,,,,,,,,,,,,,,0,0,1,,
gaillardia aristata,non-woody,herb,1.0,,,,,,,0.0,0.0,0.0,0.0,0.0,0.0,,,,,,,,,,,,,,0,0,1,,
gaillardia pinnatifida,non-woody/woody,herb/shrub,4.0,,59.75501280666666,,14.08684731,,,0.0,3.0,0.0,1.0,0.0,0.0,,,,,,,,,,,,,,0,0,1,,
galanthus nivalis,non-woody,herb,1.0,,,,,,,0.0,0.0,0.0,0.0,0.0,0.0,,,,,,,,,,,,,,0,0,1,,
galatella linosyris,non-woody,herb,3.0,,,,,,,0.0,0.0,0.0,0.0,0.0,0.0,,,,,,,,,,,,,,0,0,1,,
galatella sedifolia,,unspecified,3.0,,,,,,,0.0,0.0,0.0,0.0,0.0,0.0,,,,,,,,,,,,,,0,0,1,,
galatella villosa,,,1.0,,,,,,,0.0,0.0,0.0,0.0,0.0,0.0,,,,,,,,,,,,,,0,0,1,,
galearia maingayi,woody,tree,1.0,0.5482,5.635617834,0.754807692,,,,1.0,1.0,1.0,0.0,0.0,0.0,,,,,,,,,,,,,,0,0,1,,
galega orientalis,,unspecified,3.0,,,,,,,0.0,0.0,0.0,0.0,0.0,0.0,,,,,,,,,,,,,,0,0,1,,
galeobdolon luteum,,,,,,,,,,,,,,,,10.0,17.1,47.2174784392,15.7295556817,0.3133577475,83.220888102,58.97013889,26.08763889,,,,,,1,0,0,,
galeopsis angustifolia,non-woody,herb,1.0,,,,,,,0.0,0.0,0.0,0.0,0.0,0.0,,,,,,,,,,,,,,0,0,1,,
galeopsis pubescens,non-woody,herb,1.0,,,,,,,0.0,0.0,0.0,0.0,0.0,0.0,,,,,,,,,,,,,,0,0,1,,
galeopsis speciosa,non-woody,herb,1.0,,,,,,,0.0,0.0,0.0,0.0,0.0,0.0,,,,,,,,,,,,,,0,0,1,,
galeopsis tetrahit,non-woody,herb,2.0,,,,,,,0.0,0.0,0.0,0.0,0.0,0.0,,,,,,,,,,,,,,0,0,1,,
galinsoga parviflora,non-woody,herb,1.0,,,,,,,0.0,0.0,0.0,0.0,0.0,0.0,1.0,19.0,88.6547812,2.755267423,0.648298217,96.59643436,34.36275,74.989,,,,,,1,0,1,,
galium album,non-woody,herb,3.0,1.52572625,478.7384615,0.111172543,,,,1.0,1.0,1.0,0.0,0.0,0.0,,,,,,,,,,,,,,0,0,1,,
galium aparine,non-woody,climber,9.0,1.04621128,408.28602284285716,0.115688846,32.8348165,,,2.0,7.0,2.0,1.0,0.0,0.0,,,,,,,,,,,,,,0,0,1,3.9794980779357703,0.8430543758005914
galium boreale,non-woody,herb,15.0,0.1779,172.8382766,0.315984509,,,,1.0,1.0,1.0,0.0,0.0,0.0,8.0,27.375,16.903556073875,0.029629629625,0.01217828,93.0239272725,58.10333333,22.18972222,,,,,,1,0,1,,
galium elegans,,,,,,,,,,,,,,,,4.0,17.0,31.77223863,6.5731353915,0.587499237,92.83936537,29.43083333,79.63944444,2.0,2.5,2.0,29.4308,79.6394,1,1,0,,
galium firmum,,unspecified,1.0,,,,,,,0.0,0.0,0.0,0.0,0.0,0.0,,,,,,,,,,,,,,0,0,1,,
galium mollugo,non-woody,herb,8.0,,,,,,,0.0,0.0,0.0,0.0,0.0,0.0,,,,,,,,,,,,,,0,0,1,,
galium odoratum,non-woody,herb,1.0,,,,,,,0.0,0.0,0.0,0.0,0.0,0.0,,,,,,,,,,,,,,0,0,1,,
galium palustre,non-woody,herb,1.0,,,,,,,0.0,0.0,0.0,0.0,0.0,0.0,,,,,,,,,,,,,,0,0,1,,
galium pumilum,non-woody,herb,2.0,1.64219912,473.0153846,0.076079623,,,,1.0,1.0,1.0,0.0,0.0,0.0,,,,,,,,,,,,,,0,0,1,,
galium rubioides,,unspecified,1.0,,,,,,,0.0,0.0,0.0,0.0,0.0,0.0,,,,,,,,,,,,,,0,0,1,,
galium saurense,,unspecified,1.0,,,,,,,0.0,0.0,0.0,0.0,0.0,0.0,,,,,,,,,,,,,,0,0,1,,
galium spurium,,,,,,,,,,,,,,,,2.0,4.0,98.29059829,0.0,0.0,100.0,33.64019435,76.098225335,,,,,,1,0,0,,
galium tenuissimum,non-woody,herb,2.0,,,,,,,0.0,0.0,0.0,0.0,0.0,0.0,,,,,,,,,,,,,,0,0,1,,
galium tinctorium,non-woody,herb,2.0,,,,,,,0.0,0.0,0.0,0.0,0.0,0.0,,,,,,,,,,,,,,0,0,1,,
galium trifidum,non-woody,climber,1.0,,,,,,,0.0,0.0,0.0,0.0,0.0,0.0,,,,,,,,,,,,,,0,0,1,,
galium verum,non-woody,herb,22.0,1.66909915,200.467,0.053854567,,,,1.0,5.0,1.0,0.0,0.0,0.0,32.0,20.4375,15.3094064485,2.037403738375,0.10132515578125,95.8435860546875,59.3452777775,10.37944444375,11.0,28.454545454545453,1.0909090909090908,59.438790909090905,9.66899090909091,1,1,1,,
gallesia integrifolia,woody,tree,60.0,,,,,,,0.0,0.0,0.0,0.0,0.0,0.0,,,,,,,,,,,,,,0,0,1,,
garcinia cowa,woody,tree,8.0,0.601052916625,20.206151217875,0.368818055,10.48875,0.6328571428571428,40.0,8.0,8.0,8.0,8.0,7.0,1.0,,,,,,,,,,,,,,0,0,1,-1.0164354895551724,0.08301493473500347
garcinia oblongifolia,woody,tree,1.0,0.19019,90.87,0.28,20.57,,59.0,1.0,1.0,1.0,1.0,0.0,1.0,,,,,,,,,,,,,,0,0,1,0.5892696713011275,-0.9968715275998775
garcinia xanthochymus,woody,tree,2.0,0.9698666665,4.7399008915,0.373528199,5.845000000000001,0.49,,2.0,2.0,2.0,2.0,2.0,0.0,,,,,,,,,,,,,,0,0,1,-1.5539804944310678,1.0830275108146912
garuga floribunda,woody,tree,3.0,0.8120555553333334,8.571525047333333,0.27864428999999996,7.989999999999999,1.05,,3.0,3.0,3.0,3.0,3.0,0.0,,,,,,,,,,,,,,0,0,1,-0.9989997697129325,0.8614585879017957
gastrolobium capitatum,,,2.0,,,,,,,0.0,0.0,0.0,0.0,0.0,0.0,,,,,,,,,,,,,,0,0,1,,
gastrolychnis longicarpopohora,,unspecified,2.0,,,,,,,0.0,0.0,0.0,0.0,0.0,0.0,,,,,,,,,,,,,,0,0,1,,
gaultheria procumbens,woody,shrub,2.0,,,,,,,0.0,0.0,0.0,0.0,0.0,0.0,,,,,,,,,,,,,,0,0,1,,
gazania linearis,,unspecified,1.0,,,,,,,0.0,0.0,0.0,0.0,0.0,0.0,,,,,,,,,,,,,,0,0,1,,
geissanthus ambigua,woody,tree,30.0,,,,,,,0.0,0.0,0.0,0.0,0.0,0.0,,,,,,,,,,,,,,0,0,1,,
geissanthus vanderwerffii,,,1.0,0.6125,7.303460733,0.464720195,9.01685,0.500699413,,1.0,1.0,1.0,1.0,1.0,0.0,,,,,,,,,,,,,,0,0,1,-1.553710181845387,-0.05904168667894005
gelasia tuberosa,,unspecified,1.0,,,,,,,0.0,0.0,0.0,0.0,0.0,0.0,,,,,,,,,,,,,,0,0,1,,
gelasia villosa,non-woody,herb,4.0,,,,,,,0.0,0.0,0.0,0.0,0.0,0.0,,,,,,,,,,,,,,0,0,1,,
gelium uliginosum,non-woody,herb,1.0,,,,,,,0.0,0.0,0.0,0.0,0.0,0.0,,,,,,,,,,,,,,0,0,1,,
genipa americana,woody,tree,4.0,,,,,,,0.0,0.0,0.0,0.0,0.0,0.0,,,,,,,,,,,,,,0,0,1,,
genista cinerea,,,,,,,,,,,,,,,,,,,,,,,,3.0,120.66666666666667,4.0,37.4,-2.83333,0,1,0,,
genista germanica,woody,unspecified,2.0,,,,,,,0.0,0.0,0.0,0.0,0.0,0.0,,,,,,,,,,,,,,0,0,1,,
genista hirsuta,woody,shrub,1.0,0.4310375,11.19971247,0.682507055,,,34.77098214,1.0,1.0,1.0,0.0,0.0,1.0,,,,,,,,,,,,,,0,0,1,,
genista pilosa,woody,shrub,1.0,,,,,,,0.0,0.0,0.0,0.0,0.0,0.0,,,,,,,,,,,,,,0,0,1,,
genista radiata,,,2.0,,,,,,,0.0,0.0,0.0,0.0,0.0,0.0,,,,,,,,,,,,,,0,0,1,,
genista sagittalis,,,5.0,3.02664166,185.1163487,0.094199682,,,,1.0,1.0,1.0,0.0,0.0,0.0,,,,,,,,,,,,,,0,0,1,,
genista tinctoria,non-woody/woody,herb/shrub,7.0,3.04638413,179.2375,0.095448863,,,,1.0,1.0,1.0,0.0,0.0,0.0,,,,,,,,,,,,,,0,0,1,,
genista triacanthos,woody,shrub,1.0,0.419825,12.85066838,0.713133948,,,,1.0,1.0,1.0,0.0,0.0,0.0,,,,,,,,,,,,,,0,0,1,,
genista tridentata,,shrub,2.0,,,,,,,0.0,0.0,0.0,0.0,0.0,0.0,,,,,,,,,,,,,,0,0,1,,
gentiana acaulis,non-woody,herb,2.0,,,,,,,0.0,0.0,0.0,0.0,0.0,0.0,,,,,,,,,,,,,,0,0,1,,
gentiana andrewsii,non-woody,herb,1.0,0.31,129.0,0.11,,,,1.0,1.0,1.0,0.0,0.0,0.0,,,,,,,,,,,,,,0,0,1,,
gentiana aquatica,,unspecified,3.0,,,,,,,0.0,0.0,0.0,0.0,0.0,0.0,,,,,,,,,,,,,,0,0,1,,
gentiana cruciata,non-woody,herb,1.0,,,,,,,0.0,0.0,0.0,0.0,0.0,0.0,,,,,,,,,,,,,,0,0,1,,
gentiana nubigena,,,,,,,,,,,,,,,,3.0,3.5,7.142857145,0.0,0.0,100.0,33.569342,77.52352,,,,,,1,0,0,,
gentiana olivieri,,unspecified,2.0,,,,,,,0.0,0.0,0.0,0.0,0.0,0.0,,,,,,,,,,,,,,0,0,1,,
gentiana pannonica,non-woody,herb,2.0,,,,,,,0.0,0.0,0.0,0.0,0.0,0.0,,,,,,,,,,,,,,0,0,1,,
gentiana pneumonanthe,non-woody,herb,1.0,,,,,,,0.0,0.0,0.0,0.0,0.0,0.0,,,,,,,,,,,,,,0,0,1,,
gentiana punctata,non-woody,herb,1.0,,,,,,,0.0,0.0,0.0,0.0,0.0,0.0,,,,,,,,,,,,,,0,0,1,,
gentiana pyrenaica,non-woody,herb,4.0,,,,,,,0.0,0.0,0.0,0.0,0.0,0.0,,,,,,,,,,,,,,0,0,1,,
gentiana septemfida,non-woody,herb,1.0,,,,,,,0.0,0.0,0.0,0.0,0.0,0.0,,,,,,,,,,,,,,0,0,1,,
gentiana squarrosa,,,,,,,,,,,,,,,,1.0,,,,,,32.9315,77.22816667,,,,,,1,0,0,,
gentiana tianschanica,,,,,,,,,,,,,,,,1.0,,,,,,32.932032,77.234672,,,,,,1,0,0,,
gentiana verna,non-woody,herb,7.0,,,,,,,0.0,0.0,0.0,0.0,0.0,0.0,,,,,,,,,,,,,,0,0,1,,
gentianella amarella,non-woody,herb,1.0,,,,,,,0.0,0.0,0.0,0.0,0.0,0.0,,,,,,,,,,,,,,0,0,1,,
gentianella anisodonta,,,2.0,,,,,,,0.0,0.0,0.0,0.0,0.0,0.0,,,,,,,,,,,,,,0,0,1,,
gentianella caucasea,,unspecified,6.0,,,,,,,0.0,0.0,0.0,0.0,0.0,0.0,,,,,,,,,,,,,,0,0,1,,
gentianella moorcroftiana,,,,,,,,,,,,,,,,3.0,2.5,2.0408163265,0.0,0.0,100.0,32.98700762666667,77.22150275333333,,,,,,1,0,0,,
gentianopsis paludosa,,,,,,,,,,,,,,,,1.0,3.0,97.36842105,0.0,0.0,100.0,32.81302812,77.12123293,,,,,,1,0,0,,
gentianopsis vvedenskyi,,,,,,,,,,,,,,,,1.0,2.0,0.0,0.0,0.0,100.0,33.10115176,77.2146163,,,,,,1,0,0,,
geonoma cuneata,woody,tree,2.0,,,,,,,0.0,0.0,0.0,0.0,0.0,0.0,,,,,,,,,,,,,,0,0,1,,
geonoma orbignyana,,,1.0,,,,,,,0.0,0.0,0.0,0.0,0.0,0.0,,,,,,,,,,,,,,0,0,1,,
geraea canescens,non-woody,herb,1.0,,,,,,,0.0,0.0,0.0,0.0,0.0,0.0,,,,,,,,,,,,,,0,0,1,,
geranium albanum,,unspecified,1.0,,,,,,,0.0,0.0,0.0,0.0,0.0,0.0,,,,,,,,,,,,,,0,0,1,,
geranium asphodeloides,,unspecified,1.0,,,,,,,0.0,0.0,0.0,0.0,0.0,0.0,,,,,,,,,,,,,,0,0,1,,
geranium caespitosum,non-woody/woody,herb/shrub,6.0,,10.653480596666666,,6.611015201,,,0.0,3.0,0.0,1.0,0.0,0.0,,,,,,,,,,,,,,0,0,1,,
geranium columbinum,non-woody,herb,2.0,2.26465848,393.2461538,0.044026185,,,,1.0,1.0,1.0,0.0,0.0,0.0,,,,,,,,,,,,,,0,0,1,,
geranium dissectum,non-woody,herb,2.0,2.20901963,342.3055386,0.055292711,,,,1.0,1.0,1.0,0.0,0.0,0.0,,,,,,,,,,,,,,0,0,1,,
geranium erianthum,,,,,,,,,,,,,,,,6.0,11.5,23.9116528285,1.1363636363333334,0.0,98.666309695,56.05944444333334,159.90953703333332,1.0,3.0,2.0,56.06,159.912,1,1,0,,
geranium gymnocaulon,non-woody,herb,1.0,,,,,,,0.0,0.0,0.0,0.0,0.0,0.0,,,,,,,,,,,,,,0,0,1,,
geranium himalayense,,,,,,,,,,,,,,,,2.0,4.5,29.545454545,0.0,0.0,100.0,32.81302812,77.12123293,,,,,,1,0,0,,
geranium ibericum,non-woody,herb,6.0,,,,,,,0.0,0.0,0.0,0.0,0.0,0.0,,,,,,,,,,,,,,0,0,1,,
geranium linearilobum,,unspecified,3.0,,,,,,,0.0,0.0,0.0,0.0,0.0,0.0,,,,,,,,,,,,,,0,0,1,,
geranium macrorrhizum,non-woody,herb,3.0,,,,,,,0.0,0.0,0.0,0.0,0.0,0.0,,,,,,,,,,,,,,0,0,1,,
geranium molle,non-woody,herb,3.0,2.11657245,455.0555556,0.041928956,,,,1.0,1.0,1.0,0.0,0.0,0.0,,,,,,,,,,,,,,0,0,1,,
geranium nepalense,non-woody,herb,1.0,,6.074162301,,,,,0.0,1.0,0.0,0.0,0.0,0.0,,,,,,,,,,,,,,0,0,1,,
geranium phaeum,non-woody,herb,1.0,,,,,,,0.0,0.0,0.0,0.0,0.0,0.0,,,,,,,,,,,,,,0,0,1,,
geranium platypetalum,non-woody,herb,1.0,,,,,,,0.0,0.0,0.0,0.0,0.0,0.0,,,,,,,,,,,,,,0,0,1,,
geranium pratense,non-woody,herb,6.0,2.20976221,107.25,0.11445315,,,,1.0,1.0,1.0,0.0,0.0,0.0,12.0,14.916666666666666,54.53008434616667,6.097493855583333,0.43200762533333337,93.01197366333334,54.868907408333335,34.23786574166667,,,,,,1,0,1,,
geranium pusillum,non-woody,herb,4.0,1.74997943,336.8166667,0.019784933,,,,1.0,1.0,1.0,0.0,0.0,0.0,,,,,,,,,,,,,,0,0,1,,
geranium regelii,,,,,,,,,,,,,,,,1.0,8.0,12.0,4.0,0.0,96.0,32.814903,77.124353,,,,,,1,0,0,,
geranium richardsonii,non-woody,herb,7.0,,49.27784047166667,,13.1705904,,,0.0,6.0,0.0,1.0,0.0,0.0,,,,,,,,,,,,,,0,0,1,,
geranium robertianum,non-woody,herb,3.0,,,,,,,0.0,0.0,0.0,0.0,0.0,0.0,,,,,,,,,,,,,,0,0,1,,
geranium rotundifolium,non-woody,herb,4.0,0.259,227.825,0.1,10.295,2.0,,2.0,2.0,2.0,2.0,1.0,0.0,,,,,,,,,,,,,,0,0,1,1.4066827509652968,-0.5165159363979825
geranium ruprechtii,non-woody,herb,4.0,,,,,,,0.0,0.0,0.0,0.0,0.0,0.0,,,,,,,,,,,,,,0,0,1,,
geranium sanguineum,non-woody,herb,1.0,,,,,,,0.0,0.0,0.0,0.0,0.0,0.0,,,,,,,,,,,,,,0,0,1,,
geranium saxatile,,unspecified,4.0,,,,,,,0.0,0.0,0.0,0.0,0.0,0.0,,,,,,,,,,,,,,0,0,1,,
geranium sessiliflorum,,,,,,,,,,,,,,,,2.0,43.0,21.610740794999998,0.0310559005,0.0,97.427283745,-52.05805556,-71.42111111,2.0,22.0,2.0,-52.058,-71.4211,1,1,0,,
geranium sibiricum,non-woody,herb,1.0,,,,,,,0.0,0.0,0.0,0.0,0.0,0.0,,,,,,,,,,,,,,0,0,1,,
geranium solanderi,non-woody,herb,1.0,,,,,,,0.0,0.0,0.0,0.0,0.0,0.0,,,,,,,,,,,,,,0,0,1,,
geranium sylvaticum,non-woody,herb,29.0,,,,6.597693833,1.329868025,,0.0,0.0,0.0,2.0,2.0,0.0,8.0,7.375,28.9179373705,2.84127651075,1.0671679198750001,96.09155557,62.83652778,28.890972225,2.0,3.5,1.5,62.83655,28.890949999999997,1,1,1,,
geranium tuberosum,,unspecified,3.0,,,,,,,0.0,0.0,0.0,0.0,0.0,0.0,,,,,,,,,,,,,,0,0,1,,
geranium viscosissimum,non-woody,herb,3.0,,,,,,,0.0,0.0,0.0,0.0,0.0,0.0,,,,,,,,,,,,,,0,0,1,,
gerbera crocea,,,,,,,,,,,,,,,,8.0,13.375,24.362268956,14.77346689,5.6427583675,76.24288426125,-33.98291667,18.95791667,3.0,4.0,1.6666666666666667,-33.993,18.9742,1,1,0,,
geum aleppicum,non-woody,herb,8.0,0.3862755805,,0.3986607245,,,,4.0,0.0,4.0,0.0,0.0,0.0,,,,,,,,,,,,,,0,0,1,,
geum kokanicum,,unspecified,2.0,,,,,,,0.0,0.0,0.0,0.0,0.0,0.0,,,,,,,,,,,,,,0,0,1,,
geum montanum,non-woody,herb,1.0,,,,,,,0.0,0.0,0.0,0.0,0.0,0.0,,,,,,,,,,,,,,0,0,1,,
geum reptans,non-woody,herb,1.0,,,,,,,0.0,0.0,0.0,0.0,0.0,0.0,,,,,,,,,,,,,,0,0,1,,
geum rivale,non-woody,herb,19.0,1.45176858,394.35,0.0409297,,,,1.0,1.0,1.0,0.0,0.0,0.0,10.0,17.3,39.8831861062,8.2909180509,2.2173192872999996,88.982196471,58.97013889,26.08763889,,,,,,1,0,1,,
geum rossii,non-woody,herb,3.0,,,,,,,0.0,0.0,0.0,0.0,0.0,0.0,,,,,,,,,,,,,,0,0,1,,
geum triflorum,non-woody,herb,3.0,,,,,,,0.0,0.0,0.0,0.0,0.0,0.0,,,,,,,,,,,,,,0,0,1,,
geum urbanum,non-woody,herb,6.0,1.83006762,454.2727273,0.083943342,,,,1.0,1.0,1.0,0.0,0.0,0.0,12.0,8.583333333333334,70.87368757333333,0.35242642100000005,0.11125806733333334,98.95205693166668,51.956860185000004,19.8660578715,2.0,74.0,1.0,44.7544,-0.395278,1,1,1,,
gilia laciniata,,,1.0,,,,,,,0.0,0.0,0.0,0.0,0.0,0.0,,,,,,,,,,,,,,0,0,1,,
giliastrum acerosum,,,1.0,,,,,,,0.0,0.0,0.0,0.0,0.0,0.0,,,,,,,,,,,,,,0,0,1,,
ginkgo biloba,woody,tree,16.0,0.8726933450000001,14.20590140909091,0.1506854570909091,7.693838811,,53.90925926,11.0,11.0,11.0,4.0,0.0,1.0,,,,,,,,,,,,,,0,0,1,-0.538410550062612,1.2893103889646709
gironniera subaequalis,woody,tree,8.0,0.5762238094285715,20.383031712857143,0.35217165957142854,27.437142857142856,0.5660000000000001,13.0,7.0,7.0,7.0,7.0,5.0,1.0,,,,,,,,,,,,,,0,0,1,0.2549888675654681,-0.1619869950428377
gladiolus hybridus,,unspecified,1.0,,,,,,,0.0,0.0,0.0,0.0,0.0,0.0,,,,,,,,,,,,,,0,0,1,,
glandularia dissecta,,,,,,,,,,,,,,,,4.0,28.75,26.518790206,0.46966576274999994,0.0,98.6152275175,-32.76888889,-64.94055556,6.0,2.3333333333333335,1.3333333333333333,-32.7689,-64.9405,1,1,0,,
glechoma hederacea,non-woody,herb,8.0,2.01408248,218.4923077,0.076542438,,,,1.0,1.0,1.0,0.0,0.0,0.0,,,,,,,,,,,,,,0,0,1,,
gleditsia triacanthos,woody,tree,14.0,0.49946110999999993,15.7066920575,0.18725,20.861093750000002,,,5.0,4.0,4.0,4.0,0.0,0.0,,,,,,,,,,,,,,0,0,1,0.3645503778775946,0.09993632435717316
gliricidia sepium,woody,tree,44.0,0.8383333333333334,28.46666666666667,,17.8,1.1600000000000001,,6.0,6.0,0.0,2.0,2.0,0.0,,,,,,,,,,,,,,0,0,1,,
glischrocaryon behrii,,,1.0,,,,,,,0.0,0.0,0.0,0.0,0.0,0.0,,,,,,,,,,,,,,0,0,1,,
globularia bisnagarica,non-woody,herb,1.0,,,,,,,0.0,0.0,0.0,0.0,0.0,0.0,,,,,,,,,,,,,,0,0,1,,
globularia cordifolia,non-woody,herb,1.0,,,,,,,0.0,0.0,0.0,0.0,0.0,0.0,,,,,,,,,,,,,,0,0,1,,
glochidion eriocarpum,,,2.0,0.6274500000000001,14.051588905,0.247291029,,0.49,,2.0,2.0,2.0,0.0,2.0,0.0,,,,,,,,,,,,,,0,0,1,,
glochidion lanceolarium,woody,tree,4.0,0.70262500025,11.536271021000001,0.31625363675,10.5475,0.6225,,4.0,4.0,4.0,4.0,4.0,0.0,,,,,,,,,,,,,,0,0,1,-0.9061901534931313,0.46648054929417426
gloriosa superba,non-woody,herb,1.0,,,,,,32.38,0.0,0.0,0.0,0.0,0.0,1.0,,,,,,,,,,,,,,0,0,1,,
glossocardia bidens,,unspecified,1.0,,,,,,93.21,0.0,0.0,0.0,0.0,0.0,1.0,,,,,,,,,,,,,,0,0,1,,
glossostigma elatinoides,,unspecified,22.0,,58.633341612,0.165591398,,,,0.0,10.0,22.0,0.0,0.0,0.0,,,,,,,,,,,,,,0,0,1,,
glyceria acutiflora,non-woody,graminoid,1.0,,,,,,,0.0,0.0,0.0,0.0,0.0,0.0,,,,,,,,,,,,,,0,0,1,,
glyceria fluitans,non-woody,graminoid,4.0,1.54158046,258.275,0.032136325,,,,1.0,1.0,1.0,0.0,0.0,0.0,,,,,,,,,,,,,,0,0,1,,
glyceria maxima,non-woody,graminoid,2.0,,,,,,,0.0,0.0,0.0,0.0,0.0,0.0,,,,,,,,,,,,,,0,0,1,,
glyceria notata,non-woody,graminoid,11.0,,,,,,,0.0,0.0,0.0,0.0,0.0,0.0,,,,,,,,,,,,,,0,0,1,,
glyceria tonglensis,non-woody,graminoid,1.0,,,,,,,0.0,0.0,0.0,0.0,0.0,0.0,,,,,,,,,,,,,,0,0,1,,
glycine canescens,,,,,,,,,,,,,,,,3.0,7.666666666666667,16.726791728,0.0,0.0,97.55892255666667,-33.69,117.56,,,,,,1,0,0,,
glycine max,non-woody,herb,790.0,0.410520197740113,,,15.0,,,354.0,0.0,0.0,1.0,0.0,0.0,20.0,12.7,65.5931301789,0.020149467,0.10264372745000001,92.2730945385,-32.60472222,-63.95194444,24.0,3474.1666666666665,3.7083333333333335,30.13045,19.921200000000006,1,1,1,,
glycyrrhiza aspera,,unspecified,1.0,,,,,,,0.0,0.0,0.0,0.0,0.0,0.0,,,,,,,,,,,,,,0,0,1,,
glycyrrhiza glabra,non-woody,herb,4.0,,,,,,,0.0,0.0,0.0,0.0,0.0,0.0,,,,,,,,,,,,,,0,0,1,,
glycyrrhiza lepidota,non-woody,herb,4.0,,,,,,,0.0,0.0,0.0,0.0,0.0,0.0,,,,,,,,,,,,,,0,0,1,,
glycyrrhiza uralensis,non-woody,herb,2.0,,,,,,,0.0,0.0,0.0,0.0,0.0,0.0,,,,,,,,,,,,,,0,0,1,,
gnaphalium gliginosum,non-woody,herb,1.0,,,,,,,0.0,0.0,0.0,0.0,0.0,0.0,,,,,,,,,,,,,,0,0,1,,
gnaphalium polycaulon,,unspecified,1.0,,,,,,62.71,0.0,0.0,0.0,0.0,0.0,1.0,,,,,,,,,,,,,,0,0,1,,
gnaphalium supinum,non-woody,herb,5.0,,,,,,,0.0,0.0,0.0,0.0,0.0,0.0,,,,,,,,,,,,,,0,0,1,,
gnaphalium sylvaticum,non-woody,herb,4.0,,,,,,,0.0,0.0,0.0,0.0,0.0,0.0,,,,,,,,,,,,,,0,0,1,,
gnaphalium thomsonii,,,,,,,,,,,,,,,,1.0,,,,,,32.80223449,77.11360146,,,,,,1,0,0,,
gnaphalium uliginosum,non-woody,herb,2.0,,,,,,,0.0,0.0,0.0,0.0,0.0,0.0,,,,,,,,,,,,,,0,0,1,,
gnetum gnemon,woody,shrub/tree,6.0,0.312160431,69.42193191999999,0.3634152593333333,1.9144554340000002,,,5.0,5.0,3.0,2.0,0.0,0.0,,,,,,,,,,,,,,0,0,1,-1.2082050961108914,-0.5984316078195578
goldbachia laevigata,,unspecified,2.0,,,,,,,0.0,0.0,0.0,0.0,0.0,0.0,,,,,,,,,,,,,,0,0,1,,
gompholobium minus,,,1.0,,,,,,,0.0,0.0,0.0,0.0,0.0,0.0,,,,,,,,,,,,,,0,0,1,,
gompholobium tomentosum,woody,shrub,2.0,,,,,,,0.0,0.0,0.0,0.0,0.0,0.0,,,,,,,,,,,,,,0,0,1,,
gomphrena serrata,,unspecified,1.0,,,,,,58.89,0.0,0.0,0.0,0.0,0.0,1.0,,,,,,,,,,,,,,0,0,1,,
goniolimon callicomum,,unspecified,1.0,,,,,,,0.0,0.0,0.0,0.0,0.0,0.0,,,,,,,,,,,,,,0,0,1,,
goniolimon caucasicum,,unspecified,1.0,,,,,,,0.0,0.0,0.0,0.0,0.0,0.0,,,,,,,,,,,,,,0,0,1,,
goniolimon speciosum,,unspecified,1.0,,,,,,,0.0,0.0,0.0,0.0,0.0,0.0,,,,,,,,,,,,,,0,0,1,,
goniolimon tataricum,,,3.0,,,,,,,0.0,0.0,0.0,0.0,0.0,0.0,,,,,,,,,,,,,,0,0,1,,
goniothalamus griffithii,,unspecified,19.0,1.1956025044210528,4.263494072894737,0.3197987925789474,13.671764705882353,0.8121428571428572,,19.0,19.0,19.0,17.0,14.0,0.0,,,,,,,,,,,,,,0,0,1,-0.8615365821300293,1.667091834748556
gonocarpus micranthus,non-woody,herb,2.0,,27.1776087,0.173584906,,,,0.0,1.0,2.0,0.0,0.0,0.0,,,,,,,,,,,,,,0,0,1,,
goodenia geniculata,,,1.0,,,,,,,0.0,0.0,0.0,0.0,0.0,0.0,4.0,30.0,0.94610342925,3.848650686,0.0,91.8411428725,-37.33333333,142.15,4.0,3.0,1.0,-37.3333,142.15,1,1,1,,
goodyera repens,non-woody,herb,3.0,,,,,,,0.0,0.0,0.0,0.0,0.0,0.0,,,,,,,,,,,,,,0,0,1,,
gordonia fruticosa,woody,,9.0,0.5544565432222223,21.520090324444443,0.32329611333333336,13.868400000000001,0.7143974754285713,,9.0,9.0,9.0,9.0,7.0,0.0,,,,,,,,,,,,,,0,0,1,-0.5934486964936045,0.020252413093839555
gossypium arboreum,,,1.0,,,,,,,0.0,0.0,0.0,0.0,0.0,0.0,,,,,,,,,,,,,,0,0,1,,
gossypium hirsutum,woody,shrub/tree,40.0,,,,,,56.93,0.0,0.0,0.0,0.0,0.0,1.0,,,,,,,,,,,,,,0,0,1,,
goupia glabra,woody,tree,2.0,,,,,,,0.0,0.0,0.0,0.0,0.0,0.0,,,,,,,,,,,,,,0,0,1,,
graffenrieda emarginata,woody,tree,9.0,0.6755666666666666,6.787862158666667,0.4889290126666667,9.026243333333333,,,3.0,3.0,3.0,3.0,0.0,0.0,,,,,,,,,,,,,,0,0,1,-1.6579958856046146,0.0467749793073156
graffenrieda harlingii,,,6.0,0.48845,18.5589118485,0.39218257599999995,11.296045,0.45050479200000004,,2.0,2.0,2.0,2.0,2.0,0.0,,,,,,,,,,,,,,0,0,1,-1.0272724037351229,-0.25862283619007664
graffenrieda latifolia,,,,,,,,,,,,,,,,4.0,15.75,10.2870788935,10.30105997825,0.0,82.7069204125,16.17833333,-61.73166667,,,,,,1,0,0,,
graffenrieda uribei,,,7.0,0.5092595238571429,15.054165862857143,0.3327739852857143,10.161545714285714,0.4889680872857142,,7.0,7.0,7.0,7.0,7.0,0.0,,,,,,,,,,,,,,0,0,1,-0.923677423119752,-0.05568455927228248
grayia spinosa,woody,shrub,7.0,,,,,,,0.0,0.0,0.0,0.0,0.0,0.0,,,,,,,,,,,,,,0,0,1,,
greeneochloa coarctata,non-woody,graminoid,3.0,,,,,,,0.0,0.0,0.0,0.0,0.0,0.0,,,,,,,,,,,,,,0,0,1,,
grevillea pteridifolia,woody,tree,1.0,,,,,,,0.0,0.0,0.0,0.0,0.0,0.0,,,,,,,,,,,,,,0,0,1,,
grevillea robusta,woody,tree,2.0,,,,,,,0.0,0.0,0.0,0.0,0.0,0.0,,,,,,,,,,,,,,0,0,1,,
grewia monticola,woody,shrub/tree,4.0,,,,,,,0.0,0.0,0.0,0.0,0.0,0.0,,,,,,,,,,,,,,0,0,1,,
grewia optiva,,,1.0,,,,,,,0.0,0.0,0.0,0.0,0.0,0.0,,,,,,,,,,,,,,0,0,1,,
grias peruviana,woody,tree,3.0,0.8764,5.149241310333333,0.32870415933333336,10.771533333333332,0.9210562973333333,,3.0,3.0,3.0,3.0,3.0,0.0,,,,,,,,,,,,,,0,0,1,-1.0185827541140742,0.8825883106442424
grindelia squarrosa,non-woody/woody,herb/shrub,3.0,,,,,,,0.0,0.0,0.0,0.0,0.0,0.0,,,,,,,,,,,,,,0,0,1,,
griselinia littoralis,woody,tree,32.0,1.253025,7.101933533625,0.11645184375,21.035,1.21,,8.0,8.0,8.0,2.0,1.0,0.0,,,,,,,,,,,,,,0,0,1,0.39538990817767805,2.15792756605665
grona triflora,non-woody,herb,1.0,,,,,,82.9,0.0,0.0,0.0,0.0,0.0,1.0,,,,,,,,,,,,,,0,0,1,,
guaiacum sanctum,woody,shrub/tree,2.0,0.414966667,8.156947684,0.532222222,18.44622612,,,1.0,1.0,1.0,1.0,0.0,0.0,,,,,,,,,,,,,,0,0,1,-1.0728714471286096,-0.8261124539025139
guarea kunthiana,woody,tree,16.0,1.098175,4.90356076425,0.2230067199375,22.648546875,1.6247877486666666,,16.0,16.0,16.0,16.0,3.0,0.0,,,,,,,,,,,,,,0,0,1,0.15029577223483925,1.5181086001055148
guarea macrophylla,woody,tree,1.0,0.68215,9.624624294,0.283653846,22.116,1.040626604,,1.0,1.0,1.0,1.0,1.0,0.0,,,,,,,,,,,,,,0,0,1,0.024856123415871467,0.3402909925114599
guarea subandina,,,3.0,0.8950999999999999,11.863539793666668,0.24858379066666667,19.42977,0.848774667,,3.0,3.0,3.0,3.0,2.0,0.0,,,,,,,,,,,,,,0,0,1,-0.07559263533674898,0.9827577924890509
guazuma ulmifolia,woody,tree,1.0,,,,,,40.38,0.0,0.0,0.0,0.0,0.0,1.0,,,,,,,,,,,,,,0,0,1,,
guibourtia chodatiana,woody,tree,30.0,,,,,,,0.0,0.0,0.0,0.0,0.0,0.0,,,,,,,,,,,,,,0,0,1,,
guibourtia coleosperma,woody,tree,4.0,,,,,,,0.0,0.0,0.0,0.0,0.0,0.0,,,,,,,,,,,,,,0,0,1,,
guiera senegalensis,woody,shrub,3.0,,,,,,,0.0,0.0,0.0,0.0,0.0,0.0,,,,,,,,,,,,,,0,0,1,,
gutierrezia microcephala,woody,shrub,3.0,,,,,,,0.0,0.0,0.0,0.0,0.0,0.0,,,,,,,,,,,,,,0,0,1,,
gutierrezia sarothrae,non-woody/woody,herb/shrub,51.0,0.2661,82.49598592428572,0.225,7.866639788888888,,,1.0,7.0,1.0,9.0,0.0,0.0,,,,,,,,,,,,,,0,0,1,-0.1909638268731388,-0.5080551825571634
gymnadenia conopsea,non-woody,herb,10.0,,,,,,,0.0,0.0,0.0,0.0,0.0,0.0,,,,,,,,,,,,,,0,0,1,,
gymnadenia nigra,,,1.0,,,,,,,0.0,0.0,0.0,0.0,0.0,0.0,,,,,,,,,,,,,,0,0,1,,
gymnocarpium dryopteris,non-woody,fern,9.0,,,,,,,0.0,0.0,0.0,0.0,0.0,0.0,,,,,,,,,,,,,,0,0,1,,
gymnocarpos decander,,,1.0,,,,,,,0.0,0.0,0.0,0.0,0.0,0.0,,,,,,,,,,,,,,0,0,1,,
gymnospermium albertii,,unspecified,1.0,,,,,,,0.0,0.0,0.0,0.0,0.0,0.0,,,,,,,,,,,,,,0,0,1,,
gymnosporia arbutifolia,woody,shrub,1.0,0.52,15.88,0.33,,,,1.0,1.0,1.0,0.0,0.0,0.0,,,,,,,,,,,,,,0,0,1,,
gymnosporia senegalensis,woody,unspecified,1.0,,,,,,,0.0,0.0,0.0,0.0,0.0,0.0,,,,,,,,,,,,,,0,0,1,,
gymnostoma deplancheanum,,,,,,,,,,,,,,,,7.0,9.0,3.2807667457142857,1.3294729994285714,0.301898519,96.60371663285714,-22.182817458571428,166.73035715714286,2.0,2.5,1.5,-22.1836,166.729,1,1,0,,
gypothamnium pinifolium,,,1.0,,,,,,,0.0,0.0,0.0,0.0,0.0,0.0,,,,,,,,,,,,,,0,0,1,,
gypsophila altissima,,unspecified,3.0,,,,,,,0.0,0.0,0.0,0.0,0.0,0.0,,,,,,,,,,,,,,0,0,1,,
gypsophila cephalotes,,unspecified,2.0,,,,,,,0.0,0.0,0.0,0.0,0.0,0.0,,,,,,,,,,,,,,0,0,1,,
gypsophila elegans,non-woody,herb,2.0,,,,,,,0.0,0.0,0.0,0.0,0.0,0.0,,,,,,,,,,,,,,0,0,1,,
gypsophila fastigiata,non-woody,herb,1.0,,,,,,,0.0,0.0,0.0,0.0,0.0,0.0,,,,,,,,,,,,,,0,0,1,,
gypsophila muralis,non-woody,herb,3.0,,,,,,,0.0,0.0,0.0,0.0,0.0,0.0,,,,,,,,,,,,,,0,0,1,,
gypsophila perfoliata,non-woody,herb,1.0,,,,,,,0.0,0.0,0.0,0.0,0.0,0.0,,,,,,,,,,,,,,0,0,1,,
gypsophila repens,non-woody,herb,1.0,,,,,,,0.0,0.0,0.0,0.0,0.0,0.0,,,,,,,,,,,,,,0,0,1,,
gypsophila tenuifolia,,unspecified,1.0,,,,,,,0.0,0.0,0.0,0.0,0.0,0.0,,,,,,,,,,,,,,0,0,1,,
gypsophila uralensis,,unspecified,1.0,,,,,,,0.0,0.0,0.0,0.0,0.0,0.0,,,,,,,,,,,,,,0,0,1,,
hackelia floribunda,,herb,2.0,,,,,,,0.0,0.0,0.0,0.0,0.0,0.0,,,,,,,,,,,,,,0,0,1,,
hakea ceratophylla,woody,shrub,4.0,0.61,54.0,0.064,,,,1.0,1.0,1.0,0.0,0.0,0.0,,,,,,,,,,,,,,0,0,1,,
hakea cyclocarpa,woody,shrub,4.0,0.61,64.0,0.056,,,,1.0,1.0,1.0,0.0,0.0,0.0,,,,,,,,,,,,,,0,0,1,,
hakea linearis,woody,shrub,4.0,0.59,45.0,0.085,,,,1.0,1.0,1.0,0.0,0.0,0.0,,,,,,,,,,,,,,0,0,1,,
hakea lissocarpha,woody,shrub,4.0,0.61,58.0,0.06,,,,1.0,1.0,1.0,0.0,0.0,0.0,,,,,,,,,,,,,,0,0,1,,
hakea oldfieldii,woody,shrub,4.0,0.54,90.0,0.048,,,,1.0,1.0,1.0,0.0,0.0,0.0,,,,,,,,,,,,,,0,0,1,,
hakea tuberculata,woody,shrub,4.0,0.56,77.0,0.06,,,,1.0,1.0,1.0,0.0,0.0,0.0,,,,,,,,,,,,,,0,0,1,,
hakea varia,woody,shrub,4.0,0.58,56.0,0.07,,,,1.0,1.0,1.0,0.0,0.0,0.0,,,,,,,,,,,,,,0,0,1,,
halerpestes sarmentosa,,,,,,,,,,,,,,,,1.0,16.0,68.06989674,0.0,0.0,100.0,34.12595945,77.51349066,,,,,,1,0,0,,
halocarpus biformis,woody,tree,6.0,0.6397166666666666,10.961909699833333,0.3028232335,12.1,,,6.0,6.0,6.0,1.0,0.0,0.0,,,,,,,,,,,,,,0,0,1,-0.7368150642160203,0.31897251024466844
halocarpus kirkii,woody,tree,6.0,0.6464,14.290339211333333,0.22129068433333332,18.1,,,6.0,6.0,6.0,1.0,0.0,0.0,,,,,,,,,,,,,,0,0,1,0.0023541405495194124,0.43187483986324005
halogeton glomeratus,non-woody,herb,1.0,,10.76,,9.14,,,0.0,1.0,0.0,1.0,0.0,0.0,,,,,,,,,,,,,,0,0,1,,
halostachys belangeriana,woody,shrub,3.0,,,,,,,0.0,0.0,0.0,0.0,0.0,0.0,,,,,,,,,,,,,,0,0,1,,
halothamnus auriculus,,,1.0,,,,,,,0.0,0.0,0.0,0.0,0.0,0.0,,,,,,,,,,,,,,0,0,1,,
halothamnus glaucus,,unspecified,1.0,,,,,,,0.0,0.0,0.0,0.0,0.0,0.0,,,,,,,,,,,,,,0,0,1,,
halothamnus subaphyllus,,,6.0,,,,,,,0.0,0.0,0.0,0.0,0.0,0.0,,,,,,,,,,,,,,0,0,1,,
haloxylon ammodendron,woody,tree,31.0,,,,,,,0.0,0.0,0.0,0.0,0.0,0.0,,,,,,,,,,,,,,0,0,1,,
haloxylon persicum,woody,tree,8.0,,,,,,,0.0,0.0,0.0,0.0,0.0,0.0,,,,,,,,,,,,,,0,0,1,,
haloxylon salicornicum,,unspecified,5.0,,,,,,,0.0,0.0,0.0,0.0,0.0,0.0,,,,,,,,,,,,,,0,0,1,,
haloxylon scoparium,,unspecified,2.0,,,,,,,0.0,0.0,0.0,0.0,0.0,0.0,,,,,,,,,,,,,,0,0,1,,
haloxylon tamariscifolium,,,2.0,,,,,,,0.0,0.0,0.0,0.0,0.0,0.0,,,,,,,,,,,,,,0,0,1,,
hamamelis virginiana,woody,shrub/tree,9.0,0.5565867025,24.4928718425,0.19310122125,9.093525,,,8.0,8.0,8.0,5.0,0.0,0.0,,,,,,,,,,,,,,0,0,1,-0.4473482386282784,0.3683371320421004
hamelia patens,woody,shrub/tree,2.0,0.27754,44.2842865,0.143859532,24.45920706,,,1.0,1.0,1.0,1.0,0.0,0.0,,,,,,,,,,,,,,0,0,1,1.0197352122636254,-0.45412426389032434
handroanthus chrysanthus,,unspecified,4.0,0.6706166665,7.498774055,0.2864365375,24.906364085,,,2.0,2.0,2.0,2.0,0.0,0.0,,,,,,,,,,,,,,0,0,1,0.20168970693829621,0.27260996324728054
handroanthus guayacan,woody,tree,54.0,1.4254951928000001,5.92569033975,0.17578706885,19.017077703,1.1044656510526316,63.814090909090915,20.0,20.0,20.0,20.0,19.0,44.0,,,,,,,,,,,,,,0,0,1,-0.008916507329762551,2.4884141020222494
handroanthus impetiginosus,woody,tree,30.0,,,,,,,0.0,0.0,0.0,0.0,0.0,0.0,,,,,,,,,,,,,,0,0,1,,
handroanthus ochraceus,,,90.0,0.6764323777777778,11.972128551811112,0.21211537278888887,2.0423333333333336,,61.611111111111114,90.0,90.0,90.0,90.0,0.0,90.0,,,,,,,,,,,,,,0,0,1,-1.1289174586967552,0.738559268260296
haplopappus diplopappus,non-woody,unspecified,1.0,,,,,,,0.0,0.0,0.0,0.0,0.0,0.0,,,,,,,,,,,,,,0,0,1,,
haplophyllum tuberculatum,,unspecified,3.0,,,,,,,0.0,0.0,0.0,0.0,0.0,0.0,,,,,,,,,,,,,,0,0,1,,
harpullia cupanioides,woody,tree,9.0,0.7678333334444445,6.439504043111111,0.4266097661111111,8.524444444444445,0.7,,9.0,9.0,9.0,9.0,9.0,0.0,,,,,,,,,,,,,,0,0,1,-1.4946112958129618,0.4221660109009983
harrimanella hypnoides,woody,shrub,5.0,0.39,,,,,,1.0,0.0,0.0,0.0,0.0,0.0,,,,,,,,,,,,,,0,0,1,,
hebe pinguafolia,woody,unspecified,3.0,,55.164279236,,4.793627048,,,0.0,3.0,0.0,1.0,0.0,0.0,,,,,,,,,,,,,,0,0,1,,
hedeoma hispida,non-woody,herb,1.0,0.22,166.0,0.15,,,,1.0,1.0,1.0,0.0,0.0,0.0,,,,,,,,,,,,,,0,0,1,,
hedera colchica,,unspecified,2.0,,,,,,,0.0,0.0,0.0,0.0,0.0,0.0,7.0,13.142857142857142,33.81817447142857,15.277255639,12.212600350285713,67.57787721142857,41.93761904428572,43.42095238142857,3.0,15.333333333333334,1.0,41.938300000000005,43.420566666666666,1,1,1,,
hedera helix,woody,shrub,3.0,0.5464,14.31832413,0.308041315,,,,1.0,1.0,1.0,0.0,0.0,0.0,8.0,17.75,31.280387597,0.920236465125,2.0680135917499998,96.69502957625,43.59111111,-1.248055556,5.0,29.0,1.6,43.5911,-1.2481,1,1,1,,
hedera nepalensis,,,,,,,,,,,,,,,,8.0,21.25,39.308823484125,3.8065089410000006,0.874848173375,93.29000553375,29.42583333,79.60416666500001,4.0,14.0,1.75,29.4233,79.586525,1,1,0,,
hedlundia persica,,unspecified,1.0,,,,,,,0.0,0.0,0.0,0.0,0.0,0.0,,,,,,,,,,,,,,0,0,1,,
hedycarya arborea,woody,tree,12.0,1.0609333333333333,11.578142181666665,0.10302887008333333,25.21,1.28,,12.0,12.0,12.0,2.0,1.0,0.0,,,,,,,,,,,,,,0,0,1,0.815452819910421,1.6442326763899193
hedyosmum goudotianum,woody,shrub/tree,8.0,0.6775631685,16.11304272525,0.1803302765,18.3235475,0.933145923125,,8.0,8.0,8.0,8.0,8.0,0.0,,,,,,,,,,,,,,0,0,1,0.16978701974787452,0.5941810001310335
hedyosmum purpurascens,,,13.0,0.8238277675555555,14.946873220777778,0.1321516278888889,21.49060777777778,1.4104694336666668,,9.0,9.0,9.0,9.0,9.0,0.0,,,,,,,,,,,,,,0,0,1,0.5251708980576462,1.0279448711415176
hedyotis pruinosa,non-woody,herb,1.0,,,,,,13.24,0.0,0.0,0.0,0.0,0.0,1.0,,,,,,,,,,,,,,0,0,1,,
hedysarum caucasicum,non-woody,herb,1.0,,,,,,,0.0,0.0,0.0,0.0,0.0,0.0,,,,,,,,,,,,,,0,0,1,,
hedysarum denticulatum,,unspecified,1.0,,,,,,,0.0,0.0,0.0,0.0,0.0,0.0,,,,,,,,,,,,,,0,0,1,,
hedysarum grandiflorum,,unspecified,1.0,,,,,,,0.0,0.0,0.0,0.0,0.0,0.0,,,,,,,,,,,,,,0,0,1,,
hedysarum hedysaroides,,unspecified,1.0,,,,,,,0.0,0.0,0.0,0.0,0.0,0.0,,,,,,,,,,,,,,0,0,1,,
heisteria concinna,,,,,,,,,,,,,,,,,,,,,,,,1.0,3.0,1.0,9.11006,-79.8434,0,1,0,,
helesia tetraptera,woody,tree,4.0,0.44926379000000005,35.274338685000004,0.13016666675,19.202458325000002,,,4.0,4.0,4.0,4.0,0.0,0.0,,,,,,,,,,,,,,0,0,1,0.594188302231256,0.08925664557047644
helianthella douglasii,non-woody,herb,1.0,,,,,,,0.0,0.0,0.0,0.0,0.0,0.0,,,,,,,,,,,,,,0,0,1,,
helianthella quinquenervis,non-woody,herb,3.0,,11.55928462,,8.535434604,,,0.0,2.0,0.0,1.0,0.0,0.0,,,,,,,,,,,,,,0,0,1,,
helianthella uniflora,non-woody,herb,2.0,,,,,,,0.0,0.0,0.0,0.0,0.0,0.0,,,,,,,,,,,,,,0,0,1,,
helianthemum almeriense,woody,shrub,1.0,0.589675,2.523571788,0.762354248,,,,1.0,1.0,1.0,0.0,0.0,0.0,,,,,,,,,,,,,,0,0,1,,
helianthemum apenninum,non-woody/woody,herb/shrub,10.0,0.3177514963333334,71.90040145666667,0.15054948299999998,11.12,,,3.0,3.0,2.0,1.0,0.0,0.0,,,,,,,,,,,,,,0,0,1,0.22353063472443915,-0.23998428145181697
helianthemum canum,non-woody,herb,1.0,,,,,,,0.0,0.0,0.0,0.0,0.0,0.0,,,,,,,,,,,,,,0,0,1,,
helianthemum lippii,,,1.0,,,,,,,0.0,0.0,0.0,0.0,0.0,0.0,,,,,,,,,,,,,,0,0,1,,
helianthemum nummularium,non-woody/woody,herb/shrub,4.0,1.81072536,191.0333333,0.155554329,,,,1.0,1.0,1.0,0.0,0.0,0.0,,,,,,,,,,,,,,0,0,1,,
helianthemum oelandicum,non-woody,herb,15.0,0.38808358839999996,48.609502988,0.286853508,9.695,,,5.0,5.0,3.0,2.0,0.0,0.0,,,,,,,,,,,,,,0,0,1,-0.5386422680196736,-0.3068768403602984
helianthemum syriacum,woody,shrub,1.0,0.4746,3.88410646,0.724657411,,,,1.0,1.0,1.0,0.0,0.0,0.0,,,,,,,,,,,,,,0,0,1,,
helianthemum viscarium,,,,,,,,,,,,,,,,4.0,5.5,75.13548705,25.0,24.864864865,50.135135135249996,30.59277778,34.71222222,3.0,136.33333333333334,1.0,30.5928,34.7122,1,1,0,,
helianthus agrestis,non-woody,herb,2.0,0.52264299,224.32999999999998,0.038,35.15,,,2.0,2.0,2.0,2.0,0.0,0.0,,,,,,,,,,,,,,0,0,1,3.3100345773618307,-0.03430654157508277
helianthus angustifolius,non-woody,herb,3.0,0.5496979016666667,324.6033333333333,0.030666666666666665,40.03333333333333,,,3.0,3.0,3.0,3.0,0.0,0.0,,,,,,,,,,,,,,0,0,1,4.350397691817436,-0.1746512333215656
helianthus annuus,non-woody,herb,13.0,0.5137826525,243.29,0.07151350000000001,27.3,,,4.0,3.0,4.0,3.0,0.0,0.0,,,,,,,,,,,,,,0,0,1,2.7614305768934644,-0.05919080019524902
helianthus argophyllus,non-woody,herb,2.0,0.46591724,281.40999999999997,0.032,28.65,,,2.0,2.0,2.0,2.0,0.0,0.0,,,,,,,,,,,,,,0,0,1,3.2660767724077644,-0.17129447732548084
helianthus atrorubens,non-woody,herb,1.0,0.52644428,271.2,0.033,37.1,,,1.0,1.0,1.0,1.0,0.0,0.0,,,,,,,,,,,,,,0,0,1,3.780389496620272,-0.11435325484330168
helianthus carnosus,non-woody,herb,3.0,0.6217306566666666,270.6433333333334,0.032,43.15,,,3.0,3.0,3.0,2.0,0.0,0.0,,,,,,,,,,,,,,0,0,1,4.187902204453663,0.04968534559275242
helianthus cusickii,,herb,2.0,0.59660319,177.69,0.0345,41.6,,,2.0,2.0,2.0,2.0,0.0,0.0,,,,,,,,,,,,,,0,0,1,3.4504979371764843,0.15064314469584048
helianthus debilis,non-woody,herb,1.0,0.44412818,321.9,0.034,31.0,,,1.0,1.0,1.0,1.0,0.0,0.0,,,,,,,,,,,,,,0,0,1,3.7029834768383036,-0.325832877676865
helianthus floridanus,non-woody,herb,2.0,0.6661931400000001,246.11,0.0345,36.099999999999994,,,2.0,2.0,2.0,2.0,0.0,0.0,,,,,,,,,,,,,,0,0,1,3.502595497428214,0.28630058487431737
helianthus giganteus,non-woody,herb,3.0,0.4693123666666667,173.59,0.06733333333333334,35.55,,,3.0,3.0,3.0,2.0,0.0,0.0,,,,,,,,,,,,,,0,0,1,2.9052844739584294,-0.15610572362789216
helianthus grosseserratus,non-woody,herb,2.0,0.508331195,212.425,0.036,30.1,,,2.0,2.0,2.0,2.0,0.0,0.0,,,,,,,,,,,,,,0,0,1,2.881628975943141,0.018556317719076145
helianthus heterophyllus,non-woody,herb,3.0,0.63180541,284.6433333333334,0.028666666666666663,54.2,,,2.0,3.0,3.0,1.0,0.0,0.0,,,,,,,,,,,,,,0,0,1,5.076985261584664,-0.08298441014573053
helianthus longifolius,non-woody,herb,3.0,0.46583637333333333,349.23333333333335,0.030666666666666665,39.1,,,3.0,3.0,3.0,3.0,0.0,0.0,,,,,,,,,,,,,,0,0,1,4.469157806520705,-0.4126396880844545
helianthus maximiliani,non-woody,herb,2.0,0.52663248,267.27,0.035500000000000004,33.900000000000006,,,2.0,2.0,2.0,2.0,0.0,0.0,,,,,,,,,,,,,,0,0,1,3.5175280164384555,-0.07170869568937926
helianthus mollis,non-woody,herb,2.0,0.45345791,286.625,0.0345,33.95,,,2.0,2.0,2.0,2.0,0.0,0.0,,,,,,,,,,,,,,0,0,1,3.6718357448609154,-0.2849054118369463
helianthus neglectus,non-woody,herb,2.0,0.39434327,269.555,0.03,26.4,,,2.0,2.0,2.0,2.0,0.0,0.0,,,,,,,,,,,,,,0,0,1,3.050514114862863,-0.29837736724904157
helianthus niveus,,herb,2.0,0.5721356,262.71000000000004,0.041499999999999995,,,,1.0,2.0,2.0,0.0,0.0,0.0,,,,,,,,,,,,,,0,0,1,,
helianthus occidentalis,non-woody,herb,2.0,0.45788951,310.935,0.032,37.3,,,1.0,2.0,2.0,2.0,0.0,0.0,,,,,,,,,,,,,,0,0,1,4.081124987819096,-0.3506675993480016
helianthus pauciflorus,non-woody,herb,5.0,0.36,52.0,0.19,,,,1.0,1.0,1.0,0.0,0.0,0.0,,,,,,,,,,,,,,0,0,1,,
helianthus petiolaris,non-woody,herb,4.0,0.3779592166666667,297.295,0.108496,29.25,,,3.0,2.0,3.0,2.0,0.0,0.0,,,,,,,,,,,,,,0,0,1,3.162238141442835,-0.5932502279676235
helianthus porteri,non-woody,herb,3.0,0.4628603466666667,393.41333333333336,0.03366666666666667,25.433333333333334,,,3.0,3.0,3.0,3.0,0.0,0.0,,,,,,,,,,,,,,0,0,1,3.7842649335702814,-0.32117755389979447
helianthus praecox,non-woody,herb,2.0,0.43837179,383.31,0.034,29.75,,,2.0,1.0,1.0,2.0,0.0,0.0,,,,,,,,,,,,,,0,0,1,4.027844384296373,-0.4228807056641668
helianthus radula,non-woody,herb,2.0,0.565490015,260.78,0.039999999999999994,51.05,,,2.0,2.0,2.0,2.0,0.0,0.0,,,,,,,,,,,,,,0,0,1,4.667841951298531,-0.19520641880894207
helianthus salicifolius,non-woody,herb,3.0,0.37662471,247.95499999999998,0.11359433333333334,34.7,,,3.0,2.0,3.0,2.0,0.0,0.0,,,,,,,,,,,,,,0,0,1,3.200407990144188,-0.5988587326597795
helianthus silphioides,non-woody,herb,2.0,0.545295505,234.05,0.039,42.45,,,2.0,2.0,2.0,2.0,0.0,0.0,,,,,,,,,,,,,,0,0,1,3.8853320566032536,-0.08959837898687763
helianthus tenuifolius,,herb,2.0,,243.09,0.022,38.9,,,0.0,1.0,1.0,1.0,0.0,0.0,,,,,,,,,,,,,,0,0,1,,
helianthus tuberosus,non-woody,herb,2.0,0.39593,,0.253886,,,,1.0,0.0,1.0,0.0,0.0,0.0,,,,,,,,,,,,,,0,0,1,,
helianthus verticillatus,non-woody,herb,2.0,0.544997805,228.735,0.0415,27.200000000000003,,,2.0,2.0,2.0,2.0,0.0,0.0,,,,,,,,,,,,,,0,0,1,2.756687950280661,0.1097292212756944
helichrysum bracteatum,non-woody,herb,1.0,,,,,,,0.0,0.0,0.0,0.0,0.0,0.0,,,,,,,,,,,,,,0,0,1,,
helichrysum cephaloideum,,unspecified,1.0,,,,,,,0.0,0.0,0.0,0.0,0.0,0.0,,,,,,,,,,,,,,0,0,1,,
helichrysum filicaule,non-woody,herb,2.0,,121.6521687,0.162745098,,,,0.0,1.0,2.0,0.0,0.0,0.0,,,,,,,,,,,,,,0,0,1,,
helichrysum italicum,woody,shrub,1.0,0.31635,18.38787127,0.97859569,,,,1.0,1.0,1.0,0.0,0.0,0.0,,,,,,,,,,,,,,0,0,1,,
helichrysum stoechas,woody,shrub,1.0,0.49195,6.114890701,0.652701216,,,,1.0,1.0,1.0,0.0,0.0,0.0,6.0,18.666666666666668,35.20337950333333,2.5061696338333332,0.0,97.36106601666667,35.45916667,23.80083333,2.0,5.5,2.5,35.4592,23.8008,1,1,1,,
helicia formosana,woody,tree,1.0,0.18426,97.81,0.72,13.16,,35.0,1.0,1.0,1.0,1.0,0.0,1.0,,,,,,,,,,,,,,0,0,1,-1.4645943317885248,-1.8931672454194965
helicostylis scabra,woody,tree,1.0,0.356,48.07,0.233,,,,1.0,1.0,1.0,0.0,0.0,0.0,,,,,,,,,,,,,,0,0,1,,
helicostylis tomentosa,woody,tree,1.0,0.1877,117.1275949,0.299810247,29.90951,1.117768578,,1.0,1.0,1.0,1.0,1.0,0.0,,,,,,,,,,,,,,0,0,1,1.3591739195451435,-1.2094939202258308
helicostylis tovarensis,,,3.0,0.2829166666666667,39.086118946666666,0.407084687,22.096519999999998,0.920357304,,3.0,3.0,3.0,3.0,3.0,0.0,,,,,,,,,,,,,,0,0,1,-0.12668065974670334,-0.9796396912769166
helictochloa hookeri,non-woody,graminoid,13.0,,,,,,,0.0,0.0,0.0,0.0,0.0,0.0,,,,,,,,,,,,,,0,0,1,,
helictochloa pratensis,,,3.0,1.81152949,363.65,0.072195554,,,,1.0,1.0,1.0,0.0,0.0,0.0,,,,,,,,,10.0,41.5,1.8,57.47982,19.90566,0,1,1,,
helictochloa versicolor,non-woody,graminoid,2.0,,,,,,,0.0,0.0,0.0,0.0,0.0,0.0,,,,,,,,,,,,,,0,0,1,,
helictotrichon desertorum,non-woody,graminoid,5.0,,,,,,,0.0,0.0,0.0,0.0,0.0,0.0,,,,,,,,,,,,,,0,0,1,,
helictotrichon pratense,,,,,,,,,,,,,,,,20.0,33.8,27.28496560195,0.2592650338,0.3524880388,97.2366536725,57.791999997999994,21.047888888,,,,,,1,0,0,,
helictotrichon pubescens,non-woody,graminoid,11.0,1.68845173,378.4307692,0.0412695,,,,1.0,1.0,1.0,0.0,0.0,0.0,,,,,,,,,,,,,,0,0,1,,
heliocarpus americanus,woody,shrub/tree,35.0,0.530880335,25.76759208125,0.20020993925,23.19133125,1.226415893625,,8.0,8.0,8.0,8.0,8.0,0.0,,,,,,,,,,,,,,0,0,1,0.5439768344316231,0.10404294301449869
heliomeris multiflora,non-woody/woody,herb/shrub,4.0,,108.5780054,,10.57406932,,,0.0,3.0,0.0,1.0,0.0,0.0,,,,,,,,,,,,,,0,0,1,,
heliopsis helianthoides,non-woody,herb,2.0,0.38123,64.0,0.1554125,,,,2.0,1.0,2.0,0.0,0.0,0.0,,,,,,,,,,,,,,0,0,1,,
heliotropium arguzioides,,,1.0,,,,,,,0.0,0.0,0.0,0.0,0.0,0.0,,,,,,,,,,,,,,0,0,1,,
heliotropium dasycarpum,,unspecified,3.0,,,,,,,0.0,0.0,0.0,0.0,0.0,0.0,,,,,,,,,,,,,,0,0,1,,
heliotropium marifolium,,unspecified,1.0,,,,,,15.36,0.0,0.0,0.0,0.0,0.0,1.0,,,,,,,,,,,,,,0,0,1,,
heliotropium pycnophyllum,,,1.0,,,,,,,0.0,0.0,0.0,0.0,0.0,0.0,,,,,,,,,,,,,,0,0,1,,
heliotropium ramosissimum,,,,,,,,,,,,,,,,4.0,11.25,29.7924857625,0.0269106565,0.2825618945,99.327233585,16.80527778,-22.92111111,4.0,49.75,2.0,16.8053,-22.9211,1,1,0,,
heliotropium rotundifolium,,unspecified,3.0,,,,,,,0.0,0.0,0.0,0.0,0.0,0.0,,,,,,,,,,,,,,0,0,1,,
heliotropium sogdianum,,unspecified,1.0,,,,,,,0.0,0.0,0.0,0.0,0.0,0.0,,,,,,,,,,,,,,0,0,1,,
helleborus caucasicus,non-woody,herb,1.0,,,,,,,0.0,0.0,0.0,0.0,0.0,0.0,,,,,,,,,,,,,,0,0,1,,
helleborus orientalis,non-woody,herb,1.0,,,,,,,0.0,0.0,0.0,0.0,0.0,0.0,,,,,,,,,,,,,,0,0,1,,
hemerocallis citrina,non-woody,herb,4.0,,25.3525,,,,,0.0,4.0,0.0,0.0,0.0,0.0,,,,,,,,,,,,,,0,0,1,,
hemerocallis lilioasphodelus,non-woody,herb,1.0,,,,,,,0.0,0.0,0.0,0.0,0.0,0.0,,,,,,,,,,,,,,0,0,1,,
hemiandra pungens,,,2.0,,,,,,,0.0,0.0,0.0,0.0,0.0,0.0,,,,,,,,,,,,,,0,0,1,,
hemidesmus indicus,,unspecified,1.0,,,,,,65.15,0.0,0.0,0.0,0.0,0.0,1.0,,,,,,,,,,,,,,0,0,1,,
henophyton deserti,,unspecified,4.0,,,,,,,0.0,0.0,0.0,0.0,0.0,0.0,,,,,,,,,,,,,,0,0,1,,
hepatica nobilis,,,,,,,,,,,,,,,,40.0,23.3,37.2396905013,1.17587369855,1.17153342905,96.5908594055,58.64295138875,24.66781250125,,,,,,1,0,0,,
heptapleurum heptaphyllum,woody,tree,1.0,0.27055,157.4859091,0.11,22.217367,,,1.0,1.0,1.0,1.0,0.0,0.0,,,,,,,,,,,,,,0,0,1,1.7433682378497382,-0.5504027751116445
heptapleurum minutistellatum,,unspecified,1.0,0.33263,37.91,0.35,22.53,,47.0,1.0,1.0,1.0,1.0,0.0,1.0,,,,,,,,,,,,,,0,0,1,0.08889848960593309,-0.7332745575594258
heracleum aspermum,,unspecified,3.0,,,,,,,0.0,0.0,0.0,0.0,0.0,0.0,,,,,,,,,,,,,,0,0,1,,
heracleum chorodanum,,unspecified,1.0,,,,,,,0.0,0.0,0.0,0.0,0.0,0.0,,,,,,,,,,,,,,0,0,1,,
heracleum lehmannianum,,unspecified,1.0,,,,,,,0.0,0.0,0.0,0.0,0.0,0.0,,,,,,,,,,,,,,0,0,1,,
heracleum pinnatum,,,,,,,,,,,,,,,,1.0,9.0,47.19387755,0.0,0.0,100.0,33.71969355,76.86824413,,,,,,1,0,0,,
heracleum pubescens,,unspecified,1.0,,,,,,,0.0,0.0,0.0,0.0,0.0,0.0,,,,,,,,,,,,,,0,0,1,,
heracleum sphondylium,non-woody,herb,7.0,,,,,,,0.0,0.0,0.0,0.0,0.0,0.0,,,,,,,,,,,,,,0,0,1,,
hertia pallens,,,1.0,,,,,,,0.0,0.0,0.0,0.0,0.0,0.0,,,,,,,,,,,,,,0,0,1,,
hesperis matronalis,non-woody,herb,8.0,0.15940000000000001,435.94737904000004,,,,,5.0,5.0,0.0,0.0,0.0,0.0,,,,,,,,,,,,,,0,0,1,,
hesperocyparis benthamii,woody,tree,1.0,,,,,,,0.0,0.0,0.0,0.0,0.0,0.0,,,,,,,,,,,,,,0,0,1,,
hesperocyparis lusitanica,woody,tree,30.0,,61.028882509999995,,8.3,0.3,,0.0,6.0,0.0,1.0,1.0,0.0,,,,,,,,,,,,,,0,0,1,,
hesperocyparis macrocarpa,woody,tree,2.0,,,,,,,0.0,0.0,0.0,0.0,0.0,0.0,,,,,,,,,,,,,,0,0,1,,
hesperostipa comata,non-woody,graminoid,45.0,0.218357143,33.01888607769231,0.36533847714285717,14.53711711775,0.8,,1.0,13.0,7.0,4.0,1.0,0.0,,,,,,,,,3.0,3.3333333333333335,1.0,50.76669999999999,-104.617,0,1,1,-0.540173747286191,-0.9425754985520879
hesperostipa curtiseta,non-woody,graminoid,9.0,,,,,,,0.0,0.0,0.0,0.0,0.0,0.0,,,,,,,,,,,,,,0,0,1,,
hesperostipa spartea,non-woody,graminoid,20.0,0.19915,61.257343505,0.4141578385,8.9,,,2.0,2.0,2.0,1.0,0.0,0.0,,,,,,,,,,,,,,0,0,1,-0.9215252398930849,-1.0705354225174084
hesperoyucca whipplei,non-woody/woody,herb/shrub,2.0,,,,,,,0.0,0.0,0.0,0.0,0.0,0.0,,,,,,,,,,,,,,0,0,1,,
heteropappus altaicus,non-woody,herb,7.0,0.3521266666666667,13.879999999999999,,,,29.0,3.0,4.0,0.0,0.0,0.0,1.0,,,,,,,,,,,,,,0,0,1,,
heteropogon contortus,non-woody,graminoid,5.0,,,,,,71.84,0.0,0.0,0.0,0.0,0.0,1.0,,,,,,,,,,,,,,0,0,1,,
heterotheca villosa,non-woody,herb,1.0,,,,,,,0.0,0.0,0.0,0.0,0.0,0.0,4.0,18.5,41.89879451,0.0,0.18993352325,98.1451772725,50.76666667,-104.6166667,2.0,13.0,1.0,50.7667,-104.617,1,1,1,,
heuchera cylindrica,non-woody,herb,3.0,,,,,,,0.0,0.0,0.0,0.0,0.0,0.0,,,,,,,,,,,,,,0,0,1,,
heuchera richardsonii,non-woody,herb,1.0,0.2062,91.23542858,0.35,,,,1.0,1.0,1.0,0.0,0.0,0.0,,,,,,,,,,,,,,0,0,1,,
hevea brasiliensis,woody,tree,1.0,,,,,,,0.0,0.0,0.0,0.0,0.0,0.0,,,,,,,,,,,,,,0,0,1,,
hibbertia aurea,,,2.0,,,,,,,0.0,0.0,0.0,0.0,0.0,0.0,,,,,,,,,,,,,,0,0,1,,
hibbertia helianthemoides,,,2.0,,,,,,,0.0,0.0,0.0,0.0,0.0,0.0,,,,,,,,,,,,,,0,0,1,,
hibbertia huegelii,woody,shrub,1.0,,,,,,,0.0,0.0,0.0,0.0,0.0,0.0,,,,,,,,,,,,,,0,0,1,,
hibbertia hypericoides,woody,shrub,2.0,,,,,,,0.0,0.0,0.0,0.0,0.0,0.0,,,,,,,,,,,,,,0,0,1,,
hibbertia sericea,woody,shrub,1.0,,,,,,,0.0,0.0,0.0,0.0,0.0,0.0,,,,,,,,,,,,,,0,0,1,,
hibbertia stricta,,,1.0,,,,,,,0.0,0.0,0.0,0.0,0.0,0.0,,,,,,,,,,,,,,0,0,1,,
hibbertia subvaginata,woody,shrub,1.0,,,,,,,0.0,0.0,0.0,0.0,0.0,0.0,,,,,,,,,,,,,,0,0,1,,
hibiscus cannabinus,non-woody,herb,1.0,,,,,,,0.0,0.0,0.0,0.0,0.0,0.0,,,,,,,,,,,,,,0,0,1,,
hibiscus tiliaceus,,,,,,,,,,,,,,,,17.0,20.0,19.11467950817647,0.1021625897647059,0.09773172752941175,97.8134699517647,-17.552892157058825,-149.43223855294116,,,,,,1,0,0,,
hibiscus trionum,non-woody,herb,1.0,,,,,,,0.0,0.0,0.0,0.0,0.0,0.0,,,,,,,,,,,,,,0,0,1,,
hieracium bauhinii,,,1.0,,,,,,,0.0,0.0,0.0,0.0,0.0,0.0,,,,,,,,,,,,,,0,0,1,,
hieracium fendleri,non-woody,herb,5.0,,38.40427372975,,4.428651929,,,0.0,4.0,0.0,1.0,0.0,0.0,,,,,,,,,,,,,,0,0,1,,
hieracium lachenalii,non-woody,herb,1.0,,,,,,,0.0,0.0,0.0,0.0,0.0,0.0,,,,,,,,,,,,,,0,0,1,,
hieracium levicaule,non-woody,unspecified,3.0,,82.56622350333333,,7.271522744,,,0.0,3.0,0.0,1.0,0.0,0.0,,,,,,,,,,,,,,0,0,1,,
hieracium prenanthoides,,unspecified,1.0,,,,,,,0.0,0.0,0.0,0.0,0.0,0.0,,,,,,,,,,,,,,0,0,1,,
hieracium scouleri,non-woody,herb,5.0,,,,,,,0.0,0.0,0.0,0.0,0.0,0.0,,,,,,,,,,,,,,0,0,1,,
hieracium subinforme,,unspecified,1.0,,,,,,,0.0,0.0,0.0,0.0,0.0,0.0,,,,,,,,,,,,,,0,0,1,,
hieracium umbellatum,non-woody,herb,13.0,,83.9525,,,,,0.0,4.0,0.0,0.0,0.0,0.0,,,,,,,,,,,,,,0,0,1,,
hieracium virosum,,unspecified,3.0,,,,,,,0.0,0.0,0.0,0.0,0.0,0.0,,,,,,,,,,,,,,0,0,1,,
hierochloe odorata,non-woody,graminoid,17.0,,,,,,,0.0,0.0,0.0,0.0,0.0,0.0,,,,,,,,,,,,,,0,0,1,,
hieronyma alchorneoides,woody,tree,1.0,,,,,,,0.0,0.0,0.0,0.0,0.0,0.0,,,,,,,,,,,,,,0,0,1,,
hieronyma asperifolia,woody,tree,4.0,0.7713,7.2677283965,0.32949740125,17.2100625,0.6217319826666667,,4.0,4.0,4.0,4.0,3.0,0.0,,,,,,,,,,,,,,0,0,1,-0.5247899665716752,0.5305255544111867
hieronyma fendleri,,,12.0,0.9362602480833333,4.670189247500001,0.33061780925,12.669835,0.6310356415,,12.0,12.0,12.0,12.0,8.0,0.0,,,,,,,,,,,,,,0,0,1,-0.9077806023797553,1.004844427926114
hieronyma macrocarpa,,,2.0,0.78955,8.4068374605,0.36679607599999997,16.77678,1.090024806,,2.0,2.0,2.0,2.0,1.0,0.0,,,,,,,,,,,,,,0,0,1,-0.6857540170179516,0.49820103733272647
hieronyma oblonga,woody,tree,2.0,0.7484999999999999,8.380072996500001,0.27383538949999997,17.706705,0.7325424775,,2.0,2.0,2.0,2.0,2.0,0.0,,,,,,,,,,,,,,0,0,1,-0.27739673799711656,0.5873086635944941
hilaria jamesii,non-woody,graminoid,14.0,,8.556000000000001,0.352,7.6,1.3,,0.0,10.0,10.0,1.0,1.0,0.0,,,,,,,,,,,,,,0,0,1,,
hilaria mutica,non-woody,graminoid,7.0,,,,,,,0.0,0.0,0.0,0.0,0.0,0.0,,,,,,,,,,,,,,0,0,1,,
hilaria rigida,non-woody,graminoid,6.0,,,,,,,0.0,0.0,0.0,0.0,0.0,0.0,,,,,,,,,,,,,,0,0,1,,
himatanthus articulatus,woody,tree,1.0,,,,,,,0.0,0.0,0.0,0.0,0.0,0.0,,,,,,,,,,,,,,0,0,1,,
hippocrepis comosa,woody,shrub,4.0,,,,,,,0.0,0.0,0.0,0.0,0.0,0.0,,,,,,,,,,,,,,0,0,1,,
hippolytia senecionis,,,,,,,,,,,,,,,,2.0,4.0,92.36641221,0.0,0.0,100.0,32.912098695,77.20873903,,,,,,1,0,0,,
hippophae rhamnoides,woody,shrub/tree,2.0,,,,,,,0.0,0.0,0.0,0.0,0.0,0.0,,,,,,,,,,,,,,0,0,1,,
hippuris vulgaris,non-woody,herb,4.0,,,,24.11414074,1.906628172,,0.0,0.0,0.0,2.0,2.0,0.0,,,,,,,,,,,,,,0,0,1,,
hirpicium alienatum,,unspecified,2.0,,,,,,,0.0,0.0,0.0,0.0,0.0,0.0,,,,,,,,,,,,,,0,0,1,,
hirtella triandra,woody,tree,25.0,,,,,,,0.0,0.0,0.0,0.0,0.0,0.0,,,,,,,,,,,,,,0,0,1,,
hoffmannseggia drepanocarpa,,,1.0,,,,,,,0.0,0.0,0.0,0.0,0.0,0.0,,,,,,,,,,,,,,0,0,1,,
hoheria lyallii,,unspecified,7.0,0.5394285714285714,38.00261796857143,0.12196103757142858,25.1,,,7.0,7.0,7.0,1.0,0.0,0.0,,,,,,,,,,,,,,0,0,1,1.0399203800144554,0.25294986531715086
hoheria sexstylosa,woody,tree,6.0,0.7818166666666667,23.92056575166667,0.09173208633333334,25.4,,,6.0,6.0,6.0,1.0,0.0,0.0,,,,,,,,,,,,,,0,0,1,1.0179067375242625,0.9463253231415738
holcus lanatus,non-woody,graminoid,70.0,0.2426600944375,331.8817151862069,0.1255073032,7.752890831263159,1.295,32.37,16.0,29.0,5.0,19.0,2.0,1.0,,,,,,,,,,,,,,0,0,1,1.837240629177355,-0.7480071637260002
holosteum umbellatum,non-woody,unspecified,3.0,,,,,,,0.0,0.0,0.0,0.0,0.0,0.0,,,,,,,,,,,,,,0,0,1,,
homalanthus populneus,woody,tree,6.0,,,,,,,0.0,0.0,0.0,0.0,0.0,0.0,,,,,,,,,,,,,,0,0,1,,
homogyne alpina,non-woody,herb,1.0,,,,,,,0.0,0.0,0.0,0.0,0.0,0.0,,,,,,,,,,,,,,0,0,1,,
hopea ferrea,,unspecified,2.0,,,,8.85,,,0.0,0.0,0.0,2.0,0.0,0.0,,,,,,,,,,,,,,0,0,1,,
hopea nervosa,woody,tree,4.0,,,,,,,0.0,0.0,0.0,0.0,0.0,0.0,,,,,,,,,,,,,,0,0,1,,
hopea pentanervia,woody,tree,6.0,,,,,,,0.0,0.0,0.0,0.0,0.0,0.0,,,,,,,,,,,,,,0,0,1,,
horaninovia minor,,unspecified,1.0,,,,,,,0.0,0.0,0.0,0.0,0.0,0.0,,,,,,,,,,,,,,0,0,1,,
horaninovia ulicina,non-woody,herb,4.0,,13.18,,9.16,,,0.0,1.0,0.0,1.0,0.0,0.0,,,,,,,,,,,,,,0,0,1,,
hordeum brevisubulatum,non-woody,graminoid,17.0,,,,,,,0.0,0.0,0.0,0.0,0.0,0.0,1.0,19.0,45.22580645,0.064516129,0.064516129,99.87096774,33.076825,77.216602,,,,,,1,0,1,,
hordeum bulbosum,non-woody,graminoid,3.0,,,,,,,0.0,0.0,0.0,0.0,0.0,0.0,,,,,,,,,,,,,,0,0,1,,
hordeum distichon,non-woody,graminoid,1.0,,,,,,,0.0,0.0,0.0,0.0,0.0,0.0,,,,,,,,,,,,,,0,0,1,,
hordeum jubatum,non-woody,graminoid,2.0,0.18537,,0.271481,,,,1.0,0.0,1.0,0.0,0.0,0.0,,,,,,,,,,,,,,0,0,1,,
hordeum marinum,non-woody,graminoid,1.0,0.246,,0.178,,,,1.0,0.0,1.0,0.0,0.0,0.0,,,,,,,,,,,,,,0,0,1,,
hordeum murinum,non-woody,graminoid,15.0,0.21758215150000002,204.9930273,,,,,12.0,12.0,0.0,0.0,0.0,0.0,,,,,,,,,,,,,,0,0,1,,
hordeum pusillum,non-woody,graminoid,1.0,0.18309,,0.278984,,,,1.0,0.0,1.0,0.0,0.0,0.0,,,,,,,,,,,,,,0,0,1,,
hordeum secalinum,non-woody,graminoid,2.0,0.199,,0.242,,,,1.0,0.0,1.0,0.0,0.0,0.0,,,,,,,,,,,,,,0,0,1,,
hordeum vulgare,non-woody,graminoid,10.0,,,,,,,0.0,0.0,0.0,0.0,0.0,0.0,,,,,,,,,,,,,,0,0,1,,
horminum pyrenaicum,,,1.0,,,,,,,0.0,0.0,0.0,0.0,0.0,0.0,,,,,,,,,,,,,,0,0,1,,
horsfieldia amygdalina,woody,tree,7.0,1.6381714284285713,1.9040284428571428,0.3365809102857143,10.821666666666665,0.7742857142857142,,7.0,7.0,7.0,6.0,7.0,0.0,,,,,,,,,,,,,,0,0,1,-1.2441219787249898,2.781431156160268
horsfieldia kingii,,,5.0,1.6980233334000001,1.8233682716000001,0.267972352,10.709999999999999,0.8266666666666667,,5.0,5.0,5.0,5.0,3.0,0.0,,,,,,,,,,,,,,0,0,1,-1.0210704857101023,3.0838186826007843
hosta ventricosa,non-woody,herb,1.0,0.40705,60.45922807,0.126666667,10.83374933,,,1.0,1.0,1.0,1.0,0.0,0.0,,,,,,,,,,,,,,0,0,1,0.19085364934112029,0.05862772747577414
houstonia wrightii,non-woody,herb,6.0,,27.330062324,,9.084728956,,,0.0,5.0,0.0,1.0,0.0,0.0,,,,,,,,,,,,,,0,0,1,,
humiria balsamifera,woody,tree,1.0,,,,,,,0.0,0.0,0.0,0.0,0.0,0.0,,,,,,,,,,,,,,0,0,1,,
huperzia selago,non-woody,fern,2.0,,,,,,,0.0,0.0,0.0,0.0,0.0,0.0,,,,,,,,,,,,,,0,0,1,,
hura crepitans,woody,tree,18.0,,,,,,,0.0,0.0,0.0,0.0,0.0,0.0,,,,,,,,,,,,,,0,0,1,,
hyalopoa pontica,non-woody,graminoid,1.0,,,,,,,0.0,0.0,0.0,0.0,0.0,0.0,,,,,,,,,,,,,,0,0,1,,
hyalopodium colchicum,non-woody,graminoid,1.0,,,,,,,0.0,0.0,0.0,0.0,0.0,0.0,,,,,,,,,,,,,,0,0,1,,
hydrangea paniculata,woody,shrub,2.0,,,,,,,0.0,0.0,0.0,0.0,0.0,0.0,,,,,,,,,,,,,,0,0,1,,
hydrocharis morsus-ranae,non-woody,herb,1.0,,,,,,,0.0,0.0,0.0,0.0,0.0,0.0,,,,,,,,,,,,,,0,0,1,,
hydrocotyle sulcata,,unspecified,12.0,,110.35060227500001,0.059615385,,,,0.0,6.0,12.0,0.0,0.0,0.0,,,,,,,,,,,,,,0,0,1,,
hydrocotyle vulgaris,non-woody,herb,2.0,,,,,,,0.0,0.0,0.0,0.0,0.0,0.0,,,,,,,,,,,,,,0,0,1,,
hydrophyllum canadense,non-woody,herb,6.0,2.7920000000000003,381.2166666666667,,29.2,,,5.0,6.0,0.0,5.0,0.0,0.0,,,,,,,,,,,,,,0,0,1,,
hylodesmum podocarpum,,shrub,2.0,,2.0669840635,,26.0,3.47,,0.0,2.0,0.0,1.0,1.0,0.0,,,,,,,,,,,,,,0,0,1,,
hylotelephium sukaczevii,,unspecified,4.0,,,,,,,0.0,0.0,0.0,0.0,0.0,0.0,,,,,,,,,,,,,,0,0,1,,
hylotelephium telephium,,,2.0,2.03019701,557.9285714,0.034930007,,,,1.0,1.0,1.0,0.0,0.0,0.0,,,,,,,,,,,,,,0,0,1,,
hymenaea courbaril,woody,tree,33.0,,0.1214,,,,,0.0,2.0,0.0,0.0,0.0,0.0,,,,,,,,,,,,,,0,0,1,,
hymenocardia acida,woody,shrub/tree,3.0,,,,,,,0.0,0.0,0.0,0.0,0.0,0.0,,,,,,,,,,,,,,0,0,1,,
hymenopappus flavescens,,herb,2.0,,,,,,,0.0,0.0,0.0,0.0,0.0,0.0,,,,,,,,,,,,,,0,0,1,,
hymenopappus mexicanus,non-woody,herb,4.0,,23.181747313333332,,9.926322103,,,0.0,3.0,0.0,1.0,0.0,0.0,,,,,,,,,,,,,,0,0,1,,
hymenopus adolphoduckei,,,1.0,0.466,17.15,0.432,,,,1.0,1.0,1.0,0.0,0.0,0.0,,,,,,,,,,,,,,0,0,1,,
hymenopus caudatus,,,1.0,0.45,16.25,0.424,,,,1.0,1.0,1.0,0.0,0.0,0.0,,,,,,,,,,,,,,0,0,1,,
hymenopus macrophyllus,,,1.0,0.436,16.87,0.475,,,,1.0,1.0,1.0,0.0,0.0,0.0,,,,,,,,,,,,,,0,0,1,,
hymenopus reticulatus,,,1.0,0.508,14.93,0.525,,,,1.0,1.0,1.0,0.0,0.0,0.0,,,,,,,,,,,,,,0,0,1,,
hymenopus sothersiae,,,1.0,0.422,14.07,0.541,,,,1.0,1.0,1.0,0.0,0.0,0.0,,,,,,,,,,,,,,0,0,1,,
hymenostegia ngounyensis,,,,,,,,,,,,,,,,4.0,14.75,18.40639801,1.6944648525000001,0.0,98.0308098725,0.617222222,10.41361111,,,,,,1,0,0,,
hymenothrix dissecta,non-woody,herb,4.0,,98.97211123,,13.24608207,,,0.0,3.0,0.0,1.0,0.0,0.0,,,,,,,,,,,,,,0,0,1,,
hymenoxys grandiflora,,unspecified,2.0,,,,,,,0.0,0.0,0.0,0.0,0.0,0.0,,,,,,,,,,,,,,0,0,1,,
hymenoxys hoopesii,non-woody,herb,3.0,,47.900699535,,14.36571121,,,0.0,2.0,0.0,1.0,0.0,0.0,,,,,,,,,,,,,,0,0,1,,
hymenoxys richardsonii,non-woody,herb,7.0,0.2824,45.1618624675,0.232222222,13.26858282,,,1.0,4.0,1.0,1.0,0.0,0.0,,,,,,,,,,,,,,0,0,1,-0.08734061100386427,-0.4927605350329679
hyoscyamus muticus,,,2.0,,,,,,,0.0,0.0,0.0,0.0,0.0,0.0,,,,,,,,,,,,,,0,0,1,,
hyoscyamus niger,non-woody,herb,1.0,,,,,,,0.0,0.0,0.0,0.0,0.0,0.0,,,,,,,,,,,,,,0,0,1,,
hyoscyamus pusillus,,unspecified,2.0,,,,,,,0.0,0.0,0.0,0.0,0.0,0.0,,,,,,,,,,,,,,0,0,1,,
hyparrhenia diplandra,non-woody,graminoid,1.0,,,,,,,0.0,0.0,0.0,0.0,0.0,0.0,,,,,,,,,,,,,,0,0,1,,
hyparrhenia hirta,non-woody,graminoid,1.0,,,,,,,0.0,0.0,0.0,0.0,0.0,0.0,,,,,,,,,13.0,2529.3076923076924,3.0,38.024315384615385,-1.0101807692307694,0,1,1,,
hyparrhenia rufa,non-woody,graminoid,1.0,,,,,,,0.0,0.0,0.0,0.0,0.0,0.0,,,,,,,,,,,,,,0,0,1,,
hypecoum pendulum,non-woody,unspecified,7.0,,,,,,,0.0,0.0,0.0,0.0,0.0,0.0,,,,,,,,,,,,,,0,0,1,,
hypecoum procumbens,,,1.0,,,,,,,0.0,0.0,0.0,0.0,0.0,0.0,,,,,,,,,,,,,,0,0,1,,
hypericum androsaemum,,,,,,,,,,,,,,,,4.0,17.0,19.09184755075,2.2960285110000003,0.0,97.46125304,43.59111111,-1.248055556,,,,,,1,0,0,,
hypericum elegans,non-woody,herb,1.0,,,,,,,0.0,0.0,0.0,0.0,0.0,0.0,,,,,,,,,,,,,,0,0,1,,
hypericum empetrifolium,,,,,,,,,,,,,,,,7.0,9.714285714285714,35.65291507857143,1.7902434795714284,0.0,98.20975652,35.45916667,23.80083333,1.0,11.0,1.0,35.4592,23.8008,1,1,0,,
hypericum hirsutum,non-woody,herb,2.0,2.23771031,633.9333333,0.11572304,,,,1.0,1.0,1.0,0.0,0.0,0.0,,,,,,,,,,,,,,0,0,1,,
hypericum humifusum,non-woody,herb,1.0,,,,,,,0.0,0.0,0.0,0.0,0.0,0.0,,,,,,,,,,,,,,0,0,1,,
hypericum japonicum,,unspecified,1.0,,,,,,54.98,0.0,0.0,0.0,0.0,0.0,1.0,,,,,,,,,,,,,,0,0,1,,
hypericum linarioides,non-woody,herb,1.0,,,,,,,0.0,0.0,0.0,0.0,0.0,0.0,,,,,,,,,,,,,,0,0,1,,
hypericum maculatum,non-woody,herb,1.0,,,,,,,0.0,0.0,0.0,0.0,0.0,0.0,10.0,12.2,59.5634755391,12.4269511814,0.5523560209,86.477017265,58.97013889,26.08763889,,,,,,1,0,1,,
hypericum perforatum,non-woody,herb,12.0,0.4672149300000001,613.5649301666666,0.045267221,,,,6.0,6.0,1.0,0.0,0.0,0.0,6.0,20.666666666666668,34.49120943333333,11.695467858333332,1.31704507,86.66300219833333,58.10333333,22.189722220000004,,,,,,1,0,1,,
hypericum scabrum,,unspecified,5.0,,,,,,,0.0,0.0,0.0,0.0,0.0,0.0,,,,,,,,,,,,,,0,0,1,,
hypericum tetrapterum,non-woody,herb,6.0,,,,,,,0.0,0.0,0.0,0.0,0.0,0.0,,,,,,,,,,,,,,0,0,1,,
hypobathrum racemosum,woody,shrub,1.0,0.462325,11.41490368,0.537348259,,,,1.0,1.0,1.0,0.0,0.0,0.0,,,,,,,,,,,,,,0,0,1,,
hypocalymma angustifolium,woody,shrub,2.0,,,,,,,0.0,0.0,0.0,0.0,0.0,0.0,,,,,,,,,,,,,,0,0,1,,
hypochaeris laciniata,,,1.0,,,,,,,0.0,0.0,0.0,0.0,0.0,0.0,,,,,,,,,,,,,,0,0,1,,
hypochaeris maculata,non-woody,herb,8.0,,,,,,,0.0,0.0,0.0,0.0,0.0,0.0,,,,,,,,,,,,,,0,0,1,,
hypochaeris radicata,non-woody,herb,14.0,0.9242141199999999,121.62247638642859,0.030861391,5.33064364,1.78,,3.0,7.0,1.0,3.0,1.0,0.0,17.0,9.470588235294118,20.423449740764706,10.966826419,1.712809517411765,86.56258329411764,-34.76359477176471,47.93259804176471,2.0,34.5,1.0,-37.3333,142.15,1,1,1,0.4317265321543561,1.5394559475580942
hypochaeris uniflora,non-woody,herb,2.0,,,,,,,0.0,0.0,0.0,0.0,0.0,0.0,,,,,,,,,,,,,,0,0,1,,
hypogomphia turkestana,,unspecified,2.0,,,,,,,0.0,0.0,0.0,0.0,0.0,0.0,,,,,,,,,,,,,,0,0,1,,
hypolaena fastigiata,non-woody,herb,1.0,,,,,,,0.0,0.0,0.0,0.0,0.0,0.0,,,,,,,,,,,,,,0,0,1,,
hyptis atrorubens,,,1.0,,,,,,,0.0,0.0,0.0,0.0,0.0,0.0,,,,,,,,,,,,,,0,0,1,,
iberis amara,non-woody,herb,1.0,,,,,,,0.0,0.0,0.0,0.0,0.0,0.0,,,,,,,,,,,,,,0,0,1,,
ilex aquifolium,woody,shrub/tree,2.0,,,,,,,0.0,0.0,0.0,0.0,0.0,0.0,,,,,,,,,,,,,,0,0,1,,
ilex cassine,woody,shrub,1.0,,,,,,,0.0,0.0,0.0,0.0,0.0,0.0,,,,,,,,,,,,,,0,0,1,,
ilex colchica,woody,unspecified,1.0,,,,,,,0.0,0.0,0.0,0.0,0.0,0.0,,,,,,,,,,,,,,0,0,1,,
ilex crenata,woody,shrub,2.0,,,,,,,0.0,0.0,0.0,0.0,0.0,0.0,,,,,,,,,,,,,,0,0,1,,
ilex laurina,woody,,8.0,0.475091596,17.59838818125,0.327072122875,13.187514285714286,0.7128813438571429,,8.0,8.0,8.0,7.0,7.0,0.0,,,,,,,,,,,,,,0,0,1,-0.6630411362385025,-0.17209055575082077
ilex macropoda,woody,unspecified,1.0,0.31,82.06,0.24,,,,1.0,1.0,1.0,0.0,0.0,0.0,,,,,,,,,,,,,,0,0,1,,
ilex opaca,woody,shrub/tree,5.0,0.45357332,30.6355460825,0.16112500000000002,11.5792,,54.17,4.0,4.0,4.0,5.0,0.0,1.0,,,,,,,,,,,,,,0,0,1,-0.090712067980055,0.1380493972519225
ilex pedunculosa,woody,tree,2.0,0.3,41.596605,0.28877774300000003,14.32445,,,1.0,2.0,2.0,1.0,0.0,0.0,,,,,,,,,,,,,,0,0,1,-0.24281792982019568,-0.5806665511780461
ilex teratopis,,,2.0,0.5883499999999999,7.2631234245,0.51785956,7.992145000000001,,,2.0,2.0,2.0,2.0,0.0,0.0,,,,,,,,,,,,,,0,0,1,-1.8113733832643446,-0.22300311909769152
ilex verticillata,woody,shrub/tree,1.0,0.6381,30.67680934,0.101984127,,,,1.0,1.0,1.0,0.0,0.0,0.0,,,,,,,,,,,,,,0,0,1,,
illicium floridanum,woody,shrub,1.0,,,,,,,0.0,0.0,0.0,0.0,0.0,0.0,,,,,,,,,,,,,,0,0,1,,
illicium verum,woody,tree,1.0,,,,,,,0.0,0.0,0.0,0.0,0.0,0.0,,,,,,,,,,,,,,0,0,1,,
imbralyx leptobotrys,,,1.0,0.470766667,20.14609754,0.318553552,12.5,0.49,,1.0,1.0,1.0,1.0,1.0,0.0,,,,,,,,,,,,,,0,0,1,-0.6632949984091281,-0.15945637422822037
impatiens balsamina,non-woody,herb,1.0,,,,,,,0.0,0.0,0.0,0.0,0.0,0.0,,,,,,,,,,,,,,0,0,1,,
impatiens capensis,non-woody,herb,1.0,,267.26,,,,,0.0,1.0,0.0,0.0,0.0,0.0,,,,,,,,,,,,,,0,0,1,,
impatiens parviflora,non-woody,herb,1.0,,,,,,,0.0,0.0,0.0,0.0,0.0,0.0,,,,,,,,,,,,,,0,0,1,,
imperata cylindrica,non-woody,graminoid,5.0,,,,,,,0.0,0.0,0.0,0.0,0.0,0.0,,,,,,,,,,,,,,0,0,1,,
incarvillea compacta,,herb,1.0,2.52,0.06942,,,,,1.0,1.0,0.0,0.0,0.0,0.0,,,,,,,,,,,,,,0,0,1,,
indigastrum parviflorum,,unspecified,1.0,,,,,,43.3,0.0,0.0,0.0,0.0,0.0,1.0,,,,,,,,,,,,,,0,0,1,,
indigofera colutea,non-woody,herb,1.0,,,,,,91.0,0.0,0.0,0.0,0.0,0.0,1.0,,,,,,,,,,,,,,0,0,1,,
indigofera hirsuta,non-woody/woody,herb/shrub,1.0,,,,,,82.74,0.0,0.0,0.0,0.0,0.0,1.0,,,,,,,,,,,,,,0,0,1,,
indigofera kirilowi,,unspecified,1.0,,,,,,,0.0,0.0,0.0,0.0,0.0,0.0,,,,,,,,,,,,,,0,0,1,,
indigofera ruspolii,,,1.0,,,,,,,0.0,0.0,0.0,0.0,0.0,0.0,,,,,,,,,,,,,,0,0,1,,
indigofera silvestrii,woody,shrub,2.0,,2.095397575,,19.3,2.7,,0.0,2.0,0.0,1.0,1.0,0.0,,,,,,,,,,,,,,0,0,1,,
indigofera spinosa,,,1.0,,,,,,,0.0,0.0,0.0,0.0,0.0,0.0,,,,,,,,,,,,,,0,0,1,,
indigofera szechuensis,woody,shrub,2.0,,2.0782102150000004,,22.0,2.89,,0.0,2.0,0.0,1.0,1.0,0.0,,,,,,,,,,,,,,0,0,1,,
indigofera trita,,unspecified,2.0,,,,,,75.92,0.0,0.0,0.0,0.0,0.0,2.0,,,,,,,,,,,,,,0,0,1,,
indigofera tsiangiana,woody,shrub,1.0,,,,,,54.51,0.0,0.0,0.0,0.0,0.0,1.0,,,,,,,,,,,,,,0,0,1,,
indigofera wightii,,unspecified,1.0,,,,,,58.26,0.0,0.0,0.0,0.0,0.0,1.0,,,,,,,,,,,,,,0,0,1,,
inga alba,woody,tree,1.0,0.59,12.69,0.399,,,,1.0,1.0,1.0,0.0,0.0,0.0,,,,,,,,,,,,,,0,0,1,,
inga auristellae,woody,tree,1.0,0.463,19.42,0.316,,,,1.0,1.0,1.0,0.0,0.0,0.0,,,,,,,,,,,,,,0,0,1,,
inga bicoloriflora,,,1.0,0.595,13.09,0.359,,,,1.0,1.0,1.0,0.0,0.0,0.0,,,,,,,,,,,,,,0,0,1,,
inga brevipes,,,1.0,0.407,23.18,0.359,,,,1.0,1.0,1.0,0.0,0.0,0.0,,,,,,,,,,,,,,0,0,1,,
inga cayennensis,woody,tree,1.0,0.503,17.36,0.29,,,,1.0,1.0,1.0,0.0,0.0,0.0,,,,,,,,,,,,,,0,0,1,,
inga cordatoalata,woody,tree,1.0,0.746,7.57,0.434,,,,1.0,1.0,1.0,0.0,0.0,0.0,,,,,,,,,,,,,,0,0,1,,
inga extra-nodis,,,5.0,0.5126733334,15.550465276599999,0.385416297,23.404088,1.133016316,,5.0,5.0,5.0,5.0,2.0,0.0,,,,,,,,,,,,,,0,0,1,-0.16822503637590921,-0.33456996380163945
inga gracilifolia,woody,tree,1.0,0.551,12.45,0.423,,,,1.0,1.0,1.0,0.0,0.0,0.0,,,,,,,,,,,,,,0,0,1,,
inga huberi,woody,,1.0,0.472,19.85,0.29,,,,1.0,1.0,1.0,0.0,0.0,0.0,,,,,,,,,,,,,,0,0,1,,
inga lateriflora,woody,tree,1.0,0.715,10.6,0.286,,,,1.0,1.0,1.0,0.0,0.0,0.0,,,,,,,,,,,,,,0,0,1,,
inga loubryana,,,4.0,0.4208375,21.19771862,0.354701388,,,,4.0,2.0,2.0,0.0,0.0,0.0,,,,,,,,,,,,,,0,0,1,,
inga macrophylla,woody,tree,1.0,0.425,25.47,0.291,,,,1.0,1.0,1.0,0.0,0.0,0.0,,,,,,,,,,,,,,0,0,1,,
inga marginata,woody,tree,18.0,0.5332333333333333,9.220084699125,0.39910405033333335,23.198982,1.029883006,53.6,6.0,8.0,6.0,5.0,1.0,10.0,,,,,,,,,,,,,,0,0,1,-0.27914715979896737,-0.30019825103283576
inga multijuga,woody,unspecified,30.0,,0.43865,,,,23.63853590792857,0.0,2.0,0.0,0.0,0.0,28.0,,,,,,,,,,,,,,0,0,1,,
inga nobilis,woody,tree,1.0,0.4997,11.13233333,0.457746479,15.2073,0.477241051,,1.0,1.0,1.0,1.0,1.0,0.0,,,,,,,,,,,,,,0,0,1,-1.036452832453139,-0.41292029188385365
inga obidensis,woody,tree,1.0,0.594,9.88,0.397,,,,1.0,1.0,1.0,0.0,0.0,0.0,,,,,,,,,,,,,,0,0,1,,
inga paraensis,woody,tree,1.0,0.502,14.92,0.371,,,,1.0,1.0,1.0,0.0,0.0,0.0,,,,,,,,,,,,,,0,0,1,,
inga rubiginosa,woody,tree,6.0,0.5189033333333334,7.740384163000001,0.42319988733333336,,,,6.0,3.0,3.0,0.0,0.0,0.0,,,,,,,,,,,,,,0,0,1,,
inga ruiziana,woody,tree,1.0,0.517,18.34,0.29,,,,1.0,1.0,1.0,0.0,0.0,0.0,,,,,,,,,,,,,,0,0,1,,
inga spectabilis,woody,tree,48.0,,,,,,28.69090909090909,0.0,0.0,0.0,0.0,0.0,44.0,,,,,,,,,,,,,,0,0,1,,
inga splendens,woody,tree,1.0,0.515,12.75,0.39,,,,1.0,1.0,1.0,0.0,0.0,0.0,,,,,,,,,,,,,,0,0,1,,
inga stipularis,woody,tree,21.0,0.545512482952381,8.108219738272727,0.5023129350000001,,,,21.0,11.0,11.0,0.0,0.0,0.0,,,,,,,,,,,,,,0,0,1,,
inga suberosa,,,2.0,0.4265,28.660000000000004,0.262,,,,2.0,2.0,2.0,0.0,0.0,0.0,,,,,,,,,,,,,,0,0,1,,
inga thibaudiana,woody,tree,11.0,0.564,14.64,0.359,,,63.4,1.0,1.0,1.0,0.0,0.0,10.0,,,,,,,,,,,,,,0,0,1,,
inga umbellifera,woody,tree,2.0,0.4349,14.63385135,0.5763715844999999,19.59483,0.470232872,,2.0,2.0,2.0,1.0,1.0,0.0,,,,,,,,,,,,,,0,0,1,-1.1104608683241046,-0.8982731356172466
inga umbratica,woody,tree,1.0,0.469,16.04,0.387,,,,1.0,1.0,1.0,0.0,0.0,0.0,,,,,,,,,,,,,,0,0,1,,
inula britannica,non-woody,herb,4.0,,23.35,,4.93,,,0.0,1.0,0.0,1.0,0.0,0.0,,,,,,,,,,,,,,0,0,1,,
inula conyza,non-woody,herb,6.0,0.414,165.49,0.08049999999999999,16.39,2.0,81.9,3.0,3.0,2.0,3.0,1.0,1.0,,,,,,,,,,,,,,0,0,1,1.4547407082232982,-0.06325582858265696
inula grandiflora,,unspecified,2.0,,,,,,,0.0,0.0,0.0,0.0,0.0,0.0,,,,,,,,,,,,,,0,0,1,,
inula grandis,,unspecified,1.0,,,,,,,0.0,0.0,0.0,0.0,0.0,0.0,,,,,,,,,,,,,,0,0,1,,
inula hirta,non-woody,herb,3.0,,,,,,,0.0,0.0,0.0,0.0,0.0,0.0,,,,,,,,,,,,,,0,0,1,,
inula obtusifolia,,,,,,,,,,,,,,,,2.0,14.5,22.6380103855,0.0,0.611951044,99.388048955,33.76615678,77.239784055,,,,,,1,0,0,,
inula paniculata,,unspecified,1.0,,,,,,,0.0,0.0,0.0,0.0,0.0,0.0,,,,,,,,,,,,,,0,0,1,,
inula rhizocephala,,unspecified,2.0,,,,,,,0.0,0.0,0.0,0.0,0.0,0.0,1.0,9.0,84.29926238,0.210748156,0.0,99.78925184,34.0789667,75.9787667,,,,,,1,0,1,,
inula salicina,non-woody,herb,4.0,,,,,,,0.0,0.0,0.0,0.0,0.0,0.0,3.0,26.333333333333332,10.368628547666667,0.03588087533333333,0.0,97.28432544333333,58.10333333,22.189722220000004,,,,,,1,0,1,,
iphigenia indica,non-woody,herb,1.0,,,,,,49.12,0.0,0.0,0.0,0.0,0.0,1.0,,,,,,,,,,,,,,0,0,1,,
iphionopsis rotundifolia,,,1.0,,,,,,,0.0,0.0,0.0,0.0,0.0,0.0,,,,,,,,,,,,,,0,0,1,,
ipomoea eriocarpa,non-woody,herb,1.0,,,,,,48.07,0.0,0.0,0.0,0.0,0.0,1.0,,,,,,,,,,,,,,0,0,1,,
ipomoea leptophylla,non-woody,herb,5.0,,,,,,,0.0,0.0,0.0,0.0,0.0,0.0,,,,,,,,,,,,,,0,0,1,,
ipomoea nil,,,,,,,,,,,,,,,,19.0,14.105263157894736,59.73620087210526,0.18884862931578947,0.10783140205263157,91.01945024368422,-32.60472222,-63.95194444,,,,,,1,0,0,,
ipomoea pes-tigridis,non-woody,herb,1.0,,,,,,,0.0,0.0,0.0,0.0,0.0,0.0,,,,,,,,,,,,,,0,0,1,,
ipomoea quamoclit,non-woody,herb,1.0,,,,,,80.31,0.0,0.0,0.0,0.0,0.0,1.0,,,,,,,,,,,,,,0,0,1,,
ipomoea staphylina,,unspecified,1.0,,,,,,51.29,0.0,0.0,0.0,0.0,0.0,1.0,,,,,,,,,,,,,,0,0,1,,
ipomopsis aggregata,non-woody,herb,6.0,,71.24039488,,8.572775126,,,0.0,3.0,0.0,1.0,0.0,0.0,,,,,,,,,,,,,,0,0,1,,
ipomopsis longiflora,,herb,3.0,,,,,,,0.0,0.0,0.0,0.0,0.0,0.0,,,,,,,,,,,,,,0,0,1,,
ipomopsis multiflora,non-woody/woody,herb/shrub,4.0,,67.25516040333333,,10.33421636,,,0.0,3.0,0.0,1.0,0.0,0.0,,,,,,,,,,,,,,0,0,1,,
iranecio taraxacifolius,non-woody,herb,2.0,,,,,,,0.0,0.0,0.0,0.0,0.0,0.0,,,,,,,,,,,,,,0,0,1,,
iris acutiloba,,,1.0,,,,,,,0.0,0.0,0.0,0.0,0.0,0.0,,,,,,,,,,,,,,0,0,1,,
iris bungei,,,1.0,,,,,,,0.0,0.0,0.0,0.0,0.0,0.0,,,,,,,,,,,,,,0,0,1,,
iris graminea,non-woody,herb,2.0,,,,,,,0.0,0.0,0.0,0.0,0.0,0.0,,,,,,,,,,,,,,0,0,1,,
iris hoogiana,,unspecified,1.0,,,,,,,0.0,0.0,0.0,0.0,0.0,0.0,,,,,,,,,,,,,,0,0,1,,
iris hookeriana,,,,,,,,,,,,,,,,1.0,11.0,4.029304029,0.0,0.366300366,99.63369963,32.81302812,77.12123293,,,,,,1,0,0,,
iris japonica,non-woody,herb,1.0,0.4238,68.55555556,0.103448276,14.440785,,,1.0,1.0,1.0,1.0,0.0,0.0,,,,,,,,,,,,,,0,0,1,0.5808115386090178,0.0920146584885501
iris korolkowii,,unspecified,1.0,,,,,,,0.0,0.0,0.0,0.0,0.0,0.0,,,,,,,,,,,,,,0,0,1,,
iris lactea,non-woody,herb,1.0,,,,,,,0.0,0.0,0.0,0.0,0.0,0.0,,,,,,,,,,,,,,0,0,1,,
iris laevigata,,herb,2.0,,,,,,,0.0,0.0,0.0,0.0,0.0,0.0,,,,,,,,,,,,,,0,0,1,,
iris missouriensis,non-woody,herb,6.0,,18.720985726666665,,10.90476751,,,0.0,3.0,0.0,1.0,0.0,0.0,,,,,,,,,,,,,,0,0,1,,
iris narbutii,,unspecified,1.0,,,,,,,0.0,0.0,0.0,0.0,0.0,0.0,,,,,,,,,,,,,,0,0,1,,
iris pseudacorus,non-woody,herb,2.0,,,,,,,0.0,0.0,0.0,0.0,0.0,0.0,,,,,,,,,,,,,,0,0,1,,
iris ruthenica,non-woody,herb,5.0,,141.385,,,,,0.0,4.0,0.0,0.0,0.0,0.0,,,,,,,,,,,,,,0,0,1,,
iris sibirica,non-woody,herb,5.0,,,,,,,0.0,0.0,0.0,0.0,0.0,0.0,,,,,,,,,,,,,,0,0,1,,
iris songarica,,unspecified,1.0,,,,,,,0.0,0.0,0.0,0.0,0.0,0.0,,,,,,,,,,,,,,0,0,1,,
iris tenuifolia,non-woody,herb,2.0,,,,,,,0.0,0.0,0.0,0.0,0.0,0.0,,,,,,,,,,,,,,0,0,1,,
iris ventricosa,non-woody,herb,4.0,,95.2625,,,,,0.0,4.0,0.0,0.0,0.0,0.0,,,,,,,,,,,,,,0,0,1,,
iris versicolor,non-woody,herb,3.0,0.28,119.0,0.14,,,,1.0,1.0,1.0,0.0,0.0,0.0,,,,,,,,,,,,,,0,0,1,,
isachne globosa,non-woody,graminoid,2.0,,,,,,,0.0,0.0,0.0,0.0,0.0,0.0,,,,,,,,,,,,,,0,0,1,,
isatis boissieriana,,,1.0,,,,,,,0.0,0.0,0.0,0.0,0.0,0.0,,,,,,,,,,,,,,0,0,1,,
isatis emarginata,,unspecified,4.0,,,,,,,0.0,0.0,0.0,0.0,0.0,0.0,,,,,,,,,,,,,,0,0,1,,
isatis minima,,unspecified,3.0,,,,,,,0.0,0.0,0.0,0.0,0.0,0.0,,,,,,,,,,,,,,0,0,1,,
iseilema prostratum,non-woody,graminoid,3.0,,,,,,,0.0,0.0,0.0,0.0,0.0,0.0,,,,,,,,,,,,,,0,0,1,,
ismelia carinata,non-woody,herb,1.0,,,,,,,0.0,0.0,0.0,0.0,0.0,0.0,,,,,,,,,,,,,,0,0,1,,
isoberlinia angolensis,woody,tree,11.0,,,,,,,0.0,0.0,0.0,0.0,0.0,0.0,,,,,,,,,,,,,,0,0,1,,
isocoma tenuisecta,,,2.0,,,,,,,0.0,0.0,0.0,0.0,0.0,0.0,,,,,,,,,,,,,,0,0,1,,
isoetes eludens,,unspecified,2.0,,,,,,,0.0,0.0,0.0,0.0,0.0,0.0,,,,,,,,,,,,,,0,0,1,,
isolepis setacea,,,,,,,,,,,,,,,,1.0,,,,,,32.80223449,77.11360146,,,,,,1,0,0,,
itea chinensis,woody,shrub,1.0,0.11926,110.33,0.54,13.55,,8.0,1.0,1.0,1.0,1.0,0.0,1.0,,,,,,,,,,,,,,0,0,1,-0.6931539507263252,-1.686271734909865
itea oblonga,,,,,,,,,,,,,,,,,,,,,,,,6.0,3.8333333333333335,1.6666666666666667,29.25,118.12,0,1,0,,
iva xanthiifolia,woody,shrub,1.0,,,,,,,0.0,0.0,0.0,0.0,0.0,0.0,,,,,,,,,,,,,,0,0,1,,
ixeridium gracile,,unspecified,2.0,,13.31,,7.02,,,0.0,2.0,0.0,2.0,0.0,0.0,,,,,,,,,,,,,,0,0,1,,
ixiolirion tataricum,,unspecified,1.0,,,,,,,0.0,0.0,0.0,0.0,0.0,0.0,,,,,,,,,,,,,,0,0,1,,
ixora intensa,,,1.0,0.517,16.41,0.392,,,,1.0,1.0,1.0,0.0,0.0,0.0,,,,,,,,,,,,,,0,0,1,,
ixora panurensis,,,1.0,0.537,14.27,0.311,,,,1.0,1.0,1.0,0.0,0.0,0.0,,,,,,,,,,,,,,0,0,1,,
jacaranda decurrens,woody,tree,1.0,,,,,,,0.0,0.0,0.0,0.0,0.0,0.0,,,,,,,,,,,,,,0,0,1,,
jacaratia spinosa,woody,tree,30.0,,,,,,,0.0,0.0,0.0,0.0,0.0,0.0,,,,,,,,,,,,,,0,0,1,,
jacksonia floribunda,woody,shrub,1.0,,,,,,,0.0,0.0,0.0,0.0,0.0,0.0,,,,,,,,,,,,,,0,0,1,,
jacksonia furcellata,woody,shrub,1.0,,,,,,,0.0,0.0,0.0,0.0,0.0,0.0,,,,,,,,,,,,,,0,0,1,,
jacobaea erucifolia,,,2.0,1.39009343,659.9,0.109453917,,,,1.0,1.0,1.0,0.0,0.0,0.0,,,,,,,,,,,,,,0,0,1,,
jacobaea vulgaris,non-woody,herb,7.0,,,,4.2,2.28,,0.0,0.0,0.0,1.0,1.0,0.0,,,,,,,,,,,,,,0,0,1,,
jamesbrittenia albiflora,,,1.0,,,,,,,0.0,0.0,0.0,0.0,0.0,0.0,,,,,,,,,,,,,,0,0,1,,
jarava campylodes,non-woody,herb,2.0,,3.87,0.129,5.8,,24.0,0.0,1.0,1.0,1.0,0.0,1.0,,,,,,,,,,,,,,0,0,1,,
jarava guianensis,non-woody,herb,2.0,,3.94,0.196,11.5,,13.0,0.0,1.0,1.0,1.0,0.0,1.0,,,,,,,,,,,,,,0,0,1,,
jarava ichu,non-woody,graminoid,3.0,,19.56,0.168,5.35,0.4,20.0,0.0,1.0,1.0,2.0,1.0,1.0,,,,,,,,,,,,,,0,0,1,,
jarava ligularis,non-woody,climber,1.0,,,,11.0,0.6,,0.0,0.0,0.0,1.0,1.0,0.0,,,,,,,,,,,,,,0,0,1,,
jarava longiglumis,non-woody,graminoid,1.0,,,,14.0,0.7,,0.0,0.0,0.0,1.0,1.0,0.0,,,,,,,,,,,,,,0,0,1,,
jasione montana,non-woody,herb,1.0,,,,,,,0.0,0.0,0.0,0.0,0.0,0.0,,,,,,,,,,,,,,0,0,1,,
jasminum angustifolium,,unspecified,1.0,,,,,,59.03,0.0,0.0,0.0,0.0,0.0,1.0,,,,,,,,,,,,,,0,0,1,,
jatropha curcas,woody,shrub,2.0,,,,,,,0.0,0.0,0.0,0.0,0.0,0.0,,,,,,,,,,,,,,0,0,1,,
jatropha glandulifera,,unspecified,1.0,,,,,,69.14,0.0,0.0,0.0,0.0,0.0,1.0,,,,,,,,,,,,,,0,0,1,,
juglans cinerea,woody,tree,4.0,,30.85,,19.1,,,0.0,2.0,0.0,2.0,0.0,0.0,,,,,,,,,,,,,,0,0,1,,
juglans mandshurica,woody,tree,90.0,0.5089242904107143,58.371771592694444,0.22738672161538462,12.478323900057143,1.8164,72.28573332,56.0,36.0,13.0,35.0,2.0,2.0,,,,,,,,,,,,,,0,0,1,-0.09076589825207858,0.07525514050088883
juglans microcarpa,woody,shrub/tree,3.0,,,,,,,0.0,0.0,0.0,0.0,0.0,0.0,,,,,,,,,,,,,,0,0,1,,
juglans nigra,woody,tree,49.0,0.46804280341666665,21.773757111739133,0.5762592592777778,16.452909370625,1.245617967888889,27.53941852625,24.0,23.0,18.0,16.0,9.0,8.0,,,,,,,,,,,,,,0,0,1,-1.2932566505260876,-0.7857497531737802
juglans regia,woody,tree,10.0,,,,,,,0.0,0.0,0.0,0.0,0.0,0.0,,,,,,,,,,,,,,0,0,1,,
julbernardia globiflora,woody,tree,5.0,,,,,,,0.0,0.0,0.0,0.0,0.0,0.0,,,,,,,,,,,,,,0,0,1,,
julbernardia paniculata,,unspecified,11.0,,,,,,,0.0,0.0,0.0,0.0,0.0,0.0,,,,,,,,,,,,,,0,0,1,,
juncus alpinoarticulatus,non-woody,graminoid,3.0,,,,,,,0.0,0.0,0.0,0.0,0.0,0.0,,,,,,,,,,,,,,0,0,1,,
juncus articulatus,non-woody,graminoid,64.0,,51.20779416333333,0.13221696273333333,,,,0.0,30.0,60.0,0.0,0.0,0.0,,,,,,,,,,,,,,0,0,1,,
juncus bufonius,non-woody,graminoid,2.0,,,,,,,0.0,0.0,0.0,0.0,0.0,0.0,,,,,,,,,,,,,,0,0,1,,
juncus compressus,non-woody,graminoid,1.0,,,,,,,0.0,0.0,0.0,0.0,0.0,0.0,,,,,,,,,,,,,,0,0,1,,
juncus concinnus,non-woody,graminoid,1.0,,,,,,,0.0,0.0,0.0,0.0,0.0,0.0,,,,,,,,,,,,,,0,0,1,,
juncus conglomeratus,non-woody,graminoid,19.0,,33.977202621111104,0.21055692533333334,,,,0.0,9.0,18.0,0.0,0.0,0.0,,,,,,,,,,,,,,0,0,1,,
juncus effusus,non-woody,graminoid,16.0,0.7757080466666667,100.56125556857144,0.18912100355555556,8.695,1.68,0.0,3.0,7.0,9.0,2.0,2.0,2.0,,,,,,,,,,,,,,0,0,1,-0.0021550325174463413,0.809756478435275
juncus filiformis,non-woody,graminoid,3.0,,,,,,,0.0,0.0,0.0,0.0,0.0,0.0,,,,,,,,,,,,,,0,0,1,,
juncus geradi,non-woody,graminoid,2.0,0.301,,0.502,,,,1.0,0.0,1.0,0.0,0.0,0.0,,,,,,,,,,,,,,0,0,1,,
juncus gerardi,non-woody,graminoid,1.0,,,,,,,0.0,0.0,0.0,0.0,0.0,0.0,,,,,,,,,,,,,,0,0,1,,
juncus himalensis,,,,,,,,,,,,,,,,3.0,1.0,0.0,0.0,0.0,100.0,32.86683266666667,77.18269633333334,,,,,,1,0,0,,
juncus inflexus,non-woody,graminoid,4.0,1.69712414,478.8484944,0.078966966,,,,1.0,1.0,1.0,0.0,0.0,0.0,,,,,,,,,,,,,,0,0,1,,
juncus jacquinii,non-woody,graminoid,1.0,,,,,,,0.0,0.0,0.0,0.0,0.0,0.0,,,,,,,,,,,,,,0,0,1,,
juncus membranaceus,,,,,,,,,,,,,,,,1.0,14.0,37.81624501,0.0,0.133155792,99.60053262,33.076825,77.216602,,,,,,1,0,0,,
juncus roemerianus,non-woody,graminoid,2.0,,,,4.6,0.63,,0.0,0.0,0.0,1.0,1.0,0.0,,,,,,,,,,,,,,0,0,1,,
juncus squarrosus,non-woody,graminoid,1.0,,,,,,,0.0,0.0,0.0,0.0,0.0,0.0,,,,,,,,,,,,,,0,0,1,,
juncus tenuis,non-woody,graminoid,1.0,,,,,,,0.0,0.0,0.0,0.0,0.0,0.0,,,,,,,,,,,,,,0,0,1,,
juncus turkestanicus,,,,,,,,,,,,,,,,1.0,4.0,95.23809524,0.0,0.0,100.0,34.08739482,77.60899574,,,,,,1,0,0,,
juniperus ashei,woody,shrub/tree,7.0,,,,,,,0.0,0.0,0.0,0.0,0.0,0.0,,,,,,,,,,,,,,0,0,1,,
juniperus chinensis,woody,shrub/tree,14.0,0.5237001803333333,19.017037021666667,0.2350449606666667,1.8703984816666666,,73.72481481,6.0,6.0,6.0,3.0,0.0,1.0,,,,,,,,,,,,,,0,0,1,-1.14000475954095,0.29585038460295526
juniperus communis,woody,shrub/tree,41.0,0.6141444443333334,28.924932536666663,0.19267403233333336,7.201111408666667,1.582031816,,3.0,3.0,3.0,3.0,3.0,0.0,4.0,17.75,39.134193295,0.0,0.0,97.60153873,58.10333333,22.18972222,,,,,,1,0,1,-0.5641170865600645,0.5310297433679071
juniperus deppeana,woody,shrub/tree,4.0,,51.24619361,,,,,0.0,4.0,0.0,0.0,0.0,0.0,,,,,,,,,,,,,,0,0,1,,
juniperus excelsa,,unspecified,1.0,,,,,,,0.0,0.0,0.0,0.0,0.0,0.0,,,,,,,,,,,,,,0,0,1,,
juniperus monosperma,woody,shrub/tree,10.0,0.4,26.9612690675,,18.4,,,1.0,4.0,0.0,1.0,0.0,0.0,,,,,,,,,,,,,,0,0,1,,
juniperus occidentalis,woody,tree,2.0,,,,7.0,8.25,,0.0,0.0,0.0,2.0,2.0,0.0,,,,,,,,,,,,,,0,0,1,,
juniperus osteosperma,woody,tree,11.0,,28.155378053,,,,,0.0,10.0,0.0,0.0,0.0,0.0,,,,,,,,,,,,,,0,0,1,,
juniperus phoenicea,woody,shrub/tree,3.0,0.5192,8.033595128,0.625121324,,,,1.0,1.0,1.0,0.0,0.0,0.0,,,,,,,,,,,,,,0,0,1,,
juniperus procumbens,woody,shrub,2.0,,,,,,,0.0,0.0,0.0,0.0,0.0,0.0,,,,,,,,,,,,,,0,0,1,,
juniperus pseudosabina,woody,shrub,3.0,,,,,,,0.0,0.0,0.0,0.0,0.0,0.0,,,,,,,,,,,,,,0,0,1,,
juniperus rigida,woody,tree,6.0,,,,,,,0.0,0.0,0.0,0.0,0.0,0.0,,,,,,,,,,,,,,0,0,1,,
juniperus sabina,woody,shrub,9.0,0.3998,38.21711538,0.208,18.42943137,,,1.0,1.0,1.0,1.0,0.0,0.0,,,,,,,,,,,,,,0,0,1,0.29200044934861846,-0.20048860062550705
juniperus scopulorum,woody,tree,4.0,,44.726837036666666,,,,,0.0,3.0,0.0,0.0,0.0,0.0,,,,,,,,,,,,,,0,0,1,,
juniperus semiglobosa,,,1.0,,,,,,,0.0,0.0,0.0,0.0,0.0,0.0,,,,,,,,,,,,,,0,0,1,,
juniperus taxifolia,,unspecified,2.0,,,,,,,0.0,0.0,0.0,0.0,0.0,0.0,,,,,,,,,,,,,,0,0,1,,
juniperus virginiana,woody,tree,12.0,,,,7.15,,100.0,0.0,0.0,0.0,2.0,0.0,1.0,,,,,,,,,,,,,,0,0,1,,
jurinea cyanoides,non-woody,herb,1.0,,,,,,,0.0,0.0,0.0,0.0,0.0,0.0,,,,,,,,,,,,,,0,0,1,,
jurinea mollis,non-woody,herb,1.0,,,,,,,0.0,0.0,0.0,0.0,0.0,0.0,,,,,,,,,,,,,,0,0,1,,
jurinea moschus,,unspecified,1.0,,,,,,,0.0,0.0,0.0,0.0,0.0,0.0,,,,,,,,,,,,,,0,0,1,,
jurinea multiloba,,unspecified,1.0,,,,,,,0.0,0.0,0.0,0.0,0.0,0.0,,,,,,,,,,,,,,0,0,1,,
justicia adhatoda,woody,shrub,1.0,,,,,,58.42,0.0,0.0,0.0,0.0,0.0,1.0,,,,,,,,,,,,,,0,0,1,,
justicia glauca,,unspecified,1.0,,,,,,53.23,0.0,0.0,0.0,0.0,0.0,1.0,,,,,,,,,,,,,,0,0,1,,
kadenia dubia,,,1.0,,,,,,,0.0,0.0,0.0,0.0,0.0,0.0,,,,,,,,,,,,,,0,0,1,,
kalanchoe tomentosa,,unspecified,1.0,,,,,,,0.0,0.0,0.0,0.0,0.0,0.0,,,,,,,,,,,,,,0,0,1,,
kalidium gracile,woody,shrub,1.0,,,,,,,0.0,0.0,0.0,0.0,0.0,0.0,,,,,,,,,,,,,,0,0,1,,
kalimeris altaica,,,,,,,,,,,,,,,,1.0,7.0,13.33333333,0.0,0.0,100.0,33.142856,78.360587,,,,,,1,0,0,,
kallstroemia grandiflora,non-woody,herb,2.0,,,,,,,0.0,0.0,0.0,0.0,0.0,0.0,,,,,,,,,,,,,,0,0,1,,
kalmia angustifolia,woody,shrub,2.0,,,,,,,0.0,0.0,0.0,0.0,0.0,0.0,,,,,,,,,,,,,,0,0,1,,
kalmia latifolia,woody,shrub/tree,1.0,,,,,,,0.0,0.0,0.0,0.0,0.0,0.0,,,,,,,,,,,,,,0,0,1,,
kalmia procumbens,woody,shrub,5.0,,,,,,,0.0,0.0,0.0,0.0,0.0,0.0,,,,,,,,,,,,,,0,0,1,,
karelinia caspia,non-woody,herb,22.0,2.2725,,,18.177500000000002,,,4.0,0.0,0.0,4.0,0.0,0.0,,,,,,,,,,,,,,0,0,1,,
kemulariella caucasica,non-woody,herb,2.0,,,,,,,0.0,0.0,0.0,0.0,0.0,0.0,,,,,,,,,,,,,,0,0,1,,
kennedia prorepens,,,,,,,,,,,,,,,,1.0,5.0,9.090909091,0.0,0.0,100.0,-33.69,117.56,,,,,,1,0,0,,
keteleeria davidiana,woody,tree,2.0,,,,,,,0.0,0.0,0.0,0.0,0.0,0.0,,,,,,,,,,,,,,0,0,1,,
khaya ivorensis,woody,tree,1.0,,,,,,,0.0,0.0,0.0,0.0,0.0,0.0,,,,,,,,,,,,,,0,0,1,,
kickxia aegyptiaca,,,1.0,,,,,,,0.0,0.0,0.0,0.0,0.0,0.0,,,,,,,,,,,,,,0,0,1,,
kickxia elatine,non-woody,herb,1.0,,,,,,,0.0,0.0,0.0,0.0,0.0,0.0,,,,,,,,,,,,,,0,0,1,,
kielmeyera coriacea,woody,tree,1.0,,,,,,,0.0,0.0,0.0,0.0,0.0,0.0,,,,,,,,,,,,,,0,0,1,,
kirkia acuminata,woody,tree,2.0,,,,,,,0.0,0.0,0.0,0.0,0.0,0.0,,,,,,,,,,,,,,0,0,1,,
kleinia longiflora,,,1.0,,,,,,,0.0,0.0,0.0,0.0,0.0,0.0,,,,,,,,,,,,,,0,0,1,,
knautia arvensis,non-woody,herb,41.0,2.22347129,220.69189390000003,0.057754364,,,,1.0,4.0,1.0,0.0,0.0,0.0,,,,,,,,,20.0,2.55,1.05,50.06455,12.780719999999999,0,1,1,,
knautia tatarica,,unspecified,2.0,,,,,,,0.0,0.0,0.0,0.0,0.0,0.0,,,,,,,,,,,,,,0,0,1,,
knema erratica,,unspecified,5.0,1.5299882312,2.7200926648,0.3848368084,9.58,,,5.0,5.0,5.0,5.0,0.0,0.0,,,,,,,,,,,,,,0,0,1,-1.4742171918775382,2.418746578966652
knema globularia,,,3.0,1.0861,3.871223346666667,0.309701467,9.783333333333333,0.5766666666666667,,3.0,3.0,3.0,3.0,3.0,0.0,,,,,,,,,,,,,,0,0,1,-1.0786935564723648,1.4653434909391128
knema tenuinervia,,,8.0,1.26747916675,2.691970398,0.31049817012500003,10.382857142857144,0.9962500000000001,,8.0,8.0,8.0,7.0,8.0,0.0,,,,,,,,,,,,,,0,0,1,-1.0894934417712419,1.9128924684357913
knightia excelsa,woody,tree,14.0,0.38327999999999995,45.401677602,0.197126325,16.1,,,10.0,10.0,10.0,1.0,0.0,0.0,,,,,,,,,,,,,,0,0,1,0.21746234878655374,-0.19953020065020025
kochia iranica,non-woody,herb,1.0,,,,,,,0.0,0.0,0.0,0.0,0.0,0.0,,,,,,,,,,,,,,0,0,1,,
kochia odontoptera,,unspecified,1.0,,,,,,,0.0,0.0,0.0,0.0,0.0,0.0,,,,,,,,,,,,,,0,0,1,,
koeberlinia spinosa,,shrub,6.0,,,,,,,0.0,0.0,0.0,0.0,0.0,0.0,,,,,,,,,,,,,,0,0,1,,
koeleria asiatica,non-woody,graminoid,1.0,,,,,,,0.0,0.0,0.0,0.0,0.0,0.0,,,,,,,,,,,,,,0,0,1,,
koeleria brevis,non-woody,graminoid,1.0,,,,,,,0.0,0.0,0.0,0.0,0.0,0.0,,,,,,,,,,,,,,0,0,1,,
koeleria eriostachya,non-woody,graminoid,11.0,,,,,,,0.0,0.0,0.0,0.0,0.0,0.0,,,,,,,,,,,,,,0,0,1,,
koeleria glauca,non-woody,graminoid,1.0,,,,,,,0.0,0.0,0.0,0.0,0.0,0.0,,,,,,,,,,,,,,0,0,1,,
koeleria luerssenii,non-woody,graminoid,2.0,,,,,,,0.0,0.0,0.0,0.0,0.0,0.0,,,,,,,,,,,,,,0,0,1,,
koeleria macrantha,non-woody,graminoid,32.0,0.6761201123333334,164.928342931,0.26159973166666667,8.54170382,,,3.0,10.0,3.0,1.0,0.0,0.0,11.0,20.454545454545453,32.029502315,6.33406829909091,0.08527362118181818,93.34791194,46.49269952909091,-12.213423279090906,6.0,4.666666666666667,1.5,45.92336666666667,34.49966666666667,1,1,1,0.18312789473189767,0.29920575089381296
koeleria pyramidata,non-woody,graminoid,26.0,0.688817356,179.59516148,0.16731138433333334,16.6,,,3.0,6.0,3.0,4.0,0.0,0.0,,,,,,,,,,,,,,0,0,1,1.1890007968797338,0.4103792537889577
koeleria splendens,non-woody,graminoid,2.0,,,,,,,0.0,0.0,0.0,0.0,0.0,0.0,,,,,,,,,,,,,,0,0,1,,
koeleria vallesiana,non-woody,graminoid,16.0,0.285590593,92.13331960000001,0.15185718866666667,19.775,,,5.0,5.0,3.0,2.0,0.0,0.0,,,,,,,,,,,,,,0,0,1,0.9775313793659809,-0.46790962330516433
koelpinia linearis,,unspecified,1.0,,,,,,,0.0,0.0,0.0,0.0,0.0,0.0,,,,,,,,,,,,,,0,0,1,,
koelreuteria paniculata,woody,tree,5.0,0.43613751,50.545742626000006,0.123,10.6792,2.83,,4.0,5.0,4.0,5.0,1.0,0.0,,,,,,,,,,,,,,0,0,1,0.11958509282598574,0.15760712595472987
koenigia islandica,,,,,,,,,,,,,,,,1.0,5.0,15.87301587,14.28571429,0.0,85.71428571,32.80223449,77.11360146,,,,,,1,0,0,,
kohautia amatymbica,non-woody,herb,1.0,,,,,,,0.0,0.0,0.0,0.0,0.0,0.0,,,,,,,,,,,,,,0,0,1,,
kohautia attenuata,non-woody,herb,1.0,,,,,,20.13,0.0,0.0,0.0,0.0,0.0,1.0,,,,,,,,,,,,,,0,0,1,,
koompassia excelsa,woody,,4.0,,,,,,,0.0,0.0,0.0,0.0,0.0,0.0,,,,,,,,,,,,,,0,0,1,,
krameria erecta,woody,shrub,2.0,,,,,,,0.0,0.0,0.0,0.0,0.0,0.0,,,,,,,,,,,,,,0,0,1,,
krameria lanceolata,,unspecified,2.0,,,,,,,0.0,0.0,0.0,0.0,0.0,0.0,,,,,,,,,,,,,,0,0,1,,
krascheninnikovia ceratoides,woody,shrub,27.0,0.245475,34.16550379,0.340208334,16.445,,,1.0,3.0,1.0,2.0,0.0,0.0,2.0,2.0,0.0,0.0,0.0,100.0,32.88765856,77.685881965,,,,,,1,0,1,-0.3132644647514945,-0.8458475264267038
krascheninnikovia ewersmanniana,,,1.0,,,,,,,0.0,0.0,0.0,0.0,0.0,0.0,,,,,,,,,,,,,,0,0,1,,
krigia biflora,,,,,,,,,,,,,,,,3.0,17.666666666666668,56.24523234333333,0.5602240896666667,0.0,99.39550853666667,39.24333333,-86.21666667,1.0,4.0,1.0,39.2433,-86.2167,1,1,0,,
krynitzkia virgata,,herb,1.0,,,,,,,0.0,0.0,0.0,0.0,0.0,0.0,,,,,,,,,,,,,,0,0,1,,
kubitzkia mezii,,,1.0,0.62,10.54,0.338,,,,1.0,1.0,1.0,0.0,0.0,0.0,,,,,,,,,,,,,,0,0,1,,
kunzea ericoides,woody,shrub,6.0,0.5365833333333333,39.469858896666665,0.12597707766666666,,,,6.0,6.0,6.0,0.0,0.0,0.0,,,,,,,,,,,,,,0,0,1,,
kutchubaea oocarpa,,,1.0,0.509,25.05,0.23,,,,1.0,1.0,1.0,0.0,0.0,0.0,,,,,,,,,,,,,,0,0,1,,
kutchubaea semisericea,woody,tree,1.0,0.464,18.08,0.332,,,,1.0,1.0,1.0,0.0,0.0,0.0,,,,,,,,,,,,,,0,0,1,,
kutchubaea sericantha,,,1.0,0.424,23.06,0.367,,,,1.0,1.0,1.0,0.0,0.0,0.0,,,,,,,,,,,,,,0,0,1,,
laburnum alpinum,,,4.0,,,,,,,0.0,0.0,0.0,0.0,0.0,0.0,,,,,,,,,,,,,,0,0,1,,
lachnagrostis lyallii,non-woody,graminoid,62.0,,100.8178957432258,0.109756033,,,,0.0,31.0,62.0,0.0,0.0,0.0,,,,,,,,,,,,,,0,0,1,,
lachnagrostis striata,non-woody,graminoid,60.0,,80.80808598799999,0.12606578606666666,,,,0.0,30.0,60.0,0.0,0.0,0.0,,,,,,,,,,,,,,0,0,1,,
lacmellea panamensis,woody,tree,2.0,,0.34015,,,,,0.0,2.0,0.0,0.0,0.0,0.0,,,,,,,,,,,,,,0,0,1,,
lactuca canadensis,non-woody,herb,1.0,0.39878,,0.228378,,,,1.0,0.0,1.0,0.0,0.0,0.0,,,,,,,,,,,,,,0,0,1,,
lactuca lessertiana,,,,,,,,,,,,,,,,1.0,,,,,,32.864303,77.184991,,,,,,1,0,0,,
lactuca ludoviciana,non-woody,herb,1.0,0.4184,,0.265867,,,,1.0,0.0,1.0,0.0,0.0,0.0,,,,,,,,,,,,,,0,0,1,,
lactuca olgae,,unspecified,1.0,,,,,,,0.0,0.0,0.0,0.0,0.0,0.0,,,,,,,,,,,,,,0,0,1,,
lactuca racemosa,non-woody,herb,4.0,,,,,,,0.0,0.0,0.0,0.0,0.0,0.0,,,,,,,,,,,,,,0,0,1,,
lactuca sativa,non-woody,herb,2.0,,,,,,,0.0,0.0,0.0,0.0,0.0,0.0,,,,,,,,,,,,,,0,0,1,,
lactuca serriola,non-woody,herb,8.0,2.44692044,257.2538462,0.045843677,,,,1.0,1.0,1.0,0.0,0.0,0.0,,,,,,,,,,,,,,0,0,1,,
lactuca tatarica,non-woody,unspecified,5.0,0.336325,77.19169246,0.213227444,,,,1.0,1.0,1.0,0.0,0.0,0.0,1.0,13.0,41.17647059,2.521008403,0.0,95.79831933,34.3717667,74.99741667,,,,,,1,0,1,,
ladeania lanceolata,,herb,7.0,,,,,,,0.0,0.0,0.0,0.0,0.0,0.0,,,,,,,,,,,,,,0,0,1,,
ladenbergia riveroana,,,1.0,0.33845,30.14592784,0.352727273,16.15553,0.787876739,,1.0,1.0,1.0,1.0,1.0,0.0,,,,,,,,,,,,,,0,0,1,-0.4275095387783612,-0.6298199329865449
laennecia schiedeana,non-woody,herb,4.0,,39.74520258333333,,12.39443898,,,0.0,3.0,0.0,1.0,0.0,0.0,,,,,,,,,,,,,,0,0,1,,
lagascea mollis,,unspecified,1.0,,,,,,63.32,0.0,0.0,0.0,0.0,0.0,1.0,,,,,,,,,,,,,,0,0,1,,
lagochilus ilicifolius,non-woody,herb,1.0,,,,,,,0.0,0.0,0.0,0.0,0.0,0.0,,,,,,,,,,,,,,0,0,1,,
lagochilus leiacanthus,,unspecified,1.0,,,,,,,0.0,0.0,0.0,0.0,0.0,0.0,,,,,,,,,,,,,,0,0,1,,
lagochilus platyacanthus,,,1.0,,,,,,,0.0,0.0,0.0,0.0,0.0,0.0,,,,,,,,,,,,,,0,0,1,,
lagopsis marrubiastrum,,,,,,,,,,,,,,,,1.0,13.0,1.323042999,0.0,0.496141125,99.50385888,33.004864,78.570047,,,,,,1,0,0,,
lagotis korolkowii,,unspecified,2.0,,,,,,,0.0,0.0,0.0,0.0,0.0,0.0,,,,,,,,,,,,,,0,0,1,,
lagotis uralensis,,unspecified,3.0,,,,,,,0.0,0.0,0.0,0.0,0.0,0.0,,,,,,,,,,,,,,0,0,1,,
lagurus ovatus,non-woody,graminoid,1.0,,,,,,,0.0,0.0,0.0,0.0,0.0,0.0,,,,,,,,,,,,,,0,0,1,,
lallemantia royleana,,unspecified,4.0,,,,,,,0.0,0.0,0.0,0.0,0.0,0.0,,,,,,,,,,,,,,0,0,1,,
lamarckia aurea,non-woody,graminoid,1.0,,,,,,,0.0,0.0,0.0,0.0,0.0,0.0,,,,,,,,,,,,,,0,0,1,,
lamium album,non-woody,herb,5.0,1.0241602250000001,337.99279279999996,0.1332980795,22.509536,,,2.0,2.0,2.0,1.0,0.0,0.0,,,,,,,,,,,,,,0,0,1,2.7156372799858612,0.9954904958083907
lamium amplexicaule,non-woody,herb,1.0,,,,,,,0.0,0.0,0.0,0.0,0.0,0.0,,,,,,,,,,,,,,0,0,1,,
lamium orientale,,,1.0,,,,,,,0.0,0.0,0.0,0.0,0.0,0.0,,,,,,,,,,,,,,0,0,1,,
lamium purpureum,non-woody,herb,4.0,1.50123213,794.6,0.0150893,,,,1.0,1.0,1.0,0.0,0.0,0.0,,,,,,,,,,,,,,0,0,1,,
lamium tomentosum,,unspecified,2.0,,,,,,,0.0,0.0,0.0,0.0,0.0,0.0,,,,,,,,,,,,,,0,0,1,,
lannea humilis,woody,shrub/tree,2.0,,,,,,,0.0,0.0,0.0,0.0,0.0,0.0,,,,,,,,,,,,,,0,0,1,,
lantana camara,woody,climber,5.0,,,,,,,0.0,0.0,0.0,0.0,0.0,0.0,,,,,,,,,,,,,,0,0,1,,
lantana grisebachii,,,,,,,,,,,,,,,,10.0,18.5,8.3241218584,0.0026852846,0.0,83.648730775,-32.60472222,-63.95194444,,,,,,1,0,0,,
lappula marginata,non-woody,herb,2.0,,,,,,,0.0,0.0,0.0,0.0,0.0,0.0,,,,,,,,,,,,,,0,0,1,,
lappula myosotis,non-woody,herb,2.0,,,,,,,0.0,0.0,0.0,0.0,0.0,0.0,,,,,,,,,,,,,,0,0,1,,
lappula spinocarpos,,unspecified,3.0,,,,,,,0.0,0.0,0.0,0.0,0.0,0.0,,,,,,,,,,,,,,0,0,1,,
lappula squarrosa,non-woody,herb,2.0,,,,,,,0.0,0.0,0.0,0.0,0.0,0.0,,,,,,,,,,,,,,0,0,1,,
lapsana communis,non-woody,herb,3.0,,,,,,,0.0,0.0,0.0,0.0,0.0,0.0,,,,,,,,,,,,,,0,0,1,,
larix czekanowskii,woody,tree,1.0,,,,,,,0.0,0.0,0.0,0.0,0.0,0.0,,,,,,,,,,,,,,0,0,1,,
larix decidua,woody,tree,116.0,0.4713118303333334,23.060422996666667,0.26986299566666666,8.538891416555556,2.12,,9.0,9.0,9.0,9.0,5.0,0.0,,,,,,,,,,,,,,0,0,1,-0.7511345056157622,-0.004704531574280402
larix eurolepis,woody,tree,1.0,,,,,,,0.0,0.0,0.0,0.0,0.0,0.0,,,,,,,,,,,,,,0,0,1,,
larix gmelinii,woody,tree,580.0,0.719216093877551,21.144361979427188,0.3380023975652174,12.449263137262294,2.0734285714285714,65.71431319,147.0,103.0,46.0,244.0,7.0,2.0,,,,,,,,,,,,,,0,0,1,-0.7882387830928062,0.4203464126554851
larix griffithii,woody,tree,1.0,,,,,,,0.0,0.0,0.0,0.0,0.0,0.0,,,,,,,,,,,,,,0,0,1,,
larix kaempferi,woody,tree,153.0,0.6028571428571429,16.195,0.26,11.789998068702703,0.8391707947671233,,42.0,2.0,2.0,74.0,73.0,0.0,,,,,,,,,,,,,,0,0,1,-0.5617472914795215,0.3160832235547623
larix laricina,woody,tree,14.0,,,,25.80555556,,,0.0,0.0,0.0,1.0,0.0,0.0,,,,,,,,,,,,,,0,0,1,,
larix occidentalis,woody,tree,3.0,,,,,,,0.0,0.0,0.0,0.0,0.0,0.0,,,,,,,,,,,,,,0,0,1,,
larix potaninii,woody,tree,1.0,,,,,,,0.0,0.0,0.0,0.0,0.0,0.0,,,,,,,,,,,,,,0,0,1,,
larix sibirica,woody,tree,14.0,,,,,,,0.0,0.0,0.0,0.0,0.0,0.0,,,,,,,,,,,,,,0,0,1,,
larrea cuneifolia,woody,shrub,1.0,,,,,,,0.0,0.0,0.0,0.0,0.0,0.0,,,,,,,,,,,,,,0,0,1,,
larrea divaricata,woody,shrub,3.0,,,,,,,0.0,0.0,0.0,0.0,0.0,0.0,,,,,,,,,,,,,,0,0,1,,
larrea nitida,woody,shrub,1.0,,,,,,,0.0,0.0,0.0,0.0,0.0,0.0,,,,,,,,,,,,,,0,0,1,,
larrea tridentata,woody,shrub,21.0,,,,,,,0.0,0.0,0.0,0.0,0.0,0.0,,,,,,,,,,,,,,0,0,1,,
laser trilobum,non-woody,herb,3.0,,,,,,,0.0,0.0,0.0,0.0,0.0,0.0,,,,,,,,,,,,,,0,0,1,,
lasiurus scindicus,non-woody,graminoid,2.0,,,,,,,0.0,0.0,0.0,0.0,0.0,0.0,,,,,,,,,,,,,,0,0,1,,
lasthenia californica,non-woody,herb,1.0,,303.7737621,,,,,0.0,1.0,0.0,0.0,0.0,0.0,,,,,,,,,,,,,,0,0,1,,
lathyrus atrata,non-woody,herb,3.0,,,,,,,0.0,0.0,0.0,0.0,0.0,0.0,,,,,,,,,,,,,,0,0,1,,
lathyrus cracca,non-woody,herb,1.0,,,,,,,0.0,0.0,0.0,0.0,0.0,0.0,,,,,,,,,,,,,,0,0,1,,
lathyrus dielsianus,,herb,1.0,,2.88229622,,,,,0.0,1.0,0.0,0.0,0.0,0.0,,,,,,,,,,,,,,0,0,1,,
lathyrus digitatus,,unspecified,1.0,,,,,,,0.0,0.0,0.0,0.0,0.0,0.0,,,,,,,,,,,,,,0,0,1,,
lathyrus faba,non-woody,herb,1.0,,,,,,,0.0,0.0,0.0,0.0,0.0,0.0,,,,,,,,,,,,,,0,0,1,,
lathyrus gmelini,,unspecified,4.0,,,,,,,0.0,0.0,0.0,0.0,0.0,0.0,,,,,,,,,,,,,,0,0,1,,
lathyrus magellanicus,,,,,,,,,,,,,,,,3.0,23.0,63.61527944666667,6.619059870333333,0.018832391666666667,92.92896272666667,-38.69916667,-71.61527778,2.0,18.5,1.5,-38.6993,-71.6155,1,1,0,,
lathyrus mulkak,,unspecified,1.0,,,,,,,0.0,0.0,0.0,0.0,0.0,0.0,,,,,,,,,,,,,,0,0,1,,
lathyrus nissolia,non-woody,herb,2.0,3.80697373,197.8769231,0.072086762,,,,1.0,1.0,1.0,0.0,0.0,0.0,,,,,,,,,,,,,,0,0,1,,
lathyrus odoratus,non-woody,herb,2.0,,,,,,,0.0,0.0,0.0,0.0,0.0,0.0,,,,,,,,,,,,,,0,0,1,,
lathyrus oleraceus,non-woody,graminoid,6.0,,,,15.5,,,0.0,0.0,0.0,1.0,0.0,0.0,,,,,,,,,,,,,,0,0,1,,
lathyrus pannonicus,non-woody,herb,1.0,,,,,,,0.0,0.0,0.0,0.0,0.0,0.0,,,,,,,,,,,,,,0,0,1,,
lathyrus pisiformis,,unspecified,3.0,,,,,,,0.0,0.0,0.0,0.0,0.0,0.0,,,,,,,,,,,,,,0,0,1,,
lathyrus polymorphus,,,1.0,,,,,,,0.0,0.0,0.0,0.0,0.0,0.0,,,,,,,,,,,,,,0,0,1,,
lathyrus pratensis,non-woody,herb,20.0,3.43080117,110.7083333,0.07502065,,,,1.0,1.0,1.0,0.0,0.0,0.0,,,,,,,,,,,,,,0,0,1,,
lathyrus tuberosus,non-woody,climber,5.0,3.725265,97.86666667,0.054754733,,,,1.0,1.0,1.0,0.0,0.0,0.0,,,,,,,,,,,,,,0,0,1,,
lathyrus venosus,non-woody,herb,1.0,0.3725,46.82957143,0.194444444,,,,1.0,1.0,1.0,0.0,0.0,0.0,,,,,,,,,,,,,,0,0,1,,
lathyrus vernus,non-woody,herb,10.0,,,,,,,0.0,0.0,0.0,0.0,0.0,0.0,,,,,,,,,,,,,,0,0,1,,
launaea arborescens,woody,shrub,1.0,0.376075,6.438488387,0.457593628,,,,1.0,1.0,1.0,0.0,0.0,0.0,,,,,,,,,,,,,,0,0,1,,
laurelia novae-zelandiae,woody,shrub,14.0,1.0512700000000001,10.5071850221,0.11258240639999999,23.2,,,10.0,10.0,10.0,1.0,0.0,0.0,,,,,,,,,,,,,,0,0,1,0.6334492917878586,1.6266993442701994
lavandula latifolia,,,,,,,,,,,,,,,,,,,,,,,,2.0,110.0,2.0,37.4,-2.83333,0,1,0,,
lavandula multifida,woody,shrub,3.0,0.3599041666666667,16.464613897,0.7894644056666666,,,43.62083333,3.0,3.0,3.0,0.0,0.0,1.0,,,,,,,,,,,,,,0,0,1,,
lavandula stoechas,woody,shrub,2.0,,,,,,,0.0,0.0,0.0,0.0,0.0,0.0,,,,,,,,,,,,,,0,0,1,,
layia platyglossa,non-woody,herb,1.0,,205.6605635,,,,,0.0,1.0,0.0,0.0,0.0,0.0,,,,,,,,,,,,,,0,0,1,,
ledebouria revoluta,non-woody,herb,1.0,,,,,,49.31,0.0,0.0,0.0,0.0,0.0,1.0,,,,,,,,,,,,,,0,0,1,,
ledum tomentosum,woody,shrub,40.0,0.5182857142857143,11.360166666666666,,11.2,0.8600000000000001,,7.0,6.0,0.0,4.0,2.0,0.0,,,,,,,,,,,,,,0,0,1,,
leersia oryzoides,non-woody,graminoid,3.0,,72.0,,19.75,,,0.0,2.0,0.0,2.0,0.0,0.0,,,,,,,,,,,,,,0,0,1,,
legousia speculum-veneris,non-woody,herb,1.0,,,,,,,0.0,0.0,0.0,0.0,0.0,0.0,,,,,,,,,,,,,,0,0,1,,
leiospora bellidifolia,,unspecified,1.0,,,,,,,0.0,0.0,0.0,0.0,0.0,0.0,,,,,,,,,,,,,,0,0,1,,
leipoldtia schultzei,woody,shrub,4.0,,,,,,,0.0,0.0,0.0,0.0,0.0,0.0,,,,,,,,,,,,,,0,0,1,,
lens culinaris,,,,,,,,,,,,,,,,,,,,,,,,4.0,99.5,2.25,50.3,-107.683,0,1,0,,
leonia glycycarpa,woody,tree,1.0,0.61,10.08648675,0.339193655,23.22604,,,1.0,1.0,1.0,1.0,0.0,0.0,,,,,,,,,,,,,,0,0,1,-0.07498940140805632,0.022223353715746456
leontice incerta,,unspecified,3.0,,,,,,,0.0,0.0,0.0,0.0,0.0,0.0,,,,,,,,,,,,,,0,0,1,,
leontodon autumnalis,,,,,,,,,,,,,,,,7.0,18.0,11.086927332714286,2.794961887714286,0.0,96.74154673428572,57.45603174857143,-9.03595238,,,,,,1,0,0,,
leontodon caucasicus,,unspecified,2.0,,,,,,,0.0,0.0,0.0,0.0,0.0,0.0,,,,,,,,,,,,,,0,0,1,,
leontodon hispidus,non-woody,herb,17.0,2.24730384,224.37840418333334,0.076194769,,,,1.0,6.0,1.0,0.0,0.0,0.0,,,,,,,,,,,,,,0,0,1,,
leontodon incanus,non-woody,herb,1.0,,,,,,,0.0,0.0,0.0,0.0,0.0,0.0,,,,,,,,,,,,,,0,0,1,,
leontodon tuberosus,non-woody,herb,3.0,,,,,,,0.0,0.0,0.0,0.0,0.0,0.0,,,,,,,,,,,,,,0,0,1,,
leontopodium brachyactis,non-woody,herb,4.0,,88.2825,,,,,0.0,4.0,0.0,0.0,0.0,0.0,,,,,,,,,,,,,,0,0,1,,
leontopodium leontopodinum,,,,,,,,,,,,,,,,2.0,8.0,28.631698841,24.09574468,0.3231412335,75.581114085,33.591986,77.42831100000001,,,,,,1,0,0,,
leontopodium nanum,non-woody,herb,1.0,0.2,0.38008,,,,,1.0,1.0,0.0,0.0,0.0,0.0,,,,,,,,,,,,,,0,0,1,,
leontopodium ochroleucum,non-woody,herb,3.0,,,,,,,0.0,0.0,0.0,0.0,0.0,0.0,3.0,29.0,0.532004729,0.00844452,0.126667793,99.6959973,33.22383869666667,77.32270668666666,,,,,,1,0,1,,
leopoldia caucasica,,unspecified,1.0,,,,,,,0.0,0.0,0.0,0.0,0.0,0.0,,,,,,,,,,,,,,0,0,1,,
lepechiniella seravschanica,,unspecified,1.0,,,,,,,0.0,0.0,0.0,0.0,0.0,0.0,,,,,,,,,,,,,,0,0,1,,
lepidium campestre,non-woody,herb,2.0,1.68830544,442.6230769,0.016685192,,,,1.0,1.0,1.0,0.0,0.0,0.0,,,,,,,,,,,,,,0,0,1,,
lepidium cartilagineum,,,2.0,,,,,,,0.0,0.0,0.0,0.0,0.0,0.0,,,,,,,,,,,,,,0,0,1,,
lepidium coronopifolium,,unspecified,1.0,,,,,,,0.0,0.0,0.0,0.0,0.0,0.0,,,,,,,,,,,,,,0,0,1,,
lepidium densiflorum,non-woody,herb,6.0,0.1311,167.05341262250002,0.48406483349999996,14.21282053,,,2.0,4.0,2.0,1.0,0.0,0.0,,,,,,,,,,,,,,0,0,1,-0.06768831281518187,-1.6335379957392666
lepidium draba,non-woody,herb,4.0,,,,,,,0.0,0.0,0.0,0.0,0.0,0.0,,,,,,,,,,,,,,0,0,1,,
lepidium latifolium,non-woody,herb,1.0,,,,,,,0.0,0.0,0.0,0.0,0.0,0.0,,,,,,,,,,,,,,0,0,1,,
lepidium montanum,non-woody/woody,herb/shrub,1.0,,,,,,,0.0,0.0,0.0,0.0,0.0,0.0,,,,,,,,,,,,,,0,0,1,,
lepidium obtusum,,,1.0,,,,,,,0.0,0.0,0.0,0.0,0.0,0.0,,,,,,,,,,,,,,0,0,1,,
lepidium perfoliatum,non-woody,herb,4.0,,,,,,,0.0,0.0,0.0,0.0,0.0,0.0,,,,,,,,,,,,,,0,0,1,,
lepidium virginicum,non-woody,herb,1.0,0.11834,,0.554235,,,,1.0,0.0,1.0,0.0,0.0,0.0,,,,,,,,,,,,,,0,0,1,,
lepidobolus drapetocoleus,,,1.0,,,,,,,0.0,0.0,0.0,0.0,0.0,0.0,,,,,,,,,,,,,,0,0,1,,
lepidosperma carphoides,non-woody,graminoid,1.0,,,,,,,0.0,0.0,0.0,0.0,0.0,0.0,,,,,,,,,,,,,,0,0,1,,
lepidosperma laterale,non-woody,graminoid,1.0,,,,,,,0.0,0.0,0.0,0.0,0.0,0.0,,,,,,,,,,,,,,0,0,1,,
lepidothamnus intermedius,woody,tree,1.0,0.29,21.5,0.37,5.87,0.21,,1.0,1.0,1.0,1.0,1.0,0.0,,,,,,,,,,,,,,0,0,1,-1.267173359033634,-0.6425366479510096
lepisanthes senegalensis,woody,shrub/tree,3.0,0.7195888890000001,7.8712704276666665,0.40346976166666665,10.71,0.7766666666666667,,3.0,3.0,3.0,3.0,3.0,0.0,,,,,,,,,,,,,,0,0,1,-1.235452792434174,0.32136722701517856
leptadenia pyrotechnica,woody,shrub,1.0,,,,,,,0.0,0.0,0.0,0.0,0.0,0.0,,,,,,,,,,,,,,0,0,1,,
leptadenia reticulata,,unspecified,1.0,,,,,,8.32,0.0,0.0,0.0,0.0,0.0,1.0,,,,,,,,,,,,,,0,0,1,,
leptaleum filifolium,,unspecified,8.0,,,,,,,0.0,0.0,0.0,0.0,0.0,0.0,,,,,,,,,,,,,,0,0,1,,
leptecophylla juniperina,woody,shrub,1.0,0.1,128.2,0.71,3.85,0.15,,1.0,1.0,1.0,1.0,1.0,0.0,,,,,,,,,,,,,,0,0,1,-1.8667353725028655,-2.011244898219557
leptinella maniototo,,unspecified,18.0,,93.66941823125,0.042857143,,,,0.0,8.0,18.0,0.0,0.0,0.0,,,,,,,,,,,,,,0,0,1,,
leptobalanus granvillei,,,1.0,0.604,13.33,0.234,,,,1.0,1.0,1.0,0.0,0.0,0.0,,,,,,,,,,,,,,0,0,1,,
leptobalanus latus,,,1.0,0.445,10.95,0.624,,,,1.0,1.0,1.0,0.0,0.0,0.0,,,,,,,,,,,,,,0,0,1,,
leptobalanus longistylus,,,1.0,0.413,22.76,0.395,,,,1.0,1.0,1.0,0.0,0.0,0.0,,,,,,,,,,,,,,0,0,1,,
leptobalanus octandrus,,,1.0,0.38,21.73,0.566,,,,1.0,1.0,1.0,0.0,0.0,0.0,,,,,,,,,,,,,,0,0,1,,
leptobalanus sprucei,,,1.0,0.363,23.18,0.488,,,,1.0,1.0,1.0,0.0,0.0,0.0,,,,,,,,,,,,,,0,0,1,,
leptochloa chinensis,non-woody,graminoid,1.0,,,,,,,0.0,0.0,0.0,0.0,0.0,0.0,,,,,,,,,,,,,,0,0,1,,
leptorhabdos parviflora,,,,,,,,,,,,,,,,1.0,5.0,71.42857143,0.0,0.0,100.0,33.71969355,76.86824413,,,,,,1,0,0,,
leptorhynchos squamatus,,,,,,,,,,,,,,,,15.0,11.333333333333334,12.243542715866669,11.631167651333334,0.024600246,87.21161111413333,-39.40507407333334,144.55475927999998,2.0,5.0,1.0,-37.3333,142.15,1,1,0,,
leptospermum myrsinoides,woody,shrub,1.0,,,,,,,0.0,0.0,0.0,0.0,0.0,0.0,,,,,,,,,,,,,,0,0,1,,
leptospermum scoparium,woody,shrub/tree,12.0,0.36025,96.57545642500001,0.1425855705,11.105,0.18,,12.0,12.0,12.0,2.0,1.0,0.0,,,,,,,,,,,,,,0,0,1,0.40667294692118117,-0.15534127117018545
leschenaultia floribunda,,,1.0,,,,,,,0.0,0.0,0.0,0.0,0.0,0.0,,,,,,,,,,,,,,0,0,1,,
lespedeza bicolor,woody,shrub,4.0,0.34640750000000003,138.6036364,0.15,19.2322205,,35.22,4.0,1.0,1.0,1.0,0.0,1.0,,,,,,,,,,,,,,0,0,1,1.2433419605231426,-0.37893578532785643
lespedeza capitata,woody,shrub,10.0,0.333275,107.25,0.2440045,33.825,,,2.0,4.0,2.0,4.0,0.0,0.0,,,,,,,,,,,,,,0,0,1,1.7367299380791363,-0.7563762326332917
lespedeza cuneata,non-woody/woody,herb/shrub,1.0,,,,,,,0.0,0.0,0.0,0.0,0.0,0.0,,,,,,,,,,,,,,0,0,1,,
lespedeza davidii,,unspecified,5.0,0.47,183.0,,,,,1.0,1.0,0.0,0.0,0.0,0.0,,,,,,,,,,,,,,0,0,1,,
lespedeza davurica,,herb/shrub,5.0,0.31,22.026,0.34,15.278,,,2.0,5.0,2.0,5.0,0.0,0.0,,,,,,,,,,,,,,0,0,1,-0.4921650687765434,-0.6488753747423898
lespedeza floribunda,woody,shrub,1.0,,5.322,,26.2,4.71,,0.0,1.0,0.0,1.0,1.0,0.0,,,,,,,,,,,,,,0,0,1,,
lespedeza juncea,woody,shrub,1.0,,13.96,,13.95,,,0.0,1.0,0.0,1.0,0.0,0.0,,,,,,,,,,,,,,0,0,1,,
lespedeza thunbergii,woody,shrub,1.0,0.2289,116.4530579,0.20862069,11.76776533,,,1.0,1.0,1.0,1.0,0.0,0.0,,,,,,,,,,,,,,0,0,1,0.38175672156194046,-0.670448677339544
lespedeza violacea,non-woody,herb,1.0,0.31516,,0.288051,,,,1.0,0.0,1.0,0.0,0.0,0.0,,,,,,,,,,,,,,0,0,1,,
lessingianthus grandiflorus,,herb,3.0,,,,,,,0.0,0.0,0.0,0.0,0.0,0.0,,,,,,,,,,,,,,0,0,1,,
leucadendron laureolum,woody,shrub,2.0,,,,,,,0.0,0.0,0.0,0.0,0.0,0.0,,,,,,,,,,,,,,0,0,1,,
leucadendron salignum,woody,shrub,2.0,,,,,,,0.0,0.0,0.0,0.0,0.0,0.0,,,,,,,,,,,,,,0,0,1,,
leucaena leucocephala,woody,shrub/tree,40.0,0.5333333333333333,20.533333333333335,,19.0,0.8,,3.0,3.0,0.0,1.0,1.0,0.0,,,,,,,,,,,,,,0,0,1,,
leucanthemopsis alpina,non-woody,herb,12.0,,,,,,,0.0,0.0,0.0,0.0,0.0,0.0,,,,,,,,,,,,,,0,0,1,,
leucanthemum ircutianum,non-woody,herb,1.0,,,,,,,0.0,0.0,0.0,0.0,0.0,0.0,,,,,,,,,,,,,,0,0,1,,
leucanthemum vulgare,non-woody,herb,53.0,0.5901054133333333,256.5058757,0.054658792,8.59,3.6,,6.0,10.0,1.0,2.0,1.0,0.0,,,,,,,,,,,,,,0,0,1,1.5625301777925078,0.38979855133899194
leucas aspera,,unspecified,1.0,,,,,,70.56,0.0,0.0,0.0,0.0,0.0,1.0,,,,,,,,,,,,,,0,0,1,,
leucas biflora,,unspecified,1.0,,,,,,59.45,0.0,0.0,0.0,0.0,0.0,1.0,,,,,,,,,,,,,,0,0,1,,
leucheria millefolium,,,1.0,,,,,,,0.0,0.0,0.0,0.0,0.0,0.0,,,,,,,,,,,,,,0,0,1,,
leucojum aestivum,non-woody,herb,1.0,,,,,,,0.0,0.0,0.0,0.0,0.0,0.0,,,,,,,,,,,,,,0,0,1,,
leucojum vernum,non-woody,herb,2.0,,,,,,,0.0,0.0,0.0,0.0,0.0,0.0,,,,,,,,,,,,,,0,0,1,,
leucopogon costatus,,,1.0,,,,,,,0.0,0.0,0.0,0.0,0.0,0.0,,,,,,,,,,,,,,0,0,1,,
leucopogon sprengelioides,,,2.0,,,,,,,0.0,0.0,0.0,0.0,0.0,0.0,,,,,,,,,,,,,,0,0,1,,
leucostele chiloensis,,unspecified,2.0,,,,,,,0.0,0.0,0.0,0.0,0.0,0.0,,,,,,,,,,,,,,0,0,1,,
levisticum officinale,non-woody,herb,1.0,,,,,,,0.0,0.0,0.0,0.0,0.0,0.0,,,,,,,,,,,,,,0,0,1,,
lewisia pygmaea,non-woody,herb,2.0,,,,,,,0.0,0.0,0.0,0.0,0.0,0.0,,,,,,,,,,,,,,0,0,1,,
leymus akmolinensis,,unspecified,2.0,,,,,,,0.0,0.0,0.0,0.0,0.0,0.0,,,,,,,,,,,,,,0,0,1,,
leymus arenarius,non-woody,graminoid,1.0,,,,,,,0.0,0.0,0.0,0.0,0.0,0.0,,,,,,,,,,,,,,0,0,1,,
leymus chinensis,non-woody,graminoid,19.0,0.20555512333333334,94.22571428571429,0.256,12.34,,14.715,15.0,14.0,10.0,10.0,0.0,2.0,,,,,,,,,,,,,,0,0,1,0.1090604447803488,-0.8046966914816361
leymus cinereus,non-woody,graminoid,6.0,,,,,,,0.0,0.0,0.0,0.0,0.0,0.0,,,,,,,,,,,,,,0,0,1,,
leymus condensatus,non-woody,graminoid,1.0,,,,,,,0.0,0.0,0.0,0.0,0.0,0.0,,,,,,,,,,,,,,0,0,1,,
leymus lanatus,,unspecified,5.0,,,,,,,0.0,0.0,0.0,0.0,0.0,0.0,,,,,,,,,,,,,,0,0,1,,
leymus mollis,,,,,,,,,,,,,,,,,,,,,,,,22.0,41.77272727272727,1.1363636363636365,40.913813636363635,-124.14145454545455,0,1,0,,
leymus multicaulis,,unspecified,34.0,,,,,,,0.0,0.0,0.0,0.0,0.0,0.0,,,,,,,,,,,,,,0,0,1,,
leymus paboanus,,unspecified,3.0,,,,,,,0.0,0.0,0.0,0.0,0.0,0.0,,,,,,,,,,,,,,0,0,1,,
leymus racemosus,non-woody,graminoid,6.0,,,,,,,0.0,0.0,0.0,0.0,0.0,0.0,,,,,,,,,,,,,,0,0,1,,
leymus ramosus,,,1.0,,,,,,,0.0,0.0,0.0,0.0,0.0,0.0,,,,,,,,,,,,,,0,0,1,,
leymus triticoides,non-woody,graminoid,2.0,,,,,,,0.0,0.0,0.0,0.0,0.0,0.0,,,,,,,,,,,,,,0,0,1,,
liatris aspera,non-woody,herb,6.0,0.33586,269.5,0.1353135,23.0,,,2.0,4.0,2.0,4.0,0.0,0.0,,,,,,,,,,,,,,0,0,1,2.4452006147232197,-0.6323275945827596
liatris mucronata,non-woody,herb,1.0,0.24513,,0.286399,,,,1.0,0.0,1.0,0.0,0.0,0.0,,,,,,,,,,,,,,0,0,1,,
liatris punctata,non-woody,herb,11.0,0.3044,,0.167531,,,,1.0,0.0,1.0,0.0,0.0,0.0,,,,,,,,,,,,,,0,0,1,,
liatris pycnostachya,non-woody,herb,1.0,0.2799,,0.137348,,,,1.0,0.0,1.0,0.0,0.0,0.0,,,,,,,,,,,,,,0,0,1,,
liatris scariosa,non-woody,herb,5.0,,,,,,,0.0,0.0,0.0,0.0,0.0,0.0,,,,,,,,,,,,,,0,0,1,,
liatris squarrosa,non-woody,herb,1.0,,,,,,,0.0,0.0,0.0,0.0,0.0,0.0,,,,,,,,,,,,,,0,0,1,,
libanotis pyrenaica,non-woody,herb,5.0,,,,,,,0.0,0.0,0.0,0.0,0.0,0.0,,,,,,,,,,,,,,0,0,1,,
libanotis schrenkiana,,,1.0,,,,,,,0.0,0.0,0.0,0.0,0.0,0.0,,,,,,,,,,,,,,0,0,1,,
licania alba,woody,tree,2.0,1.0937,2.196334528,0.48525911,,,,1.0,1.0,1.0,0.0,0.0,0.0,,,,,,,,,,,,,,0,0,1,,
licania bracteata,,,1.0,0.411,15.2,0.548,,,,1.0,1.0,1.0,0.0,0.0,0.0,,,,,,,,,,,,,,0,0,1,,
licania gracilipes,woody,shrub/tree,1.0,0.509,10.84,0.662,,,,1.0,1.0,1.0,0.0,0.0,0.0,,,,,,,,,,,,,,0,0,1,,
licania harlingii,woody,tree,3.0,0.2455333333333333,54.17781279666667,0.40261991,14.686256666666665,0.551961402,,3.0,3.0,3.0,3.0,3.0,0.0,,,,,,,,,,,,,,0,0,1,-0.5273399559752174,-0.9921807772308837
licania hypoleuca,woody,tree,3.0,0.346,8.367566666666667,0.46,,,,1.0,3.0,1.0,0.0,0.0,0.0,,,,,,,,,,,,,,0,0,1,,
licania incana,woody,tree,1.0,,,,,,,0.0,0.0,0.0,0.0,0.0,0.0,,,,,,,,,,,,,,0,0,1,,
licania irwinii,woody,tree,8.0,0.404052083375,6.40756959625,0.75547439675,,,,8.0,4.0,4.0,0.0,0.0,0.0,,,,,,,,,,,,,,0,0,1,,
licania micrantha,woody,tree,7.0,0.47748163271428573,8.0845192915,0.829143621,,,,7.0,4.0,4.0,0.0,0.0,0.0,,,,,,,,,,,,,,0,0,1,,
licania niloi,,,1.0,0.525,7.79,0.524,,,,1.0,1.0,1.0,0.0,0.0,0.0,,,,,,,,,,,,,,0,0,1,,
licania ovalifolia,woody,tree,12.0,0.292780096,12.376775732333334,0.6767182493333334,,,,12.0,6.0,6.0,0.0,0.0,0.0,,,,,,,,,,,,,,0,0,1,,
licania parviflora,woody,tree,1.0,0.49,8.37,0.629,,,,1.0,1.0,1.0,0.0,0.0,0.0,,,,,,,,,,,,,,0,0,1,,
licania rodriguesii,woody,shrub/tree,1.0,0.317,11.72,0.715,,,,1.0,1.0,1.0,0.0,0.0,0.0,,,,,,,,,,,,,,0,0,1,,
licaria cannella,woody,,2.0,1.37725,2.48081235,0.3255473375,24.92558,,,2.0,2.0,2.0,1.0,0.0,0.0,,,,,,,,,,,,,,0,0,1,-0.13679798935304754,1.9677692612225526
licaria chrysophylla,woody,,1.0,0.668,4.78,0.562,,,,1.0,1.0,1.0,0.0,0.0,0.0,,,,,,,,,,,,,,0,0,1,,
licaria guianensis,woody,tree,1.0,0.621,9.53,0.36,,,,1.0,1.0,1.0,0.0,0.0,0.0,,,,,,,,,,,,,,0,0,1,,
licaria hirsuta,,,1.0,0.72,12.53,0.239,,,,1.0,1.0,1.0,0.0,0.0,0.0,,,,,,,,,,,,,,0,0,1,,
licaria macrophylla,,,1.0,0.603,7.67,0.433,,,,1.0,1.0,1.0,0.0,0.0,0.0,,,,,,,,,,,,,,0,0,1,,
licaria oppositifolia,,,1.0,0.564,11.19,0.376,,,,1.0,1.0,1.0,0.0,0.0,0.0,,,,,,,,,,,,,,0,0,1,,
licaria polyphylla,woody,,1.0,1.228,4.81,0.178,,,,1.0,1.0,1.0,0.0,0.0,0.0,,,,,,,,,,,,,,0,0,1,,
licaria triandra,woody,tree,30.0,,,,,,,0.0,0.0,0.0,0.0,0.0,0.0,,,,,,,,,,,,,,0,0,1,,
ligularia alpigena,non-woody,herb,1.0,,,,,,,0.0,0.0,0.0,0.0,0.0,0.0,,,,,,,,,,,,,,0,0,1,,
ligularia macrophylla,,,1.0,,,,,,,0.0,0.0,0.0,0.0,0.0,0.0,,,,,,,,,,,,,,0,0,1,,
ligularia thomsonii,,unspecified,2.0,,,,,,,0.0,0.0,0.0,0.0,0.0,0.0,,,,,,,,,,,,,,0,0,1,,
ligustrum vulgare,woody,shrub,3.0,,,,,,,0.0,0.0,0.0,0.0,0.0,0.0,,,,,,,,,,,,,,0,0,1,,
lilaeopsis ruthiana,,unspecified,62.0,,48.78014522203225,0.044025157,,,,0.0,31.0,62.0,0.0,0.0,0.0,,,,,,,,,,,,,,0,0,1,,
lilium bulbiferum,non-woody,herb,1.0,,,,,,,0.0,0.0,0.0,0.0,0.0,0.0,,,,,,,,,,,,,,0,0,1,,
lilium canadense,non-woody,herb,2.0,,,,,,,0.0,0.0,0.0,0.0,0.0,0.0,,,,,,,,,,,,,,0,0,1,,
lilium debile,,,,,,,,,,,,,,,,4.0,17.5,36.48758592125,14.01805832975,0.044300059,85.7855122875,53.04027778,158.6719444,3.0,3.6666666666666665,1.3333333333333333,53.0403,158.672,1,1,0,,
lilium ledebourii,,unspecified,1.0,,,,,,,0.0,0.0,0.0,0.0,0.0,0.0,,,,,,,,,,,,,,0,0,1,,
lilium martagon,non-woody,herb,4.0,,,,,,,0.0,0.0,0.0,0.0,0.0,0.0,,,,,,,,,,,,,,0,0,1,,
lilium monadelphum,non-woody,herb,1.0,,,,,,,0.0,0.0,0.0,0.0,0.0,0.0,,,,,,,,,,,,,,0,0,1,,
limonium caspium,,unspecified,1.0,,,,,,,0.0,0.0,0.0,0.0,0.0,0.0,,,,,,,,,,,,,,0,0,1,,
limonium gmelini,,unspecified,3.0,,,,,,,0.0,0.0,0.0,0.0,0.0,0.0,,,,,,,,,,,,,,0,0,1,,
limonium myrianthum,,,1.0,,,,,,,0.0,0.0,0.0,0.0,0.0,0.0,,,,,,,,,,,,,,0,0,1,,
limonium otolepis,,unspecified,2.0,,,,,,,0.0,0.0,0.0,0.0,0.0,0.0,,,,,,,,,,,,,,0,0,1,,
limonium pruinosum,,,1.0,,,,,,,0.0,0.0,0.0,0.0,0.0,0.0,,,,,,,,,,,,,,0,0,1,,
limonium sareptanum,,,1.0,,,,,,,0.0,0.0,0.0,0.0,0.0,0.0,,,,,,,,,,,,,,0,0,1,,
limonium suffruticosum,,unspecified,2.0,,,,,,,0.0,0.0,0.0,0.0,0.0,0.0,,,,,,,,,,,,,,0,0,1,,
linaria alpina,non-woody,herb,1.0,,,,,,,0.0,0.0,0.0,0.0,0.0,0.0,,,,,,,,,,,,,,0,0,1,,
linaria biebersteinii,,,1.0,,,,,,,0.0,0.0,0.0,0.0,0.0,0.0,,,,,,,,,,,,,,0,0,1,,
linaria dalmatica,non-woody,herb,6.0,,26.6097232116,,10.01238704,,,0.0,5.0,0.0,1.0,0.0,0.0,,,,,,,,,,,,,,0,0,1,,
linaria haelava,,unspecified,3.0,,,,,,,0.0,0.0,0.0,0.0,0.0,0.0,,,,,,,,,,,,,,0,0,1,,
linaria meyeri,non-woody,herb,1.0,,,,,,,0.0,0.0,0.0,0.0,0.0,0.0,,,,,,,,,,,,,,0,0,1,,
linaria odora,,unspecified,1.0,,,,,,,0.0,0.0,0.0,0.0,0.0,0.0,,,,,,,,,,,,,,0,0,1,,
linaria pedicellata,,unspecified,2.0,,,,,,,0.0,0.0,0.0,0.0,0.0,0.0,,,,,,,,,,,,,,0,0,1,,
linaria vulgaris,non-woody,herb,4.0,2.07067624,333.0545455,0.10889211,,,,1.0,1.0,1.0,0.0,0.0,0.0,,,,,,,,,,,,,,0,0,1,,
lindelofia anchusoides,,,,,,,,,,,,,,,,1.0,5.0,78.04878049,0.0,0.0,92.68292683,32.81302812,77.12123293,,,,,,1,0,0,,
lindelofia olgae,,unspecified,2.0,,,,,,,0.0,0.0,0.0,0.0,0.0,0.0,,,,,,,,,,,,,,0,0,1,,
lindera benzoin,woody,shrub,7.0,0.7198067127500001,12.8550806314,0.2375261924,15.380555556666666,,88.83333333499999,4.0,5.0,5.0,3.0,0.0,2.0,,,,,,,,,,,,,,0,0,1,-0.2759800420852614,0.6178762752526394
lindera communis,woody,shrub,5.0,1.139667647,16.16390511925,0.34594355025,13.440000000000001,,,5.0,4.0,4.0,5.0,0.0,0.0,,,,,,,,,,,,,,0,0,1,-0.8785419453689236,1.453189377185525
lindera kwangtungensis,woody,,6.0,,,,15.851666666666667,0.5066666666666667,,0.0,0.0,0.0,6.0,6.0,0.0,,,,,,,,,,,,,,0,0,1,,
lindera metcalfiana,,,6.0,0.8414944445,6.039418231333333,0.357066713,13.89,0.7433333333333333,,6.0,6.0,6.0,5.0,6.0,0.0,,,,,,,,,,,,,,0,0,1,-0.884247861888853,0.6910104020057768
lindera obtusiloba,woody,tree,1.0,0.261375,92.51081301,0.198387097,18.38474467,,,1.0,1.0,1.0,1.0,0.0,0.0,,,,,,,,,,,,,,0,0,1,0.7203639457007204,-0.6134744273972913
lindera robusta,,,6.0,,,,18.916666666666668,0.39666666666666667,,0.0,0.0,0.0,6.0,6.0,0.0,,,,,,,,,,,,,,0,0,1,,
linnaea borealis,non-woody/woody,herb/shrub,24.0,0.362925,65.0480192725,,9.975,1.7,,4.0,4.0,0.0,4.0,4.0,0.0,17.0,11.529411764705882,30.776310020529408,0.15583296205882355,0.03594015929411765,99.72677322823529,62.043676469999994,82.73050653235293,9.0,26.666666666666668,1.3333333333333333,58.94682222222222,111.71591111111111,1,1,1,,
linosyris glabrata,,,1.0,,,,,,,0.0,0.0,0.0,0.0,0.0,0.0,,,,,,,,,,,,,,0,0,1,,
linum australe,non-woody,herb,6.0,,58.01563511999999,,12.19567895,,,0.0,3.0,0.0,1.0,0.0,0.0,,,,,,,,,,,,,,0,0,1,,
linum austriacum,non-woody,herb,2.0,,,,,,,0.0,0.0,0.0,0.0,0.0,0.0,,,,,,,,,,,,,,0,0,1,,
linum catharticum,non-woody,herb,3.0,2.1608502,308.1,0.1190476,,,,1.0,1.0,1.0,0.0,0.0,0.0,4.0,16.0,14.80981956275,0.0,0.12155591575,94.547181145,58.10333333,22.18972222,,,,,,1,0,1,,
linum grandiflorum,non-woody,herb,1.0,,,,,,,0.0,0.0,0.0,0.0,0.0,0.0,,,,,,,,,,,,,,0,0,1,,
linum hirsutum,non-woody,herb,1.0,,,,,,,0.0,0.0,0.0,0.0,0.0,0.0,,,,,,,,,,,,,,0,0,1,,
linum hypericifolium,,unspecified,6.0,,,,,,,0.0,0.0,0.0,0.0,0.0,0.0,,,,,,,,,,,,,,0,0,1,,
linum lewisii,non-woody/woody,herb/shrub,5.0,0.2686,40.5381366525,0.285714286,9.827657342,,,1.0,4.0,1.0,1.0,0.0,0.0,,,,,,,,,,,,,,0,0,1,-0.5512388002753491,-0.5929385112742696
linum macrorhizum,,unspecified,1.0,,,,,,,0.0,0.0,0.0,0.0,0.0,0.0,,,,,,,,,,,,,,0,0,1,,
linum perenne,non-woody,herb,1.0,,,,,,,0.0,0.0,0.0,0.0,0.0,0.0,,,,,,,,,,,,,,0,0,1,,
linum rigidum,non-woody,herb,1.0,,,,,,,0.0,0.0,0.0,0.0,0.0,0.0,,,,,,,,,,,,,,0,0,1,,
linum tenuifolium,non-woody,herb,1.0,,,,,,,0.0,0.0,0.0,0.0,0.0,0.0,,,,,,,,,,,,,,0,0,1,,
linum usitatissimum,non-woody,herb,3.0,,,,,,,0.0,0.0,0.0,0.0,0.0,0.0,,,,,,,,,,,,,,0,0,1,,
lipschitzia divaricata,non-woody,herb,12.0,2.1725,,,16.490000000000002,,,4.0,0.0,0.0,4.0,0.0,0.0,,,,,,,,,,,,,,0,0,1,,
liquidambar formosana,woody,tree,12.0,0.2955133334,70.18230337,0.24416666675,13.227203835000001,,42.649207576,5.0,5.0,4.0,2.0,0.0,5.0,,,,,,,,,,,,,,0,0,1,0.03188736782597311,-0.5257775862044204
liquidambar gracilipes,woody,tree,19.0,0.7166413734,4.5083862908,1.027875018,7.550000000000001,0.29000000000000004,,5.0,5.0,5.0,2.0,2.0,0.0,,,,,,,,,,,,,,0,0,1,-3.7172140698902876,-1.0106300730210516
liquidambar obovata,woody,tree,5.0,0.4354685706,24.5807008112,0.2565520478,11.0873846908,,,5.0,5.0,5.0,5.0,0.0,0.0,,,,,,,,,,,,,,0,0,1,-0.503683360321703,-0.10079426913271558
liquidambar styraciflua,woody,tree,179.0,0.3836981884042553,18.468790683333335,0.211375,8.1625360104,,100.0,94.0,6.0,4.0,25.0,0.0,1.0,,,,,,,,,,,,,,0,0,1,-0.5787459790466086,-0.08390770540105415
liriodendron chinense,woody,tree,7.0,1.3810183333333335,11.273166666666667,0.18433333333333335,18.560000000000002,,83.0,6.0,6.0,6.0,2.0,0.0,1.0,,,,,,,,,,,,,,0,0,1,-0.025636627972313593,2.355348538436598
liriodendron tulipifera,woody,tree,143.0,0.8845587701162791,9.590801959833334,0.2150210059032258,16.0358457455,1.974545653222222,43.81216031146153,43.0,36.0,31.0,20.0,9.0,13.0,,,,,,,,,,,,,,0,0,1,-0.20949121562054623,1.077491622147465
litchi chinensis,woody,tree,62.0,0.10116666666666667,,,,,,60.0,0.0,0.0,0.0,0.0,0.0,,,,,,,,,,,,,,0,0,1,,
lithocarpus amygdalifolius,woody,tree,6.0,,,,9.183333333333334,0.26666666666666666,,0.0,0.0,0.0,6.0,6.0,0.0,,,,,,,,,,,,,,0,0,1,,
lithocarpus bacgiangensis,,,3.0,0.6892888890000001,6.405324894333333,0.478246396,6.273333333333333,0.7233333333333333,,3.0,3.0,3.0,3.0,3.0,0.0,,,,,,,,,,,,,,0,0,1,-1.821245326358948,0.14084220405980052
lithocarpus chiungchungensis,,unspecified,1.0,0.21954,75.71,0.43,21.95,,100.0,1.0,1.0,1.0,1.0,0.0,1.0,,,,,,,,,,,,,,0,0,1,0.04170149614009782,-1.2459848380722538
lithocarpus cleistocarpus,woody,tree,1.0,0.274125,68.80162393,0.24375,12.943204,,,1.0,1.0,1.0,1.0,0.0,0.0,,,,,,,,,,,,,,0,0,1,0.008948091098890368,-0.5726447676077498
lithocarpus clementianus,,unspecified,4.0,0.42825,29.523,0.292,,,,4.0,4.0,4.0,0.0,0.0,0.0,,,,,,,,,,,,,,0,0,1,,
lithocarpus confertus,,unspecified,5.0,0.514,20.4812,0.34900000000000003,,,,5.0,5.0,5.0,0.0,0.0,0.0,,,,,,,,,,,,,,0,0,1,,
lithocarpus elegans,woody,,4.0,0.63413333325,8.289004832,0.53431223075,10.432500000000001,0.365,,4.0,4.0,4.0,4.0,4.0,0.0,,,,,,,,,,,,,,0,0,1,-1.700669504968198,-0.17741333131777454
lithocarpus fenestratus,woody,unspecified,7.0,1.052287493857143,4.675128228,0.4862119387142857,8.954999999999998,0.51,,7.0,7.0,7.0,2.0,1.0,0.0,,,,,,,,,,,,,,0,0,1,-1.7560986815489705,1.0023890878608057
lithocarpus fenzelianus,woody,tree,6.0,,,,10.566666666666668,0.25,,0.0,0.0,0.0,6.0,6.0,0.0,,,,,,,,,,,,,,0,0,1,,
lithocarpus fohaiensis,woody,,1.0,0.846766667,3.531288692,0.604696652,11.27,0.67,,1.0,1.0,1.0,1.0,1.0,0.0,,,,,,,,,,,,,,0,0,1,-1.9750396731360453,0.1984694381760476
lithocarpus lampadarius,woody,unspecified,8.0,0.50325,19.805875,0.328375,,,,8.0,8.0,8.0,0.0,0.0,0.0,,,,,,,,,,,,,,0,0,1,,
lithocarpus longipedicellatus,woody,,6.0,,,,8.683333333333334,0.24,,0.0,0.0,0.0,6.0,6.0,0.0,,,,,,,,,,,,,,0,0,1,,
lithocarpus pseudovestitus,,,6.0,,,,8.166666666666666,0.24,,0.0,0.0,0.0,6.0,6.0,0.0,,,,,,,,,,,,,,0,0,1,,
lithocarpus rigidus,,unspecified,4.0,0.55925,15.3695,0.35775,,,,4.0,4.0,4.0,0.0,0.0,0.0,,,,,,,,,,,,,,0,0,1,,
lithocarpus variolosus,,,2.0,0.6575333335,8.7825903555,0.383383088,8.195,0.69,,2.0,2.0,2.0,2.0,2.0,0.0,,,,,,,,,,,,,,0,0,1,-1.3216196826010602,0.240771800654231
lithops ruschiorum,woody,shrub,1.0,,,,,,,0.0,0.0,0.0,0.0,0.0,0.0,,,,,,,,,,,,,,0,0,1,,
lithops salicola,,,1.0,,,,,,,0.0,0.0,0.0,0.0,0.0,0.0,,,,,,,,,,,,,,0,0,1,,
lithospermum caroliniense,non-woody,herb,1.0,,,,,,,0.0,0.0,0.0,0.0,0.0,0.0,,,,,,,,,,,,,,0,0,1,,
lithospermum incisum,non-woody,herb,6.0,,,,,,,0.0,0.0,0.0,0.0,0.0,0.0,,,,,,,,,,,,,,0,0,1,,
lithospermum multiflorum,non-woody,herb,3.0,,13.237800786,,8.125218153,,,0.0,2.0,0.0,1.0,0.0,0.0,,,,,,,,,,,,,,0,0,1,,
lithospermum officinale,non-woody,herb,1.0,,,,,,,0.0,0.0,0.0,0.0,0.0,0.0,,,,,,,,,,,,,,0,0,1,,
lithospermum ruderale,non-woody,herb,4.0,,,,,,,0.0,0.0,0.0,0.0,0.0,0.0,,,,,,,,,,,,,,0,0,1,,
lithraea caustica,woody,shrub,3.0,,,,,,,0.0,0.0,0.0,0.0,0.0,0.0,,,,,,,,,,,,,,0,0,1,,
litsea accedens,woody,unspecified,4.0,1.31375,3.60975,0.226,,,,4.0,4.0,4.0,0.0,0.0,0.0,,,,,,,,,,,,,,0,0,1,,
litsea baviensis,woody,unspecified,7.0,0.70594,13.02,0.13,27.24857142857143,0.515,82.0,1.0,1.0,1.0,7.0,6.0,1.0,,,,,,,,,,,,,,0,0,1,0.9569687507003765,0.6655556649450367
litsea calicaris,woody,tree,2.0,1.17985,9.8549518305,0.107680921,29.5,,,2.0,2.0,2.0,1.0,0.0,0.0,,,,,,,,,,,,,,0,0,1,1.064230185329544,1.8797732042357362
litsea cambodiana,,,1.0,1.3284,2.850758072,0.26498465,11.98,0.68,,1.0,1.0,1.0,1.0,1.0,0.0,,,,,,,,,,,,,,0,0,1,-0.8262868308956016,2.1447976431314726
litsea cubeba,woody,tree,1.0,0.40593,39.99,0.42,25.62,,78.0,1.0,1.0,1.0,1.0,0.0,1.0,,,,,,,,,,,,,,0,0,1,0.05470393073940009,-0.7462822421624818
litsea dilleniifolia,woody,,1.0,1.2464,4.059230589,0.205702677,13.02,0.01,,1.0,1.0,1.0,1.0,1.0,0.0,,,,,,,,,,,,,,0,0,1,-0.512744206909877,2.053799243866885
litsea elongata,woody,unspecified,6.0,0.8230111111666667,13.113049801499999,0.3160080056666667,12.998869333333332,0.942,,6.0,6.0,6.0,6.0,5.0,0.0,,,,,,,,,,,,,,0,0,1,-0.7487689376511989,0.7349077930011281
litsea glutinosa,woody,tree,1.0,0.9216,6.111887858,0.250236712,10.84,2.0,,1.0,1.0,1.0,1.0,1.0,0.0,,,,,,,,,,,,,,0,0,1,-0.7369825655526371,1.1658483639848376
litsea ichangensis,woody,unspecified,1.0,0.4037375,61.46794831,0.128134715,26.76961133,,,1.0,1.0,1.0,1.0,0.0,0.0,,,,,,,,,,,,,,0,0,1,1.325981107095203,-0.16040663764316127
litsea martabanica,,,1.0,0.698133333,9.996060789,0.279750012,10.29,0.46,,1.0,1.0,1.0,1.0,1.0,0.0,,,,,,,,,,,,,,0,0,1,-0.8031061327965965,0.5411536035272656
litsea mollis,,,2.0,0.9087333335,5.8011600775000005,0.2902215125,17.685000000000002,0.76,,2.0,2.0,2.0,2.0,1.0,0.0,,,,,,,,,,,,,,0,0,1,-0.3925913115168167,0.9578460845507827
litsea monopetala,woody,,1.0,1.393933333,1.79845224,0.416102851,7.39,0.68,,1.0,1.0,1.0,1.0,1.0,0.0,,,,,,,,,,,,,,0,0,1,-1.716021552317198,2.0384675227548534
litsea panamanja,,,6.0,0.8993277778333333,6.080799556833334,0.31406542583333336,12.038333333333332,0.805,,6.0,6.0,6.0,6.0,6.0,0.0,,,,,,,,,,,,,,0,0,1,-0.8752619663312055,0.9543968069361216
litsea salicifolia,,,3.0,1.0403333336666667,4.6352447476666665,0.31510848133333336,13.176666666666668,0.7466666666666667,,3.0,3.0,3.0,3.0,3.0,0.0,,,,,,,,,,,,,,0,0,1,-0.8409366700851422,1.2935599921682757
litsea szemaois,,,5.0,0.8594466664,5.3194405936,0.3685467976,16.832,0.8975,,5.0,5.0,5.0,5.0,4.0,0.0,,,,,,,,,,,,,,0,0,1,-0.7252622980572686,0.6740052848721803
litsea umbellata,woody,,6.0,0.9049222221666667,5.058866570166667,0.35500734266666667,11.528,0.7116666666666666,,6.0,6.0,6.0,5.0,6.0,0.0,,,,,,,,,,,,,,0,0,1,-1.066280986048859,0.8867869331577038
litsea verticillata,,unspecified,7.0,0.52339,15.59,0.35,18.34714285714286,0.38166666666666665,95.0,1.0,1.0,1.0,7.0,6.0,1.0,,,,,,,,,,,,,,0,0,1,-0.40317888418054454,-0.1646565800749193
litwinowia tenuissima,,unspecified,2.0,,,,,,,0.0,0.0,0.0,0.0,0.0,0.0,,,,,,,,,,,,,,0,0,1,,
lobelia dortmanna,,,,,,,,,,,,,,,,25.0,10.32,15.7660614256,20.67602949212,0.07022212624,74.81326834768,56.46322222199999,15.011,,,,,,1,0,0,,
lobelia erinus,non-woody,herb,1.0,,,,,,,0.0,0.0,0.0,0.0,0.0,0.0,,,,,,,,,,,,,,0,0,1,,
lobelia macrodon,non-woody,unspecified,3.0,,58.368505264999996,,5.721012581,,,0.0,2.0,0.0,1.0,0.0,0.0,,,,,,,,,,,,,,0,0,1,,
lobelia perpusilla,,unspecified,65.0,,83.940368293125,,,,,0.0,32.0,0.0,0.0,0.0,0.0,,,,,,,,,,,,,,0,0,1,,
lobelia sessilifolia,non-woody,herb,2.0,,,,,,,0.0,0.0,0.0,0.0,0.0,0.0,,,,,,,,,,,,,,0,0,1,,
lobelia siphilitica,non-woody,herb,5.0,0.18808,500.40452274,,,,,5.0,5.0,0.0,0.0,0.0,0.0,,,,,,,,,,,,,,0,0,1,,
lobularia maritima,non-woody,herb,1.0,,,,,,,0.0,0.0,0.0,0.0,0.0,0.0,,,,,,,,,,,,,,0,0,1,,
loganiaceae pungens,woody,tree,1.0,,,,,,,0.0,0.0,0.0,0.0,0.0,0.0,,,,,,,,,,,,,,0,0,1,,
lolium arundinaceum,non-woody,graminoid,60.0,0.521854496,213.87349134500002,0.109396543,12.472,,,5.0,6.0,7.0,5.0,0.0,0.0,,,,,,,,,,,,,,0,0,1,1.372312642760096,0.1167634944738097
lolium giganteum,non-woody,graminoid,3.0,,,,,,,0.0,0.0,0.0,0.0,0.0,0.0,,,,,,,,,,,,,,0,0,1,,
lolium multiflorum,non-woody,graminoid,9.0,1.265580015,172.4333333333333,0.0258,15.325,0.8,24.3,2.0,3.0,1.0,4.0,2.0,1.0,,,,,,,,,,,,,,0,0,1,1.4212407724522387,2.1963547628248175
lolium perenne,non-woody,graminoid,749.0,0.47238027339999994,191.048717816,0.15230201128571427,12.979999999999999,1.78,,5.0,5.0,7.0,6.0,1.0,0.0,,,,,,,,,,,,,,0,0,1,1.113197571119294,-0.071440125864518
lolium pratense,non-woody,graminoid,20.0,1.35522951,377.29,0.01638465,,,,1.0,1.0,1.0,0.0,0.0,0.0,,,,,,,,,,,,,,0,0,1,,
lolium rigidum,non-woody,graminoid,12.0,0.19360097099999998,254.94334875833331,,,,,12.0,12.0,0.0,0.0,0.0,0.0,,,,,,,,,,,,,,0,0,1,,
lolium temulentum,non-woody,graminoid,1.0,,,,,,,0.0,0.0,0.0,0.0,0.0,0.0,,,,,,,,,,,,,,0,0,1,,
lomandra filiformis,non-woody,herb,5.0,0.515,23.700000000000003,,,,,2.0,2.0,0.0,0.0,0.0,0.0,,,,,,,,,,,,,,0,0,1,,
lomandra glauca,non-woody,herb,1.0,,,,,,,0.0,0.0,0.0,0.0,0.0,0.0,,,,,,,,,,,,,,0,0,1,,
lomandra insularis,,,,,,,,,,,,,,,,5.0,7.8,7.620915032000001,1.0,0.0,98.443690114,-22.18222222,166.7316667,1.0,2.0,1.0,-22.1822,166.732,1,1,0,,
lomandra juncea,,,1.0,,,,,,,0.0,0.0,0.0,0.0,0.0,0.0,,,,,,,,,,,,,,0,0,1,,
lomandra leucocephala,,,1.0,,,,,,,0.0,0.0,0.0,0.0,0.0,0.0,,,,,,,,,,,,,,0,0,1,,
lomandra multiflora,,,,,,,,,,,,,,,,4.0,18.5,32.739501867499996,0.138888889,0.0,97.980923695,-35.1175,138.6647222,3.0,9.0,1.3333333333333333,-35.1175,138.665,1,1,0,,
lomaria discolor,non-woody,fern,1.0,0.36,26.3,0.3,5.5,0.25,,1.0,1.0,1.0,1.0,1.0,0.0,,,,,,,,,,,,,,0,0,1,-1.0271175544111901,-0.3161400425809242
lomatium dissectum,non-woody,herb,2.0,,,,,,,0.0,0.0,0.0,0.0,0.0,0.0,,,,,,,,,,,,,,0,0,1,,
lomatium grayi,non-woody,herb,1.0,,,,,,,0.0,0.0,0.0,0.0,0.0,0.0,,,,,,,,,,,,,,0,0,1,,
lomatium multifidum,,,1.0,,,,,,,0.0,0.0,0.0,0.0,0.0,0.0,,,,,,,,,,,,,,0,0,1,,
lomatogonium carinthiacum,,,,,,,,,,,,,,,,1.0,5.0,20.0,0.0,0.0,100.0,32.93134212,77.22834896,,,,,,1,0,0,,
lomelosia caucasica,non-woody,herb,3.0,,,,,,,0.0,0.0,0.0,0.0,0.0,0.0,,,,,,,,,,,,,,0,0,1,,
lonchocarpus capassa,woody,tree,1.0,,,,,,,0.0,0.0,0.0,0.0,0.0,0.0,,,,,,,,,,,,,,0,0,1,,
lonicera bella,woody,shrub,1.0,,48.6,0.39,11.5,,,0.0,1.0,1.0,1.0,0.0,0.0,,,,,,,,,,,,,,0,0,1,,
lonicera caerulea,woody,shrub,8.0,,,,,,,0.0,0.0,0.0,0.0,0.0,0.0,,,,,,,,,,,,,,0,0,1,,
lonicera canadensis,woody,shrub,1.0,,21.9,0.36,11.8,,,0.0,1.0,1.0,1.0,0.0,0.0,,,,,,,,,,,,,,0,0,1,,
lonicera caprifolium,non-woody,herb,3.0,,,,,,,0.0,0.0,0.0,0.0,0.0,0.0,,,,,,,,,,,,,,0,0,1,,
lonicera chrysantha,woody,shrub,2.0,0.253525,171.05046295,0.116203431,19.307452249999997,,,2.0,2.0,2.0,2.0,0.0,0.0,,,,,,,,,,,,,,0,0,1,1.609393143898401,-0.5909632330830373
lonicera fragrantissima,woody,shrub,1.0,,71.0,0.29,10.8,,,0.0,1.0,1.0,1.0,0.0,0.0,,,,,,,,,,,,,,0,0,1,,
lonicera involucrata,woody,shrub,2.0,,41.2,0.37,11.7,,,0.0,1.0,1.0,1.0,0.0,0.0,,,,,,,,,,,,,,0,0,1,,
lonicera japonica,woody,climber,8.0,2.84,55.3,0.26,8.9,,,1.0,1.0,1.0,1.0,0.0,0.0,,,,,,,,,,,,,,0,0,1,-1.030616365100365,5.904350164641307
lonicera maackii,woody,shrub,6.0,0.2561940853333333,36.8087698975,0.67698423,12.0375,,92.33333333499999,3.0,4.0,4.0,2.0,0.0,2.0,,,,,,,,,,,,,,0,0,1,-1.816936903007317,-1.5056242320860624
lonicera microphylla,,,,,,,,,,,,,,,,1.0,2.0,33.33333333,0.0,0.0,100.0,33.25158664,77.16686209,,,,,,1,0,0,,
lonicera nummulariifolia,,unspecified,1.0,,,,,,,0.0,0.0,0.0,0.0,0.0,0.0,,,,,,,,,,,,,,0,0,1,,
lonicera oblongifolia,woody,shrub,1.0,,34.5,0.34,17.4,,,0.0,1.0,1.0,1.0,0.0,0.0,,,,,,,,,,,,,,0,0,1,,
lonicera reticulata,woody,shrub,1.0,,30.5,0.41,11.2,,,0.0,1.0,1.0,1.0,0.0,0.0,,,,,,,,,,,,,,0,0,1,,
lonicera semenovii,,,,,,,,,,,,,,,,1.0,,,,,,32.895627,77.196001,,,,,,1,0,0,,
lonicera sempervirens,,climber,8.0,3.18,26.8,0.32,8.6,,,1.0,1.0,1.0,1.0,0.0,0.0,,,,,,,,,,,,,,0,0,1,-1.5380499938661207,6.67551576334063
lonicera standishii,woody,shrub,1.0,,48.6,0.38,10.8,,,0.0,1.0,1.0,1.0,0.0,0.0,,,,,,,,,,,,,,0,0,1,,
lonicera tatarica,woody,shrub,5.0,,48.849999999999994,0.33,14.75,,,0.0,2.0,2.0,2.0,0.0,0.0,,,,,,,,,,,,,,0,0,1,,
lonicera villosa,non-woody,climber,1.0,,45.2,0.39,15.4,,,0.0,1.0,1.0,1.0,0.0,0.0,,,,,,,,,,,,,,0,0,1,,
lonicera xylosteum,woody,shrub,11.0,,55.8,0.31,11.6,,,0.0,1.0,1.0,1.0,0.0,0.0,,,,,,,,,,,,,,0,0,1,,
loropetalum chinense,woody,shrub,5.0,0.57,91.0,,,,,1.0,1.0,0.0,0.0,0.0,0.0,,,,,,,,,5.0,30.8,2.6,29.25,118.12,0,1,1,,
lotus australis,,,,,,,,,,,,,,,,3.0,15.333333333333334,33.41073271333333,4.576596719,0.0,88.25966059333332,-33.69,117.56,,,,,,1,0,0,,
lotus brunneri,,,,,,,,,,,,,,,,3.0,13.333333333333334,11.407027531333334,0.18115942033333332,0.0,94.07281791333332,16.81333333,-22.91583333,1.0,2.0,1.0,16.8133,-22.9158,1,1,0,,
lotus corniculatus,non-woody,herb,79.0,0.7557510976249999,133.47759889653847,0.06030396416666667,23.667252143846156,,8.6,8.0,26.0,6.0,13.0,0.0,1.0,3.0,17.0,24.026084012,7.954655439333334,0.0,91.63884049666666,-33.69,117.56,,,,,,1,0,1,1.7490375252126538,0.796124975555695
lotus germanicus,,,1.0,,,,,,,0.0,0.0,0.0,0.0,0.0,0.0,,,,,,,,,,,,,,0,0,1,,
lotus jacobaeus,,,,,,,,,,,,,,,,8.0,11.5,27.73498900925,1.8607872696249999,5.776760753875,92.1810506,15.17916667,-23.68875,5.0,33.8,1.2,15.179420000000002,-23.689159999999998,1,1,0,,
lotus pedunculatus,non-woody,herb,2.0,,,,,,,0.0,0.0,0.0,0.0,0.0,0.0,,,,,,,,,,,,,,0,0,1,,
lotus tenuis,non-woody,herb,2.0,0.52,111.0,,38.0,,36.4,1.0,1.0,0.0,1.0,0.0,1.0,,,,,,,,,,,,,,0,0,1,,
loudetia simplex,non-woody,graminoid,2.0,,,,,,,0.0,0.0,0.0,0.0,0.0,0.0,,,,,,,,,,,,,,0,0,1,,
ludwigia palustris,non-woody,herb,2.0,,,,,,,0.0,0.0,0.0,0.0,0.0,0.0,,,,,,,,,,,,,,0,0,1,,
luetkea pectinata,non-woody,herb,1.0,,,,,,,0.0,0.0,0.0,0.0,0.0,0.0,,,,,,,,,,,,,,0,0,1,,
lunaria annua,non-woody,herb,1.0,,,,,,,0.0,0.0,0.0,0.0,0.0,0.0,,,,,,,,,,,,,,0,0,1,,
lupinus albus,non-woody,herb,1.0,,,,,,,0.0,0.0,0.0,0.0,0.0,0.0,,,,,,,,,,,,,,0,0,1,,
lupinus angustifolius,non-woody,herb,1.0,,,,,,,0.0,0.0,0.0,0.0,0.0,0.0,,,,,,,,,,,,,,0,0,1,,
lupinus arcticus,non-woody,herb,2.0,,,,,,,0.0,0.0,0.0,0.0,0.0,0.0,,,,,,,,,,,,,,0,0,1,,
lupinus argenteus,non-woody/woody,herb/shrub,3.0,,12.8731796095,,28.50082159,,,0.0,2.0,0.0,1.0,0.0,0.0,,,,,,,,,,,,,,0,0,1,,
lupinus caudatus,non-woody,herb,1.0,,,,,,,0.0,0.0,0.0,0.0,0.0,0.0,,,,,,,,,,,,,,0,0,1,,
lupinus kingii,non-woody,herb,3.0,,14.322868055499999,,28.72781754,,,0.0,2.0,0.0,1.0,0.0,0.0,,,,,,,,,,,,,,0,0,1,,
lupinus leucophyllus,,herb,3.0,,,,,,,0.0,0.0,0.0,0.0,0.0,0.0,,,,,,,,,,,,,,0,0,1,,
lupinus luteus,non-woody,herb,1.0,,,,,,,0.0,0.0,0.0,0.0,0.0,0.0,,,,,,,,,,,,,,0,0,1,,
lupinus mutabilis,,unspecified,1.0,,,,,,,0.0,0.0,0.0,0.0,0.0,0.0,,,,,,,,,,,,,,0,0,1,,
lupinus ornatus,,unspecified,3.0,,,,,,,0.0,0.0,0.0,0.0,0.0,0.0,,,,,,,,,,,,,,0,0,1,,
lupinus perennis,non-woody,herb,5.0,0.34,71.0,0.32,27.775,,,1.0,4.0,1.0,4.0,0.0,0.0,,,,,,,,,,,,,,0,0,1,0.7896079775040488,-0.7698896962123258
lupinus polyphyllus,non-woody,herb,1.0,,,,,,,0.0,0.0,0.0,0.0,0.0,0.0,,,,,,,,,,,,,,0,0,1,,
luzula alpinopilosa,non-woody,graminoid,2.0,,,,,,,0.0,0.0,0.0,0.0,0.0,0.0,,,,,,,,,,,,,,0,0,1,,
luzula campestris,non-woody,graminoid,4.0,1.52288572,653.3375,0.056757543,,,,1.0,1.0,1.0,0.0,0.0,0.0,,,,,,,,,,,,,,0,0,1,,
luzula confusa,non-woody,graminoid,10.0,,,,8.0,1.4,,0.0,0.0,0.0,1.0,1.0,0.0,,,,,,,,,,,,,,0,0,1,,
luzula multiflora,non-woody,graminoid,8.0,,,,,,,0.0,0.0,0.0,0.0,0.0,0.0,4.0,11.25,1.580668719,1.4150943395,0.0,98.41933128,64.85055556,-23.2975,,,,,,1,0,1,,
luzula nivalis,non-woody,graminoid,11.0,,,,,,,0.0,0.0,0.0,0.0,0.0,0.0,,,,,,,,,,,,,,0,0,1,,
luzula pilosa,non-woody,graminoid,15.0,,,,,,,0.0,0.0,0.0,0.0,0.0,0.0,,,,,,,,,,,,,,0,0,1,,
luzula rufa,non-woody,graminoid,3.0,,163.2672876,,11.08496499,,,0.0,2.0,0.0,1.0,0.0,0.0,,,,,,,,,,,,,,0,0,1,,
luzula spicata,non-woody,graminoid,2.0,,,,,,,0.0,0.0,0.0,0.0,0.0,0.0,2.0,6.0,91.83673469,2.040816327,0.0,97.95918367,32.84046756,77.153838965,,,,,,1,0,1,,
luzula stenophylla,non-woody,graminoid,2.0,,,,,,,0.0,0.0,0.0,0.0,0.0,0.0,,,,,,,,,,,,,,0,0,1,,
luzula sudetica,non-woody,graminoid,1.0,,,,,,,0.0,0.0,0.0,0.0,0.0,0.0,,,,,,,,,,,,,,0,0,1,,
luzula sylvatica,non-woody,graminoid,2.0,0.387,72.3,,6.14,,,1.0,1.0,0.0,1.0,0.0,0.0,,,,,,,,,,,,,,0,0,1,,
lycium andersonii,woody,shrub,3.0,,,,,,,0.0,0.0,0.0,0.0,0.0,0.0,,,,,,,,,,,,,,0,0,1,,
lycium berlandieri,,,2.0,,,,,,,0.0,0.0,0.0,0.0,0.0,0.0,,,,,,,,,,,,,,0,0,1,,
lycium chilense,woody,shrub,3.0,,,,,,,0.0,0.0,0.0,0.0,0.0,0.0,,,,,,,,,,,,,,0,0,1,,
lycium chinense,woody,shrub,2.0,,0.971981093,,20.9,2.91,,0.0,2.0,0.0,1.0,1.0,0.0,,,,,,,,,,,,,,0,0,1,,
lycium pallidum,woody,shrub,2.0,,,,,,,0.0,0.0,0.0,0.0,0.0,0.0,,,,,,,,,,,,,,0,0,1,,
lycopodium clavatum,non-woody,fern,5.0,,,,,,,0.0,0.0,0.0,0.0,0.0,0.0,,,,,,,,,,,,,,0,0,1,,
lycopus americanus,non-woody,graminoid,2.0,,,,,,,0.0,0.0,0.0,0.0,0.0,0.0,,,,,,,,,,,,,,0,0,1,,
lycopus europaeus,non-woody,herb,2.0,,,,,,,0.0,0.0,0.0,0.0,0.0,0.0,,,,,,,,,,,,,,0,0,1,,
lygodesmia juncea,non-woody,unspecified,24.0,0.36985,33.15708162,0.359426374,,,,1.0,1.0,1.0,0.0,0.0,0.0,,,,,,,,,,,,,,0,0,1,,
lygodium flexuosum,,,,,,,,,,,,,,,,4.0,6.5,0.45493595000000003,0.0,0.0,99.8979591825,16.85944444,100.4652778,,,,,,1,0,0,,
lysiloma latisiliquum,woody,unspecified,3.0,0.3835,7.574046568,0.31048868,13.96939635,,64.73,1.0,1.0,1.0,1.0,0.0,1.0,,,,,,,,,,,,,,0,0,1,-0.5938716648089062,-0.35950124552866797
lysimachia arvensis,,,2.0,,,,,,,0.0,0.0,0.0,0.0,0.0,0.0,,,,,,,,,,,,,,0,0,1,,
lysimachia europaea,non-woody,herb,14.0,,,,,,,0.0,0.0,0.0,0.0,0.0,0.0,,,,,,,,,,,,,,0,0,1,,
lysimachia foemina,,,1.0,,,,,,,0.0,0.0,0.0,0.0,0.0,0.0,,,,,,,,,,,,,,0,0,1,,
lysimachia maritima,non-woody,herb,1.0,,,,,,,0.0,0.0,0.0,0.0,0.0,0.0,2.0,10.0,96.76589933,0.0413907285,0.0413907285,99.89371126,33.82633878,77.69837257500001,,,,,,1,0,1,,
lysimachia nummularia,non-woody,herb,3.0,,,,,,,0.0,0.0,0.0,0.0,0.0,0.0,,,,,,,,,,,,,,0,0,1,,
lysimachia puncata,non-woody,herb,1.0,,,,,,,0.0,0.0,0.0,0.0,0.0,0.0,,,,,,,,,,,,,,0,0,1,,
lysimachia thyrsiflora,non-woody,herb,2.0,,,,,,,0.0,0.0,0.0,0.0,0.0,0.0,,,,,,,,,,,,,,0,0,1,,
lysimachia vulgaris,non-woody,herb,4.0,,,,,,,0.0,0.0,0.0,0.0,0.0,0.0,,,,,,,,,,,,,,0,0,1,,
lysiphyllum hookeri,,unspecified,1.0,,,,,,,0.0,0.0,0.0,0.0,0.0,0.0,,,,,,,,,,,,,,0,0,1,,
lysmachia nemorum,non-woody,herb,2.0,0.466,86.16,,14.2,,,1.0,1.0,0.0,1.0,0.0,0.0,,,,,,,,,,,,,,0,0,1,,
lythrum salicaria,non-woody,herb,6.0,,,,,,,0.0,0.0,0.0,0.0,0.0,0.0,,,,,,,,,,,,,,0,0,1,,
lythrum virgatum,,unspecified,1.0,,,,,,,0.0,0.0,0.0,0.0,0.0,0.0,,,,,,,,,,,,,,0,0,1,,
maackia amurensis,woody,tree,1.0,,,,,,,0.0,0.0,0.0,0.0,0.0,0.0,,,,,,,,,,,,,,0,0,1,,
macaranga bancana,,unspecified,73.0,,,,,,,0.0,0.0,0.0,0.0,0.0,0.0,,,,,,,,,,,,,,0,0,1,,
macaranga beccariana,woody,tree,15.0,,,,,,,0.0,0.0,0.0,0.0,0.0,0.0,,,,,,,,,,,,,,0,0,1,,
macaranga gigantea,woody,tree,39.0,,,,,,,0.0,0.0,0.0,0.0,0.0,0.0,,,,,,,,,,,,,,0,0,1,,
macaranga hosei,woody,tree,3.0,,,,,,,0.0,0.0,0.0,0.0,0.0,0.0,,,,,,,,,,,,,,0,0,1,,
macaranga sampsonii,woody,tree,6.0,0.3484857538333333,68.91615680333334,0.2251555011666667,20.405,,15.0,6.0,6.0,6.0,6.0,0.0,1.0,,,,,,,,,,,,,,0,0,1,0.5892328103098595,-0.4418073768125041
macaranga trachyphylla,woody,tree,6.0,,,,,,,0.0,0.0,0.0,0.0,0.0,0.0,,,,,,,,,,,,,,0,0,1,,
macaranga winkleri,woody,tree,3.0,,,,,,,0.0,0.0,0.0,0.0,0.0,0.0,,,,,,,,,,,,,,0,0,1,,
machaerium acutifolium,woody,tree,30.0,,,,,,,0.0,0.0,0.0,0.0,0.0,0.0,,,,,,,,,,,,,,0,0,1,,
machaerium isadelphum,woody,shrub,2.0,,0.2457,,,,,0.0,2.0,0.0,0.0,0.0,0.0,,,,,,,,,,,,,,0,0,1,,
machilus breviflora,woody,tree,6.0,0.6877296741666666,14.766638316666667,0.25385622616666664,19.40711183333333,,,6.0,6.0,6.0,6.0,0.0,0.0,,,,,,,,,,,,,,0,0,1,-0.0278245764095858,0.4464384583748687
machilus chinensis,woody,tree,8.0,,,,15.928,0.88144,,0.0,0.0,0.0,1.0,1.0,0.0,,,,,,,,,,,,,,0,0,1,,
machilus cicatricosa,,,6.0,,,,14.166666666666666,0.4116666666666666,,0.0,0.0,0.0,6.0,6.0,0.0,,,,,,,,,,,,,,0,0,1,,
machilus kwangtungensis,,unspecified,1.0,0.42593,32.3,0.3,21.25,,100.0,1.0,1.0,1.0,1.0,0.0,1.0,,,,,,,,,,,,,,0,0,1,0.11728821421402896,-0.36382169129579184
machilus nanmu,woody,tree,4.0,0.83086875,16.125907786,0.2261588005,20.00753989,1.59,,4.0,4.0,4.0,3.0,2.0,0.0,,,,,,,,,,,,,,0,0,1,0.08948018588437466,0.856491802477564
machilus oculodracontis,,unspecified,10.0,0.56,20.225,0.31,17.0,,55.46407387000001,4.0,4.0,3.0,1.0,0.0,5.0,,,,,,,,,,,,,,0,0,1,-0.33323574024715,0.024978710556836883
machilus robusta,,unspecified,1.0,0.47895,18.0,0.25,19.57,,92.0,1.0,1.0,1.0,1.0,0.0,1.0,,,,,,,,,,,,,,0,0,1,0.0683611424469546,-0.07630436399132749
machilus rufipes,,,8.0,0.872325,6.542261790375,0.324166834875,10.455714285714285,0.45875,,8.0,8.0,8.0,7.0,8.0,0.0,,,,,,,,,,,,,,0,0,1,-1.014478446645968,0.8841639967352529
machilus shweliensis,,unspecified,5.0,0.6978967776,17.3596,0.23466621019999997,,,,5.0,5.0,5.0,0.0,0.0,0.0,,,,,,,,,,,,,,0,0,1,,
machilus tenuipilis,woody,,1.0,0.932666667,5.257207602,0.33086587,10.04,0.57,,1.0,1.0,1.0,1.0,1.0,0.0,,,,,,,,,,,,,,0,0,1,-1.090828554337257,1.028313346764182
machilus thunbergii,,,,,,,,,,,,,,,,,,,,,,,,5.0,1.2,1.2,29.25,118.12,0,1,0,,
machilus velutina,,unspecified,1.0,0.45361,21.78,0.28,27.5,,92.0,1.0,1.0,1.0,1.0,0.0,1.0,,,,,,,,,,,,,,0,0,1,0.5560270373431616,-0.31428139135743394
maclura pomifera,woody,tree,5.0,,,,,,,0.0,0.0,0.0,0.0,0.0,0.0,,,,,,,,,,,,,,0,0,1,,
maclurodendron oligophlebium,,,6.0,,,,19.150000000000002,0.42,,0.0,0.0,0.0,6.0,6.0,0.0,,,,,,,,,,,,,,0,0,1,,
macropanax undulatus,,unspecified,1.0,0.2637,28.7,0.32,14.53,,39.0,1.0,1.0,1.0,1.0,0.0,1.0,,,,,,,,,,,,,,0,0,1,-0.41804014499826436,-0.7222194656617907
madhuca endertii,,unspecified,4.0,0.7965,9.01975,0.2535,,,,4.0,4.0,4.0,0.0,0.0,0.0,,,,,,,,,,,,,,0,0,1,,
madhuca hainanensis,woody,tree,6.0,,,,9.700000000000001,0.16666666666666666,,0.0,0.0,0.0,6.0,6.0,0.0,,,,,,,,,,,,,,0,0,1,,
madia gracilis,non-woody,herb,1.0,,,,,,,0.0,0.0,0.0,0.0,0.0,0.0,,,,,,,,,,,,,,0,0,1,,
magnolia acuminata,woody,tree,14.0,0.9265231116666666,13.917072958333334,0.15391666666666667,19.19209375,,,9.0,6.0,6.0,4.0,0.0,0.0,,,,,,,,,,,,,,0,0,1,0.25280082625468264,1.269212555646008
magnolia baillonii,woody,shrub/tree,16.0,0.950200626090909,10.073333333333332,0.25,20.558579633333334,,73.66666666666667,11.0,6.0,6.0,6.0,0.0,6.0,,,,,,,,,,,,,,0,0,1,-0.02539575455350874,1.1062119368443908
magnolia balansae,woody,tree,1.0,0.58004,20.16,0.23,21.71,,74.0,1.0,1.0,1.0,1.0,0.0,1.0,,,,,,,,,,,,,,0,0,1,0.28281791839183285,0.1901557629570381
magnolia carsonii,,unspecified,4.0,0.8505,12.42875,0.1555,,,,4.0,4.0,4.0,0.0,0.0,0.0,,,,,,,,,,,,,,0,0,1,,
magnolia cavaleriei,woody,tree,1.0,0.74241,15.4,0.22,21.1,,90.0,1.0,1.0,1.0,1.0,0.0,1.0,,,,,,,,,,,,,,0,0,1,0.20511170253591282,0.6350911314643979
magnolia champaca,woody,unspecified,3.0,0.5631433335,11.269204109499999,0.3678701755,16.6190791,,90.0,2.0,2.0,2.0,2.0,0.0,1.0,,,,,,,,,,,,,,0,0,1,-0.6283540903161953,-0.07486022947523918
magnolia championii,,unspecified,5.0,1.1654,12.672,0.1732,24.9,,,5.0,5.0,5.0,1.0,0.0,0.0,,,,,,,,,,,,,,0,0,1,0.5250002388844455,1.754568653410962
magnolia chapensis,woody,unspecified,2.0,0.6067666665,23.247184685,0.1532835565,22.674876835,,65.0,2.0,2.0,2.0,2.0,0.0,1.0,,,,,,,,,,,,,,0,0,1,0.6404826811547402,0.40821800694536287
magnolia dandyi,,unspecified,1.0,0.6237,17.69,0.13,23.33,,82.0,1.0,1.0,1.0,1.0,0.0,1.0,,,,,,,,,,,,,,0,0,1,0.7291057010610507,0.5022999624895199
magnolia denudata,woody,unspecified,4.0,0.9237243775,13.798832727499999,0.13775,15.56225,,,4.0,4.0,4.0,4.0,0.0,0.0,,,,,,,,,,,,,,0,0,1,0.052503953265699024,1.3447666124232596
magnolia ernestii,,unspecified,6.0,1.255435,8.8955,0.18166666666666667,24.29,,93.0,6.0,6.0,6.0,2.0,0.0,1.0,,,,,,,,,,,,,,0,0,1,0.40479949363112216,1.9758652281932731
magnolia fulva,,unspecified,1.0,0.66407,19.39,0.23,21.11,,90.0,1.0,1.0,1.0,1.0,0.0,1.0,,,,,,,,,,,,,,0,0,1,0.21523740070094188,0.41000762507791505
magnolia grandiflora,woody,tree,6.0,1.026865002,6.952003132,0.1764,16.729300000000002,,95.0,5.0,5.0,5.0,5.0,0.0,1.0,,,,,,,,,,,,,,0,0,1,-0.07312047809625874,1.5146642959949446
magnolia henryi,,,1.0,1.018733333,5.021858567,0.295882664,10.72,0.38,,1.0,1.0,1.0,1.0,1.0,0.0,,,,,,,,,,,,,,0,0,1,-0.9390741618586577,1.3126826456722036
magnolia kobus,woody,tree,5.0,0.7086238,18.245197085,0.1555,30.910062500000002,,,4.0,4.0,4.0,4.0,0.0,0.0,,,,,,,,,,,,,,0,0,1,1.160424041102305,0.5606013732340374
magnolia lotungensis,,unspecified,1.0,0.69685,12.01,0.24,21.26,,75.0,1.0,1.0,1.0,1.0,0.0,1.0,,,,,,,,,,,,,,0,0,1,0.13283858872076265,0.48024020377534804
magnolia macclurei,woody,tree,28.0,0.7386172223333333,14.817118299833334,0.208115749,16.132666666666665,0.62151,85.0,6.0,6.0,6.0,12.0,2.0,1.0,,,,,,,,,,,,,,0,0,1,-0.10847956498744207,0.7167753979635303
magnolia macrophylla,woody,tree,4.0,1.012309255,9.798643612500001,0.151,27.348401425,,,4.0,4.0,4.0,4.0,0.0,0.0,,,,,,,,,,,,,,0,0,1,0.795222258269803,1.392135443792895
magnolia maudiae,woody,unspecified,7.0,1.0515014285714286,14.063919254285713,0.16484615385714285,20.821058776666668,,78.0,7.0,7.0,7.0,3.0,0.0,1.0,,,,,,,,,,,,,,0,0,1,0.3010736467731596,1.5375533940729442
magnolia mediocris,,,6.0,,,,17.016666666666666,0.37833333333333335,,0.0,0.0,0.0,6.0,6.0,0.0,,,,,,,,,,,,,,0,0,1,,
magnolia obovata,woody,tree,2.0,,,,12.55,1.2149999999999999,,0.0,0.0,0.0,2.0,2.0,0.0,,,,,,,,,,,,,,0,0,1,,
magnolia odora,woody,unspecified,29.0,0.8125365395833333,12.002166952833333,0.3449898759166667,13.989053083750001,0.43000000000000005,90.0,12.0,12.0,12.0,8.0,5.0,1.0,,,,,,,,,,,,,,0,0,1,-0.7871254901897939,0.6339899024459468
magnolia opipara,,unspecified,1.0,0.56288,12.67,0.19,26.76,,83.0,1.0,1.0,1.0,1.0,0.0,1.0,,,,,,,,,,,,,,0,0,1,0.7387377852638711,0.18171490294845302
magnolia soulangeana,woody,shrub/tree,1.0,,,,,,,0.0,0.0,0.0,0.0,0.0,0.0,,,,,,,,,,,,,,0,0,1,,
magnolia stellata,woody,tree,4.0,0.7966360299999999,21.250217545,0.109625,21.6088,,,4.0,4.0,4.0,4.0,0.0,0.0,,,,,,,,,,,,,,0,0,1,0.6629336531879758,0.9975030723872634
magnolia tripetala,woody,tree,5.0,0.9453496975,12.2535638175,0.15000000000000002,21.394750000000002,,,4.0,4.0,4.0,4.0,0.0,0.0,,,,,,,,,,,,,,0,0,1,0.40780449570528304,1.2992728297618699
magnolia virginiana,woody,shrub/tree,6.0,0.96521637,15.426808229999999,0.138125,21.425640625,,,4.0,4.0,4.0,4.0,0.0,0.0,,,,,,,,,,,,,,0,0,1,0.4691473871870149,1.3696943662582675
magnolia xanthantha,,unspecified,2.0,0.609233333,5.466188362,0.286750968,15.07214149,,,1.0,1.0,1.0,1.0,0.0,0.0,,,,,,,,,,,,,,0,0,1,-0.49773562799592735,0.24820414609247396
magnolia yunnanensis,,unspecified,1.0,0.72074,17.24,0.21,18.45,,95.0,1.0,1.0,1.0,1.0,0.0,1.0,,,,,,,,,,,,,,0,0,1,0.06998018068131764,0.6339441094952855
magnolia yuyuanensis,,unspecified,10.0,0.6425,26.475,0.13,22.3,,47.915013873999996,4.0,4.0,3.0,1.0,0.0,5.0,,,,,,,,,,,,,,0,0,1,0.7104567792178048,0.5486558255459647
maianthemum bifolium,non-woody,herb,16.0,,,,,,,0.0,0.0,0.0,0.0,0.0,0.0,12.0,16.0,33.950046345833336,8.008902203083332,0.018076645,91.2109444225,59.47662037,40.09486111333334,3.0,7.333333333333333,1.0,61.2603,73.148,1,1,1,,
maianthemum canadense,non-woody,herb,2.0,,,,,,,0.0,0.0,0.0,0.0,0.0,0.0,,,,,,,,,,,,,,0,0,1,,
maianthemum stellatum,non-woody,herb,6.0,,,,,,,0.0,0.0,0.0,0.0,0.0,0.0,,,,,,,,,,,,,,0,0,1,,
malaleuca viridiflora,woody,tree,1.0,,,,,,,0.0,0.0,0.0,0.0,0.0,0.0,,,,,,,,,,,,,,0,0,1,,
malcolmia africana,non-woody,herb,6.0,,,,,,,0.0,0.0,0.0,0.0,0.0,0.0,,,,,,,,,,,,,,0,0,1,,
malcolmia boissieriana,,unspecified,1.0,,,,,,,0.0,0.0,0.0,0.0,0.0,0.0,,,,,,,,,,,,,,0,0,1,,
malcolmia grandiflora,,unspecified,2.0,,,,,,,0.0,0.0,0.0,0.0,0.0,0.0,,,,,,,,,,,,,,0,0,1,,
malcolmia turkestanica,,unspecified,6.0,,,,,,,0.0,0.0,0.0,0.0,0.0,0.0,,,,,,,,,,,,,,0,0,1,,
mallotus japonicus,,unspecified,1.0,,,,,,,0.0,0.0,0.0,0.0,0.0,0.0,,,,,,,,,,,,,,0,0,1,,
mallotus paniculatus,woody,tree,1.0,0.2358,97.12113636,0.244444444,20.893891,,,1.0,1.0,1.0,1.0,0.0,0.0,,,,,,,,,,,,,,0,0,1,0.7708273364427886,-0.8185964764852806
malosma laurina,woody,unspecified,61.0,,,,,,,0.0,0.0,0.0,0.0,0.0,0.0,,,,,,,,,,,,,,0,0,1,,
malpighia emarginata,,unspecified,2.0,0.4637,9.214292607,0.307302153,16.21389786,,,1.0,1.0,1.0,1.0,0.0,0.0,,,,,,,,,,,,,,0,0,1,-0.4307531544337799,-0.18288874510911965
malus baccata,woody,shrub/tree,6.0,0.5398498168,30.3532104878,0.3104584098,15.8,,,5.0,5.0,5.0,5.0,0.0,0.0,,,,,,,,,,,,,,0,0,1,-0.3474325138713367,-0.02737590329284109
malus domestica,woody,tree,74.0,0.3299624999375,33.6971952712,,,,35.472222222388886,16.0,15.0,0.0,0.0,0.0,18.0,,,,,,,,,63.0,14.904761904761905,1.3968253968253967,50.845555555555556,4.977460317460317,0,1,1,,
malus orientalis,,unspecified,1.0,,,,,,,0.0,0.0,0.0,0.0,0.0,0.0,,,,,,,,,,,,,,0,0,1,,
malus prunifolia,,unspecified,1.0,,,,,,,0.0,0.0,0.0,0.0,0.0,0.0,,,,,,,,,,,,,,0,0,1,,
malus sylvestris,woody,shrub/tree,5.0,,,,,,,0.0,0.0,0.0,0.0,0.0,0.0,,,,,,,,,,,,,,0,0,1,,
malva sylvestris,non-woody,herb,1.0,,,,,,,0.0,0.0,0.0,0.0,0.0,0.0,,,,,,,,,,,,,,0,0,1,,
mammillaria prolifera,,unspecified,1.0,,,,,,,0.0,0.0,0.0,0.0,0.0,0.0,,,,,,,,,,,,,,0,0,1,,
mammillaria supertexta,,unspecified,1.0,,,,,,,0.0,0.0,0.0,0.0,0.0,0.0,,,,,,,,,,,,,,0,0,1,,
mangifera indica,woody,tree,2.0,,,,,,,0.0,0.0,0.0,0.0,0.0,0.0,,,,,,,,,,,,,,0,0,1,,
manglietia paruicula,,unspecified,1.0,0.50389,21.82,0.19,22.15,,87.0,1.0,1.0,1.0,1.0,0.0,1.0,,,,,,,,,,,,,,0,0,1,0.48633954622802145,0.07853046951319842
manihot esculenta,woody,shrub,1.0,,,,,,,0.0,0.0,0.0,0.0,0.0,0.0,36.0,24.166666666666668,35.01412094472222,10.262519943444444,0.10630022827777778,81.42625739944444,-0.5386805555555556,-72.18124228250001,,,,,,1,0,1,,
manilkara bidentata,woody,tree,3.0,,0.19305,,14.0,,,0.0,2.0,0.0,1.0,0.0,0.0,,,,,,,,,,,,,,0,0,1,,
manilkara elata,,,2.0,,,,,,,0.0,0.0,0.0,0.0,0.0,0.0,,,,,,,,,,,,,,0,0,1,,
manoao colensoi,woody,tree,1.0,0.47,18.9,0.19,7.09,0.3,,1.0,1.0,1.0,1.0,1.0,0.0,,,,,,,,,,,,,,0,0,1,-0.5958677274631821,0.1927452197183949
maquira calophylla,woody,tree,1.0,0.936,3.14,0.368,,,,1.0,1.0,1.0,0.0,0.0,0.0,,,,,,,,,,,,,,0,0,1,,
maquira coriacea,woody,tree,1.0,0.368,28.87,0.356,,,,1.0,1.0,1.0,0.0,0.0,0.0,,,,,,,,,,,,,,0,0,1,,
maquira sclerophylla,woody,tree,1.0,0.566,9.94,0.441,,,,1.0,1.0,1.0,0.0,0.0,0.0,,,,,,,,,,,,,,0,0,1,,
markhamia obtusifolia,woody,tree,2.0,,,,,,,0.0,0.0,0.0,0.0,0.0,0.0,,,,,,,,,,,,,,0,0,1,,
marlimorimia psilostachya,,,6.0,,,,,,,0.0,0.0,0.0,0.0,0.0,0.0,,,,,,,,,,,,,,0,0,1,,
marmoritis rotundifolia,,,,,,,,,,,,,,,,1.0,4.0,0.746268657,0.0,0.0,100.0,33.88391281,76.79255504,,,,,,1,0,0,,
marquesia macroura,woody,tree,5.0,,,,,,,0.0,0.0,0.0,0.0,0.0,0.0,,,,,,,,,,,,,,0,0,1,,
marrubium leonuroides,,unspecified,1.0,,,,,,,0.0,0.0,0.0,0.0,0.0,0.0,,,,,,,,,,,,,,0,0,1,,
matayba inelegans,woody,,9.0,0.4579392945555556,17.096897654666666,0.43019823766666665,13.02636888888889,0.541509341,,9.0,9.0,9.0,9.0,8.0,0.0,,,,,,,,,,,,,,0,0,1,-1.0430005342948747,-0.4386490419778454
matayba peruviana,,,1.0,0.27795,27.86025806,0.587677725,10.41451,0.418442788,,1.0,1.0,1.0,1.0,1.0,0.0,,,,,,,,,,,,,,0,0,1,-1.677816229487828,-1.2196077372821381
matricaria breviradiata,non-woody,herb,2.0,,,,,,,0.0,0.0,0.0,0.0,0.0,0.0,,,,,,,,,,,,,,0,0,1,,
matricaria chamomilla,,,3.0,2.26713696,412.5888889,0.027035956,,,,1.0,1.0,1.0,0.0,0.0,0.0,,,,,,,,,,,,,,0,0,1,,
matricaria discoidea,non-woody,herb,2.0,1.89672511,365.1230769,0.045614477,,,,1.0,1.0,1.0,0.0,0.0,0.0,,,,,,,,,,,,,,0,0,1,,
matteuccia struthiopteris,non-woody,fern,6.0,0.34293333800000003,132.21018527799998,0.1098199576,19.326926242,,,5.0,5.0,5.0,5.0,0.0,0.0,,,,,,,,,,,,,,0,0,1,1.3517953889016172,-0.2903839605218305
matthiola incana,non-woody/woody,herb/shrub,1.0,,,,,,,0.0,0.0,0.0,0.0,0.0,0.0,,,,,,,,,,,,,,0,0,1,,
matthiola longipetala,non-woody,herb,1.0,,,,,,,0.0,0.0,0.0,0.0,0.0,0.0,,,,,,,,,,,,,,0,0,1,,
matthiola longipetiolata,,,1.0,,,,,,,0.0,0.0,0.0,0.0,0.0,0.0,,,,,,,,,,,,,,0,0,1,,
matthiola robusta,,unspecified,1.0,,,,,,,0.0,0.0,0.0,0.0,0.0,0.0,,,,,,,,,,,,,,0,0,1,,
mausolea eriocarpa,,,2.0,,,,,,,0.0,0.0,0.0,0.0,0.0,0.0,,,,,,,,,,,,,,0,0,1,,
mayodendron igneum,woody,tree,2.0,0.591666667,1.773259879,0.500089681,19.577353,,,1.0,1.0,1.0,1.0,0.0,0.0,,,,,,,,,,,,,,0,0,1,-0.9618490294009606,-0.3165103599521929
maytenus schippii,woody,tree,20.0,1.2421036694,3.9263741686,0.38031425385,11.57930678555,0.48212921870000003,92.57142857142857,20.0,20.0,20.0,20.0,20.0,14.0,,,,,,,,,,,,,,0,0,1,-1.240112856456088,1.6784981799233685
meconopsis aculeata,,,,,,,,,,,,,,,,1.0,2.0,50.0,0.0,0.0,100.0,33.44113,77.44338,,,,,,1,0,0,,
medicago falcata,non-woody,herb,13.0,2.70572281,546.5153846,0.083073015,,,,1.0,1.0,1.0,0.0,0.0,0.0,,,,,,,,,,,,,,0,0,1,,
medicago lupulina,non-woody,herb,12.0,2.41758363,236.73761903333335,0.06620710966666667,24.1,,37.45,1.0,3.0,3.0,1.0,0.0,2.0,,,,,,,,,,,,,,0,0,1,2.0613107864014255,4.781673870166216
medicago medicaginoides,,unspecified,5.0,,,,,,,0.0,0.0,0.0,0.0,0.0,0.0,,,,,,,,,,,,,,0,0,1,,
medicago minima,non-woody,herb,6.0,0.301,211.48000000000002,0.123,33.34666666666667,1.9,20.5,3.0,3.0,1.0,3.0,1.0,1.0,,,,,,,,,,,,,,0,0,1,2.8433866980486773,-0.7331400241259959
medicago platycarpa,,unspecified,1.0,,,,,,,0.0,0.0,0.0,0.0,0.0,0.0,,,,,,,,,,,,,,0,0,1,,
medicago ruthenica,non-woody/woody,herb/shrub,6.0,0.21937199999999998,46.63666666666666,0.29000000000000004,25.22,,28.02,5.0,3.0,2.0,3.0,0.0,1.0,,,,,,,,,,,,,,0,0,1,0.5801388822310581,-0.9345407323395741
medicago sativa,non-woody,herb,61.0,0.3300447516666667,140.1236007026667,0.045597548,25.91356406,,5.2,3.0,15.0,2.0,12.0,0.0,1.0,3.0,14.0,12.895504201333333,0.0,0.36231884066666664,95.24959742333333,-33.69,117.56,,,,,,1,0,1,2.1060901526916362,-0.2795496667755023
medicago truncatula,,,,,,,,,,,,,,,,,,,,,,,,4.0,98.0,2.5,34.535000000000004,9.6175,0,1,0,,
medicago varia,non-woody,herb,2.0,2.56740234,384.4857143,0.042584693,,,,1.0,1.0,1.0,0.0,0.0,0.0,,,,,,,,,,,,,,0,0,1,,
megacarpaea megalocarpa,,unspecified,3.0,,,,,,,0.0,0.0,0.0,0.0,0.0,0.0,,,,,,,,,,,,,,0,0,1,,
megathyrsus maximus,non-woody,graminoid,58.0,,,,,,,0.0,0.0,0.0,0.0,0.0,0.0,,,,,,,,,8.0,34.125,1.75,-24.7146,28.61845,0,1,1,,
melaleuca beaufortioides,,,2.0,,,,,,,0.0,0.0,0.0,0.0,0.0,0.0,,,,,,,,,,,,,,0,0,1,,
melaleuca halmaturorum,woody,shrub,2.0,,,,,,,0.0,0.0,0.0,0.0,0.0,0.0,,,,,,,,,,,,,,0,0,1,,
melaleuca pilosa,,,2.0,,,,,,,0.0,0.0,0.0,0.0,0.0,0.0,,,,,,,,,,,,,,0,0,1,,
melaleuca quinquenervia,woody,tree,1.0,,,,,,,0.0,0.0,0.0,0.0,0.0,0.0,,,,,,,,,,,,,,0,0,1,,
melaleuca scabra,woody,shrub,4.0,,,,,,,0.0,0.0,0.0,0.0,0.0,0.0,,,,,,,,,,,,,,0,0,1,,
melampyrum cristatum,non-woody,herb,6.0,,,,,,,0.0,0.0,0.0,0.0,0.0,0.0,,,,,,,,,,,,,,0,0,1,,
melampyrum pratense,non-woody,herb,5.0,,,,,,,0.0,0.0,0.0,0.0,0.0,0.0,,,,,,,,,,,,,,0,0,1,,
melandrium diurnum,,,1.0,,,,,,,0.0,0.0,0.0,0.0,0.0,0.0,,,,,,,,,,,,,,0,0,1,,
melastoma malabathricum,woody,shrub,25.0,,,,,,,0.0,0.0,0.0,0.0,0.0,0.0,,,,,,,,,,,,,,0,0,1,,
melia azedarach,woody,shrub/tree,2.0,,,,,,,0.0,0.0,0.0,0.0,0.0,0.0,,,,,,,,,,,,,,0,0,1,,
melica altissima,non-woody,graminoid,1.0,,,,,,,0.0,0.0,0.0,0.0,0.0,0.0,,,,,,,,,,,,,,0,0,1,,
melica ciliata,non-woody,graminoid,3.0,,,,,,,0.0,0.0,0.0,0.0,0.0,0.0,,,,,,,,,,,,,,0,0,1,,
melica nutans,non-woody,graminoid,10.0,,,,,,,0.0,0.0,0.0,0.0,0.0,0.0,8.0,17.25,21.707553197625,0.06806219725,0.204462133375,87.0615475325,58.584791665,23.56826389,,,,,,1,0,1,,
melica persica,non-woody,graminoid,1.0,,,,,,,0.0,0.0,0.0,0.0,0.0,0.0,1.0,3.0,83.33333333,0.0,0.0,100.0,34.218512,77.613882,,,,,,1,0,1,,
melicoccus oliviformis,woody,tree,4.0,,,,,,,0.0,0.0,0.0,0.0,0.0,0.0,,,,,,,,,,,,,,0,0,1,,
melicope chunii,,,6.0,,,,18.5,0.5299999999999999,,0.0,0.0,0.0,6.0,6.0,0.0,,,,,,,,,,,,,,0,0,1,,
melicope pteleifolia,woody,tree,1.0,0.25397,97.19,0.21,23.59,,71.0,1.0,1.0,1.0,1.0,0.0,1.0,,,,,,,,,,,,,,0,0,1,1.0819791754813273,-0.732323213237951
melicytus ramiflorus,woody,tree,14.0,0.47389166666666666,54.131154875,0.12032480141666667,18.173186025,1.482652658,,12.0,14.0,12.0,4.0,3.0,0.0,,,,,,,,,,,,,,0,0,1,0.6770844868377408,0.15563821920930837
melilotus albus,non-woody,herb,11.0,,99.645,0.05685,16.9,,15.9,0.0,2.0,2.0,1.0,0.0,2.0,,,,,,,,,,,,,,0,0,1,,
melilotus officinalis,non-woody,herb,5.0,0.29,100.0,0.15,,,,1.0,1.0,1.0,0.0,0.0,0.0,,,,,,,,,,,,,,0,0,1,,
memecylon nigrescens,woody,unspecified,5.0,0.3652793622,53.5266933384,0.373946432,12.24,,,5.0,5.0,5.0,5.0,0.0,0.0,,,,,,,,,,,,,,0,0,1,-0.6311196904919121,-0.5960930680669908
meniocus linifolius,,,1.0,,,,,,,0.0,0.0,0.0,0.0,0.0,0.0,,,,,,,,,,,,,,0,0,1,,
menisciopsis penangiana,,,4.0,,1.3050026465,,9.72748256675,0.92908843575,,0.0,4.0,0.0,4.0,4.0,0.0,,,,,,,,,,,,,,0,0,1,,
menodora spinescens,,shrub,4.0,,,,,,,0.0,0.0,0.0,0.0,0.0,0.0,,,,,,,,,,,,,,0,0,1,,
mentha aquatica,non-woody,herb,2.0,,,,,,,0.0,0.0,0.0,0.0,0.0,0.0,,,,,,,,,,,,,,0,0,1,,
mentha arvensis,non-woody,herb,5.0,,,,,,,0.0,0.0,0.0,0.0,0.0,0.0,,,,,,,,,,,,,,0,0,1,,
mentha longifolia,non-woody,herb,4.0,,,,,,,0.0,0.0,0.0,0.0,0.0,0.0,1.0,24.0,50.81458495,0.077579519,0.232738557,99.6121024,34.3717667,74.99741667,,,,,,1,0,1,,
mentha micrantha,,unspecified,1.0,,,,,,,0.0,0.0,0.0,0.0,0.0,0.0,,,,,,,,,,,,,,0,0,1,,
mentha piperita,non-woody,herb,1.0,,,,,,,0.0,0.0,0.0,0.0,0.0,0.0,,,,,,,,,,,,,,0,0,1,,
mentzelia albicaulis,non-woody,herb,1.0,,,,,,,0.0,0.0,0.0,0.0,0.0,0.0,,,,,,,,,,,,,,0,0,1,,
mentzelia multiflora,,herb,2.0,,,,,,,0.0,0.0,0.0,0.0,0.0,0.0,,,,,,,,,,,,,,0,0,1,,
mentzelia nuda,non-woody,herb,1.0,,,,,,,0.0,0.0,0.0,0.0,0.0,0.0,,,,,,,,,,,,,,0,0,1,,
menyanthes trifoliata,non-woody,herb,13.0,,,,7.08495157,0.718155482,,0.0,0.0,0.0,2.0,2.0,0.0,,,,,,,,,,,,,,0,0,1,,
mercurialis annua,non-woody,herb,1.0,,,,,,,0.0,0.0,0.0,0.0,0.0,0.0,,,,,,,,,,,,,,0,0,1,,
mercurialis perennis,non-woody,herb,7.0,,,,,,,0.0,0.0,0.0,0.0,0.0,0.0,12.0,9.583333333333334,26.156343309666667,0.013993842749999999,0.5454434219166667,98.92904250166667,49.26296296,8.844537038,3.0,1.6666666666666667,1.0,44.7544,-0.395278,1,1,1,,
meriania franciscana,,,16.0,0.5885294711875,15.634056288375,0.2727670804375,18.670353125,1.0292987555,,16.0,16.0,16.0,16.0,12.0,0.0,,,,,,,,,,,,,,0,0,1,-0.11874576712451754,0.16411473553337363
merremia aegyptia,non-woody,climber,1.0,,,,,,,0.0,0.0,0.0,0.0,0.0,0.0,,,,,,,,,,,,,,0,0,1,,
merremia umbellata,non-woody,climber,2.0,0.522,31.68,,20.61,,,1.0,1.0,0.0,1.0,0.0,0.0,,,,,,,,,,,,,,0,0,1,,
mesembryanthemum guerichianum,non-woody,herb,1.0,,,,,,,0.0,0.0,0.0,0.0,0.0,0.0,,,,,,,,,,,,,,0,0,1,,
mesosetum cayennense,,,1.0,,,,,,,0.0,0.0,0.0,0.0,0.0,0.0,,,,,,,,,,,,,,0,0,1,,
mesosetum loliiforme,,,1.0,,,,,,,0.0,0.0,0.0,0.0,0.0,0.0,,,,,,,,,,,,,,0,0,1,,
mesosphaerum suaveolens,,unspecified,1.0,,,,,,54.27,0.0,0.0,0.0,0.0,0.0,1.0,,,,,,,,,,,,,,0,0,1,,
metasequoia glyptostroboides,woody,tree,11.0,0.6625922853333334,14.823989857166666,0.21545113949999997,1.8114711840000002,,75.73166667,6.0,6.0,6.0,3.0,0.0,1.0,,,,,,,,,,,,,,0,0,1,-1.1348657064364283,0.6949024971923546
metathelypteris laxa,,,4.0,,1.71111417,,7.8968258505,1.02929276775,,0.0,4.0,0.0,4.0,4.0,0.0,,,,,,,,,,,,,,0,0,1,,
metrosideros diffusa,woody,climber,1.0,0.17,84.7,0.5,5.39,0.39,,1.0,1.0,1.0,1.0,1.0,0.0,,,,,,,,,,,,,,0,0,1,-1.3140662010791977,-1.3244947404541207
metrosideros excelsa,woody,shrub/tree,6.0,0.48598333333333327,24.266342050000002,0.23674609016666667,11.5,,,6.0,6.0,6.0,1.0,0.0,0.0,,,,,,,,,,,,,,0,0,1,-0.4174390997422458,0.0646231832794956
metrosideros fulgens,woody,climber,1.0,0.19,76.5,0.46,6.04,0.44,,1.0,1.0,1.0,1.0,1.0,0.0,,,,,,,,,,,,,,0,0,1,-1.1844335271600086,-1.1817017146179332
metrosideros polymorpha,woody,tree,10.0,,,,9.816666666666666,0.4666666666666666,,0.0,0.0,0.0,6.0,6.0,0.0,,,,,,,,,,,,,,0,0,1,,
metrosideros robusta,woody,tree,14.0,0.42669999999999997,47.57425214785714,0.1581364875714286,12.4,,,14.0,14.0,14.0,1.0,0.0,0.0,,,,,,,,,,,,,,0,0,1,0.09839577381232,0.03933271169302969
metrosideros umbellata,woody,tree,26.0,0.355,32.0,0.33999999999999997,9.545,0.28,,2.0,2.0,2.0,2.0,1.0,0.0,,,,,,,,,,,,,,0,0,1,-0.8433117711856292,-0.4779275425117686
meum athamanticum,non-woody,herb,2.0,,,,,,,0.0,0.0,0.0,0.0,0.0,0.0,,,,,,,,,,,,,,0,0,1,,
mezilaurus ita-uba,woody,tree,3.0,0.696,12.92,0.219,,,,1.0,1.0,1.0,0.0,0.0,0.0,,,,,,,,,,,,,,0,0,1,,
miconia calophylla,,,10.0,0.5021319383,24.7814389199,0.24381343719999998,13.060021,0.619486045875,,10.0,10.0,10.0,10.0,8.0,0.0,,,,,,,,,,,,,,0,0,1,-0.33217985448224263,0.06864778353131785
miconia crebribullata,,,1.0,0.9141,5.253499001,0.290144928,15.8894,,,1.0,1.0,1.0,1.0,0.0,0.0,,,,,,,,,,,,,,0,0,1,-0.5249001021158517,0.995559376718447
miconia dolichorrhyncha,woody,tree,1.0,0.3638,35.05674453,0.274549098,15.62827,0.89479933,,1.0,1.0,1.0,1.0,1.0,0.0,,,,,,,,,,,,,,0,0,1,-0.1581140895184743,-0.39565860313603335
miconia jahnii,,,12.0,0.4615165280833333,16.897387640416667,0.42634779841666665,10.170227500000001,0.46646717816666666,,12.0,12.0,12.0,12.0,12.0,0.0,,,,,,,,,,,,,,0,0,1,-1.2344317129326539,-0.383999503596245
miconia poeppigii,woody,tree,2.0,,,,,,,0.0,0.0,0.0,0.0,0.0,0.0,,,,,,,,,,,,,,0,0,1,,
miconia punctata,woody,tree,10.0,0.4890840436,21.779170853,0.2519923179,22.254549,0.6953663768,,10.0,10.0,10.0,10.0,10.0,0.0,,,,,,,,,,,,,,0,0,1,0.2750594162358246,-0.09600744213724004
miconia radula,,,1.0,0.2684,47.36484956,0.372937294,14.88804,0.64793653,,1.0,1.0,1.0,1.0,1.0,0.0,,,,,,,,,,,,,,0,0,1,-0.4578637734833246,-0.8612851427586817
micranthes foliolosa,non-woody,herb,1.0,,,,,,,0.0,0.0,0.0,0.0,0.0,0.0,,,,,,,,,,,,,,0,0,1,,
micranthes nivalis,non-woody,herb,1.0,,,,,,,0.0,0.0,0.0,0.0,0.0,0.0,,,,,,,,,,,,,,0,0,1,,
micranthes punctata,non-woody,herb,2.0,,,,,,,0.0,0.0,0.0,0.0,0.0,0.0,,,,,,,,,,,,,,0,0,1,,
micranthes rhomboidea,,unspecified,2.0,,,,,,,0.0,0.0,0.0,0.0,0.0,0.0,,,,,,,,,,,,,,0,0,1,,
micranthes tenuis,non-woody,herb,1.0,,,,,,,0.0,0.0,0.0,0.0,0.0,0.0,,,,,,,,,,,,,,0,0,1,,
microbiota decussata,,,4.0,0.4559666666666667,20.39841208,0.3659586273333333,,,,3.0,3.0,3.0,0.0,0.0,0.0,,,,,,,,,,,,,,0,0,1,,
microcephala lamellata,,unspecified,1.0,,,,,,,0.0,0.0,0.0,0.0,0.0,0.0,,,,,,,,,,,,,,0,0,1,,
micrococca mercurialis,non-woody,herb,1.0,,,,,,53.7,0.0,0.0,0.0,0.0,0.0,1.0,,,,,,,,,,,,,,0,0,1,,
microcos paniculata,woody,shrub/tree,1.0,0.11685,115.38,0.52,15.79,,40.0,1.0,1.0,1.0,1.0,0.0,1.0,,,,,,,,,,,,,,0,0,1,-0.42784640193763507,-1.685470429110506
microlaena stipoides,non-woody,graminoid,17.0,0.17758746733333333,195.06088599999998,,,,,12.0,12.0,0.0,0.0,0.0,0.0,,,,,,,,,,,,,,0,0,1,,
micromelum integerrimum,,,2.0,0.6529166664999999,10.149242943,0.3282727775,19.939999999999998,1.06,,2.0,2.0,2.0,2.0,2.0,0.0,,,,,,,,,,,,,,0,0,1,-0.2791587830115992,0.1962447581199
micropholis casiquiarensis,woody,tree,1.0,0.723,7.28,0.409,,,,1.0,1.0,1.0,0.0,0.0,0.0,,,,,,,,,,,,,,0,0,1,,
micropholis cylindrocarpa,,,1.0,0.53,14.2,0.417,,,,1.0,1.0,1.0,0.0,0.0,0.0,,,,,,,,,,,,,,0,0,1,,
micropholis egensis,woody,tree,17.0,0.6232110644117648,5.249764544333334,0.4789966047777777,,,,17.0,9.0,9.0,0.0,0.0,0.0,,,,,,,,,,,,,,0,0,1,,
micropholis guyanensis,woody,tree,38.0,0.4790853088918919,7.82394986315,0.5251286457,16.74143,,,37.0,20.0,20.0,1.0,0.0,0.0,,,,,,,,,,,,,,0,0,1,-1.185978764584136,-0.6270818810669687
micropholis mensalis,woody,,1.0,0.379,29.1,0.42,,,,1.0,1.0,1.0,0.0,0.0,0.0,,,,,,,,,,,,,,0,0,1,,
micropholis trunciflora,,,1.0,0.697,5.38,0.512,,,,1.0,1.0,1.0,0.0,0.0,0.0,,,,,,,,,,,,,,0,0,1,,
micropholis venulosa,woody,tree,9.0,0.6059107407777778,7.209796620400001,0.5772280492,,,,9.0,5.0,5.0,0.0,0.0,0.0,,,,,,,,,,,,,,0,0,1,,
microseris douglasii,non-woody,herb,1.0,,177.358697,,,,,0.0,1.0,0.0,0.0,0.0,0.0,,,,,,,,,,,,,,0,0,1,,
microsorum scolopendria,,,,,,,,,,,,,,,,24.0,12.708333333333334,26.885469918374998,0.01560192875,0.16666666666666666,92.60257867958335,-15.107581017083334,-148.19710647916665,6.0,7.166666666666667,1.1666666666666667,-15.094500000000002,-148.17433333333335,1,1,0,,
microstegium vimineum,non-woody,graminoid,9.0,,,,11.795,,,0.0,0.0,0.0,2.0,0.0,0.0,,,,,,,,,,,,,,0,0,1,,
microsteris gracilis,,,1.0,,,,,,,0.0,0.0,0.0,0.0,0.0,0.0,,,,,,,,,,,,,,0,0,1,,
microthlaspi perfoliatum,non-woody,herb,1.0,,,,,,,0.0,0.0,0.0,0.0,0.0,0.0,,,,,,,,,,,,,,0,0,1,,
microtropis discolor,,unspecified,1.0,0.45889,79.59,0.33,22.46,,65.0,1.0,1.0,1.0,1.0,0.0,1.0,,,,,,,,,,,,,,0,0,1,0.40571052202244956,-0.4386534992657368
milicia excelsa,woody,tree,7.0,,,,,,,0.0,0.0,0.0,0.0,0.0,0.0,,,,,,,,,,,,,,0,0,1,,
milium effusum,non-woody,graminoid,11.0,,,,,,,0.0,0.0,0.0,0.0,0.0,0.0,,,,,,,,,,,,,,0,0,1,,
milium schmidtianum,,unspecified,2.0,,,,,,,0.0,0.0,0.0,0.0,0.0,0.0,,,,,,,,,,,,,,0,0,1,,
milium vernale,non-woody,graminoid,2.0,,,,,,,0.0,0.0,0.0,0.0,0.0,0.0,,,,,,,,,,,,,,0,0,1,,
millettia leptobotrya,,unspecified,1.0,0.34158,25.62,0.43,31.22,,30.0,1.0,1.0,1.0,1.0,0.0,1.0,,,,,,,,,,,,,,0,0,1,0.33562896337461073,-0.9789532309680298
millingtonia hortensis,woody,unspecified,6.0,0.633133333,7.477468528,0.430357635,17.63251662,,61.08,1.0,1.0,1.0,1.0,0.0,1.0,,,,,,,,,,,,,,0,0,1,-0.82192187462446,-0.043411223915363596
mimosa caesalpiniifolia,woody,tree,1.0,,,,,,,0.0,0.0,0.0,0.0,0.0,0.0,,,,,,,,,,,,,,0,0,1,,
mimosa claussenii,woody,tree,1.0,,,,,,,0.0,0.0,0.0,0.0,0.0,0.0,,,,,,,,,,,,,,0,0,1,,
mimosa pudica,non-woody/woody,herb/shrub,1.0,,,,,,72.21,0.0,0.0,0.0,0.0,0.0,1.0,,,,,,,,,,,,,,0,0,1,,
mimosa teniuflora,woody,shrub/tree,2.0,,,,,,,0.0,0.0,0.0,0.0,0.0,0.0,,,,,,,,,,,,,,0,0,1,,
mimosa tenuiflora,woody,shrub/tree,1.0,,,,,,,0.0,0.0,0.0,0.0,0.0,0.0,,,,,,,,,,,,,,0,0,1,,
minuartia abchasica,,unspecified,1.0,,,,,,,0.0,0.0,0.0,0.0,0.0,0.0,,,,,,,,,,,,,,0,0,1,,
minuartia aizoides,non-woody,herb,2.0,,,,,,,0.0,0.0,0.0,0.0,0.0,0.0,,,,,,,,,,,,,,0,0,1,,
minuartia austriaca,non-woody,herb,1.0,,,,,,,0.0,0.0,0.0,0.0,0.0,0.0,,,,,,,,,,,,,,0,0,1,,
minuartia biflora,non-woody,herb,2.0,,,,,,,0.0,0.0,0.0,0.0,0.0,0.0,,,,,,,,,,,,,,0,0,1,,
minuartia circassica,non-woody,herb,2.0,,,,,,,0.0,0.0,0.0,0.0,0.0,0.0,,,,,,,,,,,,,,0,0,1,,
minuartia colchica,,unspecified,1.0,,,,,,,0.0,0.0,0.0,0.0,0.0,0.0,,,,,,,,,,,,,,0,0,1,,
minuartia imbricata,,unspecified,3.0,,,,,,,0.0,0.0,0.0,0.0,0.0,0.0,,,,,,,,,,,,,,0,0,1,,
minuartia litwinowii,,unspecified,2.0,,,,,,,0.0,0.0,0.0,0.0,0.0,0.0,,,,,,,,,,,,,,0,0,1,,
minuartia michauxii,,,1.0,,,,,,,0.0,0.0,0.0,0.0,0.0,0.0,,,,,,,,,,,,,,0,0,1,,
minuartia recurva,non-woody,herb,2.0,,,,,,,0.0,0.0,0.0,0.0,0.0,0.0,,,,,,,,,,,,,,0,0,1,,
minuartia rubella,non-woody,herb,2.0,,,,,,,0.0,0.0,0.0,0.0,0.0,0.0,,,,,,,,,,,,,,0,0,1,,
minuartia sedoides,non-woody,herb,1.0,,,,,,,0.0,0.0,0.0,0.0,0.0,0.0,,,,,,,,,,,,,,0,0,1,,
minuartia trautvetterana,,unspecified,1.0,,,,,,,0.0,0.0,0.0,0.0,0.0,0.0,,,,,,,,,,,,,,0,0,1,,
minuartia verna,non-woody,herb,2.0,,,,,,,0.0,0.0,0.0,0.0,0.0,0.0,,,,,,,,,,,,,,0,0,1,,
mirabilis decipiens,non-woody,herb,4.0,,44.97698908666666,,11.84925675,,,0.0,3.0,0.0,1.0,0.0,0.0,,,,,,,,,,,,,,0,0,1,,
mirabilis linearis,non-woody,herb,3.0,0.2025,,0.509128,,,,1.0,0.0,1.0,0.0,0.0,0.0,,,,,,,,,,,,,,0,0,1,,
miscanthus sinensis,non-woody,graminoid,2.0,,,,,,,0.0,0.0,0.0,0.0,0.0,0.0,,,,,,,,,,,,,,0,0,1,,
mitrephora tomentosa,,,3.0,0.8092222223333333,6.742303877,0.3147062153333333,16.78333333333333,0.8766666666666666,,3.0,3.0,3.0,3.0,3.0,0.0,,,,,,,,,,,,,,0,0,1,-0.514620315188028,0.6645171349791867
moehringia lateriflora,,unspecified,1.0,,,,,,,0.0,0.0,0.0,0.0,0.0,0.0,,,,,,,,,,,,,,0,0,1,,
mohavea breviflora,,,1.0,,,,,,,0.0,0.0,0.0,0.0,0.0,0.0,,,,,,,,,,,,,,0,0,1,,
molinia arundinacea,non-woody,graminoid,1.0,,,,,,,0.0,0.0,0.0,0.0,0.0,0.0,,,,,,,,,,,,,,0,0,1,,
molinia caerulea,non-woody,graminoid,20.0,0.29,26.873740412,,8.585,1.63,19.09,2.0,10.0,0.0,2.0,2.0,2.0,,,,,,,,,,,,,,0,0,1,,
moltkia aurea,,,1.0,,,,,,,0.0,0.0,0.0,0.0,0.0,0.0,,,,,,,,,,,,,,0,0,1,,
moltkiopsis ciliata,,unspecified,3.0,,,,,,,0.0,0.0,0.0,0.0,0.0,0.0,,,,,,,,,,,,,,0,0,1,,
monarda fistulosa,non-woody,herb,5.0,0.27182,88.66666666666667,0.191791,17.866666666666667,,,2.0,3.0,2.0,3.0,0.0,0.0,,,,,,,,,,,,,,0,0,1,0.6788788056889993,-0.5599080910527525
moneses uniflora,non-woody,herb,7.0,,,,,,,0.0,0.0,0.0,0.0,0.0,0.0,,,,,,,,,,,,,,0,0,1,,
monocymbium ceresiiforme,non-woody,graminoid,1.0,,,,,,,0.0,0.0,0.0,0.0,0.0,0.0,,,,,,,,,,,,,,0,0,1,,
monoon longifolium,woody,tree,2.0,0.808108334,5.852895752,0.250753413,23.83039117,,,1.0,1.0,1.0,1.0,0.0,0.0,,,,,,,,,,,,,,0,0,1,0.2095599030587553,0.7125139524348523
monoon simiarum,,,10.0,1.0800933333,4.5644328712,0.3126880782,19.018,0.8588888888888888,,10.0,10.0,10.0,10.0,9.0,0.0,,,,,,,,,,,,,,0,0,1,-0.42685432612919366,1.3232953637637312
monoptilon bellioides,non-woody,herb,1.0,,,,,,,0.0,0.0,0.0,0.0,0.0,0.0,,,,,,,,,,,,,,0,0,1,,
monotes africana,woody,tree,4.0,,,,,,,0.0,0.0,0.0,0.0,0.0,0.0,,,,,,,,,,,,,,0,0,1,,
monotes africanus,woody,tree,5.0,,,,,,,0.0,0.0,0.0,0.0,0.0,0.0,,,,,,,,,,,,,,0,0,1,,
montinia caryophyllacea,,,,,,,,,,,,,,,,8.0,10.75,15.770386255125,0.013850277375000001,0.2305816,92.90113205125,-33.990555560000004,18.964861114999998,5.0,4.2,1.4,-33.991,18.966720000000002,1,1,0,,
montiopsis gayana,,,1.0,,,,,,,0.0,0.0,0.0,0.0,0.0,0.0,,,,,,,,,,,,,,0,0,1,,
montrouziera sphaeroidea,,,,,,,,,,,,,,,,4.0,11.0,22.726976197,1.23748609575,0.2109463345,96.3238448,-22.18361111,166.7286111,1.0,7.0,1.0,-22.1836,166.729,1,1,0,,
moorochloa eruciformis,non-woody,graminoid,1.0,,,,,,,0.0,0.0,0.0,0.0,0.0,0.0,,,,,,,,,,,,,,0,0,1,,
moquilea platypus,,,5.0,,,,,,,0.0,0.0,0.0,0.0,0.0,0.0,,,,,,,,,,,,,,0,0,1,,
morella rubra,,,,,,,,,,,,,,,,,,,,,,,,5.0,4.0,1.4,29.25,118.12,0,1,0,,
moringa oleifera,woody,tree,2.0,0.504966667,6.190157752,0.270378476,23.26992194,,,1.0,1.0,1.0,1.0,0.0,0.0,,,,,,,,,,,,,,0,0,1,0.17300641069250314,-0.08456689601717671
morisonia yco,woody,shrub,1.0,,,,,,,0.0,0.0,0.0,0.0,0.0,0.0,,,,,,,,,,,,,,0,0,1,,
morus alba,woody,tree,21.0,0.798,,,19.887999999999998,,,5.0,0.0,0.0,5.0,0.0,0.0,,,,,,,,,,,,,,0,0,1,,
morus insignis,,,9.0,0.35907222222222224,33.06178444111111,0.4095595813333333,18.93224888888889,1.8601559225,,9.0,9.0,9.0,9.0,4.0,0.0,,,,,,,,,,,,,,0,0,1,-0.41883791391804875,-0.7434037116441341
morus macroura,woody,unspecified,2.0,0.2724,30.07151021,0.435656808,,,,1.0,1.0,1.0,0.0,0.0,0.0,,,,,,,,,,,,,,0,0,1,,
morus rubra,woody,tree,2.0,,,,,,,0.0,0.0,0.0,0.0,0.0,0.0,,,,,,,,,,,,,,0,0,1,,
mouriri elliptica,,unspecified,4.0,,,,,,,0.0,0.0,0.0,0.0,0.0,0.0,,,,,,,,,,,,,,0,0,1,,
muehlenbeckia axillaris,woody,shrub,12.0,,45.675492203333334,0.42547891716666664,,,,0.0,6.0,12.0,0.0,0.0,0.0,,,,,,,,,,,,,,0,0,1,,
muhlenbergia arenacea,,graminoid,3.0,,,,,,,0.0,0.0,0.0,0.0,0.0,0.0,,,,,,,,,,,,,,0,0,1,,
muhlenbergia cuspidata,non-woody,graminoid,2.0,,,,,,,0.0,0.0,0.0,0.0,0.0,0.0,,,,,,,,,,,,,,0,0,1,,
muhlenbergia minutissima,non-woody,graminoid,4.0,,127.76195476666668,,12.29115844,,,0.0,3.0,0.0,1.0,0.0,0.0,,,,,,,,,,,,,,0,0,1,,
muhlenbergia montana,non-woody,graminoid,22.0,,34.226220370769234,0.4084,6.413821578,,,0.0,13.0,10.0,1.0,0.0,0.0,,,,,,,,,,,,,,0,0,1,,
muhlenbergia multiflora,,unspecified,5.0,,,,,,,0.0,0.0,0.0,0.0,0.0,0.0,,,,,,,,,,,,,,0,0,1,,
muhlenbergia peruviana,non-woody,graminoid,2.0,,197.79,0.044,10.9,,31.0,0.0,1.0,1.0,1.0,0.0,1.0,,,,,,,,,,,,,,0,0,1,,
muhlenbergia porteri,non-woody,graminoid,2.0,,,,,,,0.0,0.0,0.0,0.0,0.0,0.0,,,,,,,,,,,,,,0,0,1,,
muhlenbergia pungens,non-woody,graminoid,4.0,,,,,,,0.0,0.0,0.0,0.0,0.0,0.0,,,,,,,,,,,,,,0,0,1,,
muhlenbergia ramulosa,non-woody,graminoid,4.0,,186.83832606666667,,10.10622501,,,0.0,3.0,0.0,1.0,0.0,0.0,,,,,,,,,,,,,,0,0,1,,
muhlenbergia richardsonis,non-woody,graminoid,2.0,,,,,,,0.0,0.0,0.0,0.0,0.0,0.0,,,,,,,,,,,,,,0,0,1,,
muhlenbergia rigens,non-woody,graminoid,4.0,,41.49463793,,6.745111346,,,0.0,3.0,0.0,1.0,0.0,0.0,,,,,,,,,,,,,,0,0,1,,
muhlenbergia torreyi,non-woody,graminoid,3.0,,,,,,,0.0,0.0,0.0,0.0,0.0,0.0,,,,,,,,,,,,,,0,0,1,,
muhlenbergia tricholepis,non-woody,graminoid,6.0,,57.6110402498,,7.991358042,,,0.0,5.0,0.0,1.0,0.0,0.0,,,,,,,,,,,,,,0,0,1,,
muhlenbergia wrightii,non-woody,graminoid,7.0,,49.76173897,0.369,16.83747172,,,0.0,6.0,3.0,1.0,0.0,0.0,,,,,,,,,,,,,,0,0,1,,
mulguraea tridens,woody,shrub,18.0,,,,3.4025,,,0.0,0.0,0.0,12.0,0.0,0.0,,,,,,,,,,,,,,0,0,1,,
munroa christianii-bernardii,non-woody,graminoid,1.0,0.23,381.21,0.07,,,,1.0,1.0,1.0,0.0,0.0,0.0,,,,,,,,,,,,,,0,0,1,,
munroa eriopoda,non-woody,graminoid,1.0,,,,5.9,,,0.0,0.0,0.0,1.0,0.0,0.0,,,,,,,,,,,,,,0,0,1,,
munroa obtusa,non-woody,graminoid,1.0,,,,6.9,,,0.0,0.0,0.0,1.0,0.0,0.0,,,,,,,,,,,,,,0,0,1,,
munroa pulchella,non-woody,graminoid,11.0,,,,6.5,,,0.0,0.0,0.0,8.0,0.0,0.0,,,,,,,,,,,,,,0,0,1,,
munroa squarrosa,non-woody,graminoid,4.0,,113.67062176666667,,9.399450421,,,0.0,3.0,0.0,1.0,0.0,0.0,,,,,,,,,,,,,,0,0,1,,
muraltia alopecuroides,,,,,,,,,,,,,,,,4.0,10.25,14.125983837,0.08960573475,0.0,99.882081695,-33.98805556,18.95555556,1.0,6.0,1.0,-33.988,18.9555,1,1,0,,
murbeckiella huetii,,unspecified,3.0,,,,,,,0.0,0.0,0.0,0.0,0.0,0.0,,,,,,,,,,,,,,0,0,1,,
musanga cecropioides,,,,,,,,,,,,,,,,2.0,7.0,0.0,0.0,0.0,96.14890886,0.617222222,10.41361111,1.0,1.0,1.0,0.6172,10.4136,1,1,0,,
muscari armeniacum,non-woody,herb,4.0,,,,,,,0.0,0.0,0.0,0.0,0.0,0.0,,,,,,,,,,,,,,0,0,1,,
muscari botryoides,non-woody,herb,2.0,,,,,,,0.0,0.0,0.0,0.0,0.0,0.0,,,,,,,,,,,,,,0,0,1,,
muscari dolichanthum,,unspecified,1.0,,,,,,,0.0,0.0,0.0,0.0,0.0,0.0,,,,,,,,,,,,,,0,0,1,,
muscari neglectum,non-woody,herb,2.0,,,,,,,0.0,0.0,0.0,0.0,0.0,0.0,,,,,,,,,,,,,,0,0,1,,
muscari racemosum,non-woody,herb,1.0,,,,,,,0.0,0.0,0.0,0.0,0.0,0.0,,,,,,,,,,,,,,0,0,1,,
musineon divaricatum,non-woody,herb,1.0,0.5138,35.51308466,0.223564815,,,,1.0,1.0,1.0,0.0,0.0,0.0,,,,,,,,,,,,,,0,0,1,,
mutellina purpurea,,,1.0,,,,,,,0.0,0.0,0.0,0.0,0.0,0.0,,,,,,,,,,,,,,0,0,1,,
mutisia retusa,,unspecified,2.0,,,,,,,0.0,0.0,0.0,0.0,0.0,0.0,,,,,,,,,,,,,,0,0,1,,
myoosotis laxa,non-woody,herb,8.0,,67.99903623333334,0.066799173,,,,0.0,3.0,6.0,0.0,0.0,0.0,,,,,,,,,,,,,,0,0,1,,
myosotis alpestris,non-woody,herb,11.0,,,,,,,0.0,0.0,0.0,0.0,0.0,0.0,,,,,,,,,,,,,,0,0,1,,
myosotis arvensis,non-woody,herb,4.0,1.98585206,345.175,0.034056675,,,,1.0,1.0,1.0,0.0,0.0,0.0,,,,,,,,,,,,,,0,0,1,,
myosotis asiatica,,unspecified,2.0,,,,,,,0.0,0.0,0.0,0.0,0.0,0.0,,,,,,,,,,,,,,0,0,1,,
myosotis decumbens,non-woody,herb,1.0,,,,,,,0.0,0.0,0.0,0.0,0.0,0.0,,,,,,,,,,,,,,0,0,1,,
myosotis discolor,non-woody,herb,2.0,1.78514847,803.0916667,0.019035533,,,,1.0,1.0,1.0,0.0,0.0,0.0,,,,,,,,,,,,,,0,0,1,,
myosotis micrantha,,,2.0,,,,,,,0.0,0.0,0.0,0.0,0.0,0.0,,,,,,,,,,,,,,0,0,1,,
myosotis ramosissima,non-woody,herb,3.0,1.9367989,324.9,0.024457708,,,,1.0,1.0,1.0,0.0,0.0,0.0,,,,,,,,,,,,,,0,0,1,,
myosotis scorpioides,non-woody,herb,2.0,,,,,,,0.0,0.0,0.0,0.0,0.0,0.0,,,,,,,,,,,,,,0,0,1,,
myosotis sparsiflora,non-woody,herb,2.0,,,,,,,0.0,0.0,0.0,0.0,0.0,0.0,,,,,,,,,,,,,,0,0,1,,
myosotis sylvatica,non-woody,herb,2.0,,,,,,,0.0,0.0,0.0,0.0,0.0,0.0,,,,,,,,,,,,,,0,0,1,,
myrcia bracteata,,,1.0,0.278,18.41,0.682,,,,1.0,1.0,1.0,0.0,0.0,0.0,,,,,,,,,,,,,,0,0,1,,
myrcia caudata,,,1.0,0.401,17.09,0.519,,,,1.0,1.0,1.0,0.0,0.0,0.0,,,,,,,,,,,,,,0,0,1,,
myrcia chytraculia,woody,tree,2.0,0.365166667,6.518215075,0.572892273,15.51967263,,,1.0,1.0,1.0,1.0,0.0,0.0,,,,,,,,,,,,,,0,0,1,-1.4257957003873494,-0.9999232579695311
myrcia citrifolia,,,1.0,0.321,33.15,0.459,,,,1.0,1.0,1.0,0.0,0.0,0.0,,,,,,,,,,,,,,0,0,1,,
myrcia crebra,,,1.0,0.448,14.51,0.494,,,,1.0,1.0,1.0,0.0,0.0,0.0,,,,,,,,,,,,,,0,0,1,,
myrcia cuspidata,,,1.0,0.34,17.66,0.586,,,,1.0,1.0,1.0,0.0,0.0,0.0,,,,,,,,,,,,,,0,0,1,,
myrcia fenestrata,,,1.0,0.361,19.35,0.554,,,,1.0,1.0,1.0,0.0,0.0,0.0,,,,,,,,,,,,,,0,0,1,,
myrcia ferruginea,,,1.0,0.337,20.55,0.571,,,,1.0,1.0,1.0,0.0,0.0,0.0,,,,,,,,,,,,,,0,0,1,,
myrcia grandis,,,2.0,0.402,24.71,0.5335000000000001,,,,2.0,2.0,2.0,0.0,0.0,0.0,,,,,,,,,,,,,,0,0,1,,
myrcia integra,,,1.0,0.433,10.73,0.504,,,,1.0,1.0,1.0,0.0,0.0,0.0,,,,,,,,,,,,,,0,0,1,,
myrcia neomontana,,,1.0,,,,,,,0.0,0.0,0.0,0.0,0.0,0.0,,,,,,,,,,,,,,0,0,1,,
myrcia neospeciosa,,,1.0,0.397,25.65,0.354,,,,1.0,1.0,1.0,0.0,0.0,0.0,,,,,,,,,,,,,,0,0,1,,
myrcia paivae,woody,,1.0,0.468,19.97,0.385,,,,1.0,1.0,1.0,0.0,0.0,0.0,,,,,,,,,,,,,,0,0,1,,
myrcia servata,,,1.0,0.376,18.3,0.536,,,,1.0,1.0,1.0,0.0,0.0,0.0,,,,,,,,,,,,,,0,0,1,,
myrcia splendens,woody,tree,1.0,0.378,13.05,0.586,,,,1.0,1.0,1.0,0.0,0.0,0.0,,,,,,,,,,,,,,0,0,1,,
myrcia subsericea,,,1.0,0.376,14.59,0.573,,,,1.0,1.0,1.0,0.0,0.0,0.0,,,,,,,,,,,,,,0,0,1,,
myrcia sylvatica,woody,tree,1.0,0.354,22.62,0.478,,,,1.0,1.0,1.0,0.0,0.0,0.0,,,,,,,,,,,,,,0,0,1,,
myrcia umbraticola,,,1.0,0.197,52.49,0.511,,,,1.0,1.0,1.0,0.0,0.0,0.0,,,,,,,,,,,,,,0,0,1,,
myrcianthes rhopaloides,,,1.0,0.3822,16.12794195,0.540142518,8.70546,,,1.0,1.0,1.0,1.0,0.0,0.0,,,,,,,,,,,,,,0,0,1,-1.7324355553959867,-0.812700477847051
myrciaria floribunda,woody,tree,1.0,0.33,18.59,0.57,,,,1.0,1.0,1.0,0.0,0.0,0.0,,,,,,,,,,,,,,0,0,1,,
myrciaria tenella,,,1.0,0.472,7.47,0.528,,,,1.0,1.0,1.0,0.0,0.0,0.0,,,,,,,,,,,,,,0,0,1,,
myrica cerifera,woody,shrub/tree,48.0,0.313333333,42.07931829,0.136588343,13.895174294,0.7,,1.0,1.0,1.0,5.0,4.0,0.0,,,,,,,,,,,,,,0,0,1,0.2715782884743699,-0.20831874247553378
myrica pubescens,woody,shrub/tree,3.0,0.4156333333333333,31.345514966666666,0.31573791933333334,18.17974,0.6565895523333333,,3.0,3.0,3.0,3.0,3.0,0.0,,,,,,,,,,,,,,0,0,1,-0.1612936233878895,-0.38301131040877817
myricaria germanica,woody,shrub,1.0,,,,,,,0.0,0.0,0.0,0.0,0.0,0.0,,,,,,,,,,,,,,0,0,1,,
myriocarpa stipitata,woody,tree,3.0,0.4168,24.142114476666666,0.3400036993333333,22.067406666666667,,,3.0,3.0,3.0,3.0,0.0,0.0,,,,,,,,,,,,,,0,0,1,-0.020442848105029828,-0.4719988989915055
myriophyllum quitense,,unspecified,45.0,,39.46383428,0.0992506603181818,,,,0.0,21.0,44.0,0.0,0.0,0.0,,,,,,,,,,,,,,0,0,1,,
myriophyllum spicatum,non-woody,herb,1.0,,,,,,,0.0,0.0,0.0,0.0,0.0,0.0,,,,,,,,,,,,,,0,0,1,,
myrsine andina,non-woody,climber,4.0,0.77365,7.912202422,0.40024438125,13.60803,0.4977395863333334,,4.0,4.0,4.0,4.0,3.0,0.0,,,,,,,,,,,,,,0,0,1,-1.0303312374472717,0.42660175248116455
myrsine australis,woody,tree,8.0,0.405725,38.21212743,0.218539437375,8.665,0.39,,8.0,8.0,8.0,2.0,1.0,0.0,,,,,,,,,,,,,,0,0,1,-0.44127788495942427,-0.0826034170851849
myrsine coriacea,woody,tree,16.0,0.621852150875,15.5552774208125,0.3208315169375,10.269785454545454,0.45122876575,,16.0,16.0,16.0,11.0,8.0,0.0,,,,,,,,,,,,,,0,0,1,-0.8963403311822693,0.2508663384610417
myrsine divaricata,woody,shrub,6.0,0.3798166666666667,38.493833351666666,0.24487812099999998,13.120000000000001,0.74,,6.0,6.0,6.0,2.0,1.0,0.0,,,,,,,,,,,,,,0,0,1,-0.21088937950377484,-0.2634490786745239
myrsine seguinii,woody,tree,6.0,0.8148696861666668,22.952895130666665,0.2455669765,9.834999999999999,0.75,,6.0,6.0,6.0,6.0,1.0,0.0,,,,,,,,,,,,,,0,0,1,-0.6535260478126375,0.8941768956783346
myrtus communis,woody,shrub,3.0,0.423125,10.13083205,0.787755381,,,22.475,1.0,1.0,1.0,0.0,0.0,1.0,,,,,,,,,,,,,,0,0,1,,
mytilaria laosensis,woody,unspecified,75.0,0.4,42.625,0.235,11.917020966911112,2.5221493758499998,,4.0,4.0,4.0,45.0,40.0,0.0,,,,,,,,,,,,,,0,0,1,-0.23804885096489095,-0.1822168390899366
nabalus asper,non-woody,herb,1.0,0.2149,,0.143498,,,,1.0,0.0,1.0,0.0,0.0,0.0,,,,,,,,,,,,,,0,0,1,,
nabalus tatarinowii,non-woody,unspecified,1.0,0.1784,342.7914286,0.116666667,32.909857,,,1.0,1.0,1.0,1.0,0.0,0.0,,,,,,,,,,,,,,0,0,1,3.7455856772375404,-1.2323994521386237
nageia nagi,woody,unspecified,6.0,0.43950151175,32.054120616666665,0.323340118,1.62686523575,,,4.0,3.0,3.0,4.0,0.0,0.0,,,,,,,,,,,,,,0,0,1,-1.3660535877621076,-0.1270985410733526
nama dichotoma,non-woody,herb,4.0,,183.65086723333334,,7.407644987,,,0.0,3.0,0.0,1.0,0.0,0.0,,,,,,,,,,,,,,0,0,1,,
nama hispida,,herb,3.0,,,,,,,0.0,0.0,0.0,0.0,0.0,0.0,,,,,,,,,,,,,,0,0,1,,
nananthus vittatus,,,1.0,,,,,,,0.0,0.0,0.0,0.0,0.0,0.0,,,,,,,,,,,,,,0,0,1,,
nanophyton erinaceum,,unspecified,5.0,,,,,,,0.0,0.0,0.0,0.0,0.0,0.0,,,,,,,,,,,,,,0,0,1,,
narcissus poeticus,non-woody,herb,1.0,,,,,,,0.0,0.0,0.0,0.0,0.0,0.0,,,,,,,,,,,,,,0,0,1,,
nardophyllum bryoides,,unspecified,9.0,,,,4.333333333333333,,,0.0,0.0,0.0,6.0,0.0,0.0,,,,,,,,,,,,,,0,0,1,,
nardus stricta,non-woody,graminoid,14.0,0.3156666666666667,37.53,,8.493333333333334,1.08,14.995,3.0,3.0,0.0,3.0,2.0,2.0,,,,,,,,,,,,,,0,0,1,,
narthecium ossifragum,non-woody,herb,2.0,,,,,,,0.0,0.0,0.0,0.0,0.0,0.0,,,,,,,,,,,,,,0,0,1,,
nassauvia glomerulosa,,,2.0,,,,,,,0.0,0.0,0.0,0.0,0.0,0.0,,,,,,,,,,,,,,0,0,1,,
nassauvia ulicina,,unspecified,9.0,,,,7.55,,,0.0,0.0,0.0,6.0,0.0,0.0,,,,,,,,,,,,,,0,0,1,,
nassella pulchra,non-woody,graminoid,3.0,,128.3020232,,,,,0.0,1.0,0.0,0.0,0.0,0.0,,,,,,,,,,,,,,0,0,1,,
nassella tenuis,non-woody,graminoid,3.0,,,,,,,0.0,0.0,0.0,0.0,0.0,0.0,,,,,,,,,,,,,,0,0,1,,
nassella tenuissima,non-woody,graminoid,1.0,,,,11.0,0.4,,0.0,0.0,0.0,1.0,1.0,0.0,,,,,,,,,,,,,,0,0,1,,
nassella viridula,non-woody,graminoid,5.0,0.23675,54.89286067,0.517363388,,,,1.0,1.0,1.0,0.0,0.0,0.0,,,,,,,,,,,,,,0,0,1,,
naucleopsis caloneura,,,1.0,0.35,35.11,0.361,,,,1.0,1.0,1.0,0.0,0.0,0.0,,,,,,,,,,,,,,0,0,1,,
naucleopsis francisci,,,8.0,0.399307480625,27.8873579525,0.319608328875,23.403275,0.782507813625,,8.0,8.0,8.0,8.0,8.0,0.0,,,,,,,,,,,,,,0,0,1,0.17679310451349495,-0.4943984657969407
naucleopsis imitans,woody,tree,1.0,0.341,19.13,0.445,,,,1.0,1.0,1.0,0.0,0.0,0.0,,,,,,,,,,,,,,0,0,1,,
naucleopsis insculptula,,,1.0,0.55,7.02,0.514,,,,1.0,1.0,1.0,0.0,0.0,0.0,,,,,,,,,,,,,,0,0,1,,
naucleopsis krukovii,woody,tree,1.0,0.22,51.73,0.44,,,,1.0,1.0,1.0,0.0,0.0,0.0,,,,,,,,,,,,,,0,0,1,,
naucleopsis ternstroemiiflora,woody,tree,1.0,0.489,13.64,0.41,,,,1.0,1.0,1.0,0.0,0.0,0.0,,,,,,,,,,,,,,0,0,1,,
nectandra cissiflora,woody,tree,30.0,,,,,,,0.0,0.0,0.0,0.0,0.0,0.0,,,,,,,,,,,,,,0,0,1,,
neltuma caldenia,woody,tree,2.0,,,,,,,0.0,0.0,0.0,0.0,0.0,0.0,,,,,,,,,,,,,,0,0,1,,
neltuma chilensis,woody,tree,2.0,,,,,,,0.0,0.0,0.0,0.0,0.0,0.0,,,,,,,,,,,,,,0,0,1,,
neltuma flexuosa,woody,tree,6.0,,,,,,,0.0,0.0,0.0,0.0,0.0,0.0,,,,,,,,,,,,,,0,0,1,,
neltuma glandulosa,woody,shrub/tree,26.0,,,,,,,0.0,0.0,0.0,0.0,0.0,0.0,,,,,,,,,,,,,,0,0,1,,
neltuma juliflora,woody,shrub/tree,16.0,,,,19.9,0.9,,0.0,0.0,0.0,1.0,1.0,0.0,,,,,,,,,,,,,,0,0,1,,
neltuma odorata,woody,shrub/tree,1.0,,,,,,,0.0,0.0,0.0,0.0,0.0,0.0,,,,,,,,,,,,,,0,0,1,,
neltuma velutina,woody,unspecified,5.0,,,,,,,0.0,0.0,0.0,0.0,0.0,0.0,,,,,,,,,,,,,,0,0,1,,
nemesia strumosa,,unspecified,1.0,,,,,,,0.0,0.0,0.0,0.0,0.0,0.0,,,,,,,,,,,,,,0,0,1,,
neogaya simplex,non-woody,herb,4.0,,,,,,,0.0,0.0,0.0,0.0,0.0,0.0,,,,,,,,,,,,,,0,0,1,,
neolitsea aurata,,,,,,,,,,,,,,,,,,,,,,,,2.0,1.0,1.0,29.25,118.12,0,1,0,,
neolitsea cambodiana,,,6.0,,,,21.566666666666666,0.4083333333333334,,0.0,0.0,0.0,6.0,6.0,0.0,,,,,,,,,,,,,,0,0,1,,
neolitsea cassia,woody,unspecified,1.0,0.53449,22.75,0.13,29.24,,79.0,1.0,1.0,1.0,1.0,0.0,1.0,,,,,,,,,,,,,,0,0,1,1.2041826057093088,0.19395051500248234
neolitsea ellipsoidea,woody,,6.0,,,,19.349999999999998,0.38666666666666666,,0.0,0.0,0.0,6.0,6.0,0.0,,,,,,,,,,,,,,0,0,1,,
neolitsea oblongifolia,woody,,6.0,,,,24.383333333333336,0.4416666666666667,,0.0,0.0,0.0,6.0,6.0,0.0,,,,,,,,,,,,,,0,0,1,,
neolitsea ovatifolia,,,6.0,,,,23.75,0.365,,0.0,0.0,0.0,6.0,6.0,0.0,,,,,,,,,,,,,,0,0,1,,
neolitsea phanerophlebia,woody,unspecified,10.0,0.575,28.55,0.16333333333333333,34.9,,73.597932818,4.0,4.0,3.0,1.0,0.0,5.0,,,,,,,,,,,,,,0,0,1,1.5166296980085952,0.13997534030089995
neolitsea pulchella,,,6.0,,,,23.21666666666667,0.38999999999999996,,0.0,0.0,0.0,6.0,6.0,0.0,,,,,,,,,,,,,,0,0,1,,
neomyrtus pedunculata,woody,shrub,1.0,0.21,42.3,0.68,5.03,0.32,,1.0,1.0,1.0,1.0,1.0,0.0,,,,,,,,,,,,,,0,0,1,-2.2781389022603586,-1.5464627807422924
neopanax arboreus,woody,tree,7.0,0.7824142857142856,17.894399807142857,0.126558313,12.6,,,7.0,7.0,7.0,1.0,0.0,0.0,,,,,,,,,,,,,,0,0,1,-0.057281560012477896,1.0464217108586606
neopanax colensoi,woody,tree,2.0,0.7242999999999999,15.713258747000001,0.20858258950000003,7.42,0.96,,2.0,2.0,2.0,1.0,1.0,0.0,,,,,,,,,,,,,,0,0,1,-0.7201229163382371,0.7909420642452207
neotorularia brevipes,,unspecified,2.0,,,,,,,0.0,0.0,0.0,0.0,0.0,0.0,,,,,,,,,,,,,,0,0,1,,
neotrinia splendens,non-woody,graminoid,6.0,,,,,,,0.0,0.0,0.0,0.0,0.0,0.0,,,,,,,,,,,,,,0,0,1,,
neottia cordata,non-woody,herb,3.0,,,,,,,0.0,0.0,0.0,0.0,0.0,0.0,,,,,,,,,,,,,,0,0,1,,
nepeta coerulescens,,,,,,,,,,,,,,,,1.0,4.0,1.612903226,0.0,1.209677419,98.79032258,32.92857039,77.22147706,,,,,,1,0,0,,
nepeta nuda,non-woody,herb,1.0,,,,,,,0.0,0.0,0.0,0.0,0.0,0.0,,,,,,,,,,,,,,0,0,1,,
nepeta podostachys,,unspecified,2.0,,,,,,,0.0,0.0,0.0,0.0,0.0,0.0,,,,,,,,,,,,,,0,0,1,,
nepeta tenuifolia,non-woody,unspecified,4.0,,24.055,,,,,0.0,4.0,0.0,0.0,0.0,0.0,,,,,,,,,,,,,,0,0,1,,
nephelium lappaceum,woody,tree,1.0,0.15885,58.45,0.5,14.07,,53.0,1.0,1.0,1.0,1.0,0.0,1.0,,,,,,,,,,,,,,0,0,1,-0.8706784049924202,-1.4224000513930344
nephelium topengii,,,6.0,,,,10.316666666666666,0.34833333333333333,,0.0,0.0,0.0,6.0,6.0,0.0,,,,,,,,,,,,,,0,0,1,,
nephroia orbiculata,,unspecified,1.0,,,,,,,0.0,0.0,0.0,0.0,0.0,0.0,,,,,,,,,,,,,,0,0,1,,
nephrolepis hirsutula,,,,,,,,,,,,,,,,19.0,21.05263157894737,14.726080728736843,0.1773229302631579,0.5132970039473684,95.86943682526315,-17.55214912263158,-149.43247074736843,9.0,16.0,1.3333333333333333,-17.554733333333335,-149.43133333333333,1,1,0,,
nerisyrenia linearifolia,non-woody,herb,3.0,,,,,,,0.0,0.0,0.0,0.0,0.0,0.0,,,,,,,,,,,,,,0,0,1,,
nerium oleander,woody,shrub,2.0,0.453441667,14.17862159,0.540704456,,,23.90555556,1.0,1.0,1.0,0.0,0.0,1.0,,,,,,,,,,,,,,0,0,1,,
neslia paniculata,non-woody,herb,1.0,,,,,,,0.0,0.0,0.0,0.0,0.0,0.0,,,,,,,,,,,,,,0,0,1,,
nestegis lanceolata,woody,unspecified,11.0,0.744709090909091,10.963528249,0.22229067845454545,14.6,,,11.0,11.0,11.0,1.0,0.0,0.0,,,,,,,,,,,,,,0,0,1,-0.2954843565269605,0.7269397171516151
nicotiana alata,,unspecified,1.0,,,,,,,0.0,0.0,0.0,0.0,0.0,0.0,,,,,,,,,,,,,,0,0,1,,
nicotiana glauca,,,,,,,,,,,,,,,,,,,,,,,,24.0,466.1666666666667,3.375,37.932775,-1.02487475,0,1,0,,
nicotiana tabacum,non-woody,herb,6.0,,,,,1.217127649,,0.0,0.0,0.0,0.0,4.0,0.0,,,,,,,,,,,,,,0,0,1,,
nigella arvensis,non-woody,herb,1.0,,,,,,,0.0,0.0,0.0,0.0,0.0,0.0,,,,,,,,,,,,,,0,0,1,,
nigella integrifolia,,unspecified,1.0,,,,,,,0.0,0.0,0.0,0.0,0.0,0.0,,,,,,,,,,,,,,0,0,1,,
nitraria sibirica,woody,shrub,8.0,,4.365,,21.34,,,0.0,2.0,0.0,2.0,0.0,0.0,,,,,,,,,,,,,,0,0,1,,
no species,,,,,,,,,,,,,,,,1855.0,19.16010781671159,30.246782528830536,5.54708988874066,3.592814852990796,86.53028965348022,35.7025866577531,10.741006467929381,,,,,,1,0,0,,
noaea mucronata,woody,shrub,1.0,,,,,,,0.0,0.0,0.0,0.0,0.0,0.0,,,,,,,,,,,,,,0,0,1,,
noccaea alpestris,non-woody,herb,1.0,,,,,,,0.0,0.0,0.0,0.0,0.0,0.0,,,,,,,,,,,,,,0,0,1,,
noccaea caerulescens,non-woody,herb,1.0,,,,,,,0.0,0.0,0.0,0.0,0.0,0.0,,,,,,,,,,,,,,0,0,1,,
noccaea minima,,,1.0,,,,,,,0.0,0.0,0.0,0.0,0.0,0.0,,,,,,,,,,,,,,0,0,1,,
noccaea rotundifolia,,,1.0,,,,,,,0.0,0.0,0.0,0.0,0.0,0.0,,,,,,,,,,,,,,0,0,1,,
nolana mollis,,,1.0,,,,,,,0.0,0.0,0.0,0.0,0.0,0.0,,,,,,,,,,,,,,0,0,1,,
nolina texana,woody,shrub,1.0,,,,,,,0.0,0.0,0.0,0.0,0.0,0.0,,,,,,,,,,,,,,0,0,1,,
nolletia chrysocomoides,,,1.0,,,,,,,0.0,0.0,0.0,0.0,0.0,0.0,,,,,,,,,,,,,,0,0,1,,
nonea caspica,,unspecified,6.0,,,,,,,0.0,0.0,0.0,0.0,0.0,0.0,,,,,,,,,,,,,,0,0,1,,
nonea echioides,,unspecified,6.0,,,,,,,0.0,0.0,0.0,0.0,0.0,0.0,,,,,,,,,,,,,,0,0,1,,
nonea pulla,non-woody,herb,1.0,,,,,,,0.0,0.0,0.0,0.0,0.0,0.0,,,,,,,,,,,,,,0,0,1,,
noronhia mildbraedii,woody,tree,1.0,0.59,9.46,0.43,,,,1.0,1.0,1.0,0.0,0.0,0.0,,,,,,,,,,,,,,0,0,1,,
nothofagus antarctica,woody,tree,158.0,,,,2.3628571428571425,1.565238095238095,,0.0,0.0,0.0,21.0,21.0,0.0,,,,,,,,,,,,,,0,0,1,,
nothofagus dombeyi,woody,tree,2.0,,,,,,,0.0,0.0,0.0,0.0,0.0,0.0,,,,,,,,,,,,,,0,0,1,,
nothofagus fusca,woody,unspecified,9.0,0.3066125,56.58853367375,0.270137527,14.3,,,8.0,8.0,8.0,2.0,0.0,0.0,,,,,,,,,,,,,,0,0,1,-0.07871250579316978,-0.54694246961414
nothofagus menziesii,woody,tree,6.0,0.30606666666666665,44.27373175666667,0.3390995778333334,,,,6.0,6.0,6.0,0.0,0.0,0.0,,,,,,,,,,,,,,0,0,1,,
nothofagus obliqua,,unspecified,1.0,0.36,35.4,0.31,17.1,,,1.0,1.0,1.0,1.0,0.0,0.0,,,,,,,,,,,,,,0,0,1,-0.17720168841738718,-0.5025892983616617
nothofagus pumilio,woody,tree,2.0,,,,,,,0.0,0.0,0.0,0.0,0.0,0.0,,,,,,,,,,,,,,0,0,1,,
nothofagus pumilo,woody,tree,3.0,,,,,,,0.0,0.0,0.0,0.0,0.0,0.0,,,,,,,,,,,,,,0,0,1,,
nothofagus solandri,,unspecified,16.0,0.23675,99.640615149375,0.2532180816875,15.9,,,16.0,16.0,16.0,2.0,0.0,0.0,,,,,,,,,,,,,,0,0,1,0.4011143912761462,-0.7750093417506034
noticastrum marginatum,non-woody,herb,2.0,,11.85,0.157,7.6,,36.0,0.0,1.0,1.0,1.0,0.0,1.0,,,,,,,,,,,,,,0,0,1,,
nuphar advena,non-woody,herb,2.0,,,,,,,0.0,0.0,0.0,0.0,0.0,0.0,,,,,,,,,,,,,,0,0,1,,
nuphar alba,,,1.0,,,,,,,0.0,0.0,0.0,0.0,0.0,0.0,,,,,,,,,,,,,,0,0,1,,
nuphar lutea,non-woody,herb,2.0,,,,,,,0.0,0.0,0.0,0.0,0.0,0.0,,,,,,,,,,,,,,0,0,1,,
nymphaea odorata,non-woody,herb,1.0,,,,,,,0.0,0.0,0.0,0.0,0.0,0.0,,,,,,,,,,,,,,0,0,1,,
nyssa aquatica,woody,tree,3.0,0.18002592,13.57333333,0.16,16.43333333,,,1.0,1.0,1.0,1.0,0.0,0.0,,,,,,,,,,,,,,0,0,1,0.2081270189674737,-0.5811855606903634
nyssa sylvatica,woody,tree,7.0,0.9115523799999999,12.392844947142859,0.17721170914285714,12.2095,,,7.0,7.0,7.0,3.0,0.0,0.0,,,,,,,,,,,,,,0,0,1,-0.33367622055598833,1.2731629351653446
oberna lacera,,unspecified,3.0,,,,,,,0.0,0.0,0.0,0.0,0.0,0.0,,,,,,,,,,,,,,0,0,1,,
ochna pulchra,woody,shrub/tree,7.0,,,,,,,0.0,0.0,0.0,0.0,0.0,0.0,,,,,,,,,,,,,,0,0,1,,
ochradenus baccatus,non-woody,herb,1.0,,,,,,,0.0,0.0,0.0,0.0,0.0,0.0,,,,,,,,,,,,,,0,0,1,,
ocimum africanum,,unspecified,1.0,,,,,,25.76,0.0,0.0,0.0,0.0,0.0,1.0,,,,,,,,,,,,,,0,0,1,,
ocimum basilicum,,unspecified,2.0,,,,,,64.21,0.0,0.0,0.0,0.0,0.0,1.0,,,,,,,,,,,,,,0,0,1,,
ocotea aciphylla,woody,tree,3.0,0.8962333333333333,5.531394115333334,0.34711019233333334,17.524315,,,3.0,3.0,3.0,2.0,0.0,0.0,,,,,,,,,,,,,,0,0,1,-0.6065356526543777,0.8040940365974234
ocotea amazonica,woody,tree,1.0,0.453,23.8,0.278,,,,1.0,1.0,1.0,0.0,0.0,0.0,,,,,,,,,,,,,,0,0,1,,
ocotea andina,,,10.0,0.9132553016999999,4.7587692832,0.3400408315,17.510086,0.6298343495000001,,10.0,10.0,10.0,10.0,8.0,0.0,,,,,,,,,,,,,,0,0,1,-0.5914308420786171,0.8637549113600749
ocotea argyrophylla,woody,tree,1.0,0.585,15.98,0.296,,,,1.0,1.0,1.0,0.0,0.0,0.0,,,,,,,,,,,,,,0,0,1,,
ocotea aurantiodora,,,1.0,0.508,18.38,0.313,,,,1.0,1.0,1.0,0.0,0.0,0.0,,,,,,,,,,,,,,0,0,1,,
ocotea boissieriana,,,1.0,0.698,10.49,0.3,,,,1.0,1.0,1.0,0.0,0.0,0.0,,,,,,,,,,,,,,0,0,1,,
ocotea cujumary,woody,tree,1.0,0.53,19.24,0.252,,,,1.0,1.0,1.0,0.0,0.0,0.0,,,,,,,,,,,,,,0,0,1,,
ocotea cuneifolia,woody,tree,1.0,0.9897,3.227310002,0.402752294,23.72471,,,1.0,1.0,1.0,1.0,0.0,0.0,,,,,,,,,,,,,,0,0,1,-0.4024045107568817,0.8400800082178076
ocotea infrafoveolata,,,2.0,0.45399999999999996,17.241376295000002,0.368362176,13.694795,0.697318858,,2.0,2.0,2.0,2.0,2.0,0.0,,,,,,,,,,,,,,0,0,1,-0.7722278433231173,-0.3216457289864421
ocotea lancifolia,woody,unspecified,6.0,0.570007334,21.0227874885,0.3131104411666667,18.153333333333332,,75.0,6.0,6.0,6.0,6.0,0.0,1.0,,,,,,,,,,,,,,0,0,1,-0.25937951344714616,0.027079132142198446
ocotea myriantha,woody,,1.0,0.823,10.7,0.227,,,,1.0,1.0,1.0,0.0,0.0,0.0,,,,,,,,,,,,,,0,0,1,,
ocotea nigra,woody,,6.0,0.597995,10.064320534666665,0.25307295966666665,,,,6.0,3.0,3.0,0.0,0.0,0.0,,,,,,,,,,,,,,0,0,1,,
ocotea nigrescens,,,1.0,0.497,14.74,0.37,,,,1.0,1.0,1.0,0.0,0.0,0.0,,,,,,,,,,,,,,0,0,1,,
ocotea olivacea,woody,tree,1.0,0.809,8.78,0.232,,,,1.0,1.0,1.0,0.0,0.0,0.0,,,,,,,,,,,,,,0,0,1,,
ocotea pauciflora,woody,,1.0,0.992,6.56,0.239,,,,1.0,1.0,1.0,0.0,0.0,0.0,,,,,,,,,,,,,,0,0,1,,
ocotea pedanomischa,,,4.0,0.8743,4.359201457,0.4145737975,16.3752025,,,4.0,4.0,4.0,4.0,0.0,0.0,,,,,,,,,,,,,,0,0,1,-0.9324419011130184,0.6176746244786524
ocotea percurrens,woody,tree,1.0,0.76,7.45,0.34,,,,1.0,1.0,1.0,0.0,0.0,0.0,,,,,,,,,,,,,,0,0,1,,
ocotea rotundata,,,7.0,0.7488170077142857,8.163486255285715,0.28236647600000003,17.489987142857142,0.8987215118571428,,7.0,7.0,7.0,7.0,7.0,0.0,,,,,,,,,,,,,,0,0,1,-0.32487091748701513,0.5725229050021736
ocotea scabrella,,,1.0,0.726,9.06,0.275,,,,1.0,1.0,1.0,0.0,0.0,0.0,,,,,,,,,,,,,,0,0,1,,
ocotea splendens,woody,,1.0,0.589,11.92,0.321,,,,1.0,1.0,1.0,0.0,0.0,0.0,,,,,,,,,,,,,,0,0,1,,
odontarrhena tortuosa,,unspecified,1.0,,,,,,,0.0,0.0,0.0,0.0,0.0,0.0,,,,,,,,,,,,,,0,0,1,,
odontites vulgaris,non-woody,herb,1.0,,,,,,,0.0,0.0,0.0,0.0,0.0,0.0,,,,,,,,,,,,,,0,0,1,,
odontosoria chinensis,,,4.0,,1.19832670475,,8.48040072725,0.56672564225,,0.0,4.0,0.0,4.0,4.0,0.0,,,,,,,,,,,,,,0,0,1,,
odyssea paucinervis,non-woody,graminoid,1.0,,,,,,,0.0,0.0,0.0,0.0,0.0,0.0,,,,,,,,,,,,,,0,0,1,,
oedibasis apiculata,,unspecified,4.0,,,,,,,0.0,0.0,0.0,0.0,0.0,0.0,,,,,,,,,,,,,,0,0,1,,
oenanthe aquatica,non-woody,herb,1.0,,,,,,,0.0,0.0,0.0,0.0,0.0,0.0,,,,,,,,,,,,,,0,0,1,,
oenothera biennis,non-woody,herb,4.0,0.25216,95.0,0.198276,,,,2.0,1.0,2.0,0.0,0.0,0.0,,,,,,,,,,,,,,0,0,1,,
oenothera cespitosa,,unspecified,2.0,,,,,,,0.0,0.0,0.0,0.0,0.0,0.0,,,,,,,,,,,,,,0,0,1,,
oenothera glaucifolia,non-woody,herb,1.0,0.29233,,0.293229,,,,1.0,0.0,1.0,0.0,0.0,0.0,,,,,,,,,,,,,,0,0,1,,
oenothera macrocarpa,non-woody,herb,2.0,0.34792,,0.310618,,,,1.0,0.0,1.0,0.0,0.0,0.0,,,,,,,,,,,,,,0,0,1,,
oenothera pallida,non-woody,herb,1.0,,,,,,,0.0,0.0,0.0,0.0,0.0,0.0,,,,,,,,,,,,,,0,0,1,,
oenothera pubescens,non-woody,herb,4.0,,79.69067460666666,,7.707286179,,,0.0,3.0,0.0,1.0,0.0,0.0,,,,,,,,,,,,,,0,0,1,,
oenothera serrulata,,,1.0,,,,,,,0.0,0.0,0.0,0.0,0.0,0.0,,,,,,,,,,,,,,0,0,1,,
oenothera suffrutescens,non-woody,herb,6.0,,,,,,,0.0,0.0,0.0,0.0,0.0,0.0,,,,,,,,,,,,,,0,0,1,,
oldeania alpina,woody,graminoid,2.0,,,,,,,0.0,0.0,0.0,0.0,0.0,0.0,,,,,,,,,,,,,,0,0,1,,
olea europaea,woody,shrub/tree,68.0,0.5180882352941176,10.28375,0.40625,,,,68.0,8.0,8.0,0.0,0.0,0.0,,,,,,,,,,,,,,0,0,1,,
olearia avicenniaefolia,woody,shrub/tree,1.0,0.48,19.8,0.27,14.43,1.17,,1.0,1.0,1.0,1.0,1.0,0.0,,,,,,,,,,,,,,0,0,1,-0.3567810129256928,-0.054068323259912066
olearia ciliata,,,1.0,,,,,,,0.0,0.0,0.0,0.0,0.0,0.0,,,,,,,,,,,,,,0,0,1,,
olearia rani,woody,shrub/tree,3.0,0.5370333333333334,45.10161219666667,0.10958951899999998,22.4,,,3.0,3.0,3.0,1.0,0.0,0.0,,,,,,,,,,,,,,0,0,1,0.9405059559563489,0.2975659011925305
olgaea leucophylla,non-woody,,5.0,,,,,,,0.0,0.0,0.0,0.0,0.0,0.0,,,,,,,,,,,,,,0,0,1,,
oligochaeta ramosa,non-woody,herb,1.0,,,,,,,0.0,0.0,0.0,0.0,0.0,0.0,,,,,,,,,,,,,,0,0,1,,
olsynium junceum,non-woody,herb,1.0,,,,,,,0.0,0.0,0.0,0.0,0.0,0.0,,,,,,,,,,,,,,0,0,1,,
onobrychis arenaria,non-woody,herb,3.0,,,,,,,0.0,0.0,0.0,0.0,0.0,0.0,,,,,,,,,,,,,,0,0,1,,
onobrychis biebersteinii,,unspecified,2.0,,,,,,,0.0,0.0,0.0,0.0,0.0,0.0,,,,,,,,,,,,,,0,0,1,,
onobrychis echidna,,unspecified,1.0,,,,,,,0.0,0.0,0.0,0.0,0.0,0.0,,,,,,,,,,,,,,0,0,1,,
onobrychis grandis,,unspecified,1.0,,,,,,,0.0,0.0,0.0,0.0,0.0,0.0,,,,,,,,,,,,,,0,0,1,,
onobrychis montana,non-woody,herb,1.0,,,,,,,0.0,0.0,0.0,0.0,0.0,0.0,,,,,,,,,,,,,,0,0,1,,
onobrychis pulchella,,,1.0,,,,,,,0.0,0.0,0.0,0.0,0.0,0.0,,,,,,,,,,,,,,0,0,1,,
onobrychis viciifolia,non-woody,herb,7.0,,80.3,0.0944,,,5.5,0.0,1.0,1.0,0.0,0.0,1.0,,,,,,,,,,,,,,0,0,1,,
onoclea sensibilis,non-woody,fern,3.0,0.3367813736666667,92.88760701333335,0.12112716633333333,10.846577063333333,,,3.0,3.0,3.0,3.0,0.0,0.0,,,,,,,,,,,,,,0,0,1,0.44587337430375856,-0.1578535114140044
ononis natrix,woody,shrub,1.0,,,,,,,0.0,0.0,0.0,0.0,0.0,0.0,,,,,,,,,,,,,,0,0,1,,
ononis spinosa,woody,shrub,6.0,3.24160393,172.5192308,0.0362,,,,1.0,1.0,1.0,0.0,0.0,0.0,,,,,,,,,,,,,,0,0,1,,
onopordum acanthium,non-woody,herb,1.0,,,,,,,0.0,0.0,0.0,0.0,0.0,0.0,,,,,,,,,,,,,,0,0,1,,
onosma arenaria,non-woody,herb,4.0,,,,,,,0.0,0.0,0.0,0.0,0.0,0.0,,,,,,,,,,,,,,0,0,1,,
onosma barsczewskii,,unspecified,1.0,,,,,,,0.0,0.0,0.0,0.0,0.0,0.0,,,,,,,,,,,,,,0,0,1,,
onosma caucasica,,unspecified,1.0,,,,,,,0.0,0.0,0.0,0.0,0.0,0.0,,,,,,,,,,,,,,0,0,1,,
onosma echioides,,,1.0,,,,,,,0.0,0.0,0.0,0.0,0.0,0.0,,,,,,,,,,,,,,0,0,1,,
onosma gmelinii,,,1.0,,,,,,,0.0,0.0,0.0,0.0,0.0,0.0,,,,,,,,,,,,,,0,0,1,,
onosma montana,,,1.0,,,,,,,0.0,0.0,0.0,0.0,0.0,0.0,,,,,,,,,,,,,,0,0,1,,
onosma simplicissima,,,1.0,,,,,,,0.0,0.0,0.0,0.0,0.0,0.0,,,,,,,,,,,,,,0,0,1,,
onosma tinctoria,,,1.0,,,,,,,0.0,0.0,0.0,0.0,0.0,0.0,,,,,,,,,,,,,,0,0,1,,
ophioglossum vulgatum,non-woody,fern,1.0,,,,,,,0.0,0.0,0.0,0.0,0.0,0.0,,,,,,,,,,,,,,0,0,1,,
oplismenus compositus,non-woody,graminoid,1.0,,,,,,34.53,0.0,0.0,0.0,0.0,0.0,1.0,,,,,,,,,,,,,,0,0,1,,
opophytum forskahlii,,,2.0,,,,,,,0.0,0.0,0.0,0.0,0.0,0.0,,,,,,,,,,,,,,0,0,1,,
opuntia dillenii,,unspecified,1.0,,,,,,37.67,0.0,0.0,0.0,0.0,0.0,1.0,,,,,,,,,,,,,,0,0,1,,
opuntia engelmannii,,,1.0,,,,,,,0.0,0.0,0.0,0.0,0.0,0.0,,,,,,,,,,,,,,0,0,1,,
opuntia fragilis,,shrub,4.0,,,,,,,0.0,0.0,0.0,0.0,0.0,0.0,,,,,,,,,,,,,,0,0,1,,
opuntia humifusa,,unspecified,3.0,,,,,,,0.0,0.0,0.0,0.0,0.0,0.0,,,,,,,,,,,,,,0,0,1,,
opuntia leucotricha,,unspecified,1.0,,,,,,,0.0,0.0,0.0,0.0,0.0,0.0,,,,,,,,,,,,,,0,0,1,,
opuntia microdasys,,unspecified,1.0,,,,,,,0.0,0.0,0.0,0.0,0.0,0.0,,,,,,,,,,,,,,0,0,1,,
opuntia phaeacantha,,shrub,3.0,,,,,,,0.0,0.0,0.0,0.0,0.0,0.0,,,,,,,,,,,,,,0,0,1,,
opuntia polyacantha,woody,,7.0,,,,,,,0.0,0.0,0.0,0.0,0.0,0.0,,,,,,,,,,,,,,0,0,1,,
opuntia rastrera,,shrub,3.0,,,,,,,0.0,0.0,0.0,0.0,0.0,0.0,,,,,,,,,,,,,,0,0,1,,
oreocnide frutescens,woody,shrub,1.0,0.2392,94.0809434,0.230434783,20.903518,,,1.0,1.0,1.0,1.0,0.0,0.0,,,,,,,,,,,,,,0,0,1,0.8004490736689542,-0.7745430259334329
oreojuncus trifidus,non-woody,graminoid,5.0,,,,,,,0.0,0.0,0.0,0.0,0.0,0.0,,,,,,,,,,,,,,0,0,1,,
oreomecon alpina,,,2.0,,,,,,,0.0,0.0,0.0,0.0,0.0,0.0,,,,,,,,,,,,,,0,0,1,,
oreomecon crocea,,unspecified,2.0,,,,,,,0.0,0.0,0.0,0.0,0.0,0.0,,,,,,,,,,,,,,0,0,1,,
oreomecon lapponica,,unspecified,1.0,,,,,,,0.0,0.0,0.0,0.0,0.0,0.0,,,,,,,,,,,,,,0,0,1,,
oreomecon radicata,non-woody,herb,11.0,,,,21.0,2.2,,0.0,0.0,0.0,1.0,1.0,0.0,,,,,,,,,,,,,,0,0,1,,
oreomecon tianschanica,,,1.0,,,,,,,0.0,0.0,0.0,0.0,0.0,0.0,,,,,,,,,,,,,,0,0,1,,
oreomyrrhis andicola,,,,,,,,,,,,,,,,4.0,16.25,10.08866850625,4.68080188275,0.03125,92.433825495,-32.75611111,-64.92444444,,,,,,1,0,0,,
oreopanax sessiliflorus,,,9.0,0.6546682274444444,16.923209983333336,0.1818727477777778,17.80552,1.5503295835555555,,9.0,9.0,9.0,9.0,9.0,0.0,,,,,,,,,,,,,,0,0,1,0.1382638587878072,0.5387324352100236
origanum vulgare,non-woody,herb,5.0,,,,,,,0.0,0.0,0.0,0.0,0.0,0.0,,,,,,,,,,,,,,0,0,1,,
orlaya grandiflora,non-woody,herb,1.0,,,,,,,0.0,0.0,0.0,0.0,0.0,0.0,,,,,,,,,,,,,,0,0,1,,
ormosia coccinea,,unspecified,27.0,,,,,,35.87587971125926,0.0,0.0,0.0,0.0,0.0,27.0,,,,,,,,,,,,,,0,0,1,,
ormosia costulata,woody,,1.0,,,,,,,0.0,0.0,0.0,0.0,0.0,0.0,,,,,,,,,,,,,,0,0,1,,
ormosia macrocalyx,woody,unspecified,30.0,,0.16205,,,,41.72735569807693,0.0,2.0,0.0,0.0,0.0,26.0,,,,,,,,,,,,,,0,0,1,,
ormosia pinnata,woody,,4.0,,,,,,,0.0,0.0,0.0,0.0,0.0,0.0,,,,,,,,,,,,,,0,0,1,,
ormosia xylocarpa,woody,unspecified,4.0,,,,,,,0.0,0.0,0.0,0.0,0.0,0.0,,,,,,,,,,,,,,0,0,1,,
ornithogalum balansae,,unspecified,2.0,,,,,,,0.0,0.0,0.0,0.0,0.0,0.0,,,,,,,,,,,,,,0,0,1,,
ornithogalum orthophyllum,non-woody,herb,1.0,,,,,,,0.0,0.0,0.0,0.0,0.0,0.0,,,,,,,,,,,,,,0,0,1,,
ornithogalum pyrenaicum,non-woody,herb,1.0,,,,,,,0.0,0.0,0.0,0.0,0.0,0.0,,,,,,,,,,,,,,0,0,1,,
ornithogalum sphaerocarpum,,,1.0,,,,,,,0.0,0.0,0.0,0.0,0.0,0.0,,,,,,,,,,,,,,0,0,1,,
ornithogalum umbellatum,non-woody,herb,2.0,,,,,,,0.0,0.0,0.0,0.0,0.0,0.0,,,,,,,,,,,,,,0,0,1,,
ornithopus compressus,non-woody,herb,4.0,0.2756319975,265.39768085000003,,,,,2.0,2.0,0.0,0.0,0.0,0.0,,,,,,,,,,,,,,0,0,1,,
ornithopus perpusillus,non-woody,herb,2.0,,,,,,,0.0,0.0,0.0,0.0,0.0,0.0,,,,,,,,,,,,,,0,0,1,,
ornithopus sativus,non-woody,herb,3.0,0.26471703550000003,300.1658757,,,,,2.0,2.0,0.0,0.0,0.0,0.0,,,,,,,,,,,,,,0,0,1,,
orophea creaghii,,unspecified,1.0,0.39934,45.31,0.39,24.45,,93.0,1.0,1.0,1.0,1.0,0.0,1.0,,,,,,,,,,,,,,0,0,1,0.1161990461888256,-0.6903959216455778
orostachys fimbriata,,unspecified,4.0,,64.2075,,,,,0.0,4.0,0.0,0.0,0.0,0.0,,,,,,,,,,,,,,0,0,1,,
orthilia secunda,non-woody/woody,herb/shrub,9.0,,,,,,,0.0,0.0,0.0,0.0,0.0,0.0,,,,,,,,,,,,,,0,0,1,,
orthocarpus luteus,non-woody,herb,1.0,0.2062,84.3705,0.333333333,,,,1.0,1.0,1.0,0.0,0.0,0.0,,,,,,,,,,,,,,0,0,1,,
oryza sativa,non-woody,graminoid,13.0,,,,10.12,,,0.0,0.0,0.0,3.0,0.0,0.0,,,,,,,,,37.0,47.83783783783784,1.162162162162162,25.85664324324324,88.63775675675676,0,1,1,,
oryzopsis hymenoides,non-woody,graminoid,5.0,,12.01,0.269,,,,0.0,1.0,1.0,0.0,0.0,0.0,,,,,,,,,,,,,,0,0,1,,
osmanthus didymopetalus,,unspecified,1.0,0.71949,4.42,0.4,6.78,,100.0,1.0,1.0,1.0,1.0,0.0,1.0,,,,,,,,,,,,,,0,0,1,-1.5255550455795297,0.38505863115021904
osmunda japonica,non-woody,fern,5.0,0.418775,6.4830754978,0.297841727,13.766652963999999,0.77748788225,,1.0,5.0,1.0,5.0,4.0,0.0,,,,,,,,,,,,,,0,0,1,-0.5786306530425537,-0.2388442700904285
ostrowskia magnifica,,unspecified,2.0,,,,,,,0.0,0.0,0.0,0.0,0.0,0.0,,,,,,,,,,,,,,0,0,1,,
ostrya carpinifolia,woody,tree,2.0,,,,,,,0.0,0.0,0.0,0.0,0.0,0.0,,,,,,,,,,,,,,0,0,1,,
ostrya virginiana,woody,shrub/tree,2.0,,,,,,,0.0,0.0,0.0,0.0,0.0,0.0,,,,,,,,,,,,,,0,0,1,,
osyris alba,woody,shrub,1.0,0.630925,5.888691257,0.954854559,,,,1.0,1.0,1.0,0.0,0.0,0.0,,,,,,,,,,,,,,0,0,1,,
otoba parvifolia,woody,tree,7.0,1.5301714285714285,3.0071462361428574,0.19405891442857143,20.928464285714288,1.2150179432857142,,7.0,7.0,7.0,7.0,7.0,0.0,,,,,,,,,,,,,,0,0,1,0.0173383078243154,2.69097071575833
ougeinia oojeinensis,,,1.0,,,,,,,0.0,0.0,0.0,0.0,0.0,0.0,,,,,,,,,,,,,,0,0,1,,
ouratea lucens,woody,shrub/tree,5.0,,,,,,,0.0,0.0,0.0,0.0,0.0,0.0,,,,,,,,,,,,,,0,0,1,,
oxalis acetosella,non-woody,herb,15.0,,,,,,,0.0,0.0,0.0,0.0,0.0,0.0,7.0,15.857142857142858,48.84720354785714,16.739353914,2.3691429774285715,79.69455205857142,58.96964285857143,26.082261905714287,,,,,,1,0,1,,
oxalis corniculata,non-woody,herb,3.0,,,,,,31.83666666666667,0.0,0.0,0.0,0.0,0.0,3.0,,,,,,,,,,,,,,0,0,1,,
oxalis corymbosa,,,,,,,,,,,,,,,,1.0,6.0,42.85714286,0.0,0.0,100.0,34.36275,74.989,,,,,,1,0,0,,
oxalis debilis,non-woody,herb,1.0,,,,,,68.0,0.0,0.0,0.0,0.0,0.0,1.0,,,,,,,,,,,,,,0,0,1,,
oxalis laciniata,,,1.0,,,,,,,0.0,0.0,0.0,0.0,0.0,0.0,,,,,,,,,,,,,,0,0,1,,
oxalis valdiviensis,,,,,,,,,,,,,,,,1.0,46.0,25.05263158,0.0,0.0,99.15789474,-38.69916667,-71.61527778,1.0,6.0,2.0,-38.6993,-71.6155,1,1,0,,
oxandra panamensis,woody,,2.0,,0.42395,,,,,0.0,2.0,0.0,0.0,0.0,0.0,,,,,,,,,,,,,,0,0,1,,
oxyria digyna,non-woody,herb,6.0,,,,,,,0.0,0.0,0.0,0.0,0.0,0.0,2.0,1.0,0.0,0.0,0.0,100.0,32.919982059999995,77.21369148,,,,,,1,0,1,,
oxytropis aciphylla,non-woody,herb,1.0,,,,,,,0.0,0.0,0.0,0.0,0.0,0.0,,,,,,,,,,,,,,0,0,1,,
oxytropis albana,,unspecified,4.0,,,,,,,0.0,0.0,0.0,0.0,0.0,0.0,,,,,,,,,,,,,,0,0,1,,
oxytropis avis,,,1.0,,,,,,,0.0,0.0,0.0,0.0,0.0,0.0,,,,,,,,,,,,,,0,0,1,,
oxytropis campestris,non-woody,herb,3.0,,,,,,,0.0,0.0,0.0,0.0,0.0,0.0,,,,,,,,,,,,,,0,0,1,,
oxytropis hailarensis,non-woody,herb,1.0,,11.89,,16.1,,,0.0,1.0,0.0,1.0,0.0,0.0,,,,,,,,,,,,,,0,0,1,,
oxytropis humifusa,,unspecified,1.0,2.79,0.03131,,,,,1.0,1.0,0.0,0.0,0.0,0.0,,,,,,,,,,,,,,0,0,1,,
oxytropis hypoglottoides,,,,,,,,,,,,,,,,2.0,7.5,38.12154696,0.0,0.0,100.0,34.16651335,76.80060184999999,,,,,,1,0,0,,
oxytropis imersa,,unspecified,1.0,,,,,,,0.0,0.0,0.0,0.0,0.0,0.0,,,,,,,,,,,,,,0,0,1,,
oxytropis kubanensis,non-woody,herb,1.0,,,,,,,0.0,0.0,0.0,0.0,0.0,0.0,,,,,,,,,,,,,,0,0,1,,
oxytropis lambertii,non-woody,herb,8.0,,10.419924605333334,,26.08944654,,,0.0,3.0,0.0,1.0,0.0,0.0,,,,,,,,,,,,,,0,0,1,,
oxytropis lapponica,,,,,,,,,,,,,,,,1.0,17.0,15.71072319,0.0,0.0,99.50124688,33.58828,77.75049,,,,,,1,0,0,,
oxytropis microphylla,,unspecified,1.0,3.22,0.05364,,,,,1.0,1.0,0.0,0.0,0.0,0.0,,,,,,,,,,,,,,0,0,1,,
oxytropis pamiroalajca,,unspecified,2.0,,,,,,,0.0,0.0,0.0,0.0,0.0,0.0,,,,,,,,,,,,,,0,0,1,,
oxytropis pilosa,non-woody,herb,1.0,,,,,,,0.0,0.0,0.0,0.0,0.0,0.0,,,,,,,,,,,,,,0,0,1,,
oxytropis racemosa,non-woody,herb,3.0,,13.76,,19.19666666666667,,,0.0,3.0,0.0,3.0,0.0,0.0,,,,,,,,,,,,,,0,0,1,,
oxytropis savellanica,,unspecified,2.0,,,,,,,0.0,0.0,0.0,0.0,0.0,0.0,,,,,,,,,,,,,,0,0,1,,
oxytropis sericea,non-woody,herb,1.0,0.28185,96.65464706,0.183928572,,,,1.0,1.0,1.0,0.0,0.0,0.0,,,,,,,,,,,,,,0,0,1,,
oxytropis strobilacea,,unspecified,1.0,,,,,,,0.0,0.0,0.0,0.0,0.0,0.0,,,,,,,,,,,,,,0,0,1,,
pachira insignis,woody,tree,1.0,0.787,13.03,0.211,,,,1.0,1.0,1.0,0.0,0.0,0.0,,,,,,,,,,,,,,0,0,1,,
pachira macrocalyx,,,1.0,0.831,8.98,0.324,,,,1.0,1.0,1.0,0.0,0.0,0.0,,,,,,,,,,,,,,0,0,1,,
pachira minor,woody,tree,1.0,0.622,13.64,0.215,,,,1.0,1.0,1.0,0.0,0.0,0.0,,,,,,,,,,,,,,0,0,1,,
pachycereus pringlei,,tree,2.0,,,,,,,0.0,0.0,0.0,0.0,0.0,0.0,,,,,,,,,,,,,,0,0,1,,
pachystachys coccinea,,unspecified,1.0,,,,,,,0.0,0.0,0.0,0.0,0.0,0.0,,,,,,,,,,,,,,0,0,1,,
packera aurea,non-woody,herb,1.0,,,,,,,0.0,0.0,0.0,0.0,0.0,0.0,,,,,,,,,,,,,,0,0,1,,
packera cana,non-woody/woody,herb/shrub,1.0,,,,,,,0.0,0.0,0.0,0.0,0.0,0.0,,,,,,,,,,,,,,0,0,1,,
packera multilobata,non-woody,herb,6.0,,20.985477128,,9.460163713,,,0.0,5.0,0.0,1.0,0.0,0.0,,,,,,,,,,,,,,0,0,1,,
packera plattensis,non-woody,herb,2.0,0.41795,,0.269511,,,,1.0,0.0,1.0,0.0,0.0,0.0,,,,,,,,,,,,,,0,0,1,,
paeonia anomala,,unspecified,2.0,,,,,,,0.0,0.0,0.0,0.0,0.0,0.0,,,,,,,,,,,,,,0,0,1,,
pagamea macrophylla,,,1.0,0.505,21.92,0.229,,,,1.0,1.0,1.0,0.0,0.0,0.0,,,,,,,,,,,,,,0,0,1,,
palafoxia linearis,,,1.0,,,,,,,0.0,0.0,0.0,0.0,0.0,0.0,,,,,,,,,,,,,,0,0,1,,
palicourea amplectens,,,1.0,0.223,56.41,0.444,,,,1.0,1.0,1.0,0.0,0.0,0.0,,,,,,,,,,,,,,0,0,1,,
palicourea angustifolia,,,4.0,,,,,,,0.0,0.0,0.0,0.0,0.0,0.0,,,,,,,,,,,,,,0,0,1,,
palicourea corymbifera,,,1.0,0.377,34.87,0.318,,,,1.0,1.0,1.0,0.0,0.0,0.0,,,,,,,,,,,,,,0,0,1,,
palicourea dichotoma,,,1.0,0.44,19.71,0.332,,,,1.0,1.0,1.0,0.0,0.0,0.0,,,,,,,,,,,,,,0,0,1,,
palicourea glomerulata,,,2.0,,0.6527000000000001,,,,,0.0,2.0,0.0,0.0,0.0,0.0,,,,,,,,,,,,,,0,0,1,,
palicourea hoffmannseggiana,woody,shrub,5.0,0.492,15.5,0.459,,,,1.0,1.0,1.0,0.0,0.0,0.0,,,,,,,,,,,,,,0,0,1,,
palicourea spicata,,,1.0,0.529,7.34,0.554,,,,1.0,1.0,1.0,0.0,0.0,0.0,,,,,,,,,,,,,,0,0,1,,
palicourea stenosepala,,,1.0,0.4054,23.22390814,0.333602151,29.54845,,,1.0,1.0,1.0,1.0,0.0,0.0,,,,,,,,,,,,,,0,0,1,0.5307919527074644,-0.5817234004265754
palicourea thyrsiflora,,,1.0,0.4697,17.6950519,0.326553672,17.88814,,,1.0,1.0,1.0,1.0,0.0,0.0,,,,,,,,,,,,,,0,0,1,-0.32511566222546456,-0.2453651336381937
palicourea tinctoria,,,1.0,0.5957,26.94150865,0.133200953,33.67456,,,1.0,1.0,1.0,1.0,0.0,0.0,,,,,,,,,,,,,,0,0,1,1.5217164090046276,0.2764907010101944
palicourea virens,,,1.0,0.517,9.0,0.397,,,,1.0,1.0,1.0,0.0,0.0,0.0,,,,,,,,,,,,,,0,0,1,,
palimbia rediviva,,,1.0,,,,,,,0.0,0.0,0.0,0.0,0.0,0.0,,,,,,,,,,,,,,0,0,1,,
pallenis spinosa,,,,,,,,,,,,,,,,,,,,,,,,2.0,5.5,1.0,35.4592,23.8008,0,1,0,,
pancratium maritimum,non-woody,herb,2.0,,,,,,,0.0,0.0,0.0,0.0,0.0,0.0,,,,,,,,,12.0,5608.25,2.1666666666666665,38.24863333333334,13.145266666666666,0,1,1,,
pancratium sickenbergeri,non-woody,herb,1.0,,,,,,,0.0,0.0,0.0,0.0,0.0,0.0,,,,,,,,,,,,,,0,0,1,,
panicum antidotale,non-woody,graminoid,2.0,,,,,,,0.0,0.0,0.0,0.0,0.0,0.0,,,,,,,,,,,,,,0,0,1,,
panicum capillare,non-woody,graminoid,3.0,0.1917,218.0,0.1723975,,,,2.0,1.0,2.0,0.0,0.0,0.0,,,,,,,,,,,,,,0,0,1,,
panicum maximum,,,,,,,,,,,,,,,,8.0,26.0,6.835379066125,1.11512716975,0.18382512899999998,95.917052565,-24.714583335,28.61847222,,,,,,1,0,0,,
panicum miliaceum,non-woody,graminoid,3.0,,,,,,,0.0,0.0,0.0,0.0,0.0,0.0,,,,,,,,,,,,,,0,0,1,,
panicum obtusa,non-woody,graminoid,1.0,,,,6.9,,,0.0,0.0,0.0,1.0,0.0,0.0,,,,,,,,,,,,,,0,0,1,,
panicum sumatrense,,unspecified,1.0,,,,,,60.67,0.0,0.0,0.0,0.0,0.0,1.0,,,,,,,,,,,,,,0,0,1,,
panicum tenuifolium,non-woody,graminoid,1.0,,,,,,,0.0,0.0,0.0,0.0,0.0,0.0,,,,,,,,,,,,,,0,0,1,,
panicum turgidum,non-woody,graminoid,1.0,,,,,,,0.0,0.0,0.0,0.0,0.0,0.0,,,,,,,,,,,,,,0,0,1,,
panicum virgatum,non-woody,graminoid,88.0,0.2428,86.91581455698113,0.27406600000000003,18.150000000000002,1.5,,7.0,53.0,2.0,4.0,1.0,0.0,,,,,,,,,,,,,,0,0,1,0.3995595863862581,-0.8142032034346317
panzerina lanata,,,1.0,,,,,,,0.0,0.0,0.0,0.0,0.0,0.0,,,,,,,,,,,,,,0,0,1,,
papaver fugax,,unspecified,2.0,,,,,,,0.0,0.0,0.0,0.0,0.0,0.0,,,,,,,,,,,,,,0,0,1,,
papaver rhoeas,non-woody,herb,1.0,,,,,,,0.0,0.0,0.0,0.0,0.0,0.0,,,,,,,,,,,,,,0,0,1,,
papaver somniferum,non-woody,herb,4.0,,,,,,,0.0,0.0,0.0,0.0,0.0,0.0,,,,,,,,,,,,,,0,0,1,,
pappobolus microphyllus,non-woody,herb,2.0,0.47415871,281.05,0.035500000000000004,35.75,,,2.0,2.0,2.0,2.0,0.0,0.0,,,,,,,,,,,,,,0,0,1,3.7539090186338155,-0.24944428092431967
pappostipa humilis,non-woody,graminoid,2.0,,,,,,,0.0,0.0,0.0,0.0,0.0,0.0,,,,,,,,,,,,,,0,0,1,,
pappostipa speciosa,non-woody,graminoid,4.0,,,,,,,0.0,0.0,0.0,0.0,0.0,0.0,,,,,,,,,,,,,,0,0,1,,
parablechnum novae-zelandiae,non-woody,unspecified,1.0,0.33,28.0,0.38,4.99,0.36,,1.0,1.0,1.0,1.0,1.0,0.0,,,,,,,,,,,,,,0,0,1,-1.331285554882363,-0.5631998218273792
parablechnum procerum,non-woody,unspecified,1.0,0.27,31.1,0.53,4.32,0.2,,1.0,1.0,1.0,1.0,1.0,0.0,,,,,,,,,,,,,,0,0,1,-1.880957768554068,-1.0394044236320577
parapholis strigosa,non-woody,graminoid,1.0,0.122,,0.294,,,,1.0,0.0,1.0,0.0,0.0,0.0,,,,,,,,,,,,,,0,0,1,,
paraquilegia anemonoides,,,,,,,,,,,,,,,,1.0,9.0,3.267973856,0.0,0.653594771,99.34640523,32.93134212,77.22834896,,,,,,1,0,0,,
parasenecio hastatus,non-woody,herb,5.0,,,,,,,0.0,0.0,0.0,0.0,0.0,0.0,,,,,,,,,,,,,,0,0,1,,
parashorea malaanonan,woody,tree,4.0,,,,,,,0.0,0.0,0.0,0.0,0.0,0.0,,,,,,,,,,,,,,0,0,1,,
parashorea tomentella,woody,tree,4.0,,,,,,,0.0,0.0,0.0,0.0,0.0,0.0,,,,,,,,,,,,,,0,0,1,,
parinari curatellifolia,woody,tree,9.0,,,,,,,0.0,0.0,0.0,0.0,0.0,0.0,,,,,,,,,,,,,,0,0,1,,
paris incompleta,,,,,,,,,,,,,,,,4.0,13.75,47.066905045,5.611117322249999,0.20199871425,94.1524960675,41.94083333,43.41916667,3.0,64.0,1.3333333333333333,41.9408,43.4192,1,1,0,,
paris quadrifolia,non-woody,herb,13.0,,,,,,,0.0,0.0,0.0,0.0,0.0,0.0,22.0,17.681818181818183,23.77267953504545,6.837821862545454,2.7894187864545454,84.17169913727273,58.759936868181825,24.713421718181817,,,,,,1,0,1,,
parkia biglobosa,woody,tree,1.0,,,,,,,0.0,0.0,0.0,0.0,0.0,0.0,,,,,,,,,,,,,,0,0,1,,
parkinsonia aculeata,woody,shrub,1.0,,,,,,69.96,0.0,0.0,0.0,0.0,0.0,1.0,,,,,,,,,,,,,,0,0,1,,
parnassia palustris,non-woody,herb,3.0,,,,,,,0.0,0.0,0.0,0.0,0.0,0.0,,,,,,,,,,,,,,0,0,1,,
paronychia jamesii,,unspecified,3.0,,,,,,,0.0,0.0,0.0,0.0,0.0,0.0,,,,,,,,,,,,,,0,0,1,,
paronychia pulvinata,,herb,2.0,,,,,,,0.0,0.0,0.0,0.0,0.0,0.0,,,,,,,,,,,,,,0,0,1,,
parrotia persica,woody,unspecified,2.0,,,,,,,0.0,0.0,0.0,0.0,0.0,0.0,,,,,,,,,,,,,,0,0,1,,
parthenium argentatum,woody,shrub,1.0,,,,,,,0.0,0.0,0.0,0.0,0.0,0.0,,,,,,,,,,,,,,0,0,1,,
parthenium hysterophorus,non-woody,herb,1.0,,,,,,63.85,0.0,0.0,0.0,0.0,0.0,1.0,,,,,,,,,,,,,,0,0,1,,
parthenium incanum,,,1.0,,,,,,,0.0,0.0,0.0,0.0,0.0,0.0,,,,,,,,,,,,,,0,0,1,,
parthenium integrifolium,non-woody,herb,2.0,,,,,,,0.0,0.0,0.0,0.0,0.0,0.0,,,,,,,,,,,,,,0,0,1,,
parthenocissus quinquefolia,woody,climber,1.0,0.175766667,152.6108108,0.264285714,26.84712633,,,1.0,1.0,1.0,1.0,0.0,0.0,8.0,7.75,65.747564777625,0.057099693624999996,0.0,99.94290030625,39.239722220000004,-86.21861111499999,1.0,3.0,1.0,39.2361,-86.2205,1,1,1,1.5097233834436798,-1.1789440849881236
paspalidium flavidum,non-woody,graminoid,1.0,,,,,,15.71,0.0,0.0,0.0,0.0,0.0,1.0,,,,,,,,,,,,,,0,0,1,,
paspalum conjugatum,non-woody,graminoid,1.0,,,,,,,0.0,0.0,0.0,0.0,0.0,0.0,,,,,,,,,,,,,,0,0,1,,
paspalum dilatatum,non-woody,graminoid,8.0,,18.37,0.102,8.175,0.7333333333333334,61.0,0.0,1.0,1.0,4.0,3.0,1.0,,,,,,,,,,,,,,0,0,1,,
paspalum distuchum,non-woody,graminoid,1.0,,,,,,,0.0,0.0,0.0,0.0,0.0,0.0,,,,,,,,,,,,,,0,0,1,,
paspalum notatum,,,,,,,,,,,,,,,,9.0,39.0,15.760471600222221,4.184246715222222,0.9666551417777778,93.80676612222221,-29.45132716111111,-51.63814814888889,,,,,,1,0,0,,
paspalum scrobiculatum,non-woody,graminoid,1.0,,,,,,69.0,0.0,0.0,0.0,0.0,0.0,1.0,,,,,,,,,,,,,,0,0,1,,
paspalum setaceum,,,1.0,,,,,,,0.0,0.0,0.0,0.0,0.0,0.0,,,,,,,,,,,,,,0,0,1,,
passiflora edulis,woody,climber,2.0,,,,,,,0.0,0.0,0.0,0.0,0.0,0.0,,,,,,,,,,,,,,0,0,1,,
passiflora ligularis,non-woody,climber,1.0,,,,9.0,0.6,,0.0,0.0,0.0,1.0,1.0,0.0,,,,,,,,,,,,,,0,0,1,,
pastinaca sativa,non-woody,herb,10.0,,,,,,,0.0,0.0,0.0,0.0,0.0,0.0,,,,,,,,,,,,,,0,0,1,,
patrinia sibirica,,unspecified,1.0,,,,,,,0.0,0.0,0.0,0.0,0.0,0.0,,,,,,,,,,,,,,0,0,1,,
patzkea paniculata,non-woody,graminoid,2.0,,88.9382,,10.0,,,0.0,1.0,0.0,1.0,0.0,0.0,,,,,,,,,,,,,,0,0,1,,
pavetta indica,,unspecified,1.0,,,,,,46.6,0.0,0.0,0.0,0.0,0.0,1.0,,,,,,,,,,,,,,0,0,1,,
pavonia zeylanica,,unspecified,1.0,,,,,,48.48,0.0,0.0,0.0,0.0,0.0,1.0,,,,,,,,,,,,,,0,0,1,,
payena microphylla,woody,unspecified,4.0,0.811,8.5155,0.24025,,,,4.0,4.0,4.0,0.0,0.0,0.0,,,,,,,,,,,,,,0,0,1,,
pectinopitys ferruginea,woody,tree,16.0,0.91303125,6.64477247425,0.2257715691875,10.145,0.8,,16.0,16.0,16.0,2.0,1.0,0.0,,,,,,,,,,,,,,0,0,1,-0.6932148553061517,1.2061793870603508
pectis papposa,non-woody,herb,1.0,,,,,,,0.0,0.0,0.0,0.0,0.0,0.0,,,,,,,,,,,,,,0,0,1,,
pedalium murex,non-woody,herb,1.0,,,,,,39.87,0.0,0.0,0.0,0.0,0.0,1.0,,,,,,,,,,,,,,0,0,1,,
pedicularis anthemifolia,,unspecified,2.0,,,,,,,0.0,0.0,0.0,0.0,0.0,0.0,,,,,,,,,,,,,,0,0,1,,
pedicularis aquilina,,,1.0,,,,,,,0.0,0.0,0.0,0.0,0.0,0.0,,,,,,,,,,,,,,0,0,1,,
pedicularis bicornuta,,,,,,,,,,,,,,,,1.0,6.0,1.242236025,0.0,0.0,100.0,32.867907,77.186445,,,,,,1,0,0,,
pedicularis cheilanthifolia,,,,,,,,,,,,,,,,4.0,4.75,2.14285714275,1.72077922075,0.0,98.27922078,33.2670205,77.30614275,,,,,,1,0,0,,
pedicularis chroorrhyncha,non-woody,herb,1.0,,,,,,,0.0,0.0,0.0,0.0,0.0,0.0,,,,,,,,,,,,,,0,0,1,,
pedicularis comosa,non-woody,herb,4.0,,,,,,,0.0,0.0,0.0,0.0,0.0,0.0,,,,,,,,,,,,,,0,0,1,,
pedicularis condensata,non-woody,herb,8.0,,,,,,,0.0,0.0,0.0,0.0,0.0,0.0,,,,,,,,,,,,,,0,0,1,,
pedicularis crassirostris,,unspecified,3.0,,,,,,,0.0,0.0,0.0,0.0,0.0,0.0,,,,,,,,,,,,,,0,0,1,,
pedicularis dolichorrhiza,,unspecified,2.0,,,,,,,0.0,0.0,0.0,0.0,0.0,0.0,,,,,,,,,,,,,,0,0,1,,
pedicularis hirsuta,non-woody,herb,1.0,,,,,,,0.0,0.0,0.0,0.0,0.0,0.0,,,,,,,,,,,,,,0,0,1,,
pedicularis lapponica,non-woody,herb,4.0,0.59,,,,,,1.0,0.0,0.0,0.0,0.0,0.0,,,,,,,,,,,,,,0,0,1,,
pedicularis longiflora,,,,,,,,,,,,,,,,1.0,9.0,69.26829268,0.487804878,0.0,99.51219512,32.8612275,77.18407273,,,,,,1,0,0,,
pedicularis nordmanniana,non-woody,herb,2.0,,,,,,,0.0,0.0,0.0,0.0,0.0,0.0,,,,,,,,,,,,,,0,0,1,,
pedicularis oederi,non-woody,herb,3.0,,,,,,,0.0,0.0,0.0,0.0,0.0,0.0,,,,,,,,,,,,,,0,0,1,,
pedicularis rhinanthoides,,unspecified,1.0,,,,,,,0.0,0.0,0.0,0.0,0.0,0.0,,,,,,,,,,,,,,0,0,1,,
pedicularis sibirica,,unspecified,1.0,,,,,,,0.0,0.0,0.0,0.0,0.0,0.0,,,,,,,,,,,,,,0,0,1,,
pedicularis tuberosa,non-woody,herb,1.0,,,,,,,0.0,0.0,0.0,0.0,0.0,0.0,,,,,,,,,,,,,,0,0,1,,
pedicularis uralensis,,unspecified,3.0,,,,,,,0.0,0.0,0.0,0.0,0.0,0.0,,,,,,,,,,,,,,0,0,1,,
pediomelum argophyllum,,unspecified,4.0,,,,,,,0.0,0.0,0.0,0.0,0.0,0.0,,,,,,,,,,,,,,0,0,1,,
pediomelum tenuiflorum,non-woody,herb,8.0,0.31763,,0.426284,,,,1.0,0.0,1.0,0.0,0.0,0.0,,,,,,,,,,,,,,0,0,1,,
peganum harmala,non-woody,herb,12.0,,,,,,,0.0,0.0,0.0,0.0,0.0,0.0,,,,,,,,,,,,,,0,0,1,,
peganum nigellastrum,,,1.0,,,,,,,0.0,0.0,0.0,0.0,0.0,0.0,,,,,,,,,,,,,,0,0,1,,
pelargonium bifolium,,unspecified,1.0,,,,,,,0.0,0.0,0.0,0.0,0.0,0.0,,,,,,,,,,,,,,0,0,1,,
peltophorum africanum,woody,tree,3.0,,,,,,,0.0,0.0,0.0,0.0,0.0,0.0,,,,,,,,,,,,,,0,0,1,,
pennantia corymbosa,woody,tree,7.0,0.49802857142857143,34.41216451714286,0.15284505214285712,20.6,,,7.0,7.0,7.0,1.0,0.0,0.0,,,,,,,,,,,,,,0,0,1,0.5950958694832382,0.14516825555281357
pennisetum polystachion,,,,,,,,,,,,,,,,4.0,6.25,0.3133916895,1.23647604325,0.0,98.7635239575,16.85944444,100.4652778,,,,,,1,0,0,,
penstemon ambiguus,non-woody/woody,herb/shrub,1.0,,,,,,,0.0,0.0,0.0,0.0,0.0,0.0,,,,,,,,,,,,,,0,0,1,,
penstemon barbatus,non-woody,herb,4.0,,25.666392603333335,,7.609224916,,,0.0,3.0,0.0,1.0,0.0,0.0,,,,,,,,,,,,,,0,0,1,,
penstemon bradburyi,non-woody,herb,3.0,0.386815,48.5,0.219101,8.8,,,2.0,2.0,2.0,1.0,0.0,0.0,,,,,,,,,,,,,,0,0,1,-0.3601624448589249,-0.1495761665432451
penstemon cobaea,non-woody,herb,1.0,0.41962,,0.342576,,,,1.0,0.0,1.0,0.0,0.0,0.0,,,,,,,,,,,,,,0,0,1,,
penstemon confertus,non-woody,herb,1.0,0.2895,79.9436,0.192307692,,,,1.0,1.0,1.0,0.0,0.0,0.0,,,,,,,,,,,,,,0,0,1,,
penstemon digitalis,non-woody,herb,1.0,0.31648,,0.307624,,,,1.0,0.0,1.0,0.0,0.0,0.0,,,,,,,,,,,,,,0,0,1,,
penstemon glaber,non-woody/woody,herb/shrub,2.0,,,,,,,0.0,0.0,0.0,0.0,0.0,0.0,,,,,,,,,,,,,,0,0,1,,
penstemon haydenii,,,1.0,,,,,,,0.0,0.0,0.0,0.0,0.0,0.0,,,,,,,,,,,,,,0,0,1,,
penstemon linearis,,unspecified,4.0,,50.27480879666666,,5.501846671,,,0.0,3.0,0.0,1.0,0.0,0.0,,,,,,,,,,,,,,0,0,1,,
penstemon nitidus,non-woody,herb,1.0,0.3264,25.85325301,0.461111111,,,,1.0,1.0,1.0,0.0,0.0,0.0,,,,,,,,,,,,,,0,0,1,,
penstemon procerus,non-woody,herb,1.0,0.39055,47.66951299,0.178505747,,,,1.0,1.0,1.0,0.0,0.0,0.0,,,,,,,,,,,,,,0,0,1,,
penstemon tubiflorus,non-woody,herb,1.0,0.24882,,0.293353,,,,1.0,0.0,1.0,0.0,0.0,0.0,,,,,,,,,,,,,,0,0,1,,
penstemon virgatus,non-woody,herb,4.0,,36.28003344566667,,5.60133338,,,0.0,3.0,0.0,1.0,0.0,0.0,,,,,,,,,,,,,,0,0,1,,
pentaclethra macroloba,woody,tree,9.0,,,,,,,0.0,0.0,0.0,0.0,0.0,0.0,,,,,,,,,,,,,,0,0,1,,
pentanema indicum,,unspecified,2.0,,,,,,85.23,0.0,0.0,0.0,0.0,0.0,1.0,,,,,,,,,,,,,,0,0,1,,
pentanema orientale,,unspecified,4.0,,,,,,,0.0,0.0,0.0,0.0,0.0,0.0,,,,,,,,,,,,,,0,0,1,,
pentaphylax euryoides,woody,tree,1.0,0.12066,97.84,0.53,5.55,,24.0,1.0,1.0,1.0,1.0,0.0,1.0,,,,,,,,,,,,,,0,0,1,-1.3102500359437335,-1.5373667561436661
pentaspadon motleyi,woody,tree,1.0,0.2985,39.10778931,0.357294955,,,,1.0,1.0,1.0,0.0,0.0,0.0,,,,,,,,,,,,,,0,0,1,,
penthorum sedoides,non-woody,herb,2.0,,,,,,,0.0,0.0,0.0,0.0,0.0,0.0,,,,,,,,,,,,,,0,0,1,,
pereskia aculeata,woody,unspecified,1.0,,,,,,,0.0,0.0,0.0,0.0,0.0,0.0,,,,,,,,,,,,,,0,0,1,,
perezia recurvata,,,1.0,,,,,,,0.0,0.0,0.0,0.0,0.0,0.0,,,,,,,,,,,,,,0,0,1,,
pericalymma ellipticum,woody,,1.0,,,,,,,0.0,0.0,0.0,0.0,0.0,0.0,,,,,,,,,,,,,,0,0,1,,
pericopsis angolensis,woody,tree,9.0,,,,,,,0.0,0.0,0.0,0.0,0.0,0.0,,,,,,,,,,,,,,0,0,1,,
pericopsis elata,woody,,65.0,,0.9894563870967742,,,,,0.0,62.0,0.0,0.0,0.0,0.0,,,,,,,,,,,,,,0,0,1,,
peritassa pruinosa,,,2.0,,0.3222,,,,,0.0,2.0,0.0,0.0,0.0,0.0,,,,,,,,,,,,,,0,0,1,,
persea americana,woody,tree,64.0,0.6504084656031747,29.372154329666667,0.248691757,13.85638277,,,63.0,3.0,1.0,1.0,0.0,0.0,,,,,,,,,,,,,,0,0,1,-0.297069947509215,0.41234768554918677
persea areolatocostae,,,3.0,0.7328,21.660653016,0.44150116133333334,18.32196666666667,0.6785809435,,3.0,3.0,3.0,3.0,2.0,0.0,,,,,,,,,,,,,,0,0,1,-0.7409974210519423,0.15050968911740886
persea ferruginea,,,2.0,1.00085,3.174287134,0.40300725000000004,7.849505,0.48941982500000003,,2.0,2.0,2.0,2.0,2.0,0.0,,,,,,,,,,,,,,0,0,1,-1.5348133896590574,1.0726783578030428
persea weberbaueri,,,2.0,0.9339,3.688199933,0.396069206,14.19879,,,2.0,2.0,2.0,2.0,0.0,0.0,,,,,,,,,,,,,,0,0,1,-1.0394331545287603,0.8370546501761841
persicaria alpina,non-woody,herb,14.0,,,,,,,0.0,0.0,0.0,0.0,0.0,0.0,,,,,,,,,,,,,,0,0,1,,
persicaria amphibia,non-woody,herb,3.0,,,,,,,0.0,0.0,0.0,0.0,0.0,0.0,,,,,,,,,,,,,,0,0,1,,
persicaria bistorta,non-woody,herb,33.0,,,,,,,0.0,0.0,0.0,0.0,0.0,0.0,,,,,,,,,,,,,,0,0,1,,
persicaria hydropiper,non-woody,herb,2.0,,,,,,,0.0,0.0,0.0,0.0,0.0,0.0,,,,,,,,,,,,,,0,0,1,,
persicaria lapathifolia,non-woody,herb,6.0,1.79667783,352.2510188,0.056319605,,,,1.0,1.0,1.0,0.0,0.0,0.0,,,,,,,,,,,,,,0,0,1,,
persicaria maculosa,non-woody,herb,1.0,,,,,,,0.0,0.0,0.0,0.0,0.0,0.0,,,,,,,,,,,,,,0,0,1,,
persicaria vivipara,non-woody,herb,24.0,0.255,,,,,,2.0,0.0,0.0,0.0,0.0,0.0,,,,,,,,,,,,,,0,0,1,,
petalostigma pubescens,woody,shrub/tree,1.0,,,,,,,0.0,0.0,0.0,0.0,0.0,0.0,,,,,,,,,,,,,,0,0,1,,
petasites frigidus,non-woody,herb,3.0,,,,,,,0.0,0.0,0.0,0.0,0.0,0.0,,,,,,,,,,,,,,0,0,1,,
petrocallis pyrenaica,non-woody,herb,2.0,,,,,,,0.0,0.0,0.0,0.0,0.0,0.0,,,,,,,,,,,,,,0,0,1,,
petrophile linearis,woody,shrub,2.0,,,,,,,0.0,0.0,0.0,0.0,0.0,0.0,,,,,,,,,,,,,,0,0,1,,
petrorhagia saxifraga,non-woody,herb,1.0,,,,,,,0.0,0.0,0.0,0.0,0.0,0.0,,,,,,,,,,,,,,0,0,1,,
petroselinum crispum,non-woody,herb,1.0,,,,,,,0.0,0.0,0.0,0.0,0.0,0.0,,,,,,,,,,,,,,0,0,1,,
petrosimonia brachiata,non-woody,herb,1.0,,,,,,,0.0,0.0,0.0,0.0,0.0,0.0,,,,,,,,,,,,,,0,0,1,,
petrosimonia sibirica,,unspecified,2.0,,5.1,,9.11,,,0.0,1.0,0.0,1.0,0.0,0.0,,,,,,,,,,,,,,0,0,1,,
petunia atkinsiana,,unspecified,1.0,,,,,,,0.0,0.0,0.0,0.0,0.0,0.0,,,,,,,,,,,,,,0,0,1,,
peucedanum alsaticum,non-woody,herb,2.0,,,,,,,0.0,0.0,0.0,0.0,0.0,0.0,,,,,,,,,,,,,,0,0,1,,
peucedanum cervaria,non-woody,herb,1.0,,,,,,,0.0,0.0,0.0,0.0,0.0,0.0,,,,,,,,,,,,,,0,0,1,,
peucedanum morisonii,,,1.0,,,,,,,0.0,0.0,0.0,0.0,0.0,0.0,,,,,,,,,,,,,,0,0,1,,
peucedanum officinale,non-woody,herb,1.0,,,,,,,0.0,0.0,0.0,0.0,0.0,0.0,,,,,,,,,,,,,,0,0,1,,
peucedanum oreoselinum,non-woody,herb,3.0,,,,,,,0.0,0.0,0.0,0.0,0.0,0.0,,,,,,,,,,,,,,0,0,1,,
peucedanum ostruthium,non-woody,herb,1.0,,,,,,,0.0,0.0,0.0,0.0,0.0,0.0,,,,,,,,,,,,,,0,0,1,,
peucedanum palustre,non-woody,herb,1.0,,,,,,,0.0,0.0,0.0,0.0,0.0,0.0,,,,,,,,,,,,,,0,0,1,,
phacelia secunda,,,,,,,,,,,,,,,,9.0,30.0,35.90635544333333,0.16461137544444443,0.6605052301111111,98.3465562811111,-43.13861111333333,-71.56370370333333,6.0,15.833333333333334,2.1666666666666665,-40.90881666666667,-71.5933,1,1,0,,
phacelia tanacetifolia,non-woody,herb,2.0,,,,,,,0.0,0.0,0.0,0.0,0.0,0.0,,,,,,,,,,,,,,0,0,1,,
phagnalon saxatile,,,,,,,,,,,,,,,,8.0,41.0,18.925141276999998,0.053219692624999995,0.0,98.71072812875,39.40847222,2.7459722225,8.0,24.125,2.125,39.40845,2.745975,1,1,0,,
phalaris aquatica,non-woody,graminoid,24.0,0.28634894707142855,162.20467529142857,,,,,14.0,14.0,0.0,0.0,0.0,0.0,,,,,,,,,,,,,,0,0,1,,
phalaris arundinacea,non-woody,graminoid,9.0,0.99273897,249.12221695,0.03341017,,,,2.0,2.0,2.0,0.0,0.0,0.0,,,,,,,,,,,,,,0,0,1,,
phanera championii,,climber,2.0,0.472,8.93,,6.58,,,1.0,1.0,0.0,1.0,0.0,0.0,,,,,,,,,,,,,,0,0,1,,
phaseolus coccineus,non-woody,herb,1.0,,,,,,,0.0,0.0,0.0,0.0,0.0,0.0,,,,,,,,,,,,,,0,0,1,,
phaseolus vulgaris,non-woody,herb,6.0,,,,12.2,,,0.0,0.0,0.0,1.0,0.0,0.0,,,,,,,,,,,,,,0,0,1,,
phedimus aizoon,,unspecified,1.0,,,,,,,0.0,0.0,0.0,0.0,0.0,0.0,,,,,,,,,,,,,,0,0,1,,
phedimus spurius,non-woody,herb,5.0,1.77189569,429.5538462,0.130334615,,,,1.0,1.0,1.0,0.0,0.0,0.0,,,,,,,,,,,,,,0,0,1,,
phedimus stolonifer,,unspecified,1.0,,,,,,,0.0,0.0,0.0,0.0,0.0,0.0,,,,,,,,,,,,,,0,0,1,,
phegopteris connectilis,,unspecified,3.0,,,,,,,0.0,0.0,0.0,0.0,0.0,0.0,,,,,,,,,,,,,,0,0,1,,
phellodendron amurense,woody,tree,83.0,0.8098819973333333,28.295624198454547,0.13914189899999999,20.53453063515,1.56745,,36.0,11.0,6.0,20.0,4.0,0.0,,,,,,,,,,,,,,0,0,1,0.525098137291204,0.968489089991151
phemeranthus aurantiacus,,unspecified,3.0,,,,,,,0.0,0.0,0.0,0.0,0.0,0.0,,,,,,,,,,,,,,0,0,1,,
philadelphus coronarius,woody,shrub,2.0,,,,,,,0.0,0.0,0.0,0.0,0.0,0.0,,,,,,,,,,,,,,0,0,1,,
philadelphus incanus,woody,unspecified,2.0,0.19019999999999998,176.7733599,0.2243396225,21.459050335,,,2.0,2.0,2.0,2.0,0.0,0.0,,,,,,,,,,,,,,0,0,1,1.4285574821978588,-1.0242730786825125
philadelphus tenuifolius,,unspecified,1.0,,,,,,,0.0,0.0,0.0,0.0,0.0,0.0,,,,,,,,,,,,,,0,0,1,,
philenoptera violacea,,,1.0,,,,,,,0.0,0.0,0.0,0.0,0.0,0.0,,,,,,,,,,,,,,0,0,1,,
phillyrea angustifolia,woody,shrub,2.0,0.4132708335,12.49962319,0.675833614,,,25.90277778,2.0,2.0,2.0,0.0,0.0,1.0,,,,,,,,,,,,,,0,0,1,,
phillyrea latifolia,woody,tree,2.0,0.416925,12.7666406295,0.6677028655,,,38.27962963,2.0,2.0,2.0,0.0,0.0,1.0,,,,,,,,,,,,,,0,0,1,,
philodendron fragrantissimum,,,3.0,,,,,,,0.0,0.0,0.0,0.0,0.0,0.0,,,,,,,,,,,,,,0,0,1,,
philotheca spicata,,,2.0,,,,,,,0.0,0.0,0.0,0.0,0.0,0.0,,,,,,,,,,,,,,0,0,1,,
phippsia algida,non-woody,graminoid,7.0,,,,,,,0.0,0.0,0.0,0.0,0.0,0.0,,,,,,,,,,,,,,0,0,1,,
phleum alpinum,non-woody,graminoid,57.0,,,,,,,0.0,0.0,0.0,0.0,0.0,0.0,,,,,,,,,,,,,,0,0,1,,
phleum arenarium,non-woody,graminoid,1.0,,,,,,,0.0,0.0,0.0,0.0,0.0,0.0,,,,,,,,,,,,,,0,0,1,,
phleum bertolonii,non-woody,graminoid,2.0,1.28825817,722.3714286,0.029342014,,,,1.0,1.0,1.0,0.0,0.0,0.0,,,,,,,,,,,,,,0,0,1,,
phleum hirsutum,non-woody,graminoid,12.0,,,,,,,0.0,0.0,0.0,0.0,0.0,0.0,,,,,,,,,,,,,,0,0,1,,
phleum montanum,non-woody,graminoid,3.0,,,,,,,0.0,0.0,0.0,0.0,0.0,0.0,,,,,,,,,,,,,,0,0,1,,
phleum phleoides,non-woody,graminoid,12.0,,,,,,,0.0,0.0,0.0,0.0,0.0,0.0,,,,,,,,,,,,,,0,0,1,,
phleum pratense,non-woody,graminoid,64.0,0.500484606,298.57807567,0.15050432457142857,13.226666666666667,,27.50317775,5.0,10.0,7.0,6.0,0.0,4.0,,,,,,,,,,,,,,0,0,1,1.8526153775380505,-0.17307117390387722
phlomis purpurea,woody,shrub,2.0,0.4472125,7.931033139,0.5241913345,,,45.41666667,2.0,2.0,2.0,0.0,0.0,1.0,,,,,,,,,,,,,,0,0,1,,
phlomoides labiosa,,unspecified,1.0,,,,,,,0.0,0.0,0.0,0.0,0.0,0.0,,,,,,,,,,,,,,0,0,1,,
phlomoides oreophila,,unspecified,3.0,,,,,,,0.0,0.0,0.0,0.0,0.0,0.0,,,,,,,,,,,,,,0,0,1,,
phlomoides rotala,,unspecified,1.0,,,,,,,0.0,0.0,0.0,0.0,0.0,0.0,,,,,,,,,,,,,,0,0,1,,
phlomoides seravschanica,,unspecified,1.0,,,,,,,0.0,0.0,0.0,0.0,0.0,0.0,,,,,,,,,,,,,,0,0,1,,
phlomoides tuberosa,,unspecified,5.0,,,,,,,0.0,0.0,0.0,0.0,0.0,0.0,,,,,,,,,,,,,,0,0,1,,
phlomoides umbrosa,non-woody,unspecified,1.0,0.24455,122.8399898,0.177800587,20.39958133,,,1.0,1.0,1.0,1.0,0.0,0.0,,,,,,,,,,,,,,0,0,1,1.1449030858693712,-0.6852998934678647
phlomoides uralensis,,unspecified,2.0,,,,,,,0.0,0.0,0.0,0.0,0.0,0.0,,,,,,,,,,,,,,0,0,1,,
phlox caespitosa,,unspecified,2.0,,,,,,,0.0,0.0,0.0,0.0,0.0,0.0,,,,,,,,,,,,,,0,0,1,,
phlox drummondii,non-woody,herb,1.0,,,,,,,0.0,0.0,0.0,0.0,0.0,0.0,,,,,,,,,,,,,,0,0,1,,
phlox hoodii,non-woody,herb,16.0,0.2647,107.0545926,0.180454545,,,,1.0,1.0,1.0,0.0,0.0,0.0,,,,,,,,,,,,,,0,0,1,,
phlox longifolia,non-woody,herb,3.0,,,,,,,0.0,0.0,0.0,0.0,0.0,0.0,,,,,,,,,,,,,,0,0,1,,
phlox paniculata,,unspecified,1.0,,,,,,,0.0,0.0,0.0,0.0,0.0,0.0,,,,,,,,,,,,,,0,0,1,,
phlox speciosa,non-woody,herb,6.0,,23.823198717999997,,12.85051465,,,0.0,5.0,0.0,1.0,0.0,0.0,,,,,,,,,,,,,,0,0,1,,
phoebe bournei,,unspecified,1.0,,,,,,,0.0,0.0,0.0,0.0,0.0,0.0,,,,,,,,,,,,,,0,0,1,,
phoebe lanceolata,woody,unspecified,14.0,0.7660238094285715,9.047795430714286,0.3095943585,12.525,0.6684615384615384,,14.0,14.0,14.0,14.0,13.0,0.0,,,,,,,,,,,,,,0,0,1,-0.7733940050956356,0.6186455429330763
phoebe puwenensis,woody,,3.0,0.7320999996666666,5.442912870666667,0.49200562033333334,13.7,0.48666666666666664,,3.0,3.0,3.0,2.0,3.0,0.0,,,,,,,,,,,,,,0,0,1,-1.3590907133806507,0.12366550410703399
phoenix dactylifera,woody,tree,60.0,0.6463333333333333,,,,,,60.0,0.0,0.0,0.0,0.0,0.0,,,,,,,,,,,,,,0,0,1,,
photina arbutifolia,,,1.0,,,,,,,0.0,0.0,0.0,0.0,0.0,0.0,,,,,,,,,,,,,,0,0,1,,
photinia arbutifolia,woody,shrub,3.0,,,,,,,0.0,0.0,0.0,0.0,0.0,0.0,,,,,,,,,,,,,,0,0,1,,
photinia glabra,,,,,,,,,,,,,,,,,,,,,,,,4.0,3.25,1.0,29.25,118.12,0,1,0,,
phragmites australis,non-woody,graminoid,43.0,2.10897144,179.0636364,0.05813917,9.16,,,1.0,1.0,1.0,10.0,0.0,0.0,1.0,5.0,30.0,0.0,0.0,100.0,34.05454405,77.64859864,,,,,,1,0,1,0.7134395008869289,4.310720250914853
phyllanthus emblica,woody,tree,3.0,,,,,,51.8,0.0,0.0,0.0,0.0,0.0,1.0,,,,,,,,,,,,,,0,0,1,,
phyllanthus maderaspatensis,non-woody,herb,1.0,,,,,,46.21,0.0,0.0,0.0,0.0,0.0,1.0,,,,,,,,,,,,,,0,0,1,,
phyllanthus mimosoides,,,,,,,,,,,,,,,,4.0,16.0,0.6110635225,0.5715411905,0.0,98.6231399775,16.17833333,-61.73166667,,,,,,1,0,0,,
phyllanthus muellerianus,woody,climber,4.0,,,,,,,0.0,0.0,0.0,0.0,0.0,0.0,,,,,,,,,,,,,,0,0,1,,
phyllocladus hypophyllus,woody,unspecified,8.0,0.58625,19.716124999999998,0.204375,,,,8.0,8.0,8.0,0.0,0.0,0.0,,,,,,,,,,,,,,0,0,1,,
phyllocladus trichomanoides,woody,unspecified,19.0,0.6785473684210527,15.102486846421051,0.2375842167368421,11.896666666666667,0.28,,19.0,19.0,19.0,3.0,1.0,0.0,,,,,,,,,,,,,,0,0,1,-0.4990539577536455,0.5556087288331742
phyllodoce caerulea,woody,shrub,9.0,0.25627500000000003,123.49109380333334,,10.366666666666667,1.3333333333333333,,4.0,3.0,0.0,3.0,3.0,0.0,,,,,,,,,,,,,,0,0,1,,
phyllostylon rhamnoides,woody,tree,21.0,,,,,,,0.0,0.0,0.0,0.0,0.0,0.0,,,,,,,,,,,,,,0,0,1,,
phyllota pleurandroides,,,1.0,,,,,,,0.0,0.0,0.0,0.0,0.0,0.0,,,,,,,,,,,,,,0,0,1,,
phyllota remota,woody,shrub,1.0,,,,,,,0.0,0.0,0.0,0.0,0.0,0.0,,,,,,,,,,,,,,0,0,1,,
physalis pubescens,non-woody,herb,1.0,0.17265,,0.385859,,,,1.0,0.0,1.0,0.0,0.0,0.0,,,,,,,,,,,,,,0,0,1,,
physalis virginiana,non-woody,herb,2.0,0.3,54.0,0.27,,,,1.0,1.0,1.0,0.0,0.0,0.0,,,,,,,,,,,,,,0,0,1,,
physaria ovalifolia,,,1.0,,,,,,,0.0,0.0,0.0,0.0,0.0,0.0,,,,,,,,,,,,,,0,0,1,,
physochlaina orientalis,,unspecified,1.0,,,,,,,0.0,0.0,0.0,0.0,0.0,0.0,,,,,,,,,,,,,,0,0,1,,
phyteuma nigrum,non-woody,herb,2.0,,,,,,,0.0,0.0,0.0,0.0,0.0,0.0,,,,,,,,,,,,,,0,0,1,,
phyteuma orbiculare,non-woody,herb,1.0,,,,,,,0.0,0.0,0.0,0.0,0.0,0.0,,,,,,,,,,,,,,0,0,1,,
phyteuma spicatum,non-woody,herb,1.0,,,,,,,0.0,0.0,0.0,0.0,0.0,0.0,,,,,,,,,,,,,,0,0,1,,
picea abies,woody,tree,456.0,0.648893085576923,16.760933780595742,0.29109312805,11.507986440149255,1.15587787116,,52.0,47.0,20.0,67.0,50.0,0.0,,,,,,,,,,,,,,0,0,1,-0.7001255609844217,0.3660750774492811
picea alcoquiana,woody,tree,2.0,,,,,,,0.0,0.0,0.0,0.0,0.0,0.0,,,,,,,,,,,,,,0,0,1,,
picea asperata,woody,tree,44.0,,,,12.109,1.1674,,0.0,0.0,0.0,1.0,1.0,0.0,,,,,,,,,,,,,,0,0,1,,
picea crassifolia,woody,tree,1.0,,,,,,,0.0,0.0,0.0,0.0,0.0,0.0,,,,,,,,,,,,,,0,0,1,,
picea engelmannii,woody,tree,16.0,,59.98049387857143,,5.3,0.26666666666666666,,0.0,7.0,0.0,4.0,3.0,0.0,,,,,,,,,,,,,,0,0,1,,
picea fennica,,unspecified,1.0,,,,,,,0.0,0.0,0.0,0.0,0.0,0.0,,,,,,,,,,,,,,0,0,1,,
picea glauca,woody,tree,69.0,0.23,39.0,,18.1568181825,,,1.0,1.0,0.0,4.0,0.0,0.0,,,,,,,,,,,,,,0,0,1,,
picea glehnii,woody,tree,1.0,,,,,,,0.0,0.0,0.0,0.0,0.0,0.0,,,,,,,,,,,,,,0,0,1,,
picea jezoensis,woody,tree,4.0,,,,11.0,0.73,,0.0,0.0,0.0,1.0,1.0,0.0,,,,,,,,,,,,,,0,0,1,,
picea koraiensis,woody,tree,36.0,0.44021375921052636,37.3019312235,0.289520527625,21.85790075,1.6,,19.0,8.0,8.0,4.0,1.0,0.0,,,,,,,,,,,,,,0,0,1,0.22824552216842084,-0.32086862512362546
picea koyamae,woody,tree,3.0,,,,,,,0.0,0.0,0.0,0.0,0.0,0.0,,,,,,,,,,,,,,0,0,1,,
picea likiangensis,woody,tree,1.0,,,,,,,0.0,0.0,0.0,0.0,0.0,0.0,,,,,,,,,,,,,,0,0,1,,
picea mariana,woody,tree,73.0,,,,17.64375,,,0.0,0.0,0.0,2.0,0.0,0.0,,,,,,,,,,,,,,0,0,1,,
picea maximowiczii,woody,tree,2.0,,,,,,,0.0,0.0,0.0,0.0,0.0,0.0,,,,,,,,,,,,,,0,0,1,,
picea meyeri,woody,tree,5.0,0.567053547,22.985986703000002,0.3869873524,11.74,,,5.0,5.0,5.0,5.0,0.0,0.0,,,,,,,,,,,,,,0,0,1,-0.9658695521890596,-0.06282647172949461
picea omorika,woody,tree,1.0,,,,,,,0.0,0.0,0.0,0.0,0.0,0.0,,,,,,,,,,,,,,0,0,1,,
picea orientalis,woody,tree,1.0,,,,,,,0.0,0.0,0.0,0.0,0.0,0.0,,,,,,,,,,,,,,0,0,1,,
picea pungens,woody,tree,2.0,,,,,,,0.0,0.0,0.0,0.0,0.0,0.0,,,,,,,,,,,,,,0,0,1,,
picea rubens,woody,tree,21.0,0.45,18.4,,6.540000000000001,0.31999999999999995,,1.0,1.0,0.0,5.0,5.0,0.0,,,,,,,,,,,,,,0,0,1,,
picea schrenkiana,woody,tree,3.0,,,,,,,0.0,0.0,0.0,0.0,0.0,0.0,,,,,,,,,,,,,,0,0,1,,
picea sitchensis,woody,tree,23.0,,,,5.25,1.92,,0.0,0.0,0.0,6.0,1.0,0.0,,,,,,,,,,,,,,0,0,1,,
picea smithiana,woody,tree,3.0,,,,,,,0.0,0.0,0.0,0.0,0.0,0.0,,,,,,,,,,,,,,0,0,1,,
picea wilsonii,woody,tree,5.0,0.45025193779999995,31.909304864800003,0.39208120739999996,11.28,,,5.0,5.0,5.0,5.0,0.0,0.0,,,,,,,,,,,,,,0,0,1,-0.9294212278922555,-0.3755144090340196
picramnia latifolia,woody,tree,1.0,0.380566667,21.60099675,0.406346408,20.46492,0.792245847,,1.0,1.0,1.0,1.0,1.0,0.0,,,,,,,,,,,,,,0,0,1,-0.3803954113186438,-0.6837829117527954
picrasma longistaminea,,,1.0,0.9054,9.544698941,0.16272772,31.76775,,,1.0,1.0,1.0,1.0,0.0,0.0,,,,,,,,,,,,,,0,0,1,1.0908293433265108,1.0414278496382487
picris echioides,non-woody,herb,1.0,,,,,,,0.0,0.0,0.0,0.0,0.0,0.0,,,,,,,,,,,,,,0,0,1,,
picris hieracioides,non-woody,herb,10.0,0.8459036,226.928333325,0.07283949433333332,12.13,1.3,43.4,4.0,4.0,3.0,3.0,1.0,1.0,,,,,,,,,,,,,,0,0,1,1.490336909346425,0.9936052488102375
picrorhiza kurrooa,,,,,,,,,,,,,,,,2.0,11.0,20.97902098,0.699300699,0.0,98.6013986,32.87218512,77.17479094500001,,,,,,1,0,0,,
picrothamnus desertorum,woody,shrub,2.0,,,,,,,0.0,0.0,0.0,0.0,0.0,0.0,,,,,,,,,,,,,,0,0,1,,
piliostigma thonningii,,unspecified,6.0,,,,,,,0.0,0.0,0.0,0.0,0.0,0.0,,,,,,,,,,,,,,0,0,1,,
pilosella aurantiaca,non-woody,herb,1.0,,87.74,,,,,0.0,1.0,0.0,0.0,0.0,0.0,,,,,,,,,,,,,,0,0,1,,
pilosella caespitosa,non-woody,herb,1.0,,,,,,,0.0,0.0,0.0,0.0,0.0,0.0,,,,,,,,,,,,,,0,0,1,,
pilosella echioides,non-woody,herb,3.0,,,,,,,0.0,0.0,0.0,0.0,0.0,0.0,,,,,,,,,,,,,,0,0,1,,
pilosella officinarum,non-woody,herb,109.0,0.7128861178333333,35.917129440000004,0.18966069695238094,7.224859855333334,,,6.0,47.0,84.0,3.0,0.0,0.0,,,,,,,,,,,,,,0,0,1,-0.5279064462021761,0.7738736962972501
pilosella pannoniciformis,non-woody,herb,1.0,,,,,,,0.0,0.0,0.0,0.0,0.0,0.0,,,,,,,,,,,,,,0,0,1,,
pilosella peleteriana,non-woody,herb,3.0,0.655,13.45,,8.31,,,1.0,1.0,0.0,1.0,0.0,0.0,,,,,,,,,,,,,,0,0,1,,
pilosella pilosella,,unspecified,62.0,,13.381703135833334,0.18767941441935485,,,,0.0,30.0,62.0,0.0,0.0,0.0,,,,,,,,,,,,,,0,0,1,,
pilularia novae-hollandiae,,unspecified,10.0,,90.721846516,0.16,,,,0.0,5.0,10.0,0.0,0.0,0.0,,,,,,,,,,,,,,0,0,1,,
pimelea octophylla,woody,shrub,1.0,,,,,,,0.0,0.0,0.0,0.0,0.0,0.0,,,,,,,,,,,,,,0,0,1,,
pimelea oreophila,,unspecified,8.0,,5.22911484475,0.26097561,,,,0.0,4.0,8.0,0.0,0.0,0.0,,,,,,,,,,,,,,0,0,1,,
pimpinella major,non-woody,herb,1.0,,,,,,,0.0,0.0,0.0,0.0,0.0,0.0,,,,,,,,,,,,,,0,0,1,,
pimpinella rhodantha,,unspecified,1.0,,,,,,,0.0,0.0,0.0,0.0,0.0,0.0,,,,,,,,,,,,,,0,0,1,,
pimpinella saxifraga,non-woody,herb,13.0,,,,,,,0.0,0.0,0.0,0.0,0.0,0.0,8.0,16.875,15.100316538125,0.00535790825,0.034199726375,96.9367174675,58.10333333,22.18972222,,,,,,1,0,1,,
pinguicula alpina,non-woody,herb,1.0,,,,,,,0.0,0.0,0.0,0.0,0.0,0.0,,,,,,,,,,,,,,0,0,1,,
pinguicula vulgaris,non-woody,herb,1.0,,,,,,,0.0,0.0,0.0,0.0,0.0,0.0,,,,,,,,,,,,,,0,0,1,,
pinnasa bergii,,,1.0,,,,,,,0.0,0.0,0.0,0.0,0.0,0.0,,,,,,,,,,,,,,0,0,1,,
pinus aristata,woody,tree,4.0,,41.66792041333333,,,,,0.0,3.0,0.0,0.0,0.0,0.0,,,,,,,,,,,,,,0,0,1,,
pinus armandii,woody,tree,7.0,0.536518806,22.574738753833334,0.47295586100000003,9.227622096666666,,,6.0,6.0,6.0,6.0,0.0,0.0,,,,,,,,,,,,,,0,0,1,-1.4477975237465133,-0.29506754425406106
pinus attenuata,woody,tree,1.0,,,,,,,0.0,0.0,0.0,0.0,0.0,0.0,,,,,,,,,,,,,,0,0,1,,
pinus ayacahuite,woody,tree,1.0,,,,,,,0.0,0.0,0.0,0.0,0.0,0.0,,,,,,,,,,,,,,0,0,1,,
pinus banksiana,woody,tree,35.0,,,,28.76428571,,,0.0,0.0,0.0,1.0,0.0,0.0,,,,,,,,,,,,,,0,0,1,,
pinus brutia,woody,tree,3.0,,,,,,,0.0,0.0,0.0,0.0,0.0,0.0,,,,,,,,,,,,,,0,0,1,,
pinus bungeana,woody,tree,3.0,,,,,,,0.0,0.0,0.0,0.0,0.0,0.0,,,,,,,,,,,,,,0,0,1,,
pinus caribaea,woody,tree,4.0,,,,,,,0.0,0.0,0.0,0.0,0.0,0.0,,,,,,,,,,,,,,0,0,1,,
pinus cembra,woody,tree,11.0,,,,,,,0.0,0.0,0.0,0.0,0.0,0.0,,,,,,,,,,,,,,0,0,1,,
pinus cembroides,woody,tree,1.0,,,,,,,0.0,0.0,0.0,0.0,0.0,0.0,,,,,,,,,,,,,,0,0,1,,
pinus contorta,woody,tree,55.0,,,,7.3,,,0.0,0.0,0.0,3.0,0.0,0.0,,,,,,,,,,,,,,0,0,1,,
pinus coulteri,woody,tree,1.0,,,,,,,0.0,0.0,0.0,0.0,0.0,0.0,,,,,,,,,,,,,,0,0,1,,
pinus densata,woody,tree,1.0,,,,,,,0.0,0.0,0.0,0.0,0.0,0.0,,,,,,,,,,,,,,0,0,1,,
pinus densiflora,woody,tree,9.0,,,,,,,0.0,0.0,0.0,0.0,0.0,0.0,,,,,,,,,,,,,,0,0,1,,
pinus echinata,woody,tree,11.0,,,,,,,0.0,0.0,0.0,0.0,0.0,0.0,,,,,,,,,,,,,,0,0,1,,
pinus edulis,woody,tree,18.0,0.38,18.325563324285717,,21.0,,,1.0,7.0,0.0,1.0,0.0,0.0,,,,,,,,,,,,,,0,0,1,,
pinus elliottii,woody,tree,122.0,0.6071875000625,25.17974359,0.29573333328,10.051799999999998,0.41092,80.2,32.0,26.0,25.0,15.0,1.0,5.0,,,,,,,,,,,,,,0,0,1,-0.7539140312186067,0.25650776381755713
pinus flexilis,woody,tree,1.0,,,,,,,0.0,0.0,0.0,0.0,0.0,0.0,,,,,,,,,,,,,,0,0,1,,
pinus greggii,woody,tree,1.0,,,,,,,0.0,0.0,0.0,0.0,0.0,0.0,,,,,,,,,,,,,,0,0,1,,
pinus halepensis,woody,tree,1.0,,,,,,,0.0,0.0,0.0,0.0,0.0,0.0,,,,,,,,,,,,,,0,0,1,,
pinus heldreichii,woody,tree,2.0,,,,,,,0.0,0.0,0.0,0.0,0.0,0.0,,,,,,,,,,,,,,0,0,1,,
pinus jeffreyi,woody,tree,3.0,,,,,,,0.0,0.0,0.0,0.0,0.0,0.0,,,,,,,,,,,,,,0,0,1,,
pinus kesiya,woody,tree,108.0,,,,6.533333333333334,0.5133333333333333,,0.0,0.0,0.0,3.0,3.0,0.0,,,,,,,,,,,,,,0,0,1,,
pinus koraiensis,woody,tree,155.0,0.8037999660249999,18.284071844333333,0.2859672443333333,14.42537497,1.5147555555555554,,40.0,9.0,9.0,11.0,9.0,0.0,,,,,,,,,,,,,,0,0,1,-0.5005832616697857,0.725907555568288
pinus lambertiana,woody,tree,1.0,,,,,,,0.0,0.0,0.0,0.0,0.0,0.0,,,,,,,,,,,,,,0,0,1,,
pinus luchuensis,woody,tree,2.0,,,,,,,0.0,0.0,0.0,0.0,0.0,0.0,,,,,,,,,,,,,,0,0,1,,
pinus massoniana,woody,tree,249.0,0.2909,59.85230769,0.26,7.564314285714285,0.493475,,1.0,1.0,1.0,14.0,4.0,0.0,,,,,,,,,,,,,,0,0,1,-0.49563046173727077,-0.48234415164493133
pinus monophylla,woody,tree,6.0,,,,9.0,,,0.0,0.0,0.0,1.0,0.0,0.0,,,,,,,,,,,,,,0,0,1,,
pinus monticola,woody,tree,1.0,,,,,,,0.0,0.0,0.0,0.0,0.0,0.0,,,,,,,,,,,,,,0,0,1,,
pinus mugo,woody,tree,16.0,,,,,,,0.0,0.0,0.0,0.0,0.0,0.0,,,,,,,,,,,,,,0,0,1,,
pinus muricata,woody,tree,1.0,,,,,,,0.0,0.0,0.0,0.0,0.0,0.0,,,,,,,,,,,,,,0,0,1,,
pinus nigra,woody,tree,74.0,0.45,33.4,0.247,,,,1.0,1.0,1.0,0.0,0.0,0.0,,,,,,,,,,,,,,0,0,1,,
pinus palustris,woody,tree,65.0,0.8516666666666667,13.76,,8.49703603775,,,6.0,5.0,0.0,20.0,0.0,0.0,,,,,,,,,,,,,,0,0,1,,
pinus parviflora,woody,tree,5.0,,,,,,,0.0,0.0,0.0,0.0,0.0,0.0,,,,,,,,,,,,,,0,0,1,,
pinus patula,woody,tree,3.0,,,,6.6,0.9,,0.0,0.0,0.0,1.0,1.0,0.0,,,,,,,,,,,,,,0,0,1,,
pinus peuce,woody,tree,1.0,,,,,,,0.0,0.0,0.0,0.0,0.0,0.0,,,,,,,,,,,,,,0,0,1,,
pinus pinaster,woody,tree,46.0,0.7123516489411765,7.484617786833334,,,,,17.0,18.0,0.0,0.0,0.0,0.0,,,,,,,,,,,,,,0,0,1,,
pinus pinea,woody,tree,2.0,0.315825,18.76663726,0.713162807,,,,1.0,1.0,1.0,0.0,0.0,0.0,,,,,,,,,,,,,,0,0,1,,
pinus ponderosa,woody,tree,38.0,,32.779486913333336,,6.7031243924999995,,,0.0,12.0,0.0,4.0,0.0,0.0,,,,,,,,,,,,,,0,0,1,,
pinus pseudostrobus,woody,tree,90.0,,,,,,,0.0,0.0,0.0,0.0,0.0,0.0,,,,,,,,,,,,,,0,0,1,,
pinus pumila,woody,tree,4.0,0.2823,53.1400472,0.303666667,13.89963804,,,1.0,1.0,1.0,1.0,0.0,0.0,,,,,,,,,,,,,,0,0,1,-0.2446400743383058,-0.6708443509745333
pinus pungens,woody,tree,2.0,0.48,31.4,0.176,1.34,,,1.0,1.0,1.0,1.0,0.0,0.0,,,,,,,,,,,,,,0,0,1,-0.8729143681855743,0.3027587135729688
pinus radiata,woody,tree,195.0,,,,7.366666666666667,1.2666666666666666,,0.0,0.0,0.0,3.0,3.0,0.0,,,,,,,,,,,,,,0,0,1,,
pinus resinosa,woody,tree,173.0,0.42356200600000005,21.360207803399998,0.29284208266666667,6.5286374215,,,5.0,5.0,3.0,24.0,0.0,0.0,,,,,,,,,,,,,,0,0,1,-0.9764869211535243,-0.1462704562070495
pinus rigida,woody,tree,77.0,,,,8.60239156235294,0.4854504377352941,,0.0,0.0,0.0,34.0,34.0,0.0,,,,,,,,,,,,,,0,0,1,,
pinus roxburghii,woody,tree,5.0,,,,5.533333333333334,,,0.0,0.0,0.0,3.0,0.0,0.0,,,,,,,,,,,,,,0,0,1,,
pinus sabiniana,woody,tree,1.0,,,,,,,0.0,0.0,0.0,0.0,0.0,0.0,,,,,,,,,,,,,,0,0,1,,
pinus sibirica,woody,tree,7.0,,,,,,,0.0,0.0,0.0,0.0,0.0,0.0,,,,,,,,,,,,,,0,0,1,,
pinus strobiformis,woody,tree,6.0,,38.32631170333334,,,,,0.0,6.0,0.0,0.0,0.0,0.0,,,,,,,,,,,,,,0,0,1,,
pinus strobus,woody,tree,117.0,0.58745937078125,25.113539156239998,0.5101433643888889,9.76528422659375,1.47819867025,49.282221715,32.0,25.0,18.0,32.0,8.0,6.0,,,,,,,,,,,,,,0,0,1,-1.5376298182058241,-0.25990987722305836
pinus sylvestris,woody,tree,1236.0,0.680892200367647,15.957261932952205,0.36679199024626863,12.150650448899766,1.1422952400000002,,272.0,272.0,268.0,429.0,29.0,0.0,,,,,,,,,,,,,,0,0,1,-0.9383469884540548,0.2731714060715746
pinus tabuliformis,woody,tree,87.0,0.6065616026805556,32.33901228202439,0.3513257296666667,11.765389945,,53.067670496649995,72.0,41.0,6.0,6.0,0.0,20.0,,,,,,,,,,,,,,0,0,1,-0.782887872842002,0.09923771617207944
pinus taeda,woody,tree,1091.0,0.6569406041034482,13.640714285714285,,4.596808356505883,0.5421875,34.01,58.0,14.0,0.0,85.0,64.0,1.0,,,,,,,,,,,,,,0,0,1,,
pinus taiwanensis,,unspecified,1.0,,,,,,,0.0,0.0,0.0,0.0,0.0,0.0,,,,,,,,,,,,,,0,0,1,,
pinus thunbergii,woody,tree,3.0,,,,,,,0.0,0.0,0.0,0.0,0.0,0.0,,,,,,,,,,,,,,0,0,1,,
pinus virginiana,woody,tree,54.0,0.32291029522222225,31.616521530666667,0.5996854117142857,11.4798882449,0.9475195512222222,,18.0,15.0,14.0,10.0,9.0,0.0,,,,,,,,,,,,,,0,0,1,-1.630415091495242,-1.1529518316704592
pinus wallichiana,woody,tree,2.0,,,,,,,0.0,0.0,0.0,0.0,0.0,0.0,,,,,,,,,,,,,,0,0,1,,
pinus yunnanensis,woody,tree,1.0,,,,,,,0.0,0.0,0.0,0.0,0.0,0.0,,,,,,,,,,,,,,0,0,1,,
piper arboreum,woody,tree,2.0,0.48985,18.32165303,0.3060097325,36.979985,,,2.0,2.0,2.0,2.0,0.0,0.0,,,,,,,,,,,,,,0,0,1,1.1050763260695637,-0.3973558390309993
piper nigrum,woody,climber,2.0,,,,,,,0.0,0.0,0.0,0.0,0.0,0.0,,,,,,,,,,,,,,0,0,1,,
piper reticulatum,woody,tree,2.0,,0.7843,,,,,0.0,2.0,0.0,0.0,0.0,0.0,,,,,,,,,,,,,,0,0,1,,
piper trinervium,,,1.0,,,,,,,0.0,0.0,0.0,0.0,0.0,0.0,,,,,,,,,,,,,,0,0,1,,
piptadeniastrum africanum,woody,tree,49.0,,0.867527,,,,,0.0,48.0,0.0,0.0,0.0,0.0,,,,,,,,,,,,,,0,0,1,,
piptatherum alpestre,,unspecified,4.0,,,,,,,0.0,0.0,0.0,0.0,0.0,0.0,,,,,,,,,,,,,,0,0,1,,
piptatherum pamiralaicum,,unspecified,1.0,,,,,,,0.0,0.0,0.0,0.0,0.0,0.0,,,,,,,,,,,,,,0,0,1,,
piptochaetium montevidensis,,,,,,,,,,,,,,,,10.0,26.7,7.8279151777,0.6311662146,0.12297168490000002,98.981556512,-29.370694444999998,-51.631944445,,,,,,1,0,0,,
piptochaetium napostaense,non-woody,graminoid,2.0,,,,,,,0.0,0.0,0.0,0.0,0.0,0.0,,,,,,,,,,,,,,0,0,1,,
pistacia atlantica,woody,tree,2.0,,,,,,,0.0,0.0,0.0,0.0,0.0,0.0,,,,,,,,,,,,,,0,0,1,,
pistacia chinensis,woody,tree,1.0,0.23907,90.48,0.65,13.57,,50.0,1.0,1.0,1.0,1.0,0.0,1.0,,,,,,,,,,,,,,0,0,1,-1.2469716924860879,-1.5954589034597295
pistacia lentiscus,woody,shrub/tree,5.0,0.42883,11.51207263,0.704452169,,,12.38366625,1.0,1.0,1.0,0.0,0.0,1.0,,,,,,,,,,,,,,0,0,1,,
pistacia terebinthus,woody,shrub,1.0,0.4502,8.662208459,0.733709465,,,42.16666667,1.0,1.0,1.0,0.0,0.0,1.0,,,,,,,,,,,,,,0,0,1,,
pistacia vera,woody,tree,2.0,,,,,,,0.0,0.0,0.0,0.0,0.0,0.0,,,,,,,,,,,,,,0,0,1,,
pisum sativum,,,,,,,,,,,,,,,,,,,,,,,,4.0,106.75,2.75,50.3,-107.683,0,1,0,,
pithecellobium dulce,woody,shrub/tree,1.0,,,,,,47.01,0.0,0.0,0.0,0.0,0.0,1.0,,,,,,,,,,,,,,0,0,1,,
pithocarpa corymbulosa,,,2.0,,,,,,,0.0,0.0,0.0,0.0,0.0,0.0,,,,,,,,,,,,,,0,0,1,,
pittosporopsis kerrii,woody,shrub/tree,4.0,1.065,,,,,,4.0,0.0,0.0,0.0,0.0,0.0,,,,,,,,,,,,,,0,0,1,,
pittosporum crassifolium,woody,tree,2.0,,24.20121231,,12.48474346,2.030279784,,0.0,2.0,0.0,2.0,2.0,0.0,,,,,,,,,,,,,,0,0,1,,
pittosporum eugenioides,woody,tree,9.0,0.4159555555555555,49.53222110555556,0.15280835466666667,13.9,,,9.0,9.0,9.0,1.0,0.0,0.0,,,,,,,,,,,,,,0,0,1,0.23977366799167574,0.001541238668736921
pittosporum kerrii,woody,,1.0,1.028066667,3.960354391,0.31312332,19.7,1.07,,1.0,1.0,1.0,1.0,1.0,0.0,,,,,,,,,,,,,,0,0,1,-0.3717545557248631,1.1839463538556418
pittosporum tenuifolium,woody,tree,7.0,0.42632857142857145,51.19691831714285,0.14231006385714287,,,,7.0,7.0,7.0,0.0,0.0,0.0,,,,,,,,,,,,,,0,0,1,,
pityrocarpa obliqua,woody,unspecified,2.0,,,,,,,0.0,0.0,0.0,0.0,0.0,0.0,,,,,,,,,,,,,,0,0,1,,
plagianthus regius,woody,tree,6.0,0.4364166666666667,58.318845769999996,0.11746996733333333,23.2,,,6.0,6.0,6.0,1.0,0.0,0.0,,,,,,,,,,,,,,0,0,1,1.0815762535264304,-0.0038088078906019372
planchonella grandifolia,,,4.0,0.77314999975,6.283315137,0.360976338,10.1025,0.5575,,4.0,4.0,4.0,4.0,4.0,0.0,,,,,,,,,,,,,,0,0,1,-1.1497774552391666,0.5594646581129302
plantago afra,,,,,,,,,,,,,,,,8.0,6.75,36.22928393375,0.0,0.0,99.9545378475,30.59312499875,34.71170138875,3.0,5.666666666666667,2.0,30.592966666666666,34.711933333333334,1,1,0,,
plantago albicans,non-woody,herb,3.0,,,,,,,0.0,0.0,0.0,0.0,0.0,0.0,,,,,,,,,,,,,,0,0,1,,
plantago argentina,,,,,,,,,,,,,,,,7.0,25.285714285714285,18.893295441285712,0.8652418412857144,0.0,94.34385211428571,-32.76341269857143,-64.93365079428573,6.0,2.0,1.3333333333333333,-32.764633333333336,-64.93513333333334,1,1,0,,
plantago argyrea,,unspecified,3.0,,104.9172613,,9.795274138,,,0.0,2.0,0.0,1.0,0.0,0.0,,,,,,,,,,,,,,0,0,1,,
plantago atrata,non-woody,herb,10.0,,,,,,,0.0,0.0,0.0,0.0,0.0,0.0,,,,,,,,,,,,,,0,0,1,,
plantago caucasia,,,2.0,,,,,,,0.0,0.0,0.0,0.0,0.0,0.0,,,,,,,,,,,,,,0,0,1,,
plantago cornuti,,unspecified,2.0,,,,,,,0.0,0.0,0.0,0.0,0.0,0.0,,,,,,,,,,,,,,0,0,1,,
plantago coronopus,non-woody,herb,2.0,0.16,,0.269,,,,1.0,0.0,1.0,0.0,0.0,0.0,,,,,,,,,,,,,,0,0,1,,
plantago erecta,non-woody,herb,1.0,,177.3586837,,,,,0.0,1.0,0.0,0.0,0.0,0.0,,,,,,,,,,,,,,0,0,1,,
plantago euryphylla,non-woody,herb,4.0,,,,30.675,,,0.0,0.0,0.0,4.0,0.0,0.0,,,,,,,,,,,,,,0,0,1,,
plantago himalaica,,,,,,,,,,,,,,,,1.0,11.0,80.86419753,0.0,0.0,100.0,32.928529,77.221543,,,,,,1,0,0,,
plantago lanceolata,non-woody,herb,99.0,0.4719693704285714,230.01454377142858,0.0439654805,11.185318950611112,2.06,,7.0,28.0,2.0,18.0,1.0,0.0,25.0,22.48,37.26039936444,0.20238439907999997,0.03641862648,94.13933888359999,55.8391635568,24.9702044432,102.0,158.7549019607843,2.264705882352941,60.049655882352944,19.778823529411767,1,1,1,1.6351918677382842,0.12589891452578553
plantago major,non-woody,herb,11.0,2.22958249,606.3615385,0.0342865,,,,1.0,1.0,1.0,0.0,0.0,0.0,,,,,,,,,,,,,,0,0,1,,
plantago maritima,non-woody,unspecified,11.0,,,,,,,0.0,0.0,0.0,0.0,0.0,0.0,,,,,,,,,,,,,,0,0,1,,
plantago maxima,non-woody,herb,1.0,,,,,,,0.0,0.0,0.0,0.0,0.0,0.0,,,,,,,,,,,,,,0,0,1,,
plantago media,non-woody,herb,16.0,2.46480545,374.0583333,0.04631775,,,,1.0,1.0,1.0,0.0,0.0,0.0,3.0,20.666666666666668,9.566715621,3.864690154666667,0.09950248766666665,95.87961553000001,47.47,10.05722222,2.0,1.0,1.0,47.47,10.0572,1,1,1,,
plantago ovata,non-woody,herb,2.0,,,,,,,0.0,0.0,0.0,0.0,0.0,0.0,,,,,,,,,,,,,,0,0,1,,
plantago pachyphylla,,unspecified,1.0,,,,,,,0.0,0.0,0.0,0.0,0.0,0.0,,,,,,,,,,,,,,0,0,1,,
plantago patagonica,non-woody,herb,1.0,0.173233333,171.778132,0.406666667,,,,1.0,1.0,1.0,0.0,0.0,0.0,,,,,,,,,,,,,,0,0,1,,
plantago rugelii,non-woody,herb,1.0,0.25384,,0.176048,,,,1.0,0.0,1.0,0.0,0.0,0.0,,,,,,,,,,,,,,0,0,1,,
plantago triandra,,unspecified,14.0,,57.53669519380001,0.074358974,,,,0.0,5.0,14.0,0.0,0.0,0.0,,,,,,,,,,,,,,0,0,1,,
plantago urvillei,,,1.0,,,,,,,0.0,0.0,0.0,0.0,0.0,0.0,,,,,,,,,,,,,,0,0,1,,
plantago varia,non-woody,herb,5.0,0.5489999999999999,25.15,,,,,2.0,2.0,0.0,0.0,0.0,0.0,,,,,,,,,,,,,,0,0,1,,
platanthera bifolia,non-woody,herb,3.0,,,,,,,0.0,0.0,0.0,0.0,0.0,0.0,,,,,,,,,,,,,,0,0,1,,
platanthera chlorantha,non-woody,herb,1.0,,,,,,,0.0,0.0,0.0,0.0,0.0,0.0,,,,,,,,,,,,,,0,0,1,,
platanus acerifolia,woody,tree,1.0,0.2820609,23.93,0.1475,13.0,,,1.0,1.0,1.0,1.0,0.0,0.0,,,,,,,,,,,,,,0,0,1,0.05436276408905777,-0.26999818645071916
platanus occidentalis,woody,tree,84.0,0.64119375,20.666538494,0.17817011425,7.98961940052174,,,8.0,10.0,8.0,23.0,0.0,0.0,,,,,,,,,,,,,,0,0,1,-0.5179584820175213,0.6338419153041802
platanus orientalis,woody,tree,2.0,,,,,,,0.0,0.0,0.0,0.0,0.0,0.0,,,,,,,,,,,,,,0,0,1,,
plathymenia reticulata,woody,tree,1.0,,,,,,,0.0,0.0,0.0,0.0,0.0,0.0,,,,,,,,,,,,,,0,0,1,,
platycelyphium voense,,,1.0,,,,,,,0.0,0.0,0.0,0.0,0.0,0.0,,,,,,,,,,,,,,0,0,1,,
platycladus orientalis,woody,tree,101.0,0.7932365079206348,7.764765125126984,0.354886317,,,,63.0,63.0,3.0,0.0,0.0,0.0,,,,,,,,,1.0,7.0,1.0,35.12,107.41,0,1,1,,
platylobium obtusangulum,,,,,,,,,,,,,,,,2.0,14.0,3.8636363635,0.0,0.2272727275,82.74294671,-35.1175,138.6647222,,,,,,1,0,0,,
platypodium elegans,woody,tree,20.0,1.4075035408,4.55743543585,0.19803431035000002,18.76884420805,0.60814011335,75.14285714285714,20.0,20.0,20.0,20.0,20.0,14.0,,,,,,,,,,,,,,0,0,1,-0.11116047282464896,2.399831553155504
plectranthus mollis,,,,,,,,,,,,,,,,4.0,17.75,75.9648589025,0.72320176875,0.22914328475,98.25852637999999,29.42083333,79.56888889,2.0,5.0,1.0,29.4208,79.5689,1,1,0,,
plectrocarpa arborea,woody,tree,2.0,0.369133333,11.04751684,0.44504129,18.44622612,,,1.0,1.0,1.0,1.0,0.0,0.0,,,,,,,,,,,,,,0,0,1,-0.730595416393807,-0.7543744653258982
plectrocarpa rougesii,,,1.0,,,,,,,0.0,0.0,0.0,0.0,0.0,0.0,,,,,,,,,,,,,,0,0,1,,
pleioblastus amarus,non-woody,graminoid,36.0,0.5072245929375,12.606962362312501,0.7653997176875,6.3160959361875,0.45222956137500003,,16.0,16.0,16.0,16.0,16.0,0.0,,,,,,,,,,,,,,0,0,1,-2.7617010201241152,-0.956971954477113
pleiogynium timoriense,woody,unspecified,2.0,0.302233333,10.04042289,0.45181257,12.02876747,,,1.0,1.0,1.0,1.0,0.0,0.0,,,,,,,,,,,,,,0,0,1,-1.2020646163853126,-0.8525897206614798
pleroma ochypetalum,,,1.0,0.4938,20.23658654,0.258064516,11.00938,0.32074082,,1.0,1.0,1.0,1.0,1.0,0.0,,,,,,,,,,,,,,0,0,1,-0.5575287615124659,0.05025364792968288
pleuropogon sabinei,non-woody,graminoid,1.0,,,,,,,0.0,0.0,0.0,0.0,0.0,0.0,,,,,,,,,,,,,,0,0,1,,
pleurospermum candollei,,,,,,,,,,,,,,,,2.0,,,,,,32.918596195,77.21025553,,,,,,1,0,0,,
pleurospermum lindleyanum,,,,,,,,,,,,,,,,2.0,7.0,0.326797386,0.108932462,0.0,99.89106754,32.82535405,77.309461425,,,,,,1,0,0,,
pleurospermum simplex,,unspecified,1.0,,,,,,,0.0,0.0,0.0,0.0,0.0,0.0,,,,,,,,,,,,,,0,0,1,,
pleurospermum uralense,,unspecified,4.0,,,,,,,0.0,0.0,0.0,0.0,0.0,0.0,,,,,,,,,,,,,,0,0,1,,
plinia cauliflora,woody,shrub/tree,23.0,0.3015,7.356909553,0.755386131,8.987815976,,,1.0,1.0,1.0,1.0,0.0,0.0,,,,,,,,,,,,,,0,0,1,-2.5228124485340717,-1.4773003451781126
pluchea sericea,,shrub,3.0,,,,,,,0.0,0.0,0.0,0.0,0.0,0.0,,,,,,,,,,,,,,0,0,1,,
plumbago zeylanica,non-woody,herb,1.0,,,,,,55.23,0.0,0.0,0.0,0.0,0.0,1.0,,,,,,,,,,,,,,0,0,1,,
plumeria obtusa,woody,tree,2.0,0.9436,2.492255163,0.243319147,10.94405174,,,1.0,1.0,1.0,1.0,0.0,0.0,,,,,,,,,,,,,,0,0,1,-0.7343009820821614,1.2407178132322723
plumeria rubra,woody,tree,2.0,0.902,7.84918968,0.151048614,,,,1.0,1.0,1.0,0.0,0.0,0.0,,,,,,,,,,,,,,0,0,1,,
poa alpigena,non-woody,graminoid,1.0,,,,,,,0.0,0.0,0.0,0.0,0.0,0.0,,,,,,,,,,,,,,0,0,1,,
poa alpina,non-woody,graminoid,19.0,,,,,,,0.0,0.0,0.0,0.0,0.0,0.0,,,,,,,,,,,,,,0,0,1,,
poa angustifolia,non-woody,graminoid,13.0,1.73049652,622.9357143,0.019078979,,,,1.0,1.0,1.0,0.0,0.0,0.0,,,,,,,,,,,,,,0,0,1,,
poa annua,non-woody,graminoid,14.0,1.7905086,445.3768201857143,0.025908462,6.17,,,1.0,7.0,1.0,1.0,0.0,0.0,,,,,,,,,,,,,,0,0,1,2.479432343073596,3.1927167208227276
poa arctica,non-woody,graminoid,5.0,,,,,,,0.0,0.0,0.0,0.0,0.0,0.0,,,,,,,,,,,,,,0,0,1,,
poa arida,non-woody,graminoid,1.0,0.13501,,0.295867,,,,1.0,0.0,1.0,0.0,0.0,0.0,,,,,,,,,,,,,,0,0,1,,
poa attenuata,,,,,,,,,,,,,,,,21.0,11.0,27.870139995944445,11.218823716277777,5.905361956499999,82.7707358618889,35.05443091523809,83.02660969380952,4.0,116.5,2.0,43.0519,104.058,1,1,0,,
poa bactriana,,unspecified,1.0,,,,,,,0.0,0.0,0.0,0.0,0.0,0.0,,,,,,,,,,,,,,0,0,1,,
poa badensis,non-woody,graminoid,1.0,,,,,,,0.0,0.0,0.0,0.0,0.0,0.0,,,,,,,,,,,,,,0,0,1,,
poa bucharica,,unspecified,2.0,,,,,,,0.0,0.0,0.0,0.0,0.0,0.0,,,,,,,,,,,,,,0,0,1,,
poa bulbosa,non-woody,graminoid,12.0,,,,,,,0.0,0.0,0.0,0.0,0.0,0.0,,,,,,,,,,,,,,0,0,1,,
poa caucasica,,unspecified,1.0,,,,,,,0.0,0.0,0.0,0.0,0.0,0.0,,,,,,,,,,,,,,0,0,1,,
poa cita,non-woody,graminoid,4.0,,,,,,,0.0,0.0,0.0,0.0,0.0,0.0,,,,,,,,,,,,,,0,0,1,,
poa colensoi,non-woody,graminoid,4.0,,,,,,,0.0,0.0,0.0,0.0,0.0,0.0,,,,,,,,,,,,,,0,0,1,,
poa compressa,non-woody,graminoid,16.0,,54.788929786666664,,8.044205308,,,0.0,3.0,0.0,1.0,0.0,0.0,,,,,,,,,,,,,,0,0,1,,
poa cusickii,non-woody,graminoid,1.0,0.1684,134.2380045,0.35709192,,,,1.0,1.0,1.0,0.0,0.0,0.0,,,,,,,,,,,,,,0,0,1,,
poa diaphora,non-woody,graminoid,1.0,,,,,,,0.0,0.0,0.0,0.0,0.0,0.0,,,,,,,,,,,,,,0,0,1,,
poa fendleriana,non-woody,graminoid,7.0,,33.370009015,0.279,6.478414536,,,0.0,6.0,1.0,1.0,0.0,0.0,,,,,,,,,,,,,,0,0,1,,
poa flabellata,non-woody,graminoid,2.0,,,,,,,0.0,0.0,0.0,0.0,0.0,0.0,,,,,,,,,,,,,,0,0,1,,
poa foliosa,non-woody,graminoid,2.0,,,,,,,0.0,0.0,0.0,0.0,0.0,0.0,,,,,,,,,,,,,,0,0,1,,
poa fragilis,,unspecified,1.0,,,,,,,0.0,0.0,0.0,0.0,0.0,0.0,,,,,,,,,,,,,,0,0,1,,
poa glauca,non-woody,graminoid,2.0,0.35,0.91376,,,,,1.0,1.0,0.0,0.0,0.0,0.0,,,,,,,,,,,,,,0,0,1,,
poa iberica,,unspecified,3.0,,,,,,,0.0,0.0,0.0,0.0,0.0,0.0,,,,,,,,,,,,,,0,0,1,,
poa labillardierei,non-woody,graminoid,5.0,0.2545,148.8,,,,,2.0,2.0,0.0,0.0,0.0,0.0,,,,,,,,,,,,,,0,0,1,,
poa ligularis,non-woody,graminoid,4.0,,,,10.4,1.1,,0.0,0.0,0.0,1.0,1.0,0.0,,,,,,,,,,,,,,0,0,1,,
poa nemoralis,non-woody,graminoid,30.0,0.25,169.0,0.12,,,,1.0,1.0,1.0,0.0,0.0,0.0,,,,,,,,,,,,,,0,0,1,,
poa palustris,non-woody,graminoid,4.0,,,,,,,0.0,0.0,0.0,0.0,0.0,0.0,,,,,,,,,,,,,,0,0,1,,
poa pratensis,non-woody,graminoid,110.0,0.4231190166666667,197.72816256217394,0.23237842986666665,13.37565057575,,,6.0,23.0,15.0,8.0,0.0,0.0,,,,,,,,,,,,,,0,0,1,0.9111015367774169,-0.3867087603359984
poa secunda,non-woody,graminoid,5.0,,,,,,,0.0,0.0,0.0,0.0,0.0,0.0,,,,,,,,,,,,,,0,0,1,,
poa sibirica,non-woody,graminoid,3.0,,,,,,,0.0,0.0,0.0,0.0,0.0,0.0,,,,,,,,,,,,,,0,0,1,,
poa stiriaca,,unspecified,1.0,,,,,,,0.0,0.0,0.0,0.0,0.0,0.0,,,,,,,,,,,,,,0,0,1,,
poa tibetica,,,,,,,,,,,,,,,,1.0,11.0,45.29558701,0.0,0.0,100.0,33.076825,77.216602,,,,,,1,0,0,,
poa trivialis,non-woody,graminoid,40.0,0.5413167799999999,704.5407738333333,0.143893918,14.7475,,,3.0,3.0,5.0,4.0,0.0,0.0,,,,,,,,,,,,,,0,0,1,4.70081489288315,-0.7285613144740974
poa versicolor,non-woody,unspecified,5.0,,,,,,,0.0,0.0,0.0,0.0,0.0,0.0,,,,,,,,,,,,,,0,0,1,,
podocarpus coriaceus,,,,,,,,,,,,,,,,8.0,17.0,7.77738718375,1.624876251375,0.05230125525,94.82751504375,16.17833333,-61.73166667,4.0,23.5,1.0,16.1783,-61.7317,1,1,0,,
podocarpus gibbsii,,unspecified,4.0,0.628,14.722,0.25975,,,,4.0,4.0,4.0,0.0,0.0,0.0,,,,,,,,,,,,,,0,0,1,,
podocarpus laetus,woody,unspecified,12.0,0.8722666666666666,8.597170114416667,0.19217046699999998,13.579999999999998,0.73,,12.0,12.0,12.0,2.0,1.0,0.0,,,,,,,,,,,,,,0,0,1,-0.30605147376775177,1.1301379387203545
podocarpus macrophyllus,woody,tree,2.0,,,,,,,0.0,0.0,0.0,0.0,0.0,0.0,,,,,,,,,,,,,,0,0,1,,
podocarpus neriifolius,woody,tree,1.0,0.239866667,106.9029829,0.206339869,15.010389,,,1.0,1.0,1.0,1.0,0.0,0.0,,,,,,,,,,,,,,0,0,1,0.5537225100063023,-0.664456467617618
podocarpus oleifolius,woody,tree,10.0,0.8904548346000001,6.891616096999999,0.257258006,14.576765,0.605281886875,,10.0,10.0,10.0,10.0,8.0,0.0,,,,,,,,,,,,,,0,0,1,-0.4839234453320079,1.0227494793645404
podocarpus totara,woody,tree,7.0,0.8768857142857144,11.012485930857142,0.15199660557142858,,,,7.0,7.0,7.0,0.0,0.0,0.0,,,,,,,,,,,,,,0,0,1,,
podococcus barteri,,,,,,,,,,,,,,,,11.0,27.09090909090909,12.60911809909091,8.370601949,0.29005345527272725,82.83910477181819,0.617222222,10.407045455454545,9.0,2.6666666666666665,1.0,0.6172,10.4072,1,1,0,,
podophyllum peltatum,non-woody,herb,7.0,0.9315571428571429,13.453395395857143,0.20664614142857143,,,,7.0,7.0,7.0,0.0,0.0,0.0,4.0,13.5,43.206035685,2.53469972075,0.4,95.2795859925,39.23611111,-86.22055556,2.0,2.5,1.0,39.2361,-86.2205,1,1,1,,
podospermum alpigena,,unspecified,2.0,,,,,,,0.0,0.0,0.0,0.0,0.0,0.0,,,,,,,,,,,,,,0,0,1,,
pogonopus tubulosus,woody,shrub/tree,15.0,,,,,,,0.0,0.0,0.0,0.0,0.0,0.0,,,,,,,,,,,,,,0,0,1,,
polemonium caeruleum,non-woody,herb,5.0,,,,,,,0.0,0.0,0.0,0.0,0.0,0.0,,,,,,,,,,,,,,0,0,1,,
polemonium caucasicum,,unspecified,1.0,,,,,,,0.0,0.0,0.0,0.0,0.0,0.0,,,,,,,,,,,,,,0,0,1,,
polemonium micranthum,,,1.0,,,,,,,0.0,0.0,0.0,0.0,0.0,0.0,,,,,,,,,,,,,,0,0,1,,
polemonium viscosum,non-woody,herb,2.0,,,,,,,0.0,0.0,0.0,0.0,0.0,0.0,,,,,,,,,,,,,,0,0,1,,
polyalthia suaveolens,,,,,,,,,,,,,,,,5.0,31.8,5.5141633491999995,4.100747194599999,0.008159934800000001,91.646294512,0.617222222,10.39916667,3.0,1.6666666666666667,1.3333333333333333,0.6172,10.3992,1,1,0,,
polycarpaea corymbosa,non-woody,herb,1.0,,,,,,,0.0,0.0,0.0,0.0,0.0,0.0,,,,,,,,,,,,,,0,0,1,,
polycnemum majus,non-woody,herb,1.0,,,,,,,0.0,0.0,0.0,0.0,0.0,0.0,,,,,,,,,,,,,,0,0,1,,
polygala alpicola,,unspecified,8.0,,,,,,,0.0,0.0,0.0,0.0,0.0,0.0,,,,,,,,,,,,,,0,0,1,,
polygala amarella,non-woody,herb,1.0,,,,,,,0.0,0.0,0.0,0.0,0.0,0.0,,,,,,,,,,,,,,0,0,1,,
polygala arvensis,,unspecified,1.0,,,,,,46.94,0.0,0.0,0.0,0.0,0.0,1.0,,,,,,,,,,,,,,0,0,1,,
polygala comosa,non-woody,herb,8.0,,,,,,,0.0,0.0,0.0,0.0,0.0,0.0,,,,,,,,,,,,,,0,0,1,,
polygala erioptera,non-woody,herb,1.0,,,,,,27.12,0.0,0.0,0.0,0.0,0.0,1.0,,,,,,,,,,,,,,0,0,1,,
polygala vulgaris,non-woody,herb,3.0,2.99934799,266.1555556,0.07826168,,,,1.0,1.0,1.0,0.0,0.0,0.0,,,,,,,,,,,,,,0,0,1,,
polygonatum glaberrimum,,unspecified,1.0,,,,,,,0.0,0.0,0.0,0.0,0.0,0.0,4.0,8.0,27.3052076985,1.8683240840000002,0.0850340135,97.96440506,41.93333333,43.42333333,,,,,,1,0,1,,
polygonatum multiflorum,non-woody,herb,1.0,,,,,,,0.0,0.0,0.0,0.0,0.0,0.0,8.0,20.875,19.04059973225,0.7404380083750001,0.15255133462499998,94.04373869,58.584791665,23.56826389,,,,,,1,0,1,,
polygonatum odoratum,non-woody,herb,7.0,,,,,,,0.0,0.0,0.0,0.0,0.0,0.0,8.0,16.5,23.71738328075,0.442940225125,0.20497208425,94.64980481250001,58.584791665,23.56826389,,,,,,1,0,1,,
polygonatum sewerzowii,,unspecified,1.0,,,,,,,0.0,0.0,0.0,0.0,0.0,0.0,,,,,,,,,,,,,,0,0,1,,
polygonatum verticillatum,non-woody,herb,3.0,,,,,,,0.0,0.0,0.0,0.0,0.0,0.0,,,,,,,,,,,,,,0,0,1,,
polygonum arenastrum,,,,,,,,,,,,,,,,1.0,0.0,,,,,33.16213707,77.18530395,,,,,,1,0,0,,
polygonum aviculare,non-woody,herb,10.0,,88.66425966999999,,15.00076056,,,0.0,3.0,0.0,1.0,0.0,0.0,,,,,,,,,,,,,,0,0,1,,
polygonum bellardii,non-woody,,1.0,,,,,,,0.0,0.0,0.0,0.0,0.0,0.0,,,,,,,,,,,,,,0,0,1,,
polygonum biaristatum,,unspecified,4.0,,,,,,,0.0,0.0,0.0,0.0,0.0,0.0,,,,,,,,,,,,,,0,0,1,,
polygonum cognatum,,,,,,,,,,,,,,,,5.0,4.333333333333333,11.794871793333334,0.0,0.0,100.0,33.062831538,77.09761928600001,,,,,,1,0,0,,
polygonum coriarium,,unspecified,2.0,,,,,,,0.0,0.0,0.0,0.0,0.0,0.0,,,,,,,,,,,,,,0,0,1,,
polygonum douglasii,non-woody,herb,3.0,,85.2816568065,,7.45272696,,,0.0,2.0,0.0,1.0,0.0,0.0,,,,,,,,,,,,,,0,0,1,,
polygonum ellipticum,non-woody,herb,2.0,,,,,,,0.0,0.0,0.0,0.0,0.0,0.0,,,,,,,,,,,,,,0,0,1,,
polygonum majus,non-woody,herb,2.0,,,,,,,0.0,0.0,0.0,0.0,0.0,0.0,,,,,,,,,,,,,,0,0,1,,
polygonum plebeium,,,,,,,,,,,,,,,,1.0,,,,,,33.44113,77.44338,,,,,,1,0,0,,
polygonum polycnemoides,,,,,,,,,,,,,,,,1.0,0.0,,,,,32.81302812,77.12123293,,,,,,1,0,0,,
polygonum sibiricum,,,,,,,,,,,,,,,,1.0,4.0,18.68131868,80.21978022,0.0,19.78021978,32.8612275,77.18407273,,,,,,1,0,0,,
polygonum virginianum,non-woody,herb,1.0,0.14893,,0.358251,,,,1.0,0.0,1.0,0.0,0.0,0.0,,,,,,,,,,,,,,0,0,1,,
polylepis lanata,,unspecified,3.0,,,,,,,0.0,0.0,0.0,0.0,0.0,0.0,,,,,,,,,,,,,,0,0,1,,
polypodium vulgare,non-woody,fern,5.0,,,,,,,0.0,0.0,0.0,0.0,0.0,0.0,,,,,,,,,,,,,,0,0,1,,
polypogon monspeliensis,non-woody,graminoid,2.0,,,,,,,0.0,0.0,0.0,0.0,0.0,0.0,1.0,5.0,20.0,0.0,0.0,100.0,33.879667,77.4389,,,,,,1,0,1,,
polyspora axillaris,woody,tree,14.0,0.7674208615454545,9.283333333333333,0.45166666666666666,6.987499945166667,,67.0,11.0,6.0,6.0,6.0,0.0,4.0,,,,,,,,,,,,,,0,0,1,-1.6743730370685874,0.3814033504887133
polyspora hainanensis,,,6.0,,,,7.3999999999999995,0.22333333333333336,,0.0,0.0,0.0,6.0,6.0,0.0,,,,,,,,,,,,,,0,0,1,,
polystichum braunii,non-woody,fern,2.0,,,,,,,0.0,0.0,0.0,0.0,0.0,0.0,,,,,,,,,,,,,,0,0,1,,
polystichum chilense,non-woody,fern,1.0,0.3,43.7,0.29,8.56,0.65,,1.0,1.0,1.0,1.0,1.0,0.0,,,,,,,,,,,,,,0,0,1,-0.642845770376688,-0.5122608263012596
polystichum setiferum,non-woody,fern,1.0,,,,,,,0.0,0.0,0.0,0.0,0.0,0.0,,,,,,,,,,,,,,0,0,1,,
pomaria jamesii,,unspecified,3.0,,,,,,,0.0,0.0,0.0,0.0,0.0,0.0,,,,,,,,,,,,,,0,0,1,,
pombalia prunifolia,,,1.0,,,,,,,0.0,0.0,0.0,0.0,0.0,0.0,,,,,,,,,,,,,,0,0,1,,
pometia pinnata,woody,tree,7.0,0.5623857141428571,11.649653065857143,0.4125705488571429,7.444285714285714,0.4657142857142857,,7.0,7.0,7.0,7.0,7.0,0.0,,,,,,,,,,,,,,0,0,1,-1.4378463358484916,-0.056979269375222
poncirus trifoliata,,,,,,,,,,,,,,,,,,,,,,,,8.0,12.0,1.25,27.268324999999997,114.720875,0,1,0,,
pongamia pinnata,woody,tree,1.0,,,,,,87.97,0.0,0.0,0.0,0.0,0.0,1.0,,,,,,,,,,,,,,0,0,1,,
pontechium maculatum,,unspecified,3.0,,,,,,,0.0,0.0,0.0,0.0,0.0,0.0,,,,,,,,,,,,,,0,0,1,,
pontederia crassipes,non-woody,herb,3.0,,,,12.729999999999999,1.6766666666666667,,0.0,0.0,0.0,3.0,3.0,0.0,,,,,,,,,,,,,,0,0,1,,
populus alba,woody,tree,92.0,0.5582083333333333,64.82185307023077,0.571345688,12.597777777777777,,3.283333333,6.0,13.0,1.0,9.0,0.0,1.0,,,,,,,,,,,,,,0,0,1,-1.2818503755946369,-0.5681235804779092
populus angustifolia,woody,tree,5.0,,,,,,,0.0,0.0,0.0,0.0,0.0,0.0,,,,,,,,,,,,,,0,0,1,,
populus balsamifera,woody,tree,10.0,0.16,90.0,,31.0,,,1.0,1.0,0.0,1.0,0.0,0.0,,,,,,,,,,,,,,0,0,1,,
populus beijingensis,,unspecified,1.0,,,,,,,0.0,0.0,0.0,0.0,0.0,0.0,,,,,,,,,,,,,,0,0,1,,
populus canadensis,woody,tree,87.0,,,,13.664689784117646,,,0.0,0.0,0.0,34.0,0.0,0.0,,,,,,,,,,,,,,0,0,1,,
populus cathayana,woody,tree,10.0,0.2425178667,113.24686969300001,0.4030577711,15.867726698000002,,,10.0,10.0,10.0,10.0,0.0,0.0,,,,,,,,,,,,,,0,0,1,-0.047564752103657584,-1.1109599067179177
populus deltoides,woody,tree,258.0,0.435097805,39.75683136625,0.113375,10.372263967227273,,,4.0,8.0,4.0,44.0,0.0,0.0,,,,,,,,,20.0,27.65,2.9,30.4689,116.99100000000001,0,1,1,0.06001873563133997,0.19744376155863724
populus euphratica,woody,tree,24.0,0.5,,,14.534,,,5.0,0.0,0.0,5.0,0.0,0.0,,,,,,,,,,,,,,0,0,1,,
populus euramericana,woody,tree,1.0,,,,,,,0.0,0.0,0.0,0.0,0.0,0.0,,,,,,,,,,,,,,0,0,1,,
populus fremontii,woody,tree,6.0,,,,,,,0.0,0.0,0.0,0.0,0.0,0.0,,,,,,,,,,,,,,0,0,1,,
populus grandidentata,woody,tree,7.0,0.52398,44.249223152,0.1393370078,1.15,,,5.0,5.0,5.0,1.0,0.0,0.0,,,,,,,,,,,,,,0,0,1,-0.6792340331008715,0.4754035846866199
populus nigra,woody,tree,40.0,0.3798007818333333,,,12.96711312735294,,,30.0,0.0,0.0,34.0,0.0,0.0,,,,,,,,,,,,,,0,0,1,,
populus pruinosa,woody,shrub/tree,3.0,,,,,,,0.0,0.0,0.0,0.0,0.0,0.0,,,,,,,,,,,,,,0,0,1,,
populus suaveolens,woody,unspecified,3.0,0.21495,190.85129666666668,0.23803208266666667,24.094496753333335,,,3.0,3.0,3.0,3.0,0.0,0.0,,,,,,,,,,,,,,0,0,1,1.6556004003980114,-1.0489129073680588
populus tremula,woody,tree,76.0,0.4703486548695653,116.65201798899999,0.19464861158333333,17.123605205058823,1.2082759236,,23.0,13.0,12.0,17.0,5.0,0.0,,,,,,,,,,,,,,0,0,1,0.757068086967548,-0.10340314000206766
populus tremuloides,woody,tree,163.0,0.28384615384615386,74.23066724956522,0.6772727272727272,11.379401057789474,1.2543530637777778,2.5,13.0,23.0,11.0,19.0,9.0,2.0,,,,,,,,,,,,,,0,0,1,-1.619966925447164,-1.4885435130527445
populus trichocarpa,woody,tree,27.0,0.6267438133809524,130.02302784,0.20821070416666668,13.0995780335,,,21.0,13.0,12.0,12.0,0.0,0.0,,,,,,,,,,,,,,0,0,1,0.4754760668113226,0.2897605779658108
populus tristis,woody,tree,81.0,0.246,56.61,,,,,1.0,1.0,0.0,0.0,0.0,0.0,,,,,,,,,,,,,,0,0,1,,
porlieria angustifolia,woody,shrub,2.0,,,,,,,0.0,0.0,0.0,0.0,0.0,0.0,,,,,,,,,,,,,,0,0,1,,
portulaca grandiflora,non-woody,herb,1.0,,,,,,,0.0,0.0,0.0,0.0,0.0,0.0,,,,,,,,,,,,,,0,0,1,,
portulaca lutea,,,,,,,,,,,,,,,,10.0,12.5,2.0475672981999997,0.0059594756,0.0,98.2279079,-15.07944444,-148.1477778,2.0,5.0,1.0,-15.0794,-148.148,1,1,0,,
portulaca oleracea,non-woody,herb,5.0,,204.1311926,,16.05578303,,,0.0,3.0,0.0,1.0,0.0,0.0,,,,,,,,,,,,,,0,0,1,,
portulaca pilosa,non-woody,herb,1.0,,,,,,56.15,0.0,0.0,0.0,0.0,0.0,1.0,,,,,,,,,,,,,,0,0,1,,
potamogeton alpinus,non-woody,herb,2.0,,,,14.51800263,0.739716248,,0.0,0.0,0.0,2.0,2.0,0.0,,,,,,,,,,,,,,0,0,1,,
potamogeton cheesemanii,,unspecified,24.0,,15.828451194636363,0.103305785,,,,0.0,11.0,24.0,0.0,0.0,0.0,,,,,,,,,,,,,,0,0,1,,
potamogeton crispus,non-woody,herb,1.0,,,,,,,0.0,0.0,0.0,0.0,0.0,0.0,,,,,,,,,,,,,,0,0,1,,
potamogeton illinoensis,non-woody,herb,1.0,,,,,,,0.0,0.0,0.0,0.0,0.0,0.0,,,,,,,,,,,,,,0,0,1,,
potamogeton natans,non-woody,herb,2.0,,,,,,,0.0,0.0,0.0,0.0,0.0,0.0,,,,,,,,,,,,,,0,0,1,,
potamogeton perfoliatus,non-woody,herb,1.0,,,,,,,0.0,0.0,0.0,0.0,0.0,0.0,,,,,,,,,,,,,,0,0,1,,
potentilla acaulis,non-woody,herb,10.0,0.198884,62.45285714285715,0.275,13.643333333333333,,10.55,5.0,7.0,2.0,3.0,0.0,1.0,8.0,29.0,44.82541559,0.28838048025,0.068637994875,99.29366128875,47.75777778,107.1320833,8.0,14.5,1.75,47.7578,107.132,1,1,1,-0.0780906902662377,-0.8288948115470197
potentilla alba,non-woody,herb,1.0,,,,,,,0.0,0.0,0.0,0.0,0.0,0.0,,,,,,,,,,,,,,0,0,1,,
potentilla anglica,non-woody,herb,1.0,,,,,,,0.0,0.0,0.0,0.0,0.0,0.0,,,,,,,,,,,,,,0,0,1,,
potentilla argentea,non-woody,herb,4.0,1.92424253,694.6076923,0.092552285,,,,1.0,1.0,1.0,0.0,0.0,0.0,,,,,,,,,,,,,,0,0,1,,
potentilla atrosanguinea,,,,,,,,,,,,,,,,2.0,6.0,65.15151515,8.333333335,0.0,91.66666666500001,34.185191700000004,75.62810834999999,,,,,,1,0,0,,
potentilla aurea,non-woody,herb,3.0,,,,,,,0.0,0.0,0.0,0.0,0.0,0.0,,,,,,,,,,,,,,0,0,1,,
potentilla chiloensis,,,,,,,,,,,,,,,,39.0,17.025641025641026,7.749823275333333,1.4640339585384616,0.013021297435897436,97.7322900748718,-38.975099712820516,-71.3683048428205,,,,,,1,0,0,,
potentilla chrysantha,non-woody,herb,1.0,,,,,,,0.0,0.0,0.0,0.0,0.0,0.0,,,,,,,,,,,,,,0,0,1,,
potentilla concinna,non-woody,herb,1.0,,,,,,,0.0,0.0,0.0,0.0,0.0,0.0,,,,,,,,,,,,,,0,0,1,,
potentilla crantzii,non-woody,herb,13.0,,,,,,,0.0,0.0,0.0,0.0,0.0,0.0,2.0,6.0,0.958466454,0.958466454,0.0,99.04153355,32.83388499,77.309236125,,,,,,1,0,1,,
potentilla crinita,non-woody,herb,4.0,,44.73269878,,8.577815294,,,0.0,3.0,0.0,1.0,0.0,0.0,,,,,,,,,,,,,,0,0,1,,
potentilla curviseta,,,,,,,,,,,,,,,,1.0,2.0,100.0,0.0,0.0,100.0,32.80223449,77.11360146,,,,,,1,0,0,,
potentilla diversifolia,non-woody,herb,2.0,,,,,,,0.0,0.0,0.0,0.0,0.0,0.0,,,,,,,,,,,,,,0,0,1,,
potentilla erecta,non-woody,herb,7.0,2.05452517,362.7833333,0.08860245,,,,1.0,1.0,1.0,0.0,0.0,0.0,,,,,,,,,,,,,,0,0,1,,
potentilla evestita,,,,,,,,,,,,,,,,1.0,,,,,,32.9315,77.22816667,,,,,,1,0,0,,
potentilla flabellata,,unspecified,3.0,,,,,,,0.0,0.0,0.0,0.0,0.0,0.0,,,,,,,,,,,,,,0,0,1,,
potentilla gracilis,non-woody,herb,6.0,,,,,,,0.0,0.0,0.0,0.0,0.0,0.0,,,,,,,,,,,,,,0,0,1,,
potentilla grisea,,unspecified,1.0,,,,,,,0.0,0.0,0.0,0.0,0.0,0.0,,,,,,,,,,,,,,0,0,1,,
potentilla heptaphylla,non-woody,herb,3.0,1.62076125,643.6888889,0.08574266,,,,1.0,1.0,1.0,0.0,0.0,0.0,,,,,,,,,,,,,,0,0,1,,
potentilla hippiana,non-woody,herb,2.0,,17.84685368,,10.5633688,,,0.0,1.0,0.0,1.0,0.0,0.0,,,,,,,,,,,,,,0,0,1,,
potentilla humifusa,,unspecified,3.0,,,,,,,0.0,0.0,0.0,0.0,0.0,0.0,,,,,,,,,,,,,,0,0,1,,
potentilla hyparctica,non-woody,herb,2.0,,,,,,,0.0,0.0,0.0,0.0,0.0,0.0,4.0,7.25,4.27041175275,0.0,0.0,100.0,78.22083333,15.61666667,2.0,63.0,3.5,78.2208,15.6167,1,1,1,,
potentilla incana,non-woody,herb,1.0,,,,,,,0.0,0.0,0.0,0.0,0.0,0.0,,,,,,,,,,,,,,0,0,1,,
potentilla indica,non-woody,herb,2.0,0.1938,204.2005085,0.163888889,14.34944167,,,1.0,1.0,1.0,1.0,0.0,0.0,,,,,,,,,,,,,,0,0,1,1.3228843945538131,-0.8347796117414006
potentilla longipes,,,1.0,,,,,,,0.0,0.0,0.0,0.0,0.0,0.0,,,,,,,,,,,,,,0,0,1,,
potentilla macrosepala,,unspecified,4.0,,8.465,,,,,0.0,4.0,0.0,0.0,0.0,0.0,,,,,,,,,,,,,,0,0,1,,
potentilla multifida,non-woody,herb,3.0,0.18087,,,,,17.34,3.0,0.0,0.0,0.0,0.0,1.0,2.0,19.0,11.0790548885,0.0,0.0231267345,99.90749306000001,33.372958350000005,77.376633335,,,,,,1,0,1,,
potentilla nana,non-woody,herb,5.0,,,,,,,0.0,0.0,0.0,0.0,0.0,0.0,,,,,,,,,,,,,,0,0,1,,
potentilla neglecta,,unspecified,2.0,,,,,,,0.0,0.0,0.0,0.0,0.0,0.0,,,,,,,,,,,,,,0,0,1,,
potentilla neumanniana,,,,,,,,,,,,,,,,7.0,15.714285714285714,15.394778843,0.0,0.0,97.78933284,58.10333333,22.18972222,,,,,,1,0,0,,
potentilla nitida,,,1.0,,,,,,,0.0,0.0,0.0,0.0,0.0,0.0,,,,,,,,,,,,,,0,0,1,,
potentilla nordmanniana,,unspecified,1.0,,,,,,,0.0,0.0,0.0,0.0,0.0,0.0,,,,,,,,,,,,,,0,0,1,,
potentilla ovina,,unspecified,2.0,,,,,,,0.0,0.0,0.0,0.0,0.0,0.0,,,,,,,,,,,,,,0,0,1,,
potentilla pamirica,non-woody,herb,1.0,,,,,,,0.0,0.0,0.0,0.0,0.0,0.0,11.0,3.6363636363636362,12.79724065690909,0.0,1.0954948836363636,98.90450511636364,33.07528339909091,78.12684720727272,,,,,,1,0,1,,
potentilla pamiroalaica,non-woody,herb,1.0,,,,,,,0.0,0.0,0.0,0.0,0.0,0.0,,,,,,,,,,,,,,0,0,1,,
potentilla pensylvanica,,,1.0,,,,,,,0.0,0.0,0.0,0.0,0.0,0.0,,,,,,,,,,,,,,0,0,1,,
potentilla pusilla,non-woody,unspecified,38.0,0.4050379196666667,61.688939685,0.216233534,8.39,,,6.0,6.0,4.0,2.0,0.0,0.0,,,,,,,,,,,,,,0,0,1,-0.29476460680442595,-0.11346481418304052
potentilla recta,non-woody,herb,3.0,1.87208593,583.2307692,0.058185185,,,,1.0,1.0,1.0,0.0,0.0,0.0,,,,,,,,,7.0,13.857142857142858,1.8571428571428572,46.99014285714286,-115.175,0,1,1,,
potentilla reptans,non-woody,herb,1.0,,,,,,,0.0,0.0,0.0,0.0,0.0,0.0,,,,,,,,,,,,,,0,0,1,,
potentilla saundersiana,,unspecified,2.0,,,,,,,0.0,0.0,0.0,0.0,0.0,0.0,,,,,,,,,,,,,,0,0,1,,
potentilla sojakii,,,,,,,,,,,,,,,,7.0,8.833333333333334,10.515840058,1.298432082,0.36457007049999995,98.33699784666668,33.11251672857143,77.42715182428572,,,,,,1,0,0,,
potentilla subviscosa,non-woody,herb,4.0,,65.68263675333334,,7.90369451,,,0.0,3.0,0.0,1.0,0.0,0.0,,,,,,,,,,,,,,0,0,1,,
potentilla supina,non-woody,herb,1.0,,,,,,,0.0,0.0,0.0,0.0,0.0,0.0,,,,,,,,,,,,,,0,0,1,,
potentilla tanacetifolia,non-woody,herb,2.0,,,,,,,0.0,0.0,0.0,0.0,0.0,0.0,,,,,,,,,,,,,,0,0,1,,
potentilla tenacetifolia,non-woody,herb,9.0,0.21929400000000002,34.52,0.3,13.2,,17.88,5.0,6.0,2.0,2.0,0.0,1.0,,,,,,,,,,,,,,0,0,1,-0.3914676870847819,-0.7819186023769403
potentilla tephroleuca,,unspecified,1.0,,,,,,,0.0,0.0,0.0,0.0,0.0,0.0,,,,,,,,,,,,,,0,0,1,,
potentilla turczaninowiana,,,,,,,,,,,,,,,,1.0,2.0,0.0,0.0,0.0,100.0,32.836964,77.165643,,,,,,1,0,0,,
potentilla verna,non-woody,herb,2.0,1.7031236,504.8125,0.114812325,,,,1.0,1.0,1.0,0.0,0.0,0.0,,,,,,,,,,,,,,0,0,1,,
potentilla virgata,non-woody,herb,4.0,,41.3575,,,,,0.0,4.0,0.0,0.0,0.0,0.0,,,,,,,,,,,,,,0,0,1,,
potentilla vvedenskyi,,unspecified,1.0,,,,,,,0.0,0.0,0.0,0.0,0.0,0.0,,,,,,,,,,,,,,0,0,1,,
pourouma cecropiifolia,woody,tree,31.0,0.363361746,34.48497854,0.279711885,16.04815,0.555865486,,1.0,1.0,1.0,1.0,1.0,0.0,,,,,,,,,,,,,,0,0,1,-0.1504841624880891,-0.4125978697865336
pouteria austin-smithii,,,1.0,0.6049,8.443911514,0.412051869,19.14286,,,1.0,1.0,1.0,1.0,0.0,0.0,,,,,,,,,,,,,,0,0,1,-0.6358974511390044,-0.0951365520567367
pouteria caimito,woody,tree,1.0,0.492,18.19,0.267,,,,1.0,1.0,1.0,0.0,0.0,0.0,,,,,,,,,,,,,,0,0,1,,
pouteria campechiana,woody,tree,2.0,0.514066667,11.97928528,0.261578184,15.59162656,,,1.0,1.0,1.0,1.0,0.0,0.0,,,,,,,,,,,,,,0,0,1,-0.3045821981343588,0.04747603254441984
pouteria cuspidata,woody,tree,1.0,0.454,15.99,0.381,,,,1.0,1.0,1.0,0.0,0.0,0.0,,,,,,,,,,,,,,0,0,1,,
pouteria macrophylla,woody,tree,30.0,,,,,,,0.0,0.0,0.0,0.0,0.0,0.0,,,,,,,,,,,,,,0,0,1,,
pouteria nemorosa,woody,tree,27.0,,,,,,,0.0,0.0,0.0,0.0,0.0,0.0,,,,,,,,,,,,,,0,0,1,,
pouteria pierrei,woody,,67.0,,0.844472078125,,,,,0.0,64.0,0.0,0.0,0.0,0.0,,,,,,,,,,,,,,0,0,1,,
pouteria reticulata,woody,tree,2.0,,0.2363,,,,,0.0,2.0,0.0,0.0,0.0,0.0,,,,,,,,,,,,,,0,0,1,,
pouteria torta,woody,tree,4.0,,,,,,,0.0,0.0,0.0,0.0,0.0,0.0,,,,,,,,,,,,,,0,0,1,,
prangos odontalgica,,unspecified,2.0,,,,,,,0.0,0.0,0.0,0.0,0.0,0.0,,,,,,,,,,,,,,0,0,1,,
prangos pabularia,non-woody,herb,2.0,,,,,,,0.0,0.0,0.0,0.0,0.0,0.0,,,,,,,,,,,,,,0,0,1,,
prangos uloptera,,unspecified,1.0,,,,,,,0.0,0.0,0.0,0.0,0.0,0.0,,,,,,,,,,,,,,0,0,1,,
prasoxylon excelsum,,unspecified,5.0,1.5401380210000002,4.7201586506,0.229042213,16.46,,,5.0,5.0,5.0,5.0,0.0,0.0,,,,,,,,,,,,,,0,0,1,-0.4163841765558194,2.6941513494607774
prenanthes petiolata,,unspecified,1.0,,,,,,,0.0,0.0,0.0,0.0,0.0,0.0,,,,,,,,,,,,,,0,0,1,,
prestoea acuminata,woody,tree,21.0,,,,11.333333333333334,0.6795,,0.0,0.0,0.0,3.0,2.0,0.0,,,,,,,,,,,,,,0,0,1,,
primula algida,non-woody,herb,10.0,,,,,,,0.0,0.0,0.0,0.0,0.0,0.0,,,,,,,,,,,,,,0,0,1,,
primula amoena,,unspecified,6.0,,,,,,,0.0,0.0,0.0,0.0,0.0,0.0,,,,,,,,,,,,,,0,0,1,,
primula auricula,non-woody,herb,1.0,,,,,,,0.0,0.0,0.0,0.0,0.0,0.0,,,,,,,,,,,,,,0,0,1,,
primula crassifolia,,unspecified,2.0,,,,,,,0.0,0.0,0.0,0.0,0.0,0.0,,,,,,,,,,,,,,0,0,1,,
primula elatior,non-woody,herb,2.0,,,,,,,0.0,0.0,0.0,0.0,0.0,0.0,,,,,,,,,,,,,,0,0,1,,
primula farinosa,non-woody,herb,1.0,,,,,,,0.0,0.0,0.0,0.0,0.0,0.0,,,,,,,,,,,,,,0,0,1,,
primula glutinosa,non-woody,herb,1.0,,,,,,,0.0,0.0,0.0,0.0,0.0,0.0,,,,,,,,,,,,,,0,0,1,,
primula macrophylla,,,,,,,,,,,,,,,,2.0,4.5,44.642857145,16.666666665,0.0,83.33333333499999,33.78123358,77.32562754,,,,,,1,0,0,,
primula matthioli,,unspecified,2.0,,,,,,,0.0,0.0,0.0,0.0,0.0,0.0,,,,,,,,,,,,,,0,0,1,,
primula meyeri,,unspecified,1.0,,,,,,,0.0,0.0,0.0,0.0,0.0,0.0,,,,,,,,,,,,,,0,0,1,,
primula olgae,,unspecified,1.0,,,,,,,0.0,0.0,0.0,0.0,0.0,0.0,,,,,,,,,,,,,,0,0,1,,
primula pseudoelatior,,unspecified,1.0,,,,,,,0.0,0.0,0.0,0.0,0.0,0.0,,,,,,,,,,,,,,0,0,1,,
primula veris,non-woody,herb,12.0,1.5130594,568.5,0.133428317,,,,1.0,1.0,1.0,0.0,0.0,0.0,,,,,,,,,,,,,,0,0,1,,
primula vulgaris,non-woody,herb,3.0,,,,,,,0.0,0.0,0.0,0.0,0.0,0.0,,,,,,,,,,,,,,0,0,1,,
prionostemma aspera,,climber,20.0,1.17192445995,7.274456815150001,0.23198586075,12.85362465895,0.80335650475,80.71428571428571,20.0,20.0,20.0,20.0,20.0,14.0,,,,,,,,,,,,,,0,0,1,-0.579558041911394,1.8061891338524505
prioria copaifera,woody,tree,1.0,,,,,,,0.0,0.0,0.0,0.0,0.0,0.0,,,,,,,,,,,,,,0,0,1,,
proserpinaca palustris,woody,tree,1.0,,,,,,,0.0,0.0,0.0,0.0,0.0,0.0,,,,,,,,,,,,,,0,0,1,,
prosopis cineraria,woody,unspecified,8.0,,,,,,58.24,0.0,0.0,0.0,0.0,0.0,1.0,,,,,,,,,,,,,,0,0,1,,
prosopis farcta,,,1.0,,,,,,,0.0,0.0,0.0,0.0,0.0,0.0,,,,,,,,,,,,,,0,0,1,,
prosopis juliflora,,,,,,,,,,,,,,,,3.0,24.0,14.680648722,2.2523278086666667,0.17648356499999998,93.81850915333332,14.58222222,-17.01611111,2.0,14.5,1.5,14.5822,-17.0161,1,1,0,,
protea neriifolia,woody,shrub,3.0,,,,,,,0.0,0.0,0.0,0.0,0.0,0.0,,,,,,,,,,,,,,0,0,1,,
protea repens,woody,shrub,4.0,,,,,,,0.0,0.0,0.0,0.0,0.0,0.0,,,,,,,,,,,,,,0,0,1,,
protium altsonii,woody,tree,1.0,0.495,18.06,0.34,,,,1.0,1.0,1.0,0.0,0.0,0.0,,,,,,,,,,,,,,0,0,1,,
protium amazonicum,woody,tree,1.0,0.423,11.26,0.531,,,,1.0,1.0,1.0,0.0,0.0,0.0,,,,,,,,,,,,,,0,0,1,,
protium apiculatum,woody,tree,3.0,0.419,18.69,0.389,,,,1.0,1.0,1.0,0.0,0.0,0.0,,,,,,,,,,,,,,0,0,1,,
protium aracouchini,woody,tree,11.0,0.48952606063636367,7.558578809833334,0.6360899476666667,,,,11.0,6.0,6.0,0.0,0.0,0.0,,,,,,,,,,,,,,0,0,1,,
protium calanense,woody,,1.0,0.435,15.35,0.495,,,,1.0,1.0,1.0,0.0,0.0,0.0,,,,,,,,,,,,,,0,0,1,,
protium calendulinum,,,1.0,0.307,33.97,0.484,,,,1.0,1.0,1.0,0.0,0.0,0.0,,,,,,,,,,,,,,0,0,1,,
protium crassipetalum,woody,tree,1.0,0.498,15.98,0.405,,,,1.0,1.0,1.0,0.0,0.0,0.0,,,,,,,,,,,,,,0,0,1,,
protium decandrum,woody,tree,1.0,0.489,16.61,0.328,,,,1.0,1.0,1.0,0.0,0.0,0.0,,,,,,,,,,,,,,0,0,1,,
protium divaricatum,woody,,1.0,0.546,15.64,0.3,,,,1.0,1.0,1.0,0.0,0.0,0.0,,,,,,,,,,,,,,0,0,1,,
protium elegans,,,1.0,0.547,10.72,0.491,,,,1.0,1.0,1.0,0.0,0.0,0.0,,,,,,,,,,,,,,0,0,1,,
protium ferrugineum,woody,tree,1.0,0.459,23.25,0.264,,,,1.0,1.0,1.0,0.0,0.0,0.0,,,,,,,,,,,,,,0,0,1,,
protium gallosum,woody,tree,1.0,0.424,19.9,0.339,,,,1.0,1.0,1.0,0.0,0.0,0.0,,,,,,,,,,,,,,0,0,1,,
protium giganteum,woody,tree,4.0,0.43310416674999996,11.983521588,0.405474872,,,,4.0,2.0,2.0,0.0,0.0,0.0,,,,,,,,,,,,,,0,0,1,,
protium grandifolium,woody,tree,1.0,0.486,21.15,0.317,,,,1.0,1.0,1.0,0.0,0.0,0.0,,,,,,,,,,,,,,0,0,1,,
protium hebetatum,woody,tree,1.0,0.601,8.54,0.48,,,,1.0,1.0,1.0,0.0,0.0,0.0,,,,,,,,,,,,,,0,0,1,,
protium heptaphyllum,woody,tree,2.0,0.519,11.67,0.41,,,,1.0,1.0,1.0,0.0,0.0,0.0,,,,,,,,,,,,,,0,0,1,,
protium laxiflorum,,,1.0,0.585,8.47,0.449,,,,1.0,1.0,1.0,0.0,0.0,0.0,,,,,,,,,,,,,,0,0,1,,
protium occultum,,,1.0,0.539,11.43,0.541,,,,1.0,1.0,1.0,0.0,0.0,0.0,,,,,,,,,,,,,,0,0,1,,
protium opacum,woody,tree,23.0,0.4729655832173913,20.33642157983333,0.3913077570833334,,,,23.0,12.0,12.0,0.0,0.0,0.0,,,,,,,,,,,,,,0,0,1,,
protium paniculatum,woody,tree,1.0,0.561,11.61,0.391,,,,1.0,1.0,1.0,0.0,0.0,0.0,,,,,,,,,,,,,,0,0,1,,
protium pilosissimum,woody,,1.0,0.398,27.78,0.306,,,,1.0,1.0,1.0,0.0,0.0,0.0,,,,,,,,,,,,,,0,0,1,,
protium pilosum,woody,tree,1.0,0.647,22.54,0.201,,,,1.0,1.0,1.0,0.0,0.0,0.0,,,,,,,,,,,,,,0,0,1,,
protium sagotianum,woody,tree,14.0,0.3509315306428572,16.45719705,0.515001654,,,,14.0,7.0,7.0,0.0,0.0,0.0,,,,,,,,,,,,,,0,0,1,,
protium spruceanum,woody,tree,1.0,0.429,23.28,0.327,,,,1.0,1.0,1.0,0.0,0.0,0.0,,,,,,,,,,,,,,0,0,1,,
protium stevensonii,,,1.0,,,,,,,0.0,0.0,0.0,0.0,0.0,0.0,,,,,,,,,,,,,,0,0,1,,
protium strumosum,,,1.0,0.458,20.15,0.364,,,,1.0,1.0,1.0,0.0,0.0,0.0,,,,,,,,,,,,,,0,0,1,,
protium subserratum,woody,tree,9.0,0.4995525,10.041109728399999,0.538155935,,,,8.0,5.0,5.0,0.0,0.0,0.0,,,,,,,,,,,,,,0,0,1,,
protium tenuifolium,woody,tree,3.0,0.461,6.348066666666667,0.381,,,,1.0,3.0,1.0,0.0,0.0,0.0,,,,,,,,,,,,,,0,0,1,,
protium trifoliolatum,woody,tree,1.0,0.411,22.76,0.376,,,,1.0,1.0,1.0,0.0,0.0,0.0,,,,,,,,,,,,,,0,0,1,,
protium unifoliolatum,woody,tree,1.0,0.665,7.73,0.507,,,,1.0,1.0,1.0,0.0,0.0,0.0,,,,,,,,,,,,,,0,0,1,,
protium urophyllidium,,,1.0,0.438,14.7,0.452,,,,1.0,1.0,1.0,0.0,0.0,0.0,,,,,,,,,,,,,,0,0,1,,
prumnopitys montana,,,1.0,0.8453,4.22583558,0.421590909,13.5932,,,1.0,1.0,1.0,1.0,0.0,0.0,,,,,,,,,,,,,,0,0,1,-1.1494022986859496,0.5656528664450304
prumnopitys taxifolia,woody,tree,7.0,0.7502000000000001,11.000643818857142,0.21206751114285716,13.8,,,7.0,7.0,7.0,1.0,0.0,0.0,,,,,,,,,,,,,,0,0,1,-0.3167989174515826,0.7734381902070473
prunella grandiflora,non-woody,herb,3.0,2.10809465,209.375,0.098958858,,,,1.0,1.0,1.0,0.0,0.0,0.0,,,,,,,,,,,,,,0,0,1,,
prunella vulgaris,non-woody,herb,19.0,0.46825626625,237.75530126875,0.15338832125000001,7.19,,,8.0,8.0,4.0,1.0,0.0,0.0,86.0,19.267441860465116,46.196908482523256,4.192550166744186,0.7019230371744186,91.99373966779069,57.546335142906976,21.340680555697674,10.0,6.4,1.7,56.92501,9.074560000000002,1,1,1,1.0123186357960399,-0.08447972042196084
prunus americana,woody,shrub/tree,3.0,,,,,,,0.0,0.0,0.0,0.0,0.0,0.0,,,,,,,,,,,,,,0,0,1,,
prunus amygdalus,woody,tree,2.0,,,,,,,0.0,0.0,0.0,0.0,0.0,0.0,,,,,,,,,,,,,,0,0,1,,
prunus argentea,,,1.0,,,,,,,0.0,0.0,0.0,0.0,0.0,0.0,,,,,,,,,,,,,,0,0,1,,
prunus armeniaca,woody,tree,9.0,0.443,33.74603524,0.192674774,18.69688333,,,1.0,1.0,1.0,1.0,0.0,0.0,,,,,,,,,,,,,,0,0,1,0.32569311008563434,-0.05470398170578292
prunus avium,woody,tree,140.0,0.3091325,52.286469438,0.5287036516,16.317377165,,71.15,125.0,5.0,5.0,2.0,0.0,2.0,,,,,,,,,,,,,,0,0,1,-0.8903960441742561,-1.1274252769564137
prunus bucharica,,unspecified,1.0,,,,,,,0.0,0.0,0.0,0.0,0.0,0.0,,,,,,,,,,,,,,0,0,1,,
prunus cerasus,woody,tree,1.0,,,,,,,0.0,0.0,0.0,0.0,0.0,0.0,,,,,,,,,,,,,,0,0,1,,
prunus domestica,woody,tree,60.0,0.2643333333333333,,,,,,60.0,0.0,0.0,0.0,0.0,0.0,,,,,,,,,,,,,,0,0,1,,
prunus erythrocarpa,,unspecified,2.0,,,,,,,0.0,0.0,0.0,0.0,0.0,0.0,,,,,,,,,,,,,,0,0,1,,
prunus fruticosa,woody,shrub,2.0,,,,,,,0.0,0.0,0.0,0.0,0.0,0.0,,,,,,,,,,,,,,0,0,1,,
prunus glandulosa,,unspecified,1.0,,,,,,,0.0,0.0,0.0,0.0,0.0,0.0,,,,,,,,,,,,,,0,0,1,,
prunus herthae,,,1.0,0.4435,10.96815629,0.590331492,12.58993,,,1.0,1.0,1.0,1.0,0.0,0.0,,,,,,,,,,,,,,0,0,1,-1.6850278313233749,-0.8109487446280611
prunus japonica,woody,unspecified,1.0,,,,,,,0.0,0.0,0.0,0.0,0.0,0.0,,,,,,,,,,,,,,0,0,1,,
prunus laurocerasus,,unspecified,1.0,,,,,,,0.0,0.0,0.0,0.0,0.0,0.0,,,,,,,,,,,,,,0,0,1,,
prunus maackii,,unspecified,1.0,,,,,,,0.0,0.0,0.0,0.0,0.0,0.0,,,,,,,,,,,,,,0,0,1,,
prunus mahaleb,woody,shrub/tree,5.0,,,,,,,0.0,0.0,0.0,0.0,0.0,0.0,,,,,,,,,,,,,,0,0,1,,
prunus mongolica,,,2.0,,,,,,,0.0,0.0,0.0,0.0,0.0,0.0,,,,,,,,,,,,,,0,0,1,,
prunus nipponica,,,1.0,,,,10.3,0.51,,0.0,0.0,0.0,1.0,1.0,0.0,,,,,,,,,,,,,,0,0,1,,
prunus opaca,,,1.0,0.7775,3.89989971,0.540513552,9.17497,,,1.0,1.0,1.0,1.0,0.0,0.0,,,,,,,,,,,,,,0,0,1,-1.8754451051814394,0.19203602477357815
prunus padus,woody,tree,6.0,0.1471,246.2047059,0.242857143,10.734071263999999,0.661426374,,1.0,1.0,1.0,3.0,2.0,0.0,,,,,,,,,,,,,,0,0,1,1.076226716430917,-1.1461742429338606
prunus pensylvanica,woody,shrub/tree,1.0,,,,,,,0.0,0.0,0.0,0.0,0.0,0.0,,,,,,,,,,,,,,0,0,1,,
prunus persica,woody,tree,17.0,0.3796666666666667,35.30536615526667,,,,42.40740740666667,15.0,15.0,0.0,0.0,0.0,15.0,,,,,,,,,,,,,,0,0,1,,
prunus pumila,woody,shrub,5.0,,,,,,,0.0,0.0,0.0,0.0,0.0,0.0,,,,,,,,,,,,,,0,0,1,,
prunus salicina,,unspecified,2.0,,,,,,,0.0,0.0,0.0,0.0,0.0,0.0,,,,,,,,,,,,,,0,0,1,,
prunus sargentii,woody,tree,4.0,0.40716362,50.0440543975,0.17408333325,16.042541692500002,,,4.0,4.0,4.0,4.0,0.0,0.0,,,,,,,,,,,,,,0,0,1,0.32142450254803046,-0.09573129484487655
prunus serotina,woody,shrub/tree,39.0,0.632239393939394,23.75583707878788,0.1985846954375,12.10562396,,,33.0,33.0,32.0,2.0,0.0,0.0,,,,,,,,,,,,,,0,0,1,-0.275594552841159,0.5084106251988654
prunus sibrica,woody,tree,5.0,0.3304491788,64.719182542,,,,,5.0,5.0,0.0,0.0,0.0,0.0,,,,,,,,,,,,,,0,0,1,,
prunus spinosa,woody,shrub/tree,3.0,,,,,,,0.0,0.0,0.0,0.0,0.0,0.0,,,,,,,,,,,,,,0,0,1,,
prunus spinosissima,,unspecified,1.0,,,,,,,0.0,0.0,0.0,0.0,0.0,0.0,,,,,,,,,,,,,,0,0,1,,
prunus ssiori,woody,tree,1.0,,,,11.8,0.89,,0.0,0.0,0.0,1.0,1.0,0.0,,,,,,,,,,,,,,0,0,1,,
prunus tenella,,unspecified,1.0,,,,,,,0.0,0.0,0.0,0.0,0.0,0.0,,,,,,,,,,,,,,0,0,1,,
prunus tomentosa,woody,shrub,1.0,,,,,,,0.0,0.0,0.0,0.0,0.0,0.0,,,,,,,,,,,,,,0,0,1,,
prunus triloba,woody,,1.0,,,,,,,0.0,0.0,0.0,0.0,0.0,0.0,,,,,,,,,,,,,,0,0,1,,
prunus virginiana,woody,shrub/tree,10.0,0.356,53.49628026199999,,,,,5.0,5.0,0.0,0.0,0.0,0.0,,,,,,,,,,,,,,0,0,1,,
prunus yedoensis,woody,,1.0,,,,,,,0.0,0.0,0.0,0.0,0.0,0.0,,,,,,,,,,,,,,0,0,1,,
psathyrostachys juncea,non-woody,graminoid,4.0,,,,,,,0.0,0.0,0.0,0.0,0.0,0.0,,,,,,,,,,,,,,0,0,1,,
psephellus caucasicus,,unspecified,1.0,,,,,,,0.0,0.0,0.0,0.0,0.0,0.0,,,,,,,,,,,,,,0,0,1,,
psephellus hypoleucus,,unspecified,1.0,,,,,,,0.0,0.0,0.0,0.0,0.0,0.0,,,,,,,,,,,,,,0,0,1,,
psephellus maleevii,,unspecified,1.0,,,,,,,0.0,0.0,0.0,0.0,0.0,0.0,,,,,,,,,,,,,,0,0,1,,
psephellus sibiricus,,unspecified,2.0,,,,,,,0.0,0.0,0.0,0.0,0.0,0.0,,,,,,,,,,,,,,0,0,1,,
pseudobombax septenatum,woody,tree,2.0,0.5795,5.379505561,0.484202508,9.595459501,,,1.0,1.0,1.0,1.0,0.0,0.0,,,,,,,,,,,,,,0,0,1,-1.587481230940155,-0.18900397833638471
pseudodictamnus hirsutus,woody,shrub,1.0,0.354775,5.291243511,0.540589337,,,,1.0,1.0,1.0,0.0,0.0,0.0,,,,,,,,,,,,,,0,0,1,,
pseudodiphasium volubile,non-woody,fern,1.0,0.44,55.5,0.1,4.19,0.4,,1.0,1.0,1.0,1.0,1.0,0.0,,,,,,,,,,,,,,0,0,1,-0.22701715563556038,0.29366205600895384
pseudognaphalium macounii,non-woody,herb,4.0,,120.0525641,,14.31451678,,,0.0,3.0,0.0,1.0,0.0,0.0,,,,,,,,,,,,,,0,0,1,,
pseudohandelia umbellifera,,unspecified,1.0,,,,,,,0.0,0.0,0.0,0.0,0.0,0.0,,,,,,,,,,,,,,0,0,1,,
pseudolachnostylis maprouneifolia,woody,tree,13.0,,,,,,,0.0,0.0,0.0,0.0,0.0,0.0,,,,,,,,,,,,,,0,0,1,,
pseudolmedia laevigata,woody,tree,6.0,0.31464111116666665,28.492657429999998,0.6824124614999999,13.193664000000002,0.5335687522,,6.0,6.0,6.0,5.0,5.0,0.0,,,,,,,,,,,,,,0,0,1,-1.8237657377158698,-1.3724400775249068
pseudolmedia laevis,woody,tree,31.0,0.2629666666666666,49.596151533333334,0.44327798333333335,19.503768,0.9693299659999999,,6.0,6.0,6.0,5.0,5.0,0.0,,,,,,,,,,,,,,0,0,1,-0.3652902491977725,-1.0925660220562612
pseudolmedia rigida,woody,tree,2.0,0.36475,27.005315285000002,0.4421500015,18.189,1.438265126,,2.0,2.0,2.0,2.0,1.0,0.0,,,,,,,,,,,,,,0,0,1,-0.630343911742773,-0.781364447374491
pseudomuscari pallens,,unspecified,1.0,,,,,,,0.0,0.0,0.0,0.0,0.0,0.0,,,,,,,,,,,,,,0,0,1,,
pseudopanax crassifolius,woody,tree,8.0,0.670125,24.09663212625,0.1337267095,16.77,0.68,,8.0,8.0,8.0,2.0,1.0,0.0,,,,,,,,,,,,,,0,0,1,0.28153952959248396,0.6850626304618095
pseudoroegneria reflexiaristata,,unspecified,2.0,,,,,,,0.0,0.0,0.0,0.0,0.0,0.0,,,,,,,,,,,,,,0,0,1,,
pseudoroegneria spicata,non-woody,graminoid,9.0,,,,,,,0.0,0.0,0.0,0.0,0.0,0.0,,,,,,,,,,,,,,0,0,1,,
pseudoscleropodium purum,,unspecified,2.0,,,,,,,0.0,0.0,0.0,0.0,0.0,0.0,,,,,,,,,,,,,,0,0,1,,
pseudoselago serrata,,,,,,,,,,,,,,,,3.0,16.333333333333332,45.55555555666666,8.333333333333334,0.0,90.96491228000001,-33.97277778,18.94416667,,,,,,1,0,0,,
pseudotsuga menziesii,woody,tree,265.0,0.5540083335,26.267681547000002,0.3007849735,3.5242857142857145,0.3709090909090909,,4.0,10.0,4.0,14.0,11.0,0.0,,,,,,,,,,,,,,0,0,1,-1.2162088941422666,0.19455131670993286
pseudowintera colorata,woody,shrub/tree,9.0,0.9056888888888888,12.111242880333332,0.14959719577777777,12.075,0.96,,9.0,9.0,9.0,2.0,1.0,0.0,,,,,,,,,,,,,,0,0,1,-0.24489558212064164,1.3212652441479815
pseudoziziphus parryi,,,1.0,,,,,,,0.0,0.0,0.0,0.0,0.0,0.0,,,,,,,,,,,,,,0,0,1,,
pseuduvaria trimera,,,3.0,1.2562222223333332,2.725872102666667,0.34078588800000004,15.603333333333333,0.71,,3.0,3.0,3.0,3.0,3.0,0.0,,,,,,,,,,,,,,0,0,1,-0.8239353035090918,1.7506519589910141
psidium guajava,woody,tree,2.0,,,,,,,0.0,0.0,0.0,0.0,0.0,0.0,,,,,,,,,,,,,,0,0,1,,
psidium oligospermum,woody,tree,60.0,,,,,,,0.0,0.0,0.0,0.0,0.0,0.0,,,,,,,,,,,,,,0,0,1,,
psilostrophe cooperi,,,1.0,,,,,,,0.0,0.0,0.0,0.0,0.0,0.0,,,,,,,,,,,,,,0,0,1,,
psilostrophe tagetina,,unspecified,2.0,,,,,,,0.0,0.0,0.0,0.0,0.0,0.0,,,,,,,,,,,,,,0,0,1,,
psoralea fruticans,,shrub,2.0,,,,,,,0.0,0.0,0.0,0.0,0.0,0.0,,,,,,,,,,,,,,0,0,1,,
psoralidium tenuiflorum,non-woody,herb,3.0,,,,,,,0.0,0.0,0.0,0.0,0.0,0.0,,,,,,,,,,,,,,0,0,1,,
psorothamnus scoparius,,shrub,2.0,,,,,,,0.0,0.0,0.0,0.0,0.0,0.0,,,,,,,,,,,,,,0,0,1,,
psychotria asiatica,woody,shrub,2.0,0.20865,87.78890000000001,0.2315789475,18.564282,,35.0,2.0,2.0,2.0,2.0,0.0,1.0,,,,,,,,,,,,,,0,0,1,0.5949966057576573,-0.8133772451319341
psychotria chagrensis,woody,shrub,4.0,,,,,,,0.0,0.0,0.0,0.0,0.0,0.0,,,,,,,,,,,,,,0,0,1,,
psychotria horizontalis,woody,shrub,9.0,,,,,,,0.0,0.0,0.0,0.0,0.0,0.0,,,,,,,,,,,,,,0,0,1,,
psychotria limonensis,woody,tree,2.0,,,,,,,0.0,0.0,0.0,0.0,0.0,0.0,,,,,,,,,,,,,,0,0,1,,
psychotria marginata,woody,shrub/tree,2.0,,,,,,,0.0,0.0,0.0,0.0,0.0,0.0,,,,,,,,,,,,,,0,0,1,,
psychotria rhombibractea,,,1.0,0.406,12.33,0.483,,,,1.0,1.0,1.0,0.0,0.0,0.0,,,,,,,,,,,,,,0,0,1,,
psychotria urbaniana,,,,,,,,,,,,,,,,8.0,12.75,6.934153981250001,4.5034122065,0.0575086955,94.0248633375,16.17833333,-61.73166667,1.0,9.0,2.0,16.1783,-61.7317,1,1,0,,
psychotria viridis,woody,unspecified,2.0,0.358633333,35.2970537,0.174839318,12.5474906,,,1.0,1.0,1.0,1.0,0.0,0.0,,,,,,,,,,,,,,0,0,1,-0.01734868446478018,-0.15030416538508368
psydrax dicoccos,woody,tree,6.0,,,,,,,0.0,0.0,0.0,0.0,0.0,0.0,,,,,,,,,,,,,,0,0,1,,
pteridium aquilinum,non-woody,fern,35.0,0.2511,27.47885027186667,0.184848485,12.90537967,,,1.0,15.0,1.0,1.0,0.0,0.0,,,,,,,,,,,,,,0,0,1,-0.05495293561202593,-0.43417056307761326
pteris cretica,non-woody,fern,1.0,,,,,,,0.0,0.0,0.0,0.0,0.0,0.0,,,,,,,,,,,,,,0,0,1,,
pterocarpus angolensis,woody,tree,5.0,,,,,,,0.0,0.0,0.0,0.0,0.0,0.0,,,,,,,,,,,,,,0,0,1,,
pterocarpus indicus,woody,tree,24.0,1.0,4.6000000000000005,,,,,3.0,3.0,0.0,0.0,0.0,0.0,,,,,,,,,,,,,,0,0,1,,
pterocarpus lucens,woody,shrub/tree,5.0,,,,,,,0.0,0.0,0.0,0.0,0.0,0.0,,,,,,,,,,,,,,0,0,1,,
pterocarpus rohrii,woody,tree,2.0,,,,,,,0.0,0.0,0.0,0.0,0.0,0.0,,,,,,,,,,,,,,0,0,1,,
pterocephalus brevis,,,,,,,,,,,,,,,,4.0,7.25,61.586345595,0.0,0.0,96.39789658000001,30.59277778,34.71222222,2.0,207.0,2.0,30.5928,34.7122,1,1,0,,
pterogyne nitens,woody,tree,30.0,,,,,,,0.0,0.0,0.0,0.0,0.0,0.0,,,,,,,,,,,,,,0,0,1,,
pterophylla faxinea,woody,tree,4.0,0.2325,79.00325000000001,0.33325,,,,4.0,4.0,4.0,0.0,0.0,0.0,,,,,,,,,,,,,,0,0,1,,
pterophylla racemosa,woody,tree,32.0,0.36,53.26959044875,0.229519421875,9.18,0.3,,8.0,8.0,8.0,2.0,1.0,0.0,,,,,,,,,,,,,,0,0,1,-0.33211256332358524,-0.25231681022011043
pterospermum acerifolium,woody,tree,1.0,0.28074,25.66,0.24,14.68,,35.0,1.0,1.0,1.0,1.0,0.0,1.0,,,,,,,,,,,,,,0,0,1,-0.14541419628197247,-0.5008753995933609
puccinellia angustata,non-woody,graminoid,3.0,,,,,,,0.0,0.0,0.0,0.0,0.0,0.0,,,,,,,,,,,,,,0,0,1,,
puccinellia distans,non-woody,graminoid,2.0,,,,,,,0.0,0.0,0.0,0.0,0.0,0.0,,,,,,,,,,,,,,0,0,1,,
puccinellia gigantea,,unspecified,1.0,,,,,,,0.0,0.0,0.0,0.0,0.0,0.0,,,,,,,,,,,,,,0,0,1,,
puccinellia phryganodes,non-woody,herb,2.0,,,,,,,0.0,0.0,0.0,0.0,0.0,0.0,,,,,,,,,,,,,,0,0,1,,
puccinellia rupestris,non-woody,graminoid,3.0,0.164,142.6318101,0.360570292,,,,1.0,1.0,1.0,0.0,0.0,0.0,,,,,,,,,,,,,,0,0,1,,
puccinellia subspicata,,unspecified,1.0,,,,,,,0.0,0.0,0.0,0.0,0.0,0.0,,,,,,,,,,,,,,0,0,1,,
puccinellia tenuissima,non-woody,graminoid,1.0,,,,,,,0.0,0.0,0.0,0.0,0.0,0.0,,,,,,,,,,,,,,0,0,1,,
puccinellia vaginata,non-woody,graminoid,4.0,,,,,,,0.0,0.0,0.0,0.0,0.0,0.0,,,,,,,,,,,,,,0,0,1,,
pulicaria crispa,,,1.0,,,,,,,0.0,0.0,0.0,0.0,0.0,0.0,,,,,,,,,,,,,,0,0,1,,
pulicaria diffusa,,,,,,,,,,,,,,,,4.0,15.5,25.50178750925,15.244056424,0.46286067775,82.8246252925,16.81333333,-22.91583333,3.0,33.0,1.0,16.8133,-22.9158,1,1,0,,
pulicaria dysenterica,non-woody,herb,2.0,,,,,,,0.0,0.0,0.0,0.0,0.0,0.0,,,,,,,,,,,,,,0,0,1,,
pulmonaria mollis,non-woody,herb,3.0,,,,,,,0.0,0.0,0.0,0.0,0.0,0.0,,,,,,,,,,,,,,0,0,1,,
pulmonaria obscura,non-woody,herb,17.0,,,,,,,0.0,0.0,0.0,0.0,0.0,0.0,4.0,13.75,49.201931230999996,0.18142585825000002,0.0,99.7633865025,58.28,27.32416667,,,,,,1,0,1,,
pulmonaria officinalis,non-woody,herb,1.0,,,,,,,0.0,0.0,0.0,0.0,0.0,0.0,,,,,,,,,,,,,,0,0,1,,
pulsatilla alpina,non-woody,herb,1.0,,,,,,,0.0,0.0,0.0,0.0,0.0,0.0,,,,,,,,,,,,,,0,0,1,,
pulsatilla aurea,non-woody,herb,1.0,,,,,,,0.0,0.0,0.0,0.0,0.0,0.0,,,,,,,,,,,,,,0,0,1,,
pulsatilla grandis,,,1.0,,,,,,,0.0,0.0,0.0,0.0,0.0,0.0,,,,,,,,,,,,,,0,0,1,,
pulsatilla patens,non-woody,herb,10.0,,,,,,,0.0,0.0,0.0,0.0,0.0,0.0,,,,,,,,,,,,,,0,0,1,,
pulsatilla pratensis,non-woody,herb,2.0,,,,,,,0.0,0.0,0.0,0.0,0.0,0.0,,,,,,,,,,,,,,0,0,1,,
pulsatilla turczaninovii,non-woody,herb,4.0,,12.112499999999999,,,,,0.0,4.0,0.0,0.0,0.0,0.0,,,,,,,,,,,,,,0,0,1,,
pulsatilla vernalis,non-woody,herb,1.0,,,,,,,0.0,0.0,0.0,0.0,0.0,0.0,,,,,,,,,,,,,,0,0,1,,
pulsatilla violacea,non-woody,herb,4.0,,,,,,,0.0,0.0,0.0,0.0,0.0,0.0,,,,,,,,,,,,,,0,0,1,,
pulsatilla wallichiana,,,,,,,,,,,,,,,,1.0,16.0,5.109489051,0.0,0.364963504,99.6350365,33.94407962,76.90095895,,,,,,1,0,0,,
pultenaea daphnoides,,,,,,,,,,,,,,,,4.0,13.0,0.014594279,0.0,0.0,100.0,-33.67527778,151.21423612499999,1.0,12.0,1.0,-33.6753,151.214,1,1,0,,
pultenaea hispidula,,,,,,,,,,,,,,,,2.0,10.5,3.58699296,0.438596491,0.0,99.24293216999999,-35.1175,138.6647222,,,,,,1,0,0,,
punica granatum,woody,shrub/tree,60.0,0.31466666666666665,,,,,,60.0,0.0,0.0,0.0,0.0,0.0,,,,,,,,,,,,,,0,0,1,,
purshia stansburiana,woody,shrub,1.0,,,,,,,0.0,0.0,0.0,0.0,0.0,0.0,,,,,,,,,,,,,,0,0,1,,
purshia tridentata,woody,shrub,6.0,,,,,,,0.0,0.0,0.0,0.0,0.0,0.0,,,,,,,,,,,,,,0,0,1,,
puschkinia scilloides,non-woody,herb,1.0,,,,,,,0.0,0.0,0.0,0.0,0.0,0.0,,,,,,,,,,,,,,0,0,1,,
pycnanthemum flexuosum,non-woody,herb,2.0,,,,,,,0.0,0.0,0.0,0.0,0.0,0.0,,,,,,,,,,,,,,0,0,1,,
pycnanthemum virginianum,non-woody,herb,1.0,0.34,84.0,0.13,,,,1.0,1.0,1.0,0.0,0.0,0.0,,,,,,,,,,,,,,0,0,1,,
pyrenaria jonquieriana,,,6.0,,,,13.266666666666666,0.245,,0.0,0.0,0.0,6.0,6.0,0.0,,,,,,,,,,,,,,0,0,1,,
pyrethrum pyrethroides,,,,,,,,,,,,,,,,1.0,17.0,27.10674157,0.0,0.140449438,99.85955056,33.731808,76.857807,,,,,,1,0,0,,
pyrola chlorantha,non-woody,herb,3.0,,,,,,,0.0,0.0,0.0,0.0,0.0,0.0,,,,,,,,,,,,,,0,0,1,,
pyrola media,non-woody,herb,3.0,,,,,,,0.0,0.0,0.0,0.0,0.0,0.0,,,,,,,,,,,,,,0,0,1,,
pyrola minor,non-woody,herb,2.0,,,,,,,0.0,0.0,0.0,0.0,0.0,0.0,,,,,,,,,,,,,,0,0,1,,
pyrola rotundifolia,non-woody,herb,5.0,,,,,,,0.0,0.0,0.0,0.0,0.0,0.0,,,,,,,,,,,,,,0,0,1,,
pyrorchis nigricans,,,1.0,,,,,,,0.0,0.0,0.0,0.0,0.0,0.0,,,,,,,,,,,,,,0,0,1,,
pyrrocoma racemosa,non-woody,herb,2.0,,,,,,,0.0,0.0,0.0,0.0,0.0,0.0,,,,,,,,,,,,,,0,0,1,,
pyrus betulifolia,woody,tree,5.0,0.7497048876,8.4260789736,0.45937691459999996,8.540000000000001,,,5.0,5.0,5.0,5.0,0.0,0.0,,,,,,,,,,,,,,0,0,1,-1.5932026306374065,0.3013418302242398
pyrus bourgaeana,woody,tree,1.0,0.42915,9.300307144,0.776268467,,,12.74166667,1.0,1.0,1.0,0.0,0.0,1.0,,,,,,,,,,,,,,0,0,1,,
pyrus communis,woody,tree,31.0,0.25366666666666665,,,,,,30.0,0.0,0.0,0.0,0.0,0.0,,,,,,,,,,,,,,0,0,1,,
pyrus pyrifolia,woody,tree,60.0,0.2783333333333333,,,,,,60.0,0.0,0.0,0.0,0.0,0.0,,,,,,,,,,,,,,0,0,1,,
pyrus ussuriensis,woody,tree,1.0,,,,,,,0.0,0.0,0.0,0.0,0.0,0.0,,,,,,,,,,,,,,0,0,1,,
quercus acutissima,woody,tree,9.0,0.2765464465714286,,,,,,7.0,0.0,0.0,0.0,0.0,0.0,,,,,,,,,,,,,,0,0,1,,
quercus agrifolia,woody,shrub/tree,5.0,,,,,,,0.0,0.0,0.0,0.0,0.0,0.0,,,,,,,,,,,,,,0,0,1,,
quercus alba,woody,tree,99.0,0.2992717638148148,58.89474882370588,0.6354589768000001,10.284118535687501,0.9044736373076923,63.86846023625,27.0,17.0,15.0,16.0,13.0,8.0,,,,,,,,,,,,,,0,0,1,-1.6547499320968275,-1.3192248043666353
quercus aliena,woody,tree,7.0,0.39375636166666667,48.941748122999996,0.5367960213333333,13.609377611666666,,,6.0,6.0,6.0,6.0,0.0,0.0,,,,,,,,,,,,,,0,0,1,-1.154225390456422,-0.8924755641895616
quercus aquifolioides,woody,unspecified,8.0,,,,,,,0.0,0.0,0.0,0.0,0.0,0.0,,,,,,,,,,,,,,0,0,1,,
quercus aristata,,,3.0,0.15866140033333334,,,,,,3.0,0.0,0.0,0.0,0.0,0.0,,,,,,,,,,,,,,0,0,1,,
quercus asymmetrica,woody,tree,7.0,0.34704,45.18,0.21,9.430000000000001,0.21833333333333335,70.0,1.0,1.0,1.0,7.0,6.0,1.0,,,,,,,,,,,,,,0,0,1,-0.29573950876133864,-0.23220596835111007
quercus bicolor,woody,tree,11.0,0.5418454545454545,31.59566990818182,0.17482014018181816,,,,11.0,11.0,11.0,0.0,0.0,0.0,,,,,,,,,,,,,,0,0,1,,
quercus blakei,woody,,6.0,,,,14.5,0.385,,0.0,0.0,0.0,6.0,6.0,0.0,,,,,,,,,,,,,,0,0,1,,
quercus canariensis,woody,tree,2.0,0.41375,12.84111203,0.617889989,,,,1.0,1.0,1.0,0.0,0.0,0.0,,,,,,,,,,,,,,0,0,1,,
quercus castanea,woody,,3.0,0.13104086133333334,,,,,,3.0,0.0,0.0,0.0,0.0,0.0,,,,,,,,,,,,,,0,0,1,,
quercus cerris,woody,tree,8.0,,,,,,,0.0,0.0,0.0,0.0,0.0,0.0,,,,,,,,,,,,,,0,0,1,,
quercus chrysolepis,woody,shrub/tree,4.0,0.35886083100000005,,,,,,3.0,0.0,0.0,0.0,0.0,0.0,,,,,,,,,,,,,,0,0,1,,
quercus coccifera,woody,shrub/tree,3.0,0.472945833,9.962760294,0.712057623,,,8.649537037,1.0,1.0,1.0,0.0,0.0,1.0,,,,,,,,,,,,,,0,0,1,,
quercus copeyensis,woody,tree,3.0,,,,,,,0.0,0.0,0.0,0.0,0.0,0.0,,,,,,,,,,,,,,0,0,1,,
quercus crassipes,woody,,3.0,0.15620401533333333,,,,,,3.0,0.0,0.0,0.0,0.0,0.0,,,,,,,,,,,,,,0,0,1,,
quercus dentata,woody,tree,6.0,0.3141655898,,,,,,5.0,0.0,0.0,0.0,0.0,0.0,,,,,,,,,,,,,,0,0,1,,
quercus douglasii,woody,tree,3.0,,,,,,,0.0,0.0,0.0,0.0,0.0,0.0,,,,,,,,,,,,,,0,0,1,,
quercus dumosa,woody,shrub/tree,2.0,,,,,,,0.0,0.0,0.0,0.0,0.0,0.0,,,,,,,,,,,,,,0,0,1,,
quercus edithae,woody,,6.0,,,,10.1,0.2783333333333333,,0.0,0.0,0.0,6.0,6.0,0.0,,,,,,,,,,,,,,0,0,1,,
quercus ellipsoidalis,woody,tree,2.0,,66.5,,14.4,,,0.0,2.0,0.0,2.0,0.0,0.0,,,,,,,,,,,,,,0,0,1,,
quercus faginea,woody,tree,2.0,0.507925,8.208044292,0.634619471,,,22.21666667,1.0,1.0,1.0,0.0,0.0,1.0,,,,,,,,,,,,,,0,0,1,,
quercus floribunda,woody,unspecified,2.0,,,,,,,0.0,0.0,0.0,0.0,0.0,0.0,,,,,,,,,,,,,,0,0,1,,
quercus franchetii,woody,unspecified,1.0,,,,,,,0.0,0.0,0.0,0.0,0.0,0.0,,,,,,,,,,,,,,0,0,1,,
quercus fusiformis,woody,tree,10.0,,,,,,,0.0,0.0,0.0,0.0,0.0,0.0,,,,,,,,,,,,,,0,0,1,,
quercus gambelii,woody,shrub/tree,18.0,,73.06388382833333,,7.283722758,,,0.0,12.0,0.0,1.0,0.0,0.0,,,,,,,,,,,,,,0,0,1,,
quercus glauca,woody,unspecified,1.0,0.22,65.31,0.45,,,,1.0,1.0,1.0,0.0,0.0,0.0,,,,,,,,,,,,,,0,0,1,,
quercus grahamii,,,3.0,0.156011972,,,,,,3.0,0.0,0.0,0.0,0.0,0.0,,,,,,,,,,,,,,0,0,1,,
quercus hemisphaerica,woody,tree,3.0,0.12692480366666667,,,,,,3.0,0.0,0.0,0.0,0.0,0.0,,,,,,,,,,,,,,0,0,1,,
quercus ilex,woody,tree,8.0,0.26898836950000005,7.357025472,0.698061281,,,2.041666667,4.0,1.0,1.0,0.0,0.0,1.0,,,,,,,,,,,,,,0,0,1,,
quercus imbricaria,woody,tree,3.0,0.13630377833333332,,,,,,3.0,0.0,0.0,0.0,0.0,0.0,,,,,,,,,,,,,,0,0,1,,
quercus incana,woody,shrub/tree,6.0,,,,,,,0.0,0.0,0.0,0.0,0.0,0.0,,,,,,,,,,,,,,0,0,1,,
quercus kelloggii,woody,shrub/tree,2.0,,,,,,,0.0,0.0,0.0,0.0,0.0,0.0,,,,,,,,,,,,,,0,0,1,,
quercus laevis,woody,tree,6.0,,,,,,,0.0,0.0,0.0,0.0,0.0,0.0,,,,,,,,,,,,,,0,0,1,,
quercus laurifolia,woody,tree,2.0,,,,,,,0.0,0.0,0.0,0.0,0.0,0.0,,,,,,,,,,,,,,0,0,1,,
quercus leucotrichophora,woody,unspecified,4.0,,,,6.666666666666667,,,0.0,0.0,0.0,3.0,0.0,0.0,,,,,,,,,,,,,,0,0,1,,
quercus lobata,woody,tree,4.0,0.12511036266666667,,,,,,3.0,0.0,0.0,0.0,0.0,0.0,,,,,,,,,,,,,,0,0,1,,
quercus lowii,,unspecified,4.0,0.367,30.974,0.35225,,,,4.0,4.0,4.0,0.0,0.0,0.0,,,,,,,,,,,,,,0,0,1,,
quercus lyrata,woody,tree,3.0,0.15803591466666667,,,,,,3.0,0.0,0.0,0.0,0.0,0.0,,,,,,,,,,,,,,0,0,1,,
quercus macrocalyx,,,6.0,,,,9.4,0.27999999999999997,,0.0,0.0,0.0,6.0,6.0,0.0,,,,,,,,,,,,,,0,0,1,,
quercus macrocarpa,woody,shrub/tree,19.0,0.23217248685714287,58.01969278888888,,11.05,,,7.0,9.0,0.0,4.0,0.0,0.0,,,,,,,,,,,,,,0,0,1,,
quercus margarettae,woody,tree,14.0,0.13673039333333334,,,,,,3.0,0.0,0.0,0.0,0.0,0.0,,,,,,,,,,,,,,0,0,1,,
quercus michauxii,woody,tree,1.0,,,,,,,0.0,0.0,0.0,0.0,0.0,0.0,,,,,,,,,,,,,,0,0,1,,
quercus mongolica,woody,tree,42.0,0.377177331875,52.1084821845,0.230386473,14.153835888333333,1.372,,16.0,6.0,1.0,6.0,5.0,0.0,,,,,,,,,,,,,,0,0,1,0.006522259639131114,-0.2735064460752135
quercus montana,woody,,4.0,0.13880658433333334,,,,,,3.0,0.0,0.0,0.0,0.0,0.0,,,,,,,,,,,,,,0,0,1,,
quercus multinervis,woody,tree,1.0,0.231575,77.13546392,0.303125,12.90867033,,,1.0,1.0,1.0,1.0,0.0,0.0,,,,,,,,,,,,,,0,0,1,-0.14009051267804098,-0.8227268364388748
quercus myrsinifolia,woody,,6.0,,,,11.65,0.29833333333333334,,0.0,0.0,0.0,6.0,6.0,0.0,,,,,,,,,,,,,,0,0,1,,
quercus myrtifolia,woody,tree,1.0,,,,,,,0.0,0.0,0.0,0.0,0.0,0.0,,,,,,,,,,,,,,0,0,1,,
quercus nigra,woody,tree,1.0,,,,,,,0.0,0.0,0.0,0.0,0.0,0.0,,,,,,,,,,,,,,0,0,1,,
quercus oleoides,woody,tree,3.0,0.13496014266666667,,,,,,3.0,0.0,0.0,0.0,0.0,0.0,,,,,,,,,,,,,,0,0,1,,
quercus oxyodon,woody,unspecified,3.0,0.181225,173.8745652,0.2908783095,17.830564165,,,2.0,2.0,2.0,2.0,0.0,0.0,,,,,,,,,,,,,,0,0,1,0.9150704079721157,-1.1413368984891803
quercus palustris,woody,tree,2.0,0.50335,37.708195364999995,0.1493745775,,,,2.0,2.0,2.0,0.0,0.0,0.0,,,,,,,,,,,,,,0,0,1,,
quercus petraea,woody,tree,631.0,,16.966666666666665,,14.56176950998185,1.2,,0.0,12.0,0.0,551.0,6.0,0.0,,,,,,,,,,,,,,0,0,1,,
quercus pubescens,woody,tree,4.0,,,,,,,0.0,0.0,0.0,0.0,0.0,0.0,,,,,,,,,,,,,,0,0,1,,
quercus pyrenaica,woody,tree,4.0,,,,,,,0.0,0.0,0.0,0.0,0.0,0.0,,,,,,,,,,,,,,0,0,1,,
quercus robur,woody,tree,182.0,0.48834918828,22.381372304804348,0.42867498174999996,12.649071286190477,1.3,99.19999999999999,50.0,46.0,8.0,42.0,1.0,2.0,,,,,,,,,,,,,,0,0,1,-1.036033686021844,-0.3626187199689657
quercus rotundifolia,woody,tree,1.0,,,,,,,0.0,0.0,0.0,0.0,0.0,0.0,,,,,,,,,,,,,,0,0,1,,
quercus rubra,woody,tree,82.0,0.3905329902608696,37.24885168319512,0.4007487351842105,12.470519260599998,1.09599842475,26.093082895,46.0,41.0,38.0,15.0,8.0,2.0,,,,,,,,,,,,,,0,0,1,-0.8259223439436213,-0.5683669228722468
quercus rugosa,woody,,3.0,0.15072702333333335,,,,,,3.0,0.0,0.0,0.0,0.0,0.0,,,,,,,,,,,,,,0,0,1,,
quercus serrata,woody,tree,40.0,0.38582652711764703,36.20316836842857,0.4225212106666667,12.432898026382352,,,34.0,35.0,3.0,34.0,0.0,0.0,,,,,,,,,,,,,,0,0,1,-0.9124526585513011,-0.6258093732901129
quercus sinuata,woody,shrub/tree,2.0,,,,,,,0.0,0.0,0.0,0.0,0.0,0.0,,,,,,,,,,,,,,0,0,1,,
quercus stellata,woody,tree,1.0,,,,,,,0.0,0.0,0.0,0.0,0.0,0.0,,,,,,,,,,,,,,0,0,1,,
quercus suber,woody,tree,6.0,0.345325,19.01307903,0.668700885,,,,1.0,1.0,1.0,0.0,0.0,0.0,,,,,,,,,,,,,,0,0,1,,
quercus turbinella,woody,shrub/tree,4.0,,,,,,,0.0,0.0,0.0,0.0,0.0,0.0,,,,,,,,,,,,,,0,0,1,,
quercus variabilis,woody,unspecified,7.0,0.5403546572,30.104058320999997,0.470476603,20.0,,,5.0,5.0,5.0,5.0,0.0,0.0,,,,,,,,,,,,,,0,0,1,-0.6234906029063858,-0.43127609801408145
quercus velutina,woody,tree,1.0,,,,,,,0.0,0.0,0.0,0.0,0.0,0.0,,,,,,,,,,,,,,0,0,1,,
quercus virginiana,woody,tree,5.0,0.2001216195,12.14660452,0.442786517,6.98607981,,,4.0,1.0,1.0,1.0,0.0,0.0,,,,,,,,,,,,,,0,0,1,-1.4900697415817683,-1.0272494887429044
quercus wislizeni,woody,tree,4.0,0.14177121,,,,,,3.0,0.0,0.0,0.0,0.0,0.0,,,,,,,,,,,,,,0,0,1,,
quercus wutaishanica,woody,unspecified,7.0,0.2561987052857143,45.75887864428572,0.6675340934285714,14.995333142857143,,,7.0,7.0,7.0,7.0,0.0,0.0,,,,,,,,,,,,,,0,0,1,-1.5127457753038946,-1.5374705791399217
quillaja saponaria,woody,tree,1.0,,,,,,,0.0,0.0,0.0,0.0,0.0,0.0,,,,,,,,,,,,,,0,0,1,,
quintinia serrata,woody,tree,4.0,0.3749,36.9481821375,0.2749041565,10.584999999999999,0.32,,4.0,4.0,4.0,2.0,1.0,0.0,,,,,,,,,,,,,,0,0,1,-0.5078043397263454,-0.3064711816575003
radermachera sinica,woody,tree,6.0,,,,,,,0.0,0.0,0.0,0.0,0.0,0.0,,,,,,,,,,,,,,0,0,1,,
ranunculus abchasicus,,unspecified,1.0,,,,,,,0.0,0.0,0.0,0.0,0.0,0.0,,,,,,,,,,,,,,0,0,1,,
ranunculus acris,non-woody,herb,16.0,1.051924135,106.94,0.043218533,7.28,2.71,0.0,2.0,2.0,1.0,1.0,1.0,1.0,,,,,,,,,,,,,,0,0,1,0.3974435844455162,1.831224792095885
ranunculus arvensis,non-woody,herb,1.0,,,,,,,0.0,0.0,0.0,0.0,0.0,0.0,,,,,,,,,,,,,,0,0,1,,
ranunculus auricomus,non-woody,herb,15.0,,,,,,,0.0,0.0,0.0,0.0,0.0,0.0,,,,,,,,,,,,,,0,0,1,,
ranunculus brachylobus,,unspecified,3.0,,,,,,,0.0,0.0,0.0,0.0,0.0,0.0,,,,,,,,,,,,,,0,0,1,,
ranunculus buhsei,,unspecified,1.0,,,,,,,0.0,0.0,0.0,0.0,0.0,0.0,,,,,,,,,,,,,,0,0,1,,
ranunculus bulbosus,non-woody,herb,3.0,2.32405562,379.6454545,0.055526464,,,,1.0,1.0,1.0,0.0,0.0,0.0,4.0,37.25,74.13468103,0.00772558725,0.0378214825,99.162987975,58.10333333,22.18972222,,,,,,1,0,1,,
ranunculus cappadocicus,,unspecified,1.0,,,,,,,0.0,0.0,0.0,0.0,0.0,0.0,,,,,,,,,,,,,,0,0,1,,
ranunculus cassubicus,non-woody,herb,1.0,,,,,,,0.0,0.0,0.0,0.0,0.0,0.0,,,,,,,,,,,,,,0,0,1,,
ranunculus caucasicus,,unspecified,3.0,,,,,,,0.0,0.0,0.0,0.0,0.0,0.0,,,,,,,,,,,,,,0,0,1,,
ranunculus crassifolius,non-woody,herb,1.0,,,,,,,0.0,0.0,0.0,0.0,0.0,0.0,,,,,,,,,,,,,,0,0,1,,
ranunculus czimganicus,,unspecified,1.0,,,,,,,0.0,0.0,0.0,0.0,0.0,0.0,,,,,,,,,,,,,,0,0,1,,
ranunculus delphinifolius,,unspecified,2.0,,,,,,,0.0,0.0,0.0,0.0,0.0,0.0,,,,,,,,,,,,,,0,0,1,,
ranunculus distans,,unspecified,1.0,,,,,,,0.0,0.0,0.0,0.0,0.0,0.0,,,,,,,,,,,,,,0,0,1,,
ranunculus ficaria,non-woody,herb,1.0,,,,,,,0.0,0.0,0.0,0.0,0.0,0.0,,,,,,,,,,,,,,0,0,1,,
ranunculus flammula,non-woody,herb,1.0,,,,,,,0.0,0.0,0.0,0.0,0.0,0.0,,,,,,,,,,,,,,0,0,1,,
ranunculus hirtellus,,,,,,,,,,,,,,,,1.0,12.0,89.30635838,56.93641618,0.289017341,42.77456647,34.36275,74.989,,,,,,1,0,0,,
ranunculus hybridus,non-woody,herb,1.0,,,,,,,0.0,0.0,0.0,0.0,0.0,0.0,,,,,,,,,,,,,,0,0,1,,
ranunculus illyricus,non-woody,herb,1.0,,,,,,,0.0,0.0,0.0,0.0,0.0,0.0,,,,,,,,,,,,,,0,0,1,,
ranunculus japonicus,non-woody,herb,2.0,,6.382556305,,,,,0.0,1.0,0.0,0.0,0.0,0.0,,,,,,,,,,,,,,0,0,1,,
ranunculus limosella,,unspecified,4.0,,91.095954545,0.064705882,,,,0.0,2.0,4.0,0.0,0.0,0.0,,,,,,,,,,,,,,0,0,1,,
ranunculus lingua,non-woody,herb,2.0,,,,,,,0.0,0.0,0.0,0.0,0.0,0.0,,,,,,,,,,,,,,0,0,1,,
ranunculus lojkae,,unspecified,1.0,,,,,,,0.0,0.0,0.0,0.0,0.0,0.0,,,,,,,,,,,,,,0,0,1,,
ranunculus membranaceus,,,,,,,,,,,,,,,,1.0,,,,,,32.867907,77.186445,,,,,,1,0,0,,
ranunculus minimus,,,2.0,1.544089,600.6857143,0.063192343,,,,1.0,1.0,1.0,0.0,0.0,0.0,,,,,,,,,,,,,,0,0,1,,
ranunculus montanus,non-woody,herb,1.0,,,,,,,0.0,0.0,0.0,0.0,0.0,0.0,,,,,,,,,,,,,,0,0,1,,
ranunculus oreophilus,non-woody,herb,13.0,,,,,,,0.0,0.0,0.0,0.0,0.0,0.0,,,,,,,,,,,,,,0,0,1,,
ranunculus oxyspermus,,,1.0,,,,,,,0.0,0.0,0.0,0.0,0.0,0.0,,,,,,,,,,,,,,0,0,1,,
ranunculus pedatifidus,,,,,,,,,,,,,,,,5.0,30.75,24.819676752499998,0.01934984525,0.236473704,99.2663423675,41.387633336,98.691855574,4.0,17.0,2.75,43.5017,104.058,1,1,0,,
ranunculus platyspermus,,unspecified,6.0,,,,,,,0.0,0.0,0.0,0.0,0.0,0.0,,,,,,,,,,,,,,0,0,1,,
ranunculus polyanthemos,non-woody,herb,8.0,,,,,,,0.0,0.0,0.0,0.0,0.0,0.0,20.0,28.1,38.136700153,0.8118581310499999,0.4043010165,96.51547018549999,58.58486111,23.56875,,,,,,1,0,1,,
ranunculus polyrhizos,,unspecified,1.0,,,,,,,0.0,0.0,0.0,0.0,0.0,0.0,,,,,,,,,,,,,,0,0,1,,
ranunculus polyrhizus,,unspecified,1.0,,,,,,,0.0,0.0,0.0,0.0,0.0,0.0,,,,,,,,,,,,,,0,0,1,,
ranunculus pulchellus,,,,,,,,,,,,,,,,1.0,12.0,32.62032086,0.08912656,0.0,99.91087344,32.928529,77.221543,,,,,,1,0,0,,
ranunculus repens,non-woody,herb,6.0,2.57204222,344.4714286,0.066169988,,,,1.0,1.0,1.0,0.0,0.0,0.0,,,,,,,,,,,,,,0,0,1,,
ranunculus rufosepalus,non-woody,herb,1.0,,,,,,,0.0,0.0,0.0,0.0,0.0,0.0,,,,,,,,,,,,,,0,0,1,,
ranunculus sabinei,non-woody,herb,15.0,,,,,,,0.0,0.0,0.0,0.0,0.0,0.0,,,,,,,,,,,,,,0,0,1,,
ranunculus sardous,non-woody,herb,2.0,0.135,170.0,0.165,14.7,,,1.0,1.0,1.0,1.0,0.0,0.0,,,,,,,,,,,,,,0,0,1,1.1279973113924897,-0.9343017636122493
ranunculus sewerzowii,,unspecified,2.0,,,,,,,0.0,0.0,0.0,0.0,0.0,0.0,,,,,,,,,,,,,,0,0,1,,
ranunculus sulphureus,,,,,,,,,,,,,,,,8.0,10.375,33.82161477925,10.43165467625,0.238095238125,87.0764622075,78.210694445,15.715972225000002,4.0,8.25,1.0,78.21575,15.66635,1,1,0,,
ranunculus testiculatus,,unspecified,7.0,,,,,,,0.0,0.0,0.0,0.0,0.0,0.0,,,,,,,,,,,,,,0,0,1,,
ranunculus tuberosus,,,1.0,,,,,,,0.0,0.0,0.0,0.0,0.0,0.0,,,,,,,,,,,,,,0,0,1,,
ranunculus turkestanicus,,unspecified,1.0,,,,,,,0.0,0.0,0.0,0.0,0.0,0.0,,,,,,,,,,,,,,0,0,1,,
ranunculus vernus,,unspecified,2.0,,,,,,,0.0,0.0,0.0,0.0,0.0,0.0,,,,,,,,,,,,,,0,0,1,,
raoulia subsericea,non-woody,unspecified,3.0,,110.12769065,,5.552922997,,,0.0,2.0,0.0,1.0,0.0,0.0,,,,,,,,,,,,,,0,0,1,,
raphanus raphanistrum,non-woody,herb,3.0,,,,,,,0.0,0.0,0.0,0.0,0.0,0.0,,,,,,,,,,,,,,0,0,1,,
raphanus sativus,non-woody,herb,3.0,,,,,,,0.0,0.0,0.0,0.0,0.0,0.0,,,,,,,,,,,,,,0,0,1,,
ratibida columnifera,non-woody,herb,5.0,,,,,,,0.0,0.0,0.0,0.0,0.0,0.0,,,,,,,,,,,,,,0,0,1,,
ratibida pinnata,non-woody,herb,7.0,0.404325,56.0,0.16864400000000002,,,,2.0,1.0,2.0,0.0,0.0,0.0,,,,,,,,,,,,,,0,0,1,,
raukaua simplex,woody,tree,1.0,0.36,31.8,0.3,6.05,0.82,,1.0,1.0,1.0,1.0,1.0,0.0,,,,,,,,,,,,,,0,0,1,-0.9510874757268248,-0.33208995296737914
rauvolfia serpentina,,unspecified,1.0,,,,,,32.67,0.0,0.0,0.0,0.0,0.0,1.0,,,,,,,,,,,,,,0,0,1,,
reaumuria hirtella,woody,shrub,2.0,,,,,,,0.0,0.0,0.0,0.0,0.0,0.0,,,,,,,,,,,,,,0,0,1,,
reaumuria soongarica,woody,shrub,4.0,,21.815,,13.094999999999999,,,0.0,2.0,0.0,2.0,0.0,0.0,,,,,,,,,,,,,,0,0,1,,
reseda lutea,non-woody,herb,1.0,,,,,,,0.0,0.0,0.0,0.0,0.0,0.0,,,,,,,,,,,,,,0,0,1,,
reseda muricata,,unspecified,3.0,,,,,,,0.0,0.0,0.0,0.0,0.0,0.0,,,,,,,,,,,,,,0,0,1,,
restio gaudichaudiana,,graminoid,4.0,,,,,,,0.0,0.0,0.0,0.0,0.0,0.0,,,,,,,,,,,,,,0,0,1,,
restio gaudichaudianus,,graminoid,1.0,,,,,,,0.0,0.0,0.0,0.0,0.0,0.0,,,,,,,,,,,,,,0,0,1,,
restio triticeus,,,,,,,,,,,,,,,,2.0,5.5,7.142857145,0.0,0.0,100.0,-33.97277778,18.94166667,,,,,,1,0,0,,
retama raetam,,unspecified,8.0,,,,,,,0.0,0.0,0.0,0.0,0.0,0.0,,,,,,,,,,,,,,0,0,1,,
retama sphaerocarpa,woody,shrub,4.0,,,,,,,0.0,0.0,0.0,0.0,0.0,0.0,,,,,,,,,,,,,,0,0,1,,
retanilla ephedra,,,1.0,,,,,,,0.0,0.0,0.0,0.0,0.0,0.0,,,,,,,,,,,,,,0,0,1,,
retiniphyllum schomburgkii,,,1.0,,,,,,,0.0,0.0,0.0,0.0,0.0,0.0,,,,,,,,,,,,,,0,0,1,,
rhammatophyllum frutex,,unspecified,1.0,,,,,,,0.0,0.0,0.0,0.0,0.0,0.0,,,,,,,,,,,,,,0,0,1,,
rhamnus alaternus,woody,shrub,1.0,0.360625,16.15363044,0.648168516,,,,1.0,1.0,1.0,0.0,0.0,0.0,,,,,,,,,,,,,,0,0,1,,
rhamnus alnifolia,woody,shrub,7.0,2.6,35.4,0.36,14.9,,,1.0,1.0,1.0,1.0,0.0,0.0,,,,,,,,,,,,,,0,0,1,-1.0392708420265833,5.0370457324649
rhamnus alnus,,unspecified,6.0,,,,,,,0.0,0.0,0.0,0.0,0.0,0.0,,,,,,,,,,,,,,0,0,1,,
rhamnus cathartica,woody,shrub/tree,6.0,,31.6,0.34,9.9,,,0.0,1.0,1.0,1.0,0.0,0.0,,,,,,,,,,,,,,0,0,1,,
rhamnus crocea,woody,unspecified,56.0,,,,,,,0.0,0.0,0.0,0.0,0.0,0.0,,,,,,,,,,,,,,0,0,1,,
rhamnus davurica,woody,shrub,1.0,0.1805,180.7463913,0.223573201,29.94565067,,,1.0,1.0,1.0,1.0,0.0,0.0,,,,,,,,,,,,,,0,0,1,2.0635463844892477,-1.1629594984806517
rhamnus fallax,,,2.0,,,,,,,0.0,0.0,0.0,0.0,0.0,0.0,,,,,,,,,,,,,,0,0,1,,
rhamnus lycioides,woody,shrub,1.0,0.318925,25.0890102,0.573707665,,,20.45,1.0,1.0,1.0,0.0,0.0,1.0,,,,,,,,,,,,,,0,0,1,,
rhamnus rosthornii,,shrub,2.0,,1.708618277,,16.7,1.79,,0.0,2.0,0.0,1.0,1.0,0.0,,,,,,,,,,,,,,0,0,1,,
rhanterium suaveolens,,,1.0,,,,,,,0.0,0.0,0.0,0.0,0.0,0.0,,,,,,,,,,,,,,0,0,1,,
rhaphiolepis indica,woody,shrub,1.0,0.14481,86.79,0.53,12.7,,59.0,1.0,1.0,1.0,1.0,0.0,1.0,,,,,,,,,,,,,,0,0,1,-0.8818577184838609,-1.5513678758471627
rhaponticoides ruthenica,,unspecified,3.0,,,,,,,0.0,0.0,0.0,0.0,0.0,0.0,,,,,,,,,,,,,,0,0,1,,
rhaponticum repens,non-woody,herb,2.0,,,,,,,0.0,0.0,0.0,0.0,0.0,0.0,,,,,,,,,,,,,,0,0,1,,
rheum maximowiczii,,unspecified,2.0,,,,,,,0.0,0.0,0.0,0.0,0.0,0.0,,,,,,,,,,,,,,0,0,1,,
rheum nanum,,,8.0,,,,,,,0.0,0.0,0.0,0.0,0.0,0.0,,,,,,,,,,,,,,0,0,1,,
rheum rhabarbarum,non-woody,herb,1.0,,,,,,,0.0,0.0,0.0,0.0,0.0,0.0,,,,,,,,,,,,,,0,0,1,,
rheum tataricum,,unspecified,7.0,,,,,,,0.0,0.0,0.0,0.0,0.0,0.0,,,,,,,,,,,,,,0,0,1,,
rhigozum trichotomum,woody,shrub,3.0,,,,,,,0.0,0.0,0.0,0.0,0.0,0.0,,,,,,,,,,,,,,0,0,1,,
rhinanthus alectorolophus,non-woody,herb,4.0,,,,,,,0.0,0.0,0.0,0.0,0.0,0.0,,,,,,,,,,,,,,0,0,1,,
rhinanthus major,non-woody,herb,6.0,,,,,,,0.0,0.0,0.0,0.0,0.0,0.0,,,,,,,,,,,,,,0,0,1,,
rhinanthus minor,non-woody,herb,5.0,,,,,,,0.0,0.0,0.0,0.0,0.0,0.0,,,,,,,,,,,,,,0,0,1,,
rhipsalis baccifera,woody,shrub,1.0,,,,,,,0.0,0.0,0.0,0.0,0.0,0.0,,,,,,,,,,,,,,0,0,1,,
rhizophora mangle,woody,tree,1.0,,,,,,,0.0,0.0,0.0,0.0,0.0,0.0,,,,,,,,,,,,,,0,0,1,,
rhizophora stylosa,woody,tree,49.0,,,,4.800000000000001,0.2673,,0.0,0.0,0.0,2.0,2.0,0.0,,,,,,,,,,,,,,0,0,1,,
rhodanthe chlorocephala,non-woody,herb,3.0,,,,,,,0.0,0.0,0.0,0.0,0.0,0.0,,,,,,,,,,,,,,0,0,1,,
rhodiola coccinea,,unspecified,2.0,,,,,,,0.0,0.0,0.0,0.0,0.0,0.0,,,,,,,,,,,,,,0,0,1,,
rhodiola crenulata,,,,,,,,,,,,,,,,4.0,6.0,10.82802548,0.8492569,0.0,99.1507431,33.03728975,77.26425641750001,,,,,,1,0,0,,
rhodiola heterodonta,non-woody,herb,1.0,,,,,,,0.0,0.0,0.0,0.0,0.0,0.0,1.0,,,,,,32.922914,77.206485,,,,,,1,0,1,,
rhodiola imbricata,,,,,,,,,,,,,,,,1.0,7.0,1.995012469,1.74563591,0.0,98.25436409,32.906791,77.200368,,,,,,1,0,0,,
rhodiola quadrifida,,unspecified,2.0,,,,,,,0.0,0.0,0.0,0.0,0.0,0.0,,,,,,,,,,,,,,0,0,1,,
rhodiola rosea,non-woody,herb,1.0,,9.62,,9.51,,,0.0,1.0,0.0,1.0,0.0,0.0,,,,,,,,,,,,,,0,0,1,,
rhododendron anthopogon,woody,shrub,3.0,,,,,,,0.0,0.0,0.0,0.0,0.0,0.0,,,,,,,,,,,,,,0,0,1,,
rhododendron arborescens,woody,shrub,10.0,0.4487461824,18.824141168,,,,,5.0,5.0,0.0,0.0,0.0,0.0,,,,,,,,,,,,,,0,0,1,,
rhododendron arboreum,woody,tree,6.0,0.49899999999999994,6.239333333333332,,,,,3.0,3.0,0.0,0.0,0.0,0.0,,,,,,,,,,,,,,0,0,1,,
rhododendron atlanticum,woody,shrub,12.0,0.6605,12.585666666666667,,,,,6.0,6.0,0.0,0.0,0.0,0.0,,,,,,,,,,,,,,0,0,1,,
rhododendron austrinum,woody,shrub,10.0,0.352,20.256999999999998,,,,,5.0,5.0,0.0,0.0,0.0,0.0,,,,,,,,,,,,,,0,0,1,,
rhododendron brachycarpum,woody,unspecified,6.0,0.24100132833333332,23.55889820666667,,,,,3.0,3.0,0.0,0.0,0.0,0.0,,,,,,,,,,,,,,0,0,1,,
rhododendron calendulaceum,woody,shrub,12.0,0.45066823300000003,23.514384259,,,,,6.0,6.0,0.0,0.0,0.0,0.0,,,,,,,,,,,,,,0,0,1,,
rhododendron campanulatum,woody,unspecified,1.0,,,,,,,0.0,0.0,0.0,0.0,0.0,0.0,,,,,,,,,,,,,,0,0,1,,
rhododendron catawbiense,woody,shrub,6.0,0.274324945,30.987415040000002,,,,,3.0,3.0,0.0,0.0,0.0,0.0,,,,,,,,,,,,,,0,0,1,,
rhododendron caucasicum,woody,shrub,1.0,,,,,,,0.0,0.0,0.0,0.0,0.0,0.0,,,,,,,,,,,,,,0,0,1,,
rhododendron degronianum,woody,unspecified,16.0,0.422309259625,12.517424552125,,,,,8.0,8.0,0.0,0.0,0.0,0.0,,,,,,,,,,,,,,0,0,1,,
rhododendron ferrugineum,woody,shrub,1.0,,,,,,,0.0,0.0,0.0,0.0,0.0,0.0,,,,,,,,,,,,,,0,0,1,,
rhododendron hirsutum,woody,shrub,1.0,,,,,,,0.0,0.0,0.0,0.0,0.0,0.0,,,,,,,,,,,,,,0,0,1,,
rhododendron hyperythrum,woody,unspecified,4.0,0.6325000000000001,12.964,,,,,2.0,2.0,0.0,0.0,0.0,0.0,,,,,,,,,,,,,,0,0,1,,
rhododendron hypoglaucum,woody,tree,1.0,0.142675,163.4402532,0.395,10.02711833,,,1.0,1.0,1.0,1.0,0.0,0.0,,,,,,,,,,,,,,0,0,1,-0.07338740173389006,-1.3490714355917957
rhododendron indicum,woody,shrub,12.0,0.32416666666666666,14.814166666666665,,,,,6.0,6.0,0.0,0.0,0.0,0.0,,,,,,,,,,,,,,0,0,1,,
rhododendron keiskei,woody,unspecified,16.0,0.611875,7.887625,,,,,8.0,8.0,0.0,0.0,0.0,0.0,,,,,,,,,,,,,,0,0,1,,
rhododendron kiusianum,woody,unspecified,12.0,0.6495000000000001,5.425666666666667,,,,,6.0,6.0,0.0,0.0,0.0,0.0,,,,,,,,,,,,,,0,0,1,,
rhododendron lanigerum,woody,unspecified,6.0,0.691,2.6556666666666664,,,,,3.0,3.0,0.0,0.0,0.0,0.0,,,,,,,,,,,,,,0,0,1,,
rhododendron lapponicum,woody,shrub,15.0,,,,6.0,,,0.0,0.0,0.0,1.0,0.0,0.0,,,,,,,,,,,,,,0,0,1,,
rhododendron lutescens,woody,unspecified,4.0,0.7435,5.9235,,,,,2.0,2.0,0.0,0.0,0.0,0.0,,,,,,,,,,,,,,0,0,1,,
rhododendron makinoi,woody,unspecified,6.0,0.613,6.710999999999999,,,,,3.0,3.0,0.0,0.0,0.0,0.0,,,,,,,,,,,,,,0,0,1,,
rhododendron maximum,woody,shrub/tree,12.0,0.486448025,12.020997396666667,,,,,6.0,6.0,0.0,0.0,0.0,0.0,,,,,,,,,,,,,,0,0,1,,
rhododendron molle,woody,unspecified,12.0,0.397,14.307166666666667,,,,,6.0,6.0,0.0,0.0,0.0,0.0,,,,,,,,,,,,,,0,0,1,,
rhododendron ponticum,woody,shrub,7.0,0.57355,7.492348914999999,0.49509776,,,,4.0,4.0,1.0,0.0,0.0,0.0,,,,,,,,,,,,,,0,0,1,,
rhododendron prinophyllum,woody,shrub,6.0,0.48566666666666664,10.936666666666667,,,,,3.0,3.0,0.0,0.0,0.0,0.0,,,,,,,,,,,,,,0,0,1,,
rhododendron serpyllifolium,woody,unspecified,12.0,0.623,9.691666666666666,,,,,6.0,6.0,0.0,0.0,0.0,0.0,,,,,,,,,,,,,,0,0,1,,
rhododendron smirnowii,woody,unspecified,12.0,0.48194438483333335,15.288079241666665,,,,,6.0,6.0,0.0,0.0,0.0,0.0,,,,,,,,,,,,,,0,0,1,,
rhododendron tashiroi,woody,unspecified,6.0,0.5576666666666666,9.601666666666667,,,,,3.0,3.0,0.0,0.0,0.0,0.0,,,,,,,,,,,,,,0,0,1,,
rhododendron tomentosum,woody,shrub,6.0,,,,,,,0.0,0.0,0.0,0.0,0.0,0.0,,,,,,,,,,,,,,0,0,1,,
rhododendron triflorum,woody,unspecified,6.0,0.6003333333333333,9.749333333333334,,,,,3.0,3.0,0.0,0.0,0.0,0.0,,,,,,,,,,,,,,0,0,1,,
rhododendron yedoense,woody,unspecified,12.0,0.4286666666666667,6.7435,,,,,6.0,6.0,0.0,0.0,0.0,0.0,,,,,,,,,,,,,,0,0,1,,
rhododendron yunnanense,woody,unspecified,6.0,0.5736666666666667,20.5,,,,,3.0,3.0,0.0,0.0,0.0,0.0,,,,,,,,,,,,,,0,0,1,,
rhodoleia championii,woody,unspecified,5.0,0.613,16.5538,0.493,14.6,,,5.0,5.0,5.0,1.0,0.0,0.0,,,,,,,,,,,,,,0,0,1,-1.1960591434975338,-0.20687761093300083
rhodostemonodaphne crenaticupula,,,1.0,0.703,7.99,0.382,,,,1.0,1.0,1.0,0.0,0.0,0.0,,,,,,,,,,,,,,0,0,1,,
rhodostemonodaphne kunthiana,woody,tree,2.0,1.3565749999999999,4.0658878805,0.172761102,33.39866,2.315643222,,2.0,2.0,2.0,2.0,1.0,0.0,,,,,,,,,,,,,,0,0,1,1.0279739414545017,2.139304848661413
rhodostemonodaphne paniculata,,,1.0,0.714,4.67,0.479,,,,1.0,1.0,1.0,0.0,0.0,0.0,,,,,,,,,,,,,,0,0,1,,
rhodostemonodaphne parvifolia,,,1.0,0.999,4.17,0.407,,,,1.0,1.0,1.0,0.0,0.0,0.0,,,,,,,,,,,,,,0,0,1,,
rhodothamnus chamaecistus,woody,shrub,2.0,,,,,,,0.0,0.0,0.0,0.0,0.0,0.0,,,,,,,,,,,,,,0,0,1,,
rhoeadium rhoeas,non-woody,herb,1.0,,,,,,,0.0,0.0,0.0,0.0,0.0,0.0,,,,,,,,,,,,,,0,0,1,,
rhopalostylis sapida,woody,tree,11.0,0.5126999999999999,22.273911252727274,0.25939549863636363,15.1,,,11.0,11.0,11.0,1.0,0.0,0.0,,,,,,,,,,,,,,0,0,1,-0.262267442217514,0.03863533374906426
rhus chinensis,woody,shrub,3.0,0.698,5.36,,4.75,,,1.0,1.0,0.0,1.0,0.0,0.0,,,,,,,,,,,,,,0,0,1,,
rhus copallinum,woody,shrub,2.0,,,,,,,0.0,0.0,0.0,0.0,0.0,0.0,,,,,,,,,,,,,,0,0,1,,
rhus glabra,woody,shrub/tree,7.0,,,,,,,0.0,0.0,0.0,0.0,0.0,0.0,,,,,,,,,,,,,,0,0,1,,
rhus integrifolia,woody,shrub,64.0,,,,,,,0.0,0.0,0.0,0.0,0.0,0.0,,,,,,,,,,,,,,0,0,1,,
rhus trilobata,woody,shrub,3.0,,,,,,,0.0,0.0,0.0,0.0,0.0,0.0,,,,,,,,,,,,,,0,0,1,,
rhus typhina,woody,shrub,1.0,0.45,75.9,0.09,1.51,,,1.0,1.0,1.0,1.0,0.0,0.0,,,,,,,,,,,,,,0,0,1,-0.2470980683532846,0.34252844154803014
rhynchocorys orientalis,,unspecified,3.0,,,,,,,0.0,0.0,0.0,0.0,0.0,0.0,,,,,,,,,,,,,,0,0,1,,
rhynchosia cana,,unspecified,1.0,,,,,,64.16,0.0,0.0,0.0,0.0,0.0,1.0,,,,,,,,,,,,,,0,0,1,,
rhynchosia minima,non-woody,climber,1.0,,3.790673966,,,,,0.0,1.0,0.0,0.0,0.0,0.0,,,,,,,,,,,,,,0,0,1,,
rhynchosia viscosa,non-woody,herb,2.0,,,,,,73.16,0.0,0.0,0.0,0.0,0.0,2.0,,,,,,,,,,,,,,0,0,1,,
rhynchospora alba,non-woody,graminoid,3.0,,,,,,,0.0,0.0,0.0,0.0,0.0,0.0,,,,,,,,,,,,,,0,0,1,,
rhynchospora barbata,,,1.0,,,,,,,0.0,0.0,0.0,0.0,0.0,0.0,,,,,,,,,,,,,,0,0,1,,
rhynchospora fusca,non-woody,graminoid,1.0,,,,,,,0.0,0.0,0.0,0.0,0.0,0.0,,,,,,,,,,,,,,0,0,1,,
rhynchospora globosa,,,1.0,,,,,,,0.0,0.0,0.0,0.0,0.0,0.0,,,,,,,,,,,,,,0,0,1,,
ribes alpinum,woody,shrub,1.0,,,,,,,0.0,0.0,0.0,0.0,0.0,0.0,,,,,,,,,,,,,,0,0,1,,
ribes aureum,woody,shrub,1.0,,,,,,,0.0,0.0,0.0,0.0,0.0,0.0,,,,,,,,,,,,,,0,0,1,,
ribes cereum,woody,shrub,2.0,,,,,,,0.0,0.0,0.0,0.0,0.0,0.0,,,,,,,,,,,,,,0,0,1,,
ribes nigrum,woody,shrub,65.0,0.2255,,,,,,60.0,0.0,0.0,0.0,0.0,0.0,,,,,,,,,,,,,,0,0,1,,
ribes orientale,,,,,,,,,,,,,,,,2.0,5.5,52.6515420065,0.0,0.0,100.0,33.66527667,76.572814395,,,,,,1,0,0,,
ribes spicatum,woody,shrub,7.0,,,,12.47579352,1.255796356,,0.0,0.0,0.0,2.0,2.0,0.0,,,,,,,,,,,,,,0,0,1,,
ribes uva-crispa,woody,shrub,60.0,0.11533333333333333,,,,,,60.0,0.0,0.0,0.0,0.0,0.0,,,,,,,,,,,,,,0,0,1,,
richetia multiflora,woody,tree,9.0,0.8817,1.940391478,0.8543415,,,,1.0,1.0,1.0,0.0,0.0,0.0,,,,,,,,,,,,,,0,0,1,,
richteria pyrethroides,,unspecified,1.0,,,,,,,0.0,0.0,0.0,0.0,0.0,0.0,3.0,13.666666666666666,49.003447529999995,0.0,1.282051282,96.92307692333334,33.920736383333335,77.10737452333333,,,,,,1,0,1,,
rindera ochroleuca,,unspecified,1.0,,,,,,,0.0,0.0,0.0,0.0,0.0,0.0,,,,,,,,,,,,,,0,0,1,,
rindera tetraspis,,unspecified,1.0,,,,,,,0.0,0.0,0.0,0.0,0.0,0.0,,,,,,,,,,,,,,0,0,1,,
rinorea pubiflora,woody,,2.0,,,,,,,0.0,0.0,0.0,0.0,0.0,0.0,,,,,,,,,,,,,,0,0,1,,
ripogonum scadens,woody,climber,1.0,1.09,6.9,0.15,8.35,0.78,,1.0,1.0,1.0,1.0,1.0,0.0,,,,,,,,,,,,,,0,0,1,-0.5894662618009863,1.8393890175143415
robinia neomexicana,woody,shrub/tree,5.0,,62.38539108,,,,,0.0,3.0,0.0,0.0,0.0,0.0,,,,,,,,,,,,,,0,0,1,,
robinia pseudoacacia,woody,tree,19.0,,1.863,,14.3,4.31,,0.0,1.0,0.0,1.0,1.0,0.0,,,,,,,,,,,,,,0,0,1,,
rochelia disperma,,unspecified,3.0,,,,,,,0.0,0.0,0.0,0.0,0.0,0.0,,,,,,,,,,,,,,0,0,1,,
roemeria pavonina,,unspecified,6.0,,,,,,,0.0,0.0,0.0,0.0,0.0,0.0,,,,,,,,,,,,,,0,0,1,,
roemeria refracta,,unspecified,2.0,,,,,,,0.0,0.0,0.0,0.0,0.0,0.0,,,,,,,,,,,,,,0,0,1,,
roepera crenata,,,1.0,,,,,,,0.0,0.0,0.0,0.0,0.0,0.0,,,,,,,,,,,,,,0,0,1,,
rorippa islandica,non-woody,herb,1.0,,,,,,,0.0,0.0,0.0,0.0,0.0,0.0,,,,,,,,,,,,,,0,0,1,,
rorippa palustris,non-woody,herb,1.0,,,,,,,0.0,0.0,0.0,0.0,0.0,0.0,,,,,,,,,,,,,,0,0,1,,
rorippa sylvestris,non-woody,herb,1.0,,,,,,,0.0,0.0,0.0,0.0,0.0,0.0,,,,,,,,,,,,,,0,0,1,,
rosa acicularis,woody,shrub,7.0,0.2912,55.8341358,0.27,19.83128735,,,1.0,1.0,1.0,1.0,0.0,0.0,,,,,,,,,,,,,,0,0,1,0.3135398233698846,-0.6555623024519853
rosa arkansana,woody,shrub,6.0,0.30555,41.52607134,0.421153994,,,,1.0,1.0,1.0,0.0,0.0,0.0,,,,,,,,,,,,,,0,0,1,,
rosa blanda,woody,shrub,2.0,,,,,,,0.0,0.0,0.0,0.0,0.0,0.0,,,,,,,,,,,,,,0,0,1,,
rosa canina,woody,shrub,3.0,0.520525,12.6910533,0.555418779,,,23.25,1.0,1.0,1.0,0.0,0.0,1.0,,,,,,,,,,,,,,0,0,1,,
rosa carolina,woody,shrub,3.0,,,,,,,0.0,0.0,0.0,0.0,0.0,0.0,,,,,,,,,,,,,,0,0,1,,
rosa glauca,woody,shrub,1.0,,,,,,,0.0,0.0,0.0,0.0,0.0,0.0,,,,,,,,,,,,,,0,0,1,,
rosa kokanica,,unspecified,2.0,,,,,,,0.0,0.0,0.0,0.0,0.0,0.0,,,,,,,,,,,,,,0,0,1,,
rosa majalis,woody,shrub,7.0,,,,,,,0.0,0.0,0.0,0.0,0.0,0.0,,,,,,,,,,,,,,0,0,1,,
rosa multibracteata,woody,shrub,1.0,,6.521,,13.7,3.16,,0.0,1.0,0.0,1.0,1.0,0.0,,,,,,,,,,,,,,0,0,1,,
rosa multiflora,woody,climber,1.0,,40.8,0.2,10.4,,,0.0,1.0,1.0,1.0,0.0,0.0,,,,,,,,,,,,,,0,0,1,,
rosa nutkana,woody,shrub,1.0,,,,,,,0.0,0.0,0.0,0.0,0.0,0.0,,,,,,,,,,,,,,0,0,1,,
rosa persica,,unspecified,2.0,,,,,,,0.0,0.0,0.0,0.0,0.0,0.0,,,,,,,,,,,,,,0,0,1,,
rosa rugosa,woody,shrub,1.0,,,,,,,0.0,0.0,0.0,0.0,0.0,0.0,,,,,,,,,,,,,,0,0,1,,
rosa setigera,woody,climber,4.0,,,,,,,0.0,0.0,0.0,0.0,0.0,0.0,,,,,,,,,,,,,,0,0,1,,
rosa souliena,woody,shrub,2.0,,1.014715527,,7.5,1.42,,0.0,2.0,0.0,1.0,1.0,0.0,,,,,,,,,,,,,,0,0,1,,
rosa spinosissima,woody,shrub,3.0,,,,,,,0.0,0.0,0.0,0.0,0.0,0.0,,,,,,,,,,,,,,0,0,1,,
rosa woodsii,woody,shrub,6.0,,36.244043735,,6.522524953,,,0.0,4.0,0.0,1.0,0.0,0.0,,,,,,,,,,,,,,0,0,1,,
rosa xanthina,woody,shrub,4.0,0.1844,186.3612731,0.222727273,15.60998533,,,1.0,1.0,1.0,1.0,0.0,0.0,,,,,,,,,,,,,,0,0,1,1.084283939592353,-0.975141037054804
rosmarinus officinalis,,,,,,,,,,,,,,,,7.0,50.0,14.026435366285714,0.09478479685714285,0.02683603185714286,99.30166127571428,39.40849206142857,2.746071428857143,4.0,163.25,3.0,37.4,-2.83333,1,1,0,,
rostellularia diffusa,,unspecified,1.0,,,,,,53.65,0.0,0.0,0.0,0.0,0.0,1.0,,,,,,,,,,,,,,0,0,1,,
roucheria columbiana,woody,tree,1.0,0.26265,38.81813609,0.447089947,12.68784,0.432489194,,1.0,1.0,1.0,1.0,1.0,0.0,,,,,,,,,,,,,,0,0,1,-0.935758717797306,-0.9963420225270749
ruagea glabra,,,10.0,0.9798657400999999,5.2684597887,0.25907432799999996,18.785511,0.920081638,,10.0,10.0,10.0,10.0,8.0,0.0,,,,,,,,,,,,,,0,0,1,-0.22316148274476036,1.1913636851734533
rubia peregrina,woody,climber,3.0,0.36250000000000004,104.1,0.143,13.4,2.1,,2.0,2.0,1.0,2.0,1.0,0.0,8.0,8.125,7.527500240249999,0.130208333375,0.0,99.35496794875,44.75444444,-0.395277778,1.0,2.0,1.0,44.7544,-0.395278,1,1,1,0.6183317235342634,-0.1923543969546778
rubia tibetica,,unspecified,1.0,,,,,,,0.0,0.0,0.0,0.0,0.0,0.0,1.0,8.0,2.879901961,0.0,0.0,100.0,33.076825,77.216602,,,,,,1,0,1,,
rubroshorea acuminata,woody,tree,1.0,0.418045,27.48305451,0.270904963,,,,1.0,1.0,1.0,0.0,0.0,0.0,,,,,,,,,,,,,,0,0,1,,
rubroshorea argentifolia,,,4.0,,,,,,,0.0,0.0,0.0,0.0,0.0,0.0,,,,,,,,,,,,,,0,0,1,,
rubroshorea beccariana,,,4.0,,,,,,,0.0,0.0,0.0,0.0,0.0,0.0,,,,,,,,,,,,,,0,0,1,,
rubroshorea johorensis,,,6.0,,,,,,,0.0,0.0,0.0,0.0,0.0,0.0,,,,,,,,,,,,,,0,0,1,,
rubroshorea leprosula,woody,tree,1.0,0.341835294,24.9992726,0.480185138,,,,1.0,1.0,1.0,0.0,0.0,0.0,,,,,,,,,,,,,,0,0,1,,
rubroshorea macrophylla,,,4.0,,,,,,,0.0,0.0,0.0,0.0,0.0,0.0,,,,,,,,,,,,,,0,0,1,,
rubroshorea parvifolia,,,4.0,,,,,,,0.0,0.0,0.0,0.0,0.0,0.0,,,,,,,,,,,,,,0,0,1,,
rubus allegheniensis,woody,shrub,9.0,0.194953059,26.21754555,1.7058757413333332,16.29875,,67.75,3.0,3.0,3.0,1.0,0.0,2.0,,,,,,,,,,,,,,0,0,1,-5.253951276123158,-3.9561715815137086
rubus arcticus,non-woody/woody,herb/shrub,7.0,,,,,,,0.0,0.0,0.0,0.0,0.0,0.0,,,,,,,,,,,,,,0,0,1,,
rubus caesius,woody,shrub,3.0,,,,,,,0.0,0.0,0.0,0.0,0.0,0.0,,,,,,,,,,,,,,0,0,1,,
rubus chamaemorus,non-woody/woody,herb/shrub,24.0,0.47719999999999996,29.552302035,,8.7,0.9,,2.0,2.0,0.0,2.0,2.0,0.0,,,,,,,,,,,,,,0,0,1,,
rubus corchorifolius,,unspecified,5.0,0.3,445.9,,,,,1.0,1.0,0.0,0.0,0.0,0.0,,,,,,,,,,,,,,0,0,1,,
rubus crataegifolius,woody,shrub,1.0,0.1511,283.6918182,0.194117647,24.37292957,,,1.0,1.0,1.0,1.0,0.0,0.0,,,,,,,,,,,,,,0,0,1,2.471031479047527,-1.2656168295324408
rubus deliciosus,woody,shrub,2.0,,,,,,,0.0,0.0,0.0,0.0,0.0,0.0,,,,,,,,,,,,,,0,0,1,,
rubus idaeus,woody,shrub,22.0,0.20736666666666667,153.15260493333332,0.22804232800000002,16.655524333333332,,,3.0,3.0,2.0,3.0,0.0,0.0,,,,,,,,,,,,,,0,0,1,0.9111860912383325,-0.8892834483617756
rubus irritans,woody,unspecified,1.0,0.177,192.6685185,0.213157895,24.00026853,,,1.0,1.0,1.0,1.0,0.0,0.0,,,,,,,,,,,,,,0,0,1,1.759072042320998,-1.0912389638097246
rubus lasiococcus,,unspecified,2.0,,,,,,,0.0,0.0,0.0,0.0,0.0,0.0,,,,,,,,,,,,,,0,0,1,,
rubus odoratus,woody,shrub,1.0,,,,,,,0.0,0.0,0.0,0.0,0.0,0.0,,,,,,,,,,,,,,0,0,1,,
rubus pedatus,,unspecified,2.0,,,,,,,0.0,0.0,0.0,0.0,0.0,0.0,,,,,,,,,,,,,,0,0,1,,
rubus phoenicolasius,woody,shrub,5.0,0.22201385366666668,24.42402532,1.3367097666666667,16.61,,89.16666666500001,3.0,3.0,3.0,1.0,0.0,2.0,,,,,,,,,,,,,,0,0,1,-3.928695908156225,-3.0789279555423263
rubus pubescens,woody,shrub,1.0,,57.42,,,,,0.0,1.0,0.0,0.0,0.0,0.0,,,,,,,,,,,,,,0,0,1,,
rubus pungens,,shrub,2.0,,2.982391691,,9.7,1.51,,0.0,2.0,0.0,1.0,1.0,0.0,,,,,,,,,,,,,,0,0,1,,
rubus rosifolius,woody,shrub,1.0,0.118283333,319.4613514,0.284615385,23.878843,,,1.0,1.0,1.0,1.0,0.0,0.0,,,,,,,,,,,,,,0,0,1,2.3598530373441062,-1.5977835333099715
rubus saxatilis,woody,shrub,27.0,0.8005148289999999,,0.63985166125,16.94776141,3.366624178,,4.0,0.0,4.0,2.0,2.0,0.0,24.0,16.541666666666668,26.699203457875,1.1727063287500001,0.159211760625,98.52242296416667,60.94496527791667,22.63925926083333,9.0,145.88888888888889,1.5555555555555556,59.623022222222225,32.76166666666667,1,1,1,,
rubus setchuenensis,woody,shrub,1.0,,1.332988879,,,,,0.0,1.0,0.0,0.0,0.0,0.0,,,,,,,,,,,,,,0,0,1,,
rubus ulmifolius,woody,climber,4.0,0.331959375,19.58026971,0.6954583464999999,,,17.7375,2.0,2.0,2.0,0.0,0.0,1.0,,,,,,,,,,,,,,0,0,1,,
rudbeckia hirta,non-woody,herb,9.0,0.26554666666666665,272.39933237142856,0.134249,21.65,,,6.0,7.0,1.0,2.0,0.0,0.0,,,,,,,,,,,,,,0,0,1,2.3890456490536205,-0.7936541442340846
rudbeckia laciniata,non-woody,herb,1.0,0.33671,,0.223684,,,,1.0,0.0,1.0,0.0,0.0,0.0,,,,,,,,,,,,,,0,0,1,,
rudgea cornifolia,woody,tree,1.0,0.349,27.21,0.336,,,,1.0,1.0,1.0,0.0,0.0,0.0,,,,,,,,,,,,,,0,0,1,,
rudgea lanceifolia,,,1.0,0.543,39.97,0.122,,,,1.0,1.0,1.0,0.0,0.0,0.0,,,,,,,,,,,,,,0,0,1,,
ruellia caroliniensis,,herb,4.0,,,,,,,0.0,0.0,0.0,0.0,0.0,0.0,,,,,,,,,,,,,,0,0,1,,
ruellia humilis,non-woody,herb,1.0,0.42462,,0.413307,,,,1.0,0.0,1.0,0.0,0.0,0.0,,,,,,,,,,,,,,0,0,1,,
rumex acetosa,non-woody,herb,9.0,1.077982255,170.4030769,0.033883185,5.0,3.11,8.86,2.0,2.0,1.0,1.0,1.0,1.0,,,,,,,,,,,,,,0,0,1,0.6888094195039959,1.844511477222171
rumex acetosella,non-woody,herb,19.0,0.9631325900000001,100.739914830375,0.20659025625,6.311393345,1.87,,2.0,8.0,8.0,2.0,1.0,0.0,1.0,36.0,20.50632911,0.0,0.0,98.35443038,-52.055,-71.4225,1.0,12.0,2.0,-52.055,-71.4225,1,1,1,-0.27700358837718914,1.2722279875848292
rumex alpinus,non-woody,herb,4.0,,,,,,,0.0,0.0,0.0,0.0,0.0,0.0,,,,,,,,,,,,,,0,0,1,,
rumex angulatus,,,,,,,,,,,,,,,,1.0,7.0,95.35603715,0.0,0.0,100.0,34.06439756,77.64625515,,,,,,1,0,0,,
rumex confertus,non-woody,herb,2.0,,,,,,,0.0,0.0,0.0,0.0,0.0,0.0,,,,,,,,,,,,,,0,0,1,,
rumex crispus,non-woody,herb,4.0,,,,,,,0.0,0.0,0.0,0.0,0.0,0.0,,,,,,,,,,,,,,0,0,1,,
rumex maritimus,non-woody,herb,1.0,,,,,,,0.0,0.0,0.0,0.0,0.0,0.0,,,,,,,,,,,,,,0,0,1,,
rumex obtusifolius,non-woody,herb,6.0,2.18039976,275.4875,0.043924108,7.529999999999999,1.61,,1.0,2.0,1.0,2.0,1.0,0.0,,,,,,,,,,,,,,0,0,1,1.2791428117604153,4.387169703012778
rumex pulcher,non-woody,herb,1.0,,313.0,,12.9,,,0.0,1.0,0.0,1.0,0.0,0.0,,,,,,,,,,,,,,0,0,1,,
rumex scutatus,non-woody,herb,1.0,,,,,,,0.0,0.0,0.0,0.0,0.0,0.0,,,,,,,,,,,,,,0,0,1,,
rumex thyrsiflorus,non-woody,herb,3.0,1.87257349,198.3,0.051309523,,,,1.0,1.0,1.0,0.0,0.0,0.0,,,,,,,,,,,,,,0,0,1,,
rungia pectinata,,unspecified,2.0,0.444,18.47,,5.01,,,1.0,1.0,0.0,1.0,0.0,0.0,,,,,,,,,,,,,,0,0,1,,
ruschia multiflora,woody,shrub,2.0,,,,,,,0.0,0.0,0.0,0.0,0.0,0.0,,,,,,,,,,,,,,0,0,1,,
ruschia robusta,,unspecified,6.0,,,,,,,0.0,0.0,0.0,0.0,0.0,0.0,,,,,,,,,,,,,,0,0,1,,
ruscus aculeatus,woody,shrub,2.0,1.0938,5.017843568,0.224128699,,,8.833333333,1.0,1.0,1.0,0.0,0.0,1.0,8.0,13.75,27.9841946735,0.04623028625,0.653889325875,99.14881977875,44.172777775,-0.821666667,4.0,8.0,1.0,43.881924999999995,-1.0348945,1,1,1,,
ruscus hypophyllum,woody,shrub,1.0,,,,,,,0.0,0.0,0.0,0.0,0.0,0.0,,,,,,,,,,,,,,0,0,1,,
rytidosperma caespitosum,non-woody,graminoid,5.0,0.271,168.7,,,,,2.0,2.0,0.0,0.0,0.0,0.0,,,,,,,,,,,,,,0,0,1,,
rytidosperma carphoides,non-woody,graminoid,5.0,0.314,106.94999999999999,,,,,2.0,2.0,0.0,0.0,0.0,0.0,,,,,,,,,,,,,,0,0,1,,
rytidosperma pallidum,non-woody,graminoid,5.0,0.463,41.599999999999994,,,,,2.0,2.0,0.0,0.0,0.0,0.0,,,,,,,,,,,,,,0,0,1,,
rytidosperma pumilum,,unspecified,14.0,,49.767461235714286,0.221538462,,,,0.0,7.0,14.0,0.0,0.0,0.0,,,,,,,,,,,,,,0,0,1,,
rytidosperma richardsonii,,unspecified,12.0,0.20993748983333335,182.15906809166665,,,,,12.0,12.0,0.0,0.0,0.0,0.0,,,,,,,,,,,,,,0,0,1,,
rytidosperma setaceum,,,,,,,,,,,,,,,,4.0,7.75,9.8148811095,20.0415949095,0.0,79.686586455,-41.77277778,147.3030556,1.0,1.0,1.0,-41.7728,147.303,1,1,0,,
rytidosperma setifolium,non-woody,graminoid,3.0,,141.21340085,,7.393048128,,,0.0,2.0,0.0,1.0,0.0,0.0,,,,,,,,,,,,,,0,0,1,,
saccharum spontaneum,non-woody,graminoid,2.0,,,,,,,0.0,0.0,0.0,0.0,0.0,0.0,,,,,,,,,,,,,,0,0,1,,
sagina nodosa,,,,,,,,,,,,,,,,8.0,17.5,16.55947547825,0.0200642055,0.0,99.396931555,58.10333333,22.18972222,,,,,,1,0,0,,
sagina procumbens,non-woody,herb,1.0,,,,,,,0.0,0.0,0.0,0.0,0.0,0.0,,,,,,,,,,,,,,0,0,1,,
sagina saginoides,,,,,,,,,,,,,,,,1.0,6.0,80.03952569,0.0,0.0,100.0,32.80223449,77.11360146,,,,,,1,0,0,,
sagina subulata,non-woody,herb,1.0,,,,,,,0.0,0.0,0.0,0.0,0.0,0.0,,,,,,,,,,,,,,0,0,1,,
sagittaria latifolia,non-woody,herb,2.0,,,,,,,0.0,0.0,0.0,0.0,0.0,0.0,,,,,,,,,,,,,,0,0,1,,
sagittaria sagittifolia,non-woody,herb,2.0,,,,,,,0.0,0.0,0.0,0.0,0.0,0.0,,,,,,,,,,,,,,0,0,1,,
salicornia europaea,non-woody,herb,3.0,,,,,,,0.0,0.0,0.0,0.0,0.0,0.0,,,,,,,,,,,,,,0,0,1,,
salix abscondita,woody,unspecified,1.0,0.1209,331.0473003,0.25974026,15.90127093,,,1.0,1.0,1.0,1.0,0.0,0.0,,,,,,,,,,,,,,0,0,1,1.9589841469138394,-1.452173960974431
salix alaxensis,woody,shrub/tree,1.0,,,,,,,0.0,0.0,0.0,0.0,0.0,0.0,,,,,,,,,,,,,,0,0,1,,
salix alba,woody,tree,7.0,,,,,,,0.0,0.0,0.0,0.0,0.0,0.0,,,,,,,,,,,,,,0,0,1,,
salix amygdaloides,woody,shrub/tree,5.0,,,,,,,0.0,0.0,0.0,0.0,0.0,0.0,,,,,,,,,,,,,,0,0,1,,
salix arctica,woody,shrub,11.0,,,,5.0,0.6,,0.0,0.0,0.0,1.0,1.0,0.0,,,,,,,,,,,,,,0,0,1,,
salix atrocinerea,woody,shrub,1.0,0.379825,23.66340095,0.642441787,,,0.116666667,1.0,1.0,1.0,0.0,0.0,1.0,,,,,,,,,,,,,,0,0,1,,
salix babylonica,woody,tree,1.0,,,,,,,0.0,0.0,0.0,0.0,0.0,0.0,,,,,,,,,,,,,,0,0,1,,
salix blakii,,unspecified,1.0,,,,,,,0.0,0.0,0.0,0.0,0.0,0.0,,,,,,,,,,,,,,0,0,1,,
salix caprea,woody,shrub,13.0,0.5190013783999999,60.7532929534,0.5214494390000001,10.13722801,1.265328823,,5.0,5.0,5.0,2.0,2.0,0.0,,,,,,,,,,,,,,0,0,1,-1.2962467062368093,-0.5186342992007166
salix caspica,,unspecified,1.0,,,,,,,0.0,0.0,0.0,0.0,0.0,0.0,,,,,,,,,,,,,,0,0,1,,
salix cinerea,woody,shrub,4.0,,,,,,,0.0,0.0,0.0,0.0,0.0,0.0,,,,,,,,,,,,,,0,0,1,,
salix daphnoides,woody,tree,1.0,,,,,,,0.0,0.0,0.0,0.0,0.0,0.0,,,,,,,,,,,,,,0,0,1,,
salix eleagnos,woody,,3.0,,,,,,,0.0,0.0,0.0,0.0,0.0,0.0,,,,,,,,,,,,,,0,0,1,,
salix flabellaris,,,,,,,,,,,,,,,,3.0,4.0,0.1751313485,0.0875656745,0.0,99.91243432499999,32.91757546333333,77.21300702,,,,,,1,0,0,,
salix glabra,woody,,3.0,,,,,,,0.0,0.0,0.0,0.0,0.0,0.0,,,,,,,,,,,,,,0,0,1,,
salix glauca,woody,shrub/tree,6.0,,,,,,,0.0,0.0,0.0,0.0,0.0,0.0,,,,,,,,,,,,,,0,0,1,,
salix gmelinii,woody,shrub/tree,1.0,,,,16.6,0.32,,0.0,0.0,0.0,1.0,1.0,0.0,,,,,,,,,,,,,,0,0,1,,
salix gordejevii,woody,unspecified,55.0,1.9725000000000001,61.2275,,6.1702005065,,,4.0,4.0,0.0,4.0,0.0,0.0,,,,,,,,,,,,,,0,0,1,,
salix herbacea,woody,shrub,17.0,0.27684444444444445,102.72867588444446,,12.375,1.525,,9.0,9.0,0.0,4.0,4.0,0.0,,,,,,,,,,,,,,0,0,1,,
salix humilis,woody,shrub,1.0,,,,,,,0.0,0.0,0.0,0.0,0.0,0.0,,,,,,,,,,,,,,0,0,1,,
salix lapponum,woody,shrub,4.0,,,,8.312744782,1.776039439,,0.0,0.0,0.0,2.0,2.0,0.0,,,,,,,,,,,,,,0,0,1,,
salix nigra,woody,tree,2.0,,,,,,,0.0,0.0,0.0,0.0,0.0,0.0,,,,,,,,,,,,,,0,0,1,,
salix oritrepha,woody,shrub,1.0,,,,,,,0.0,0.0,0.0,0.0,0.0,0.0,,,,,,,,,,,,,,0,0,1,,
salix phlebophylla,woody,shrub,1.0,,,,,,,0.0,0.0,0.0,0.0,0.0,0.0,,,,,,,,,,,,,,0,0,1,,
salix phylicifolia,woody,shrub/tree,5.0,,,,12.83286325,1.533390834,,0.0,0.0,0.0,2.0,2.0,0.0,,,,,,,,,,,,,,0,0,1,,
salix pierotii,,unspecified,5.0,0.44270319960000004,73.2585323102,,,,,5.0,5.0,0.0,0.0,0.0,0.0,,,,,,,,,,,,,,0,0,1,,
salix planifolia,woody,shrub/tree,3.0,,,,10.39,15.43,,0.0,0.0,0.0,3.0,3.0,0.0,,,,,,,,,,,,,,0,0,1,,
salix pulchra,woody,shrub/tree,57.0,0.31,,,11.040222222222223,1.39,38.4,2.0,0.0,0.0,45.0,1.0,2.0,,,,,,,,,,,,,,0,0,1,,
salix purpurea,woody,shrub/tree,3.0,,,,,,,0.0,0.0,0.0,0.0,0.0,0.0,,,,,,,,,,,,,,0,0,1,,
salix repens,woody,shrub,1.0,,,,,,,0.0,0.0,0.0,0.0,0.0,0.0,,,,,,,,,,,,,,0,0,1,,
salix reticulata,woody,shrub,10.0,0.65,,,,,,1.0,0.0,0.0,0.0,0.0,0.0,,,,,,,,,,,,,,0,0,1,,
salix retusa,woody,,2.0,,,,,,,0.0,0.0,0.0,0.0,0.0,0.0,,,,,,,,,,,,,,0,0,1,,
salix rotundifolia,woody,shrub,1.0,,,,,,,0.0,0.0,0.0,0.0,0.0,0.0,,,,,,,,,,,,,,0,0,1,,
salix serpyllifolia,woody,,4.0,,,,,,,0.0,0.0,0.0,0.0,0.0,0.0,,,,,,,,,,,,,,0,0,1,,
salix setchelliana,,shrub,4.0,,,,,,,0.0,0.0,0.0,0.0,0.0,0.0,,,,,,,,,,,,,,0,0,1,,
salix viminalis,woody,tree,4.0,0.140733333,318.6970162,0.225180375,17.311563705,0.31,,1.0,1.0,1.0,2.0,1.0,0.0,,,,,,,,,,,,,,0,0,1,2.0953593663686925,-1.3248908482186537
salix wilhelmsiana,,unspecified,3.0,,,,,,,0.0,0.0,0.0,0.0,0.0,0.0,,,,,,,,,,,,,,0,0,1,,
salsola aphylla,,,1.0,,,,,,,0.0,0.0,0.0,0.0,0.0,0.0,,,,,,,,,,,,,,0,0,1,,
salsola arbuscula,,unspecified,4.0,,,,,,,0.0,0.0,0.0,0.0,0.0,0.0,,,,,,,,,,,,,,0,0,1,,
salsola brevifolia,,,1.0,,,,,,,0.0,0.0,0.0,0.0,0.0,0.0,,,,,,,,,,,,,,0,0,1,,
salsola collina,non-woody,herb,6.0,0.14154,22.863333333333333,,9.193333333333333,,0.0,3.0,3.0,0.0,3.0,0.0,1.0,,,,,,,,,,,,,,0,0,1,,
salsola dschungarica,,,1.0,,,,,,,0.0,0.0,0.0,0.0,0.0,0.0,,,,,,,,,,,,,,0,0,1,,
salsola foetida,,,1.0,,,,,,,0.0,0.0,0.0,0.0,0.0,0.0,,,,,,,,,,,,,,0,0,1,,
salsola gemmascens,,unspecified,4.0,,,,,,,0.0,0.0,0.0,0.0,0.0,0.0,,,,,,,,,,,,,,0,0,1,,
salsola imbricata,,,1.0,,,,,,,0.0,0.0,0.0,0.0,0.0,0.0,,,,,,,,,,,,,,0,0,1,,
salsola implicata,,,1.0,,,,,,,0.0,0.0,0.0,0.0,0.0,0.0,,,,,,,,,,,,,,0,0,1,,
salsola kali,non-woody,herb,19.0,,49.09056255,,10.65328378,,,0.0,4.0,0.0,2.0,0.0,0.0,,,,,,,,,,,,,,0,0,1,,
salsola laricifolia,woody,shrub,7.0,,4.21,,23.6,,,0.0,1.0,0.0,1.0,0.0,0.0,,,,,,,,,,,,,,0,0,1,,
salsola laricina,,,1.0,,,,,,,0.0,0.0,0.0,0.0,0.0,0.0,,,,,,,,,,,,,,0,0,1,,
salsola orientalis,,unspecified,9.0,,,,,,,0.0,0.0,0.0,0.0,0.0,0.0,,,,,,,,,,,,,,0,0,1,,
salsola paletzkiana,,,2.0,,,,,,,0.0,0.0,0.0,0.0,0.0,0.0,,,,,,,,,,,,,,0,0,1,,
salsola passerina,woody,shrub,4.0,,11.65,,23.96,,,0.0,1.0,0.0,1.0,0.0,0.0,,,,,,,,,,,,,,0,0,1,,
salsola paulsenii,,unspecified,4.0,,,,,,,0.0,0.0,0.0,0.0,0.0,0.0,,,,,,,,,,,,,,0,0,1,,
salsola richteri,,unspecified,7.0,,,,,,,0.0,0.0,0.0,0.0,0.0,0.0,,,,,,,,,,,,,,0,0,1,,
salsola sogdiana,,unspecified,3.0,,,,,,,0.0,0.0,0.0,0.0,0.0,0.0,,,,,,,,,,,,,,0,0,1,,
salsola tamariscina,,unspecified,4.0,,,,,,,0.0,0.0,0.0,0.0,0.0,0.0,,,,,,,,,,,,,,0,0,1,,
salsola tetrandra,,,1.0,,,,,,,0.0,0.0,0.0,0.0,0.0,0.0,,,,,,,,,,,,,,0,0,1,,
salsola vermiculata,woody,shrub,1.0,,,,,,,0.0,0.0,0.0,0.0,0.0,0.0,,,,,,,,,,,,,,0,0,1,,
salsola villosa,,,1.0,,,,,,,0.0,0.0,0.0,0.0,0.0,0.0,,,,,,,,,,,,,,0,0,1,,
salvia aethiopis,non-woody,herb,1.0,,,,,,,0.0,0.0,0.0,0.0,0.0,0.0,,,,,,,,,,,,,,0,0,1,,
salvia apiana,woody,shrub,64.0,,,,,,,0.0,0.0,0.0,0.0,0.0,0.0,,,,,,,,,,,,,,0,0,1,,
salvia azurea,non-woody,herb,3.0,0.30477,,0.40409,,,,1.0,0.0,1.0,0.0,0.0,0.0,,,,,,,,,,,,,,0,0,1,,
salvia ceratophylla,,,1.0,,,,,,,0.0,0.0,0.0,0.0,0.0,0.0,,,,,,,,,,,,,,0,0,1,,
salvia chinensis,non-woody,unspecified,1.0,0.1592,329.3590909,0.151724138,21.27787467,,,1.0,1.0,1.0,1.0,0.0,0.0,,,,,,,,,,,,,,0,0,1,2.7075230907228423,-1.185670321115959
salvia dorrii,woody,shrub,1.0,,,,,,,0.0,0.0,0.0,0.0,0.0,0.0,,,,,,,,,,,,,,0,0,1,,
salvia dumetorum,,unspecified,4.0,,,,,,,0.0,0.0,0.0,0.0,0.0,0.0,,,,,,,,,,,,,,0,0,1,,
salvia fruticosa,woody,shrub,1.0,,,,,,,0.0,0.0,0.0,0.0,0.0,0.0,,,,,,,,,,,,,,0,0,1,,
salvia glutinosa,non-woody,herb,1.0,,,,,,,0.0,0.0,0.0,0.0,0.0,0.0,,,,,,,,,,,,,,0,0,1,,
salvia hians,,,,,,,,,,,,,,,,1.0,15.0,62.37623762,0.660066007,0.110011001,98.78987899,32.2517667,77.14921667,,,,,,1,0,0,,
salvia mellifera,woody,shrub,66.0,,,,,,,0.0,0.0,0.0,0.0,0.0,0.0,,,,,,,,,,,,,,0,0,1,,
salvia nemorosa,non-woody,herb,2.0,,,,,,,0.0,0.0,0.0,0.0,0.0,0.0,,,,,,,,,,,,,,0,0,1,,
salvia officinalis,non-woody/woody,herb/shrub,1.0,,,,,,,0.0,0.0,0.0,0.0,0.0,0.0,,,,,,,,,,,,,,0,0,1,,
salvia pomifera,,,,,,,,,,,,,,,,5.0,13.6,19.52472795,0.25945945940000004,0.0,99.74054054000001,35.45916667,23.80083333,,,,,,1,0,0,,
salvia pratensis,non-woody,herb,3.0,2.11400046,201.5307692,0.060718677,,,,1.0,1.0,1.0,0.0,0.0,0.0,,,,,,,,,,,,,,0,0,1,,
salvia reflexa,non-woody,herb,1.0,0.17178,,0.246399,,,,1.0,0.0,1.0,0.0,0.0,0.0,,,,,,,,,,,,,,0,0,1,,
salvia rosmarinus,woody,shrub,4.0,0.4243333333333334,11.791323485000001,0.5345806513333333,,,31.825,3.0,3.0,3.0,0.0,0.0,1.0,,,,,,,,,7.0,21.571428571428573,2.142857142857143,39.408471428571424,2.7460742857142857,0,1,1,,
salvia splendens,,unspecified,1.0,,,,,,,0.0,0.0,0.0,0.0,0.0,0.0,,,,,,,,,,,,,,0,0,1,,
salvia verticillata,non-woody,herb,5.0,,,,,,,0.0,0.0,0.0,0.0,0.0,0.0,,,,,,,,,,,,,,0,0,1,,
salvia virgata,,unspecified,2.0,,,,,,,0.0,0.0,0.0,0.0,0.0,0.0,,,,,,,,,,,,,,0,0,1,,
sambucus canadensis,woody,shrub/tree,67.0,0.5556983050847458,153.71511581666667,0.18,17.0,,,59.0,6.0,1.0,1.0,0.0,0.0,,,,,,,,,,,,,,0,0,1,1.0295295288620245,0.08492709359243693
sambucus nigra,woody,shrub/tree,5.0,,,,,,,0.0,0.0,0.0,0.0,0.0,0.0,,,,,,,,,,,,,,0,0,1,,
sambucus racemosa,woody,shrub,3.0,,40.2,0.29,20.2,,,0.0,1.0,1.0,1.0,0.0,0.0,,,,,,,,,,,,,,0,0,1,,
sambucus williamsii,woody,shrub,6.0,0.5317077295,61.200030353166675,0.36974360483333335,28.194193,,,6.0,6.0,6.0,1.0,0.0,0.0,,,,,,,,,,,,,,0,0,1,0.5304530766487482,-0.3876891992488707
sameraria armena,,unspecified,1.0,,,,,,,0.0,0.0,0.0,0.0,0.0,0.0,,,,,,,,,,,,,,0,0,1,,
sanguisorba minor,non-woody,herb,55.0,0.794118388,147.18534854052632,0.2049243716,14.593866642142856,,,7.0,19.0,5.0,14.0,0.0,0.0,,,,,,,,,,,,,,0,0,1,0.6693545062537752,0.6700767099507213
sanguisorba officinalis,non-woody,herb,26.0,1.0353140478333334,31.30964444,0.2041658888333333,,,,6.0,10.0,6.0,0.0,0.0,0.0,,,,,,,,,,,,,,0,0,1,,
sanicula elata,,,,,,,,,,,,,,,,2.0,8.5,35.876840695,0.0,0.0669344045,99.933065595,44.75444444,-0.395277778,2.0,2.5,1.0,44.7544,-0.395278,1,1,0,,
sanicula europaea,non-woody,herb,3.0,,,,,,,0.0,0.0,0.0,0.0,0.0,0.0,,,,,,,,,,,,,,0,0,1,,
sanicula orthacantha,non-woody,unspecified,1.0,0.194725,151.7144068,0.222641509,26.67836567,,,1.0,1.0,1.0,1.0,0.0,0.0,,,,,,,,,,,,,,0,0,1,1.636327154531328,-1.0363223301821132
santiria trimera,,,,,,,,,,,,,,,,5.0,31.2,10.3718436418,7.6948844445999995,0.0,92.12382990799999,0.617222222,10.39916667,5.0,2.0,1.0,0.6172,10.3992,1,1,0,,
santolina chamaecyparissus,,,,,,,,,,,,,,,,8.0,43.125,18.707271684625,0.09835716462500001,0.0089349535,99.7026432825,39.40847222,2.7459722225,8.0,51.75,2.25,39.40845,2.745975,1,1,0,,
sapindus saponaria,woody,tree,32.0,0.615315,7.565037762,0.207630571,10.31972091,,,1.0,1.0,1.0,1.0,0.0,0.0,,,,,,,,,,,,,,0,0,1,-0.5396723376630636,0.49518983906603936
sapium glandulosum,woody,tree,27.0,,,,,,,0.0,0.0,0.0,0.0,0.0,0.0,,,,,,,,,,,,,,0,0,1,,
sapium haematospermum,woody,tree,2.0,,,,,,,0.0,0.0,0.0,0.0,0.0,0.0,,,,,,,,,,,,,,0,0,1,,
sapium stylare,woody,tree,1.0,0.9817,9.057172932,0.145833333,24.7508,2.274107154,,1.0,1.0,1.0,1.0,1.0,0.0,,,,,,,,,,,,,,0,0,1,0.631280673196225,1.361419589281107
saponaria pumila,,,2.0,,,,,,,0.0,0.0,0.0,0.0,0.0,0.0,,,,,,,,,,,,,,0,0,1,,
saprosma ternatum,,unspecified,1.0,0.14506,116.95,0.34,27.53,,31.0,1.0,1.0,1.0,1.0,0.0,1.0,,,,,,,,,,,,,,0,0,1,1.054984599976606,-1.3737001201858017
sarcandra glabra,woody,shrub,2.0,0.5006458335,30.488125795000002,0.1681936085,17.7185815,,,2.0,2.0,2.0,2.0,0.0,0.0,,,,,,,,,,,,,,0,0,1,0.30835513168693307,0.1615748495297451
sarcobatus vermiculatus,woody,shrub,7.0,,,,,,,0.0,0.0,0.0,0.0,0.0,0.0,,,,,,,,,,,,,,0,0,1,,
sarcocornia pillansii,,unspecified,4.0,,,,,,,0.0,0.0,0.0,0.0,0.0,0.0,,,,,,,,,,,,,,0,0,1,,
sarcomphalus obtusifolius,woody,shrub,4.0,,,,,,,0.0,0.0,0.0,0.0,0.0,0.0,,,,,,,,,,,,,,0,0,1,,
sarcosperma laurinum,woody,,6.0,,,,14.483333333333334,0.47833333333333333,,0.0,0.0,0.0,6.0,6.0,0.0,,,,,,,,,,,,,,0,0,1,,
sarmentypnum exannulatum,,,1.0,,,,,,,0.0,0.0,0.0,0.0,0.0,0.0,,,,,,,,,,,,,,0,0,1,,
sarocalamus faberi,woody,graminoid,2.0,,,,,,,0.0,0.0,0.0,0.0,0.0,0.0,,,,,,,,,,,,,,0,0,1,,
sasa kurilensis,woody,graminoid,1.0,,,,11.9,,,0.0,0.0,0.0,1.0,0.0,0.0,,,,,,,,,,,,,,0,0,1,,
sassafras albidum,woody,shrub,89.0,0.6403756011688312,13.903315849999998,0.2881041666875,17.28482214785714,2.216517886666667,,77.0,17.0,16.0,14.0,9.0,0.0,,,,,,,,,,,,,,0,0,1,-0.295954706862111,0.28122734596934035
satureja hortensis,non-woody,herb,1.0,,,,,,,0.0,0.0,0.0,0.0,0.0,0.0,,,,,,,,,,,,,,0,0,1,,
satureja montana,woody,shrub,1.0,,,,,,,0.0,0.0,0.0,0.0,0.0,0.0,,,,,,,,,,,,,,0,0,1,,
saurauia herthae,,,2.0,0.50085,35.083231330000004,0.1478278105,20.23592,1.720011387,,2.0,2.0,2.0,2.0,1.0,0.0,,,,,,,,,,,,,,0,0,1,0.5910180160787583,0.16688768166571252
saussurea alpina,non-woody,herb,9.0,,,,10.50649741,1.248825346,,0.0,0.0,0.0,2.0,2.0,0.0,,,,,,,,,,,,,,0,0,1,,
saussurea amara,,unspecified,2.0,,,,,,,0.0,0.0,0.0,0.0,0.0,0.0,,,,,,,,,,,,,,0,0,1,,
saussurea amurensis,non-woody,unspecified,1.0,0.2011,245.9616667,0.128571429,24.146863,,,1.0,1.0,1.0,1.0,0.0,0.0,,,,,,,,,,,,,,0,0,1,2.4244895733396628,-0.9326533873392231
saussurea andryaloides,,,,,,,,,,,,,,,,1.0,9.0,0.199501247,0.0,0.0,100.0,34.25406,77.622437,,,,,,1,0,0,,
saussurea bracteata,,,,,,,,,,,,,,,,1.0,19.0,38.12726332,0.362131402,0.931195034,98.70667356,33.778859,77.579774,,,,,,1,0,0,,
saussurea glacialis,,,,,,,,,,,,,,,,3.0,3.0,0.0,0.0,0.0,100.0,32.935606220000004,77.61157386333333,,,,,,1,0,0,,
saussurea glanduligera,,,,,,,,,,,,,,,,1.0,9.0,2.443680794,0.0,2.481863307,97.51813669,32.993017,78.410133,,,,,,1,0,0,,
saussurea gnaphalodes,,,,,,,,,,,,,,,,1.0,1.0,100.0,0.0,0.0,100.0,33.00501519,78.42476187,,,,,,1,0,0,,
saussurea jacea,,,,,,,,,,,,,,,,2.0,9.0,82.751125455,0.222882615,0.0,99.777117385,33.49169732,77.01233454499999,,,,,,1,0,0,,
saussurea leontodontoides,,,,,,,,,,,,,,,,1.0,4.0,0.0,0.0,0.0,100.0,32.80223449,77.11360146,,,,,,1,0,0,,
saussurea mongolica,non-woody,unspecified,1.0,0.2174,150.705102,0.181481481,24.593334,,,1.0,1.0,1.0,1.0,0.0,0.0,,,,,,,,,,,,,,0,0,1,1.6233439673711285,-0.8604990127614977
saussurea nivea,non-woody,herb,1.0,0.2677,117.4566,0.151515152,16.85807427,,,1.0,1.0,1.0,1.0,0.0,0.0,,,,,,,,,,,,,,0,0,1,0.9456522415503701,-0.5150904318605826
saussurea ovata,,,,,,,,,,,,,,,,1.0,6.0,0.977198697,0.0,0.0,100.0,33.821038,76.81388,,,,,,1,0,0,,
saussurea pseudo-tilesii,,,,,,,,,,,,,,,,4.0,8.25,37.02855234875,1.5625,0.0,98.31187186,56.05833333,159.9041667,,,,,,1,0,0,,
saussurea rigida,,,1.0,,,,,,,0.0,0.0,0.0,0.0,0.0,0.0,,,,,,,,,,,,,,0,0,1,,
saussurea schultzii,,,,,,,,,,,,,,,,1.0,,,,,,32.9315,77.22816667,,,,,,1,0,0,,
saxifraga aizoides,non-woody,herb,1.0,,,,,,,0.0,0.0,0.0,0.0,0.0,0.0,,,,,,,,,,,,,,0,0,1,,
saxifraga biflora,non-woody,herb,1.0,,,,,,,0.0,0.0,0.0,0.0,0.0,0.0,,,,,,,,,,,,,,0,0,1,,
saxifraga bryoides,non-woody,herb,1.0,,,,,,,0.0,0.0,0.0,0.0,0.0,0.0,,,,,,,,,,,,,,0,0,1,,
saxifraga caesia,non-woody,herb,1.0,,,,,,,0.0,0.0,0.0,0.0,0.0,0.0,,,,,,,,,,,,,,0,0,1,,
saxifraga cernua,non-woody,herb,6.0,,,,,,,0.0,0.0,0.0,0.0,0.0,0.0,1.0,5.0,18.18181818,0.0,0.0,100.0,32.99505,78.428733,,,,,,1,0,1,,
saxifraga cespitosa,,,,,,,,,,,,,,,,4.0,5.0,12.27428145875,0.0,0.78125,97.65625,78.20055556,15.81527778,1.0,1.0,1.0,78.2006,15.8153,1,1,0,,
saxifraga crustata,,,1.0,,,,,,,0.0,0.0,0.0,0.0,0.0,0.0,,,,,,,,,,,,,,0,0,1,,
saxifraga cymbalaria,non-woody,herb,1.0,,,,,,,0.0,0.0,0.0,0.0,0.0,0.0,,,,,,,,,,,,,,0,0,1,,
saxifraga exarata,non-woody,herb,2.0,,,,,,,0.0,0.0,0.0,0.0,0.0,0.0,,,,,,,,,,,,,,0,0,1,,
saxifraga flagellaris,non-woody,herb,3.0,,,,,,,0.0,0.0,0.0,0.0,0.0,0.0,,,,,,,,,,,,,,0,0,1,,
saxifraga granulata,non-woody,herb,3.0,2.33348144,395.825,0.229761727,,,,1.0,1.0,1.0,0.0,0.0,0.0,,,,,,,,,,,,,,0,0,1,,
saxifraga hirculus,non-woody,herb,2.0,,,,,,,0.0,0.0,0.0,0.0,0.0,0.0,,,,,,,,,,,,,,0,0,1,,
saxifraga juniperifolia,,unspecified,3.0,,,,,,,0.0,0.0,0.0,0.0,0.0,0.0,,,,,,,,,,,,,,0,0,1,,
saxifraga moschata,non-woody,herb,1.0,,,,,,,0.0,0.0,0.0,0.0,0.0,0.0,,,,,,,,,,,,,,0,0,1,,
saxifraga oppositifolia,non-woody,herb,12.0,,,,,,,0.0,0.0,0.0,0.0,0.0,0.0,5.0,7.8,15.4591198512,3.8541666674000004,3.333333334,91.97916666799999,78.204611114,15.775555558000002,1.0,7.0,2.0,78.2006,15.8153,1,1,1,,
saxifraga paniculata,non-woody,herb,7.0,,,,,,,0.0,0.0,0.0,0.0,0.0,0.0,,,,,,,,,,,,,,0,0,1,,
saxifraga pseudolaevis,,unspecified,1.0,,,,,,,0.0,0.0,0.0,0.0,0.0,0.0,,,,,,,,,,,,,,0,0,1,,
saxifraga rivularis,non-woody,herb,1.0,,,,,,,0.0,0.0,0.0,0.0,0.0,0.0,,,,,,,,,,,,,,0,0,1,,
saxifraga rudolphiana,,,1.0,,,,,,,0.0,0.0,0.0,0.0,0.0,0.0,,,,,,,,,,,,,,0,0,1,,
saxifraga scleropoda,,unspecified,1.0,,,,,,,0.0,0.0,0.0,0.0,0.0,0.0,,,,,,,,,,,,,,0,0,1,,
saxifraga sibirica,non-woody,herb,5.0,,,,,,,0.0,0.0,0.0,0.0,0.0,0.0,,,,,,,,,,,,,,0,0,1,,
saxifraga tricuspidata,non-woody,herb,1.0,,,,,,,0.0,0.0,0.0,0.0,0.0,0.0,,,,,,,,,,,,,,0,0,1,,
saxifraga tridactylites,non-woody,herb,3.0,1.90010607,610.8083333,0.048334542,,,,1.0,1.0,1.0,0.0,0.0,0.0,,,,,,,,,,,,,,0,0,1,,
scabiosa atropurpurea,non-woody,herb,1.0,,,,,,,0.0,0.0,0.0,0.0,0.0,0.0,,,,,,,,,,,,,,0,0,1,,
scabiosa canescens,non-woody,herb,1.0,,,,,,,0.0,0.0,0.0,0.0,0.0,0.0,,,,,,,,,,,,,,0,0,1,,
scabiosa columbaria,non-woody,herb,3.0,1.97657774,167.2333333,0.1323057,,,,1.0,1.0,1.0,0.0,0.0,0.0,,,,,,,,,,,,,,0,0,1,,
scabiosa lucida,non-woody,herb,1.0,,,,,,,0.0,0.0,0.0,0.0,0.0,0.0,,,,,,,,,,,,,,0,0,1,,
scabiosa ochroleuca,non-woody,herb,10.0,,,,,,,0.0,0.0,0.0,0.0,0.0,0.0,,,,,,,,,,,,,,0,0,1,,
scaevola beckii,,,,,,,,,,,,,,,,8.0,7.375,11.442983463375,3.021708683125,0.175070028,92.76570601125,-22.182916665,166.7301389,2.0,2.0,1.0,-22.1829,166.7305,1,1,0,,
scandix pecten-veneris,non-woody,herb,1.0,,,,,,,0.0,0.0,0.0,0.0,0.0,0.0,,,,,,,,,,,,,,0,0,1,,
scandosorbus intermedia,woody,tree,1.0,,,,,,,0.0,0.0,0.0,0.0,0.0,0.0,,,,,,,,,,,,,,0,0,1,,
schaefferia cuneifolia,woody,shrub,4.0,,,,,,,0.0,0.0,0.0,0.0,0.0,0.0,,,,,,,,,,,,,,0,0,1,,
schedonnardus paniculatus,non-woody,graminoid,1.0,,,,,,,0.0,0.0,0.0,0.0,0.0,0.0,,,,,,,,,,,,,,0,0,1,,
schefflera digita,woody,tree,8.0,0.589175,45.29769569375,0.09054159525,19.825,1.43,,8.0,8.0,8.0,2.0,1.0,0.0,,,,,,,,,,,,,,0,0,1,0.8147014981705357,0.503178123543639
scheuchzeria palustris,woody,shrub,3.0,,,,,,,0.0,0.0,0.0,0.0,0.0,0.0,,,,,,,,,,,,,,0,0,1,,
schima superba,woody,tree,49.0,0.2277555555,121.3415207,0.2319642858,10.256238360833333,0.4019244444444445,26.831724514,6.0,6.0,5.0,12.0,9.0,5.0,,,,,,,,,7.0,6.142857142857143,1.7142857142857142,29.25,118.12,0,1,1,0.2238368497329471,-0.7129029923034272
schima wallichii,woody,shrub/tree,12.0,0.23986,98.43,0.37,15.77075,0.55378,59.0,1.0,1.0,1.0,4.0,1.0,1.0,,,,,,,,,,,,,,0,0,1,-0.03498853852021661,-1.0199742454057898
schinus johnstonii,woody,shrub/tree,3.0,,,,,,,0.0,0.0,0.0,0.0,0.0,0.0,,,,,,,,,,,,,,0,0,1,,
schinziophyton rautanenii,woody,tree,6.0,,,,,,,0.0,0.0,0.0,0.0,0.0,0.0,,,,,,,,,,,,,,0,0,1,,
schisandra sphenanthera,woody,unspecified,1.0,,,,,,,0.0,0.0,0.0,0.0,0.0,0.0,,,,,,,,,,,,,,0,0,1,,
schismus arabicus,non-woody,graminoid,3.0,,,,,,,0.0,0.0,0.0,0.0,0.0,0.0,,,,,,,,,,,,,,0,0,1,,
schismus barbatus,non-woody,graminoid,3.0,,,,,,,0.0,0.0,0.0,0.0,0.0,0.0,,,,,,,,,,,,,,0,0,1,,
schistophyllidium bifurcum,,,,,,,,,,,,,,,,2.0,5.0,0.040128411,0.0,0.080256822,99.91974318,33.5845575,78.08892850000001,,,,,,1,0,0,,
schivereckia podolica,,unspecified,1.0,,,,,,,0.0,0.0,0.0,0.0,0.0,0.0,,,,,,,,,,,,,,0,0,1,,
schizachne purpurascens,non-woody,graminoid,1.0,,,,,,,0.0,0.0,0.0,0.0,0.0,0.0,,,,,,,,,,,,,,0,0,1,,
schizachyrium condensatum,non-woody,graminoid,1.0,,,,,,,0.0,0.0,0.0,0.0,0.0,0.0,,,,,,,,,,,,,,0,0,1,,
schizachyrium littorale,,,1.0,,,,,,,0.0,0.0,0.0,0.0,0.0,0.0,,,,,,,,,,,,,,0,0,1,,
schizachyrium sanguineum,non-woody,graminoid,1.0,,,,,,,0.0,0.0,0.0,0.0,0.0,0.0,,,,,,,,,,,,,,0,0,1,,
schizachyrium scoparium,non-woody,graminoid,33.0,0.32821666666666666,58.84960426125,0.2909840383333333,13.031790861333334,1.3,,3.0,8.0,3.0,6.0,1.0,0.0,,,,,,,,,,,,,,0,0,1,-0.23338834688738855,-0.5257484030045132
schizanthus pinnatus,,unspecified,1.0,,,,,,,0.0,0.0,0.0,0.0,0.0,0.0,,,,,,,,,,,,,,0,0,1,,
schizolobium parahyba,woody,tree,32.0,0.449,6.687670143,0.446624439,10.62068164,,,1.0,1.0,1.0,1.0,0.0,0.0,,,,,,,,,,,,,,0,0,1,-1.3406113061059501,-0.4493253443507234
schmidtia kalahariensis,non-woody,graminoid,1.0,,,,,,,0.0,0.0,0.0,0.0,0.0,0.0,,,,,,,,,,,,,,0,0,1,,
schoenoplectus lacustris,non-woody,graminoid,3.0,,,,,,,0.0,0.0,0.0,0.0,0.0,0.0,,,,,,,,,,,,,,0,0,1,,
schoenus breviculmis,non-woody,graminoid,1.0,,,,,,,0.0,0.0,0.0,0.0,0.0,0.0,,,,,,,,,,,,,,0,0,1,,
schoenus ferrugineus,non-woody,graminoid,1.0,,,,,,,0.0,0.0,0.0,0.0,0.0,0.0,,,,,,,,,,,,,,0,0,1,,
schoenus nigricans,non-woody,graminoid,3.0,,,,,,,0.0,0.0,0.0,0.0,0.0,0.0,,,,,,,,,,,,,,0,0,1,,
schoepfia jasminodora,woody,unspecified,1.0,0.19095,81.48262136,0.412,13.852399,,,1.0,1.0,1.0,1.0,0.0,0.0,,,,,,,,,,,,,,0,0,1,-0.4240100623593959,-1.1828791501765419
scholtzia obovata,,,2.0,,,,,,,0.0,0.0,0.0,0.0,0.0,0.0,,,,,,,,,,,,,,0,0,1,,
schotia brachypetala,,unspecified,1.0,,,,,,,0.0,0.0,0.0,0.0,0.0,0.0,,,,,,,,,,,,,,0,0,1,,
sciadopitys verticillata,woody,tree,7.0,0.56999042,24.99922664,0.17279961033333333,2.289819002,,90.025,3.0,3.0,3.0,3.0,0.0,1.0,,,,,,,,,,,,,,0,0,1,-0.8580783176603495,0.5336260990276974
scilla siberica,non-woody,herb,4.0,,,,,,,0.0,0.0,0.0,0.0,0.0,0.0,,,,,,,,,,,,,,0,0,1,,
sciodaphyllum acuminatum,,,1.0,0.3459,40.987,0.259708738,17.96367,0.763930643,,1.0,1.0,1.0,1.0,1.0,0.0,,,,,,,,,,,,,,0,0,1,0.1050577610355555,-0.4477029910609872
scirpoides holoschoenus,non-woody,graminoid,1.0,,,,,,,0.0,0.0,0.0,0.0,0.0,0.0,,,,,,,,,,,,,,0,0,1,,
scirpoides vulgaris,,unspecified,4.0,,,,,,,0.0,0.0,0.0,0.0,0.0,0.0,,,,,,,,,,,,,,0,0,1,,
scirpus cyperinus,non-woody,graminoid,4.0,,,,,,,0.0,0.0,0.0,0.0,0.0,0.0,,,,,,,,,,,,,,0,0,1,,
scirpus sylvaticus,non-woody,graminoid,4.0,,,,,,,0.0,0.0,0.0,0.0,0.0,0.0,,,,,,,,,,,,,,0,0,1,,
scleranthus annuus,non-woody,herb,1.0,,,,,,,0.0,0.0,0.0,0.0,0.0,0.0,,,,,,,,,,,,,,0,0,1,,
scleranthus perennis,non-woody,herb,1.0,,,,,,,0.0,0.0,0.0,0.0,0.0,0.0,,,,,,,,,,,,,,0,0,1,,
scleria lithosperma,non-woody,graminoid,1.0,,,,,,61.67,0.0,0.0,0.0,0.0,0.0,1.0,,,,,,,,,,,,,,0,0,1,,
sclerocarya birrea,woody,tree,1.0,,,,,,,0.0,0.0,0.0,0.0,0.0,0.0,,,,,,,,,,,,,,0,0,1,,
scleronema micranthum,woody,tree,1.0,0.738,7.92,0.365,,,,1.0,1.0,1.0,0.0,0.0,0.0,,,,,,,,,,,,,,0,0,1,,
scleropogon brevifolius,non-woody,graminoid,7.0,,,,,,,0.0,0.0,0.0,0.0,0.0,0.0,,,,,,,,,,,,,,0,0,1,,
sclerostegia tenuis,,,1.0,,,,,,,0.0,0.0,0.0,0.0,0.0,0.0,,,,,,,,,,,,,,0,0,1,,
scolochloa festucacea,non-woody,graminoid,6.0,,,,,,,0.0,0.0,0.0,0.0,0.0,0.0,,,,,,,,,,,,,,0,0,1,,
scolymus hispanicus,non-woody,herb,1.0,,,,,,,0.0,0.0,0.0,0.0,0.0,0.0,,,,,,,,,,,,,,0,0,1,,
scorzonera acanthoclada,,unspecified,2.0,,,,,,,0.0,0.0,0.0,0.0,0.0,0.0,,,,,,,,,,,,,,0,0,1,,
scorzonera cana,non-woody,herb,2.0,,,,,,,0.0,0.0,0.0,0.0,0.0,0.0,,,,,,,,,,,,,,0,0,1,,
scorzonera humilis,non-woody,herb,1.0,,,,,,,0.0,0.0,0.0,0.0,0.0,0.0,,,,,,,,,,,,,,0,0,1,,
scorzonera ketzkhowelii,,unspecified,1.0,,,,,,,0.0,0.0,0.0,0.0,0.0,0.0,,,,,,,,,,,,,,0,0,1,,
scorzonera parviflora,non-woody,herb,1.0,,,,,,,0.0,0.0,0.0,0.0,0.0,0.0,,,,,,,,,,,,,,0,0,1,,
scorzonera purpurea,non-woody,herb,1.0,,,,,,,0.0,0.0,0.0,0.0,0.0,0.0,,,,,,,,,,,,,,0,0,1,,
scorzonera radiata,,unspecified,1.0,,,,,,,0.0,0.0,0.0,0.0,0.0,0.0,,,,,,,,,,,,,,0,0,1,,
scorzonera sericeo-lanata,,unspecified,4.0,,,,,,,0.0,0.0,0.0,0.0,0.0,0.0,,,,,,,,,,,,,,0,0,1,,
scorzonera tragopogonoides,,unspecified,1.0,,,,,,,0.0,0.0,0.0,0.0,0.0,0.0,,,,,,,,,,,,,,0,0,1,,
scorzoneroides autumnalis,non-woody,herb,9.0,2.3243054,314.4166667,0.140040885,,,,1.0,1.0,1.0,0.0,0.0,0.0,,,,,,,,,5.0,9.0,1.0,57.95536,-9.990599999999999,0,1,1,,
scorzoneroides helvetica,,,1.0,,,,,,,0.0,0.0,0.0,0.0,0.0,0.0,,,,,,,,,,,,,,0,0,1,,
scorzoneroides montana,,,1.0,,,,,,,0.0,0.0,0.0,0.0,0.0,0.0,,,,,,,,,,,,,,0,0,1,,
scrophularia dentata,,,,,,,,,,,,,,,,1.0,14.0,3.650094399,0.0,0.0,100.0,33.8144167,77.5251,,,,,,1,0,0,,
scrophularia lateriflora,,unspecified,1.0,,,,,,,0.0,0.0,0.0,0.0,0.0,0.0,,,,,,,,,,,,,,0,0,1,,
scrophularia minima,non-woody,herb,1.0,,,,,,,0.0,0.0,0.0,0.0,0.0,0.0,,,,,,,,,,,,,,0,0,1,,
scrophularia nodosa,non-woody,herb,1.0,,,,,,,0.0,0.0,0.0,0.0,0.0,0.0,,,,,,,,,,,,,,0,0,1,,
scrophularia pamirica,non-woody,herb,1.0,,,,,,,0.0,0.0,0.0,0.0,0.0,0.0,,,,,,,,,,,,,,0,0,1,,
scrophularia ruprechtii,,unspecified,1.0,,,,,,,0.0,0.0,0.0,0.0,0.0,0.0,,,,,,,,,,,,,,0,0,1,,
scutellaria chaematochlora,,unspecified,1.0,,,,,,,0.0,0.0,0.0,0.0,0.0,0.0,,,,,,,,,,,,,,0,0,1,,
scutellaria galericulata,non-woody,herb,3.0,,,,,,,0.0,0.0,0.0,0.0,0.0,0.0,,,,,,,,,,,,,,0,0,1,,
scutellaria mexicana,,,1.0,,,,,,,0.0,0.0,0.0,0.0,0.0,0.0,,,,,,,,,,,,,,0,0,1,,
scutellaria orientalis,,unspecified,6.0,,,,,,,0.0,0.0,0.0,0.0,0.0,0.0,,,,,,,,,,,,,,0,0,1,,
scutellaria resinosa,,,1.0,,,,,,,0.0,0.0,0.0,0.0,0.0,0.0,,,,,,,,,,,,,,0,0,1,,
scutellaria scordiifolia,,unspecified,1.0,,,,,,,0.0,0.0,0.0,0.0,0.0,0.0,,,,,,,,,,,,,,0,0,1,,
scutellaria sieversii,,unspecified,1.0,,,,,,,0.0,0.0,0.0,0.0,0.0,0.0,,,,,,,,,,,,,,0,0,1,,
secale cereale,non-woody,graminoid,7.0,,,,,,,0.0,0.0,0.0,0.0,0.0,0.0,,,,,,,,,,,,,,0,0,1,,
secamone punctulata,,,1.0,,,,,,,0.0,0.0,0.0,0.0,0.0,0.0,,,,,,,,,,,,,,0,0,1,,
securidaca longepedunculata,woody,shrub/tree,6.0,,,,,,,0.0,0.0,0.0,0.0,0.0,0.0,,,,,,,,,,,,,,0,0,1,,
sedum acre,non-woody,herb,5.0,,,,,,,0.0,0.0,0.0,0.0,0.0,0.0,6.0,15.333333333333334,17.836137947833333,0.0,0.0,99.32836060166666,58.10333333,22.189722220000004,,,,,,1,0,1,,
sedum album,non-woody,herb,2.0,,,,,,,0.0,0.0,0.0,0.0,0.0,0.0,8.0,18.375,16.368806809625,0.108984543125,0.3464905615,99.3237277125,58.10333333,22.18972222,,,,,,1,0,1,,
sedum cespitosum,non-woody,herb,1.0,,,,,,,0.0,0.0,0.0,0.0,0.0,0.0,,,,,,,,,,,,,,0,0,1,,
sedum gracile,,unspecified,1.0,,,,,,,0.0,0.0,0.0,0.0,0.0,0.0,,,,,,,,,,,,,,0,0,1,,
sedum mucizonia,non-woody,unspecified,2.0,,,,,,,0.0,0.0,0.0,0.0,0.0,0.0,,,,,,,,,,,,,,0,0,1,,
sedum pseudohybridum,,unspecified,5.0,,,,,,,0.0,0.0,0.0,0.0,0.0,0.0,,,,,,,,,,,,,,0,0,1,,
sedum sexangulare,non-woody,herb,1.0,,,,,,,0.0,0.0,0.0,0.0,0.0,0.0,,,,,,,,,,,,,,0,0,1,,
sedum stahlii,,unspecified,1.0,,,,,,,0.0,0.0,0.0,0.0,0.0,0.0,,,,,,,,,,,,,,0,0,1,,
sedum stenopetalum,non-woody,herb,2.0,,,,,,,0.0,0.0,0.0,0.0,0.0,0.0,,,,,,,,,,,,,,0,0,1,,
sehima nervosum,non-woody,graminoid,3.0,,,,,,,0.0,0.0,0.0,0.0,0.0,0.0,,,,,,,,,,,,,,0,0,1,,
selaginella kraussiana,,,,,,,,,,,,,,,,,,,,,,,,1.0,3.0,2.0,-41.2582,174.772,0,1,0,,
selaginella longipila,,fern,2.0,,,,,,,0.0,0.0,0.0,0.0,0.0,0.0,,,,,,,,,,,,,,0,0,1,,
selaginella spinulosa,non-woody,fern,2.0,,,,,,,0.0,0.0,0.0,0.0,0.0,0.0,,,,,,,,,,,,,,0,0,1,,
selinum alatum,,unspecified,1.0,,,,,,,0.0,0.0,0.0,0.0,0.0,0.0,,,,,,,,,,,,,,0,0,1,,
selinum carvifolium,,,1.0,,,,,,,0.0,0.0,0.0,0.0,0.0,0.0,,,,,,,,,,,,,,0,0,1,,
semecarpus reticulata,woody,,3.0,0.7727444446666666,7.618147229333334,0.361056375,8.243333333333334,0.6766666666666667,,3.0,3.0,3.0,3.0,3.0,0.0,,,,,,,,,,,,,,0,0,1,-1.2731675808892562,0.5801435088923965
semenovia lasiocarpa,,,,,,,,,,,,,,,,1.0,6.0,1.369863014,0.0,0.0,100.0,33.824517,76.812047,,,,,,1,0,0,,
sempervivum caucasicum,non-woody,herb,2.0,,,,,,,0.0,0.0,0.0,0.0,0.0,0.0,,,,,,,,,,,,,,0,0,1,,
sempervivum pumilum,,unspecified,2.0,,,,,,,0.0,0.0,0.0,0.0,0.0,0.0,,,,,,,,,,,,,,0,0,1,,
sempervivum ruthenicum,,unspecified,1.0,,,,,,,0.0,0.0,0.0,0.0,0.0,0.0,,,,,,,,,,,,,,0,0,1,,
senecio abrotanifolius,non-woody,herb,1.0,,,,,,,0.0,0.0,0.0,0.0,0.0,0.0,,,,,,,,,,,,,,0,0,1,,
senecio actinella,non-woody,herb,4.0,,47.533261083333336,,6.801598668,,,0.0,3.0,0.0,1.0,0.0,0.0,,,,,,,,,,,,,,0,0,1,,
senecio aureus,non-woody,herb,2.0,,,,,,,0.0,0.0,0.0,0.0,0.0,0.0,,,,,,,,,,,,,,0,0,1,,
senecio candolleanus,,unspecified,1.0,,,,,,,0.0,0.0,0.0,0.0,0.0,0.0,,,,,,,,,,,,,,0,0,1,,
senecio eremophilus,non-woody/woody,herb/shrub,4.0,,78.43794851,,12.30433702,,,0.0,3.0,0.0,1.0,0.0,0.0,,,,,,,,,,,,,,0,0,1,,
senecio filaginoides,woody,shrub,15.0,,,,6.666666666666667,,,0.0,0.0,0.0,6.0,0.0,0.0,,,,,,,,,,,,,,0,0,1,,
senecio glaucophyllus,non-woody,unspecified,3.0,,73.62519359333334,,5.276590737,,,0.0,3.0,0.0,1.0,0.0,0.0,,,,,,,,,,,,,,0,0,1,,
senecio integrifolius,non-woody,herb,5.0,,,,,,,0.0,0.0,0.0,0.0,0.0,0.0,,,,,,,,,,,,,,0,0,1,,
senecio leucanthemifolius,non-woody,unspecified,4.0,,,,,,,0.0,0.0,0.0,0.0,0.0,0.0,,,,,,,,,,,,,,0,0,1,,
senecio nemorensis,non-woody,herb,6.0,,,,,,,0.0,0.0,0.0,0.0,0.0,0.0,,,,,,,,,,,,,,0,0,1,,
senecio primulifolius,,unspecified,1.0,,,,,,,0.0,0.0,0.0,0.0,0.0,0.0,,,,,,,,,,,,,,0,0,1,,
senecio pyroglossus,,unspecified,2.0,,,,,,,0.0,0.0,0.0,0.0,0.0,0.0,,,,,,,,,,,,,,0,0,1,,
senecio riddellii,,,1.0,,,,,,,0.0,0.0,0.0,0.0,0.0,0.0,,,,,,,,,,,,,,0,0,1,,
senecio rigidus,,,,,,,,,,,,,,,,4.0,3.75,2.27272727275,0.0,0.0,99.92451690749999,-33.97277778,18.94416667,,,,,,1,0,0,,
senecio subalpinus,non-woody,herb,1.0,,,,,,,0.0,0.0,0.0,0.0,0.0,0.0,,,,,,,,,,,,,,0,0,1,,
senecio subdentatus,,unspecified,3.0,,,,,,,0.0,0.0,0.0,0.0,0.0,0.0,,,,,,,,,,,,,,0,0,1,,
senecio sylvaticus,non-woody,herb,1.0,,,,,,,0.0,0.0,0.0,0.0,0.0,0.0,,,,,,,,,,,,,,0,0,1,,
senecio vulgaris,non-woody,herb,1.0,,,,,,,0.0,0.0,0.0,0.0,0.0,0.0,,,,,,,,,,,,,,0,0,1,,
senegalia catechu,,,1.0,,,,,,,0.0,0.0,0.0,0.0,0.0,0.0,,,,,,,,,,,,,,0,0,1,,
senegalia eriocarpa,woody,shrub/tree,2.0,,,,,,,0.0,0.0,0.0,0.0,0.0,0.0,,,,,,,,,,,,,,0,0,1,,
senegalia fleckii,woody,shrub/tree,6.0,,,,,,,0.0,0.0,0.0,0.0,0.0,0.0,,,,,,,,,,,,,,0,0,1,,
senegalia goetzei,woody,tree,6.0,,,,,,,0.0,0.0,0.0,0.0,0.0,0.0,,,,,,,,,,,,,,0,0,1,,
senegalia mellifera,woody,shrub/tree,3.0,,,,,,,0.0,0.0,0.0,0.0,0.0,0.0,,,,,,,,,,,,,,0,0,1,,
senegalia nigrescens,woody,tree,7.0,,,,,,,0.0,0.0,0.0,0.0,0.0,0.0,,,,,,,,,,,,,,0,0,1,,
senegalia polyacantha,woody,tree,3.0,,,,,,,0.0,0.0,0.0,0.0,0.0,0.0,,,,,,,,,,,,,,0,0,1,,
senegalia senegal,,,4.0,,,,,,,0.0,0.0,0.0,0.0,0.0,0.0,,,,,,,,,,,,,,0,0,1,,
senna armata,woody,shrub,1.0,,,,,,,0.0,0.0,0.0,0.0,0.0,0.0,,,,,,,,,,,,,,0,0,1,,
senna auriculata,,unspecified,1.0,,,,,,65.01,0.0,0.0,0.0,0.0,0.0,1.0,,,,,,,,,,,,,,0,0,1,,
senna bauhinioides,non-woody/woody,herb/shrub,3.0,,,,,,,0.0,0.0,0.0,0.0,0.0,0.0,,,,,,,,,,,,,,0,0,1,,
senna hirsuta,non-woody/woody,herb/shrub,1.0,,,,,,70.47,0.0,0.0,0.0,0.0,0.0,1.0,,,,,,,,,,,,,,0,0,1,,
senna marilandica,non-woody,herb,1.0,0.32789,,0.329595,,,,1.0,0.0,1.0,0.0,0.0,0.0,,,,,,,,,,,,,,0,0,1,,
senna obtusifolia,,,,,,,,,,,,,,,,4.0,25.0,29.304492277500003,1.4566079222500001,0.38348563975,92.7095147925,14.57805556,-17.01722222,2.0,13.0,2.0,14.5781,-17.0172,1,1,0,,
senna occidentalis,woody,shrub,2.0,,,,,,69.25,0.0,0.0,0.0,0.0,0.0,2.0,,,,,,,,,,,,,,0,0,1,,
senna siamea,woody,tree,4.0,,,,7.6000000000000005,0.9,,0.0,0.0,0.0,2.0,2.0,0.0,,,,,,,,,,,,,,0,0,1,,
senna spectabilis,,unspecified,2.0,,,,,,,0.0,0.0,0.0,0.0,0.0,0.0,,,,,,,,,,,,,,0,0,1,,
sequoia sempervirens,woody,tree,3.0,,,,,,,0.0,0.0,0.0,0.0,0.0,0.0,,,,,,,,,,,,,,0,0,1,,
sequoiadendron giganteum,woody,tree,7.0,0.6145,16.361547743333333,0.21475136000000003,,,,3.0,3.0,3.0,0.0,0.0,0.0,,,,,,,,,,,,,,0,0,1,,
serenoa repens,woody,tree,2.0,,,,,,,0.0,0.0,0.0,0.0,0.0,0.0,,,,,,,,,,,,,,0,0,1,,
seriphidium diffusum,,,1.0,,,,,,,0.0,0.0,0.0,0.0,0.0,0.0,,,,,,,,,,,,,,0,0,1,,
seriphidium semiaridum,,,6.0,,,,,,,0.0,0.0,0.0,0.0,0.0,0.0,,,,,,,,,,,,,,0,0,1,,
seriphidium sublessingianum,,,6.0,,,,,,,0.0,0.0,0.0,0.0,0.0,0.0,,,,,,,,,,,,,,0,0,1,,
seriphidium terrae-albae,non-woody,herb,1.0,,51.08,,8.26,,,0.0,1.0,0.0,1.0,0.0,0.0,,,,,,,,,,,,,,0,0,1,,
seriphidium tianschanicum,,,1.0,,,,,,,0.0,0.0,0.0,0.0,0.0,0.0,,,,,,,,,,,,,,0,0,1,,
serratula algida,,unspecified,1.0,,,,,,,0.0,0.0,0.0,0.0,0.0,0.0,,,,,,,,,,,,,,0,0,1,,
serratula tinctoria,non-woody,herb,1.0,,,,,,,0.0,0.0,0.0,0.0,0.0,0.0,,,,,,,,,,,,,,0,0,1,,
serrulata coronata,,unspecified,2.0,,,,,,,0.0,0.0,0.0,0.0,0.0,0.0,,,,,,,,,,,,,,0,0,1,,
sesamum indicum,non-woody,herb,1.0,,,,,,,0.0,0.0,0.0,0.0,0.0,0.0,,,,,,,,,,,,,,0,0,1,,
sesbania bispinosa,,graminoid,5.0,,,,13.8,,76.12,0.0,0.0,0.0,4.0,0.0,1.0,,,,,,,,,,,,,,0,0,1,,
seseli annuum,non-woody,herb,1.0,,,,,,,0.0,0.0,0.0,0.0,0.0,0.0,,,,,,,,,,,,,,0,0,1,,
seseli eriocephalum,,,1.0,,,,,,,0.0,0.0,0.0,0.0,0.0,0.0,,,,,,,,,,,,,,0,0,1,,
seseli hippomarathrum,non-woody,herb,2.0,,,,,,,0.0,0.0,0.0,0.0,0.0,0.0,,,,,,,,,,,,,,0,0,1,,
seseli osseum,,,1.0,,,,,,,0.0,0.0,0.0,0.0,0.0,0.0,,,,,,,,,,,,,,0,0,1,,
sesleria albicans,non-woody,graminoid,4.0,1.29450549,535.7,0.0746269,,,,1.0,1.0,1.0,0.0,0.0,0.0,,,,,,,,,,,,,,0,0,1,,
sesleria caerulea,non-woody,graminoid,1.0,,70.6729,,9.7,,,0.0,1.0,0.0,1.0,0.0,0.0,18.0,19.944444444444443,14.158854656333334,0.3011154758333333,0.20290185077777778,84.93806239977778,58.397222219444444,23.032685184444446,2.0,5.5,1.5,58.5844,23.5697,1,1,1,,
sesleria phleoides,,unspecified,1.0,,,,,,,0.0,0.0,0.0,0.0,0.0,0.0,,,,,,,,,,,,,,0,0,1,,
setaria faberi,non-woody,graminoid,1.0,,4.521778399,,,,,0.0,1.0,0.0,0.0,0.0,0.0,,,,,,,,,,,,,,0,0,1,,
setaria italica,non-woody,graminoid,2.0,,,,,,,0.0,0.0,0.0,0.0,0.0,0.0,,,,,,,,,,,,,,0,0,1,,
setaria pumila,non-woody,graminoid,4.0,0.17474,,0.386874,,,57.29,1.0,0.0,1.0,0.0,0.0,1.0,,,,,,,,,,,,,,0,0,1,,
setaria sphacelata,non-woody,graminoid,1.0,,,,,,,0.0,0.0,0.0,0.0,0.0,0.0,,,,,,,,,,,,,,0,0,1,,
setaria viridis,non-woody,graminoid,5.0,,39.28666666666667,,4.293333333333334,,,0.0,3.0,0.0,3.0,0.0,0.0,,,,,,,,,,,,,,0,0,1,,
sextonia rubra,woody,,6.0,0.834925,4.6786656073333335,0.33361400299999994,,,,6.0,3.0,3.0,0.0,0.0,0.0,,,,,,,,,,,,,,0,0,1,,
shapherdia argentea,woody,shrub,1.0,,16.2,0.25,33.8,,,0.0,1.0,1.0,1.0,0.0,0.0,,,,,,,,,,,,,,0,0,1,,
shepherdia argentea,woody,shrub/tree,1.0,,,,,,,0.0,0.0,0.0,0.0,0.0,0.0,,,,,,,,,,,,,,0,0,1,,
sherardia arvensis,non-woody,herb,3.0,1.44635608,601.1166667,0.027163033,,,,1.0,1.0,1.0,0.0,0.0,0.0,,,,,,,,,,,,,,0,0,1,,
shorea robusta,woody,tree,3.0,,,,,,,0.0,0.0,0.0,0.0,0.0,0.0,,,,,,,,,,,,,,0,0,1,,
sibbaldia cuneata,,,,,,,,,,,,,,,,3.0,12.0,77.07006369,0.0,0.0,100.0,32.90262370666667,77.20460932,,,,,,1,0,0,,
sibbaldia procumbens,non-woody,herb,7.0,,,,,,,0.0,0.0,0.0,0.0,0.0,0.0,,,,,,,,,,,,,,0,0,1,,
sibbaldia tetrandra,,,,,,,,,,,,,,,,3.0,13.0,10.54247697,0.204708291,0.0,99.69293756,33.33187322,76.91082519999999,,,,,,1,0,0,,
sibbaldianthe bifurca,non-woody,herb,8.0,0.265,33.78666666666667,0.35,12.65,,,2.0,6.0,2.0,2.0,0.0,0.0,,,,,,,,,,,,,,0,0,1,-0.6252259479512734,-0.7687117724168079
sibiraea laevigata,,unspecified,1.0,,,,,,,0.0,0.0,0.0,0.0,0.0,0.0,,,,,,,,,,,,,,0,0,1,,
sibirotrisetum sibiricum,non-woody,graminoid,12.0,,,,,,,0.0,0.0,0.0,0.0,0.0,0.0,,,,,,,,,,,,,,0,0,1,,
sida acuta,non-woody/woody,herb/shrub,2.0,0.408,19.09,,8.85,,,1.0,1.0,0.0,1.0,0.0,0.0,,,,,,,,,,,,,,0,0,1,,
sida cordifolia,non-woody/woody,herb/shrub,1.0,,,,,,54.37,0.0,0.0,0.0,0.0,0.0,1.0,,,,,,,,,,,,,,0,0,1,,
sida ovata,woody,shrub,1.0,,,,,,,0.0,0.0,0.0,0.0,0.0,0.0,,,,,,,,,,,,,,0,0,1,,
sidalcea oregana,non-woody/woody,herb/shrub,3.0,,,,,,,0.0,0.0,0.0,0.0,0.0,0.0,,,,,,,,,,,,,,0,0,1,,
sideritis montana,non-woody,herb,1.0,,,,,,,0.0,0.0,0.0,0.0,0.0,0.0,,,,,,,,,,,,,,0,0,1,,
sideritis pusilla,non-woody,herb,1.0,0.314675,7.149525656,0.524128702,,,,1.0,1.0,1.0,0.0,0.0,0.0,,,,,,,,,,,,,,0,0,1,,
silaum silaus,non-woody,herb,3.0,,,,,,,0.0,0.0,0.0,0.0,0.0,0.0,,,,,,,,,,,,,,0,0,1,,
silene acaulis,non-woody,herb,5.0,,,,,,,0.0,0.0,0.0,0.0,0.0,0.0,,,,,,,,,,,,,,0,0,1,,
silene caespitella,,,,,,,,,,,,,,,,1.0,7.0,12.5,0.0,0.0,100.0,34.25406,77.622437,,,,,,1,0,0,,
silene chalcedonica,non-woody,herb,1.0,,,,,,,0.0,0.0,0.0,0.0,0.0,0.0,,,,,,,,,,,,,,0,0,1,,
silene chlorantha,non-woody,herb,4.0,,,,,,,0.0,0.0,0.0,0.0,0.0,0.0,,,,,,,,,,,,,,0,0,1,,
silene compacta,non-woody,herb,1.0,,,,,,,0.0,0.0,0.0,0.0,0.0,0.0,,,,,,,,,,,,,,0,0,1,,
silene dichotoma,non-woody,herb,1.0,,,,,,,0.0,0.0,0.0,0.0,0.0,0.0,,,,,,,,,,,,,,0,0,1,,
silene dioica,non-woody,herb,6.0,2.40756169,222.7166667,0.086951992,20.695,,,1.0,1.0,1.0,4.0,0.0,0.0,,,,,,,,,,,,,,0,0,1,1.653204005587264,4.7775176262851105
silene flos-cuculi,non-woody,herb,7.0,2.02368654,360.0,0.099361444,,,,1.0,1.0,1.0,0.0,0.0,0.0,,,,,,,,,,,,,,0,0,1,,
silene fruticosa,,unspecified,1.0,,,,,,,0.0,0.0,0.0,0.0,0.0,0.0,,,,,,,,,,,,,,0,0,1,,
silene gallica,non-woody,herb,1.0,,434.0,,6.7,,,0.0,1.0,0.0,1.0,0.0,0.0,,,,,,,,,,,,,,0,0,1,,
silene gonosperma,,,,,,,,,,,,,,,,2.0,2.5,0.0,0.0,0.0,100.0,33.575535,77.41554,,,,,,1,0,0,,
silene graminifolia,,,,,,,,,,,,,,,,3.0,4.0,12.5,0.0,0.0,100.0,32.93829849333333,77.18860878333334,,,,,,1,0,0,,
silene himalayensis,,,,,,,,,,,,,,,,2.0,3.0,8.333333333,0.0,0.0,100.0,32.972366,77.20152350000001,,,,,,1,0,0,,
silene latifolia,non-woody,herb,3.0,,,,,,,0.0,0.0,0.0,0.0,0.0,0.0,,,,,,,,,,,,,,0,0,1,,
silene linearifolia,,unspecified,2.0,,,,,,,0.0,0.0,0.0,0.0,0.0,0.0,,,,,,,,,,,,,,0,0,1,,
silene magellanica,,,1.0,,,,,,,0.0,0.0,0.0,0.0,0.0,0.0,,,,,,,,,,,,,,0,0,1,,
silene marcowiczii,,unspecified,1.0,,,,,,,0.0,0.0,0.0,0.0,0.0,0.0,,,,,,,,,,,,,,0,0,1,,
silene moorcroftiana,,,,,,,,,,,,,,,,1.0,6.0,9.651474531,0.0,0.0,100.0,32.864303,77.184991,,,,,,1,0,0,,
silene multiflora,,unspecified,5.0,,,,,,,0.0,0.0,0.0,0.0,0.0,0.0,,,,,,,,,,,,,,0,0,1,,
silene nana,,unspecified,1.0,,,,,,,0.0,0.0,0.0,0.0,0.0,0.0,,,,,,,,,,,,,,0,0,1,,
silene noctiflora,non-woody,herb,1.0,,,,,,,0.0,0.0,0.0,0.0,0.0,0.0,,,,,,,,,,,,,,0,0,1,,
silene nutans,non-woody,herb,3.0,,,,,,,0.0,0.0,0.0,0.0,0.0,0.0,,,,,,,,,,,,,,0,0,1,,
silene odoratissima,,unspecified,2.0,,,,,,,0.0,0.0,0.0,0.0,0.0,0.0,,,,,,,,,,,,,,0,0,1,,
silene otites,non-woody,herb,2.0,,,,,,,0.0,0.0,0.0,0.0,0.0,0.0,,,,,,,,,,,,,,0,0,1,,
silene rechingeri,,,,,,,,,,,,,,,,1.0,3.0,33.33333333,0.0,0.0,100.0,33.973493,76.906357,,,,,,1,0,0,,
silene rupestris,non-woody,herb,2.0,0.576,17.65,,8.55,,,1.0,1.0,0.0,1.0,0.0,0.0,,,,,,,,,,,,,,0,0,1,,
silene sibirica,,unspecified,2.0,,,,,,,0.0,0.0,0.0,0.0,0.0,0.0,,,,,,,,,,,,,,0,0,1,,
silene tachtensis,,unspecified,1.0,,,,,,,0.0,0.0,0.0,0.0,0.0,0.0,,,,,,,,,,,,,,0,0,1,,
silene uniflora,non-woody,herb,4.0,,,,25.18,,,0.0,0.0,0.0,4.0,0.0,0.0,,,,,,,,,,,,,,0,0,1,,
silene uralensis,non-woody,herb,1.0,,,,,,,0.0,0.0,0.0,0.0,0.0,0.0,,,,,,,,,,,,,,0,0,1,,
silene viscaria,non-woody,herb,6.0,,,,,,,0.0,0.0,0.0,0.0,0.0,0.0,,,,,,,,,,,,,,0,0,1,,
silene vulgaris,non-woody,herb,9.0,1.82226863,335.7307692,0.023770215,,,,1.0,1.0,1.0,0.0,0.0,0.0,,,,,,,,,,,,,,0,0,1,,
silene wolgensis,,unspecified,1.0,,,,,,,0.0,0.0,0.0,0.0,0.0,0.0,,,,,,,,,,,,,,0,0,1,,
silphiodaucus hispidus,non-woody,herb,1.0,,,,,,,0.0,0.0,0.0,0.0,0.0,0.0,,,,,,,,,,,,,,0,0,1,,
silphium integrifolium,non-woody,herb,4.0,0.39308,,0.256845,,,,1.0,0.0,1.0,0.0,0.0,0.0,,,,,,,,,,,,,,0,0,1,,
silphium intergrifolium,non-woody,herb,1.0,,,,,,,0.0,0.0,0.0,0.0,0.0,0.0,,,,,,,,,,,,,,0,0,1,,
silphium laciniatum,non-woody,herb,6.0,0.32945,,0.225268,,,,1.0,0.0,1.0,0.0,0.0,0.0,,,,,,,,,,,,,,0,0,1,,
silphium terebinthinaceum,non-woody,herb,2.0,,,,,,,0.0,0.0,0.0,0.0,0.0,0.0,,,,,,,,,,,,,,0,0,1,,
simarouba amara,,,,,,,,,,,,,,,,,,,,,,,,8.0,4.0,1.5,9.11006,-79.8434,0,1,0,,
simarouba versicolor,woody,tree,2.0,,,,,,,0.0,0.0,0.0,0.0,0.0,0.0,,,,,,,,,,,,,,0,0,1,,
simira rubescens,woody,tree,31.0,0.308,22.25,0.552,,,,1.0,1.0,1.0,0.0,0.0,0.0,,,,,,,,,,,,,,0,0,1,,
sinapis alba,non-woody,herb,4.0,2.12916111,215.1285714,0.051359443,,,,1.0,1.0,1.0,0.0,0.0,0.0,,,,,,,,,,,,,,0,0,1,,
sinapis arvensis,non-woody,herb,3.0,1.59482359,243.5666667,0.098553275,,,,1.0,1.0,1.0,0.0,0.0,0.0,,,,,,,,,,,,,,0,0,1,,
sindora coriacea,woody,unspecified,2.0,,,,,,,0.0,0.0,0.0,0.0,0.0,0.0,,,,,,,,,,,,,,0,0,1,,
sipanea pratensis,,,1.0,,,,,,,0.0,0.0,0.0,0.0,0.0,0.0,,,,,,,,,,,,,,0,0,1,,
siparuna aspera,,,1.0,0.4286,19.11628602,0.363178295,23.07263,,,1.0,1.0,1.0,1.0,0.0,0.0,,,,,,,,,,,,,,0,0,1,-0.06846759121680476,-0.49817105324258504
siparuna muricata,,,8.0,0.718838934375,19.126262245,0.134667745625,26.519032499999998,1.811229920125,,8.0,8.0,8.0,8.0,8.0,0.0,,,,,,,,,,,,,,0,0,1,0.9263690059043523,0.6872818328296143
sisymbrium altissimum,non-woody,herb,1.0,,,,,,,0.0,0.0,0.0,0.0,0.0,0.0,,,,,,,,,,,,,,0,0,1,,
sisymbrium erucastrifolium,,unspecified,1.0,,,,,,,0.0,0.0,0.0,0.0,0.0,0.0,,,,,,,,,,,,,,0,0,1,,
sisymbrium officinale,non-woody,herb,3.0,1.84415365,626.1076923,0.038887385,19.4,,,1.0,2.0,1.0,1.0,0.0,0.0,,,,,,,,,,,,,,0,0,1,4.574437639387603,2.8372894207749697
sisyrinchium albidum,non-woody,herb,2.0,,,,,,,0.0,0.0,0.0,0.0,0.0,0.0,,,,,,,,,,,,,,0,0,1,,
sisyrinchium macrocarpum,non-woody,herb,1.0,,,,,,,0.0,0.0,0.0,0.0,0.0,0.0,,,,,,,,,,,,,,0,0,1,,
sium latifolium,non-woody,herb,1.0,,,,,,,0.0,0.0,0.0,0.0,0.0,0.0,,,,,,,,,,,,,,0,0,1,,
sium suave,non-woody,herb,2.0,,,,,,,0.0,0.0,0.0,0.0,0.0,0.0,,,,,,,,,,,,,,0,0,1,,
sloanea grandiflora,woody,tree,1.0,0.4289,20.28644776,0.341256367,15.6928,0.85112699,,1.0,1.0,1.0,1.0,1.0,0.0,,,,,,,,,,,,,,0,0,1,-0.5068136222142066,-0.35583130124066686
sloanea rufa,woody,tree,1.0,0.3808,19.70208333,0.445945946,16.74638,0.947701429,,1.0,1.0,1.0,1.0,1.0,0.0,,,,,,,,,,,,,,0,0,1,-0.7992986750076467,-0.7190413047915771
smilacina racemosa,,,,,,,,,,,,,,,,4.0,10.75,43.743278412500004,0.09057971025,0.847457627,91.1170474075,39.24333333,-86.21666667,,,,,,1,0,0,,
smilax aspera,woody,unspecified,2.0,0.47006875,10.288543799,0.650140509,,,29.6,2.0,2.0,2.0,0.0,0.0,1.0,,,,,,,,,,,,,,0,0,1,,
smilax excelsa,woody,unspecified,1.0,,,,,,,0.0,0.0,0.0,0.0,0.0,0.0,,,,,,,,,,,,,,0,0,1,,
smilax rotundifolia,woody,climber,2.0,,,,,,,0.0,0.0,0.0,0.0,0.0,0.0,,,,,,,,,,,,,,0,0,1,,
smilax trinervula,woody,climber,1.0,0.309133333,109.7159016,0.122,15.064851,,,1.0,1.0,1.0,1.0,0.0,0.0,,,,,,,,,,,,,,0,0,1,0.8621149173421867,-0.31070629765060137
smirnowia turkestana,,,1.0,,,,,,,0.0,0.0,0.0,0.0,0.0,0.0,,,,,,,,,,,,,,0,0,1,,
smyrnium perfoliatum,non-woody,herb,1.0,,,,,,,0.0,0.0,0.0,0.0,0.0,0.0,,,,,,,,,,,,,,0,0,1,,
solanum americanum,non-woody,herb,4.0,0.413,42.08,,12.31,,,1.0,1.0,0.0,1.0,0.0,0.0,,,,,,,,,,,,,,0,0,1,,
solanum carolinense,non-woody,herb,1.0,0.22652,,0.308612,,,,1.0,0.0,1.0,0.0,0.0,0.0,,,,,,,,,,,,,,0,0,1,,
solanum dulcamara,non-woody/woody,herb/shrub,1.0,,,,,,,0.0,0.0,0.0,0.0,0.0,0.0,,,,,,,,,,,,,,0,0,1,,
solanum elaeagnifolium,non-woody,herb,9.0,,,,,,,0.0,0.0,0.0,0.0,0.0,0.0,,,,,,,,,,,,,,0,0,1,,
solanum lycopersicon,,,1.0,,,,,,,0.0,0.0,0.0,0.0,0.0,0.0,,,,,,,,,,,,,,0,0,1,,
solanum lycopersicum,non-woody,herb,21.0,,,,,,45.09,0.0,0.0,0.0,0.0,0.0,15.0,,,,,,,,,,,,,,0,0,1,,
solanum melongena,non-woody/woody,herb/shrub,1.0,,,,,,69.31,0.0,0.0,0.0,0.0,0.0,1.0,,,,,,,,,,,,,,0,0,1,,
solanum nigrum,non-woody,herb,1.0,,,,,,,0.0,0.0,0.0,0.0,0.0,0.0,,,,,,,,,,,,,,0,0,1,,
solanum riparium,woody,tree,30.0,,,,,,,0.0,0.0,0.0,0.0,0.0,0.0,,,,,,,,,,,,,,0,0,1,,
solanum rostratum,non-woody,herb,2.0,0.19483,,0.225255,,,,1.0,0.0,1.0,0.0,0.0,0.0,,,,,,,,,,,,,,0,0,1,,
solanum trilobatum,,unspecified,1.0,,,,,,49.21,0.0,0.0,0.0,0.0,0.0,1.0,,,,,,,,,,,,,,0,0,1,,
solanum tuberosum,non-woody,herb,8.0,,,,,,,0.0,0.0,0.0,0.0,0.0,0.0,,,,,,,,,42.0,61.95238095238095,1.1904761904761905,-10.745839238095238,-73.19030952380952,0,1,1,,
solanum virginianum,,,1.0,,,,,,,0.0,0.0,0.0,0.0,0.0,0.0,,,,,,,,,,,,,,0,0,1,,
soldanella pusilla,non-woody,herb,1.0,,,,,,,0.0,0.0,0.0,0.0,0.0,0.0,,,,,,,,,,,,,,0,0,1,,
solenogyne dominii,,,,,,,,,,,,,,,,4.0,12.0,1.3440314927500001,1.08225108225,0.0,72.9991501835,-37.33333333,142.15,1.0,5.0,1.0,-37.3333,142.15,1,1,0,,
solidago canadensis,non-woody,herb,10.0,0.2057,422.59804968,,,,,5.0,5.0,0.0,0.0,0.0,0.0,,,,,,,,,12.0,853.0,4.416666666666667,50.1076,14.619,0,1,1,,
solidago chilensis,,,,,,,,,,,,,,,,4.0,20.5,71.37388493425,10.039254682,0.0,89.95548990500001,-38.65861111,-71.65472222,3.0,2.3333333333333335,1.0,-38.6485,-71.6461,1,1,0,,
solidago decurrens,non-woody,herb,1.0,0.248225,202.88375,0.101587302,12.757889,,,1.0,1.0,1.0,1.0,0.0,0.0,,,,,,,,,,,,,,0,0,1,1.4111334877963106,-0.5387501166706363
solidago missouriensis,non-woody,herb,7.0,0.29264333350000005,100.2127031,0.331559098,,,,2.0,1.0,2.0,0.0,0.0,0.0,8.0,21.875,52.1949346575,0.07575757575,0.036681699625,99.2493459625,50.76666667,-104.6166667,4.0,2.25,1.0,50.7667,-104.617,1,1,1,,
solidago mollis,non-woody,herb,2.0,0.3835,,0.205386,,,,1.0,0.0,1.0,0.0,0.0,0.0,,,,,,,,,,,,,,0,0,1,,
solidago multiradiata,non-woody/woody,herb/shrub,4.0,0.89,,,,,,1.0,0.0,0.0,0.0,0.0,0.0,,,,,,,,,,,,,,0,0,1,,
solidago nana,non-woody,herb,4.0,,94.87635622666666,,11.61818385,,,0.0,3.0,0.0,1.0,0.0,0.0,,,,,,,,,,,,,,0,0,1,,
solidago nemoralis,non-woody,herb,6.0,0.36987333333333333,253.13188978,0.129791076,27.200000000000003,,,3.0,5.0,3.0,3.0,0.0,0.0,,,,,,,,,,,,,,0,0,1,2.6456257262807634,-0.5627906717550613
solidago petiolaris,non-woody,herb,1.0,0.33104,,0.331034,,,,1.0,0.0,1.0,0.0,0.0,0.0,,,,,,,,,,,,,,0,0,1,,
solidago ptarmicoides,non-woody,herb,1.0,0.39,34.0,0.24,,,,1.0,1.0,1.0,0.0,0.0,0.0,,,,,,,,,,,,,,0,0,1,,
solidago rigida,non-woody,herb,15.0,0.48237341100000003,35.335929835,0.21278011833333332,9.19,,,3.0,4.0,3.0,2.0,0.0,0.0,,,,,,,,,,,,,,0,0,1,-0.42067596545309727,0.12022239091298631
solidago simplex,,herb,2.0,,,,,,,0.0,0.0,0.0,0.0,0.0,0.0,,,,,,,,,,,,,,0,0,1,,
solidago speciosa,non-woody,herb,2.0,0.38,57.0,0.19,8.9,,,1.0,2.0,1.0,1.0,0.0,0.0,,,,,,,,,,,,,,0,0,1,-0.19019875572790543,-0.11774907001974738
solidago spiraeifolia,,,,,,,,,,,,,,,,4.0,20.0,1.412708652,0.0343613345,0.0,99.53791612,56.06,159.9122222,3.0,3.6666666666666665,1.0,56.06,159.912,1,1,0,,
solidago ulmifolia,non-woody,herb,1.0,0.30909,,0.315145,,,,1.0,0.0,1.0,0.0,0.0,0.0,,,,,,,,,,,,,,0,0,1,,
solidago velutina,non-woody,herb,4.0,,32.47001117666667,,12.02800393,,,0.0,3.0,0.0,1.0,0.0,0.0,,,,,,,,,,,,,,0,0,1,,
solidago virgaurea,non-woody,herb,27.0,,,,,,,0.0,0.0,0.0,0.0,0.0,0.0,16.0,10.3125,18.607996957625,7.3765412595,0.0758351320625,90.976903779375,65.5314583325,50.1436111125,34.0,35.794117647058826,1.0588235294117647,67.61860588235294,25.31871470588235,1,1,1,,
sonchus arvensis,non-woody,herb,2.0,,,,,,,0.0,0.0,0.0,0.0,0.0,0.0,,,,,,,,,,,,,,0,0,1,,
sonchus asper,non-woody,herb,4.0,,,,,,,0.0,0.0,0.0,0.0,0.0,0.0,,,,,,,,,,,,,,0,0,1,,
sonchus oleraceus,non-woody,herb,2.0,,,,,,,0.0,0.0,0.0,0.0,0.0,0.0,,,,,,,,,,,,,,0,0,1,,
sophora alopecuroides,woody,tree,2.0,,,,,,,0.0,0.0,0.0,0.0,0.0,0.0,,,,,,,,,,,,,,0,0,1,,
sophora conollyi,,unspecified,4.0,,,,,,,0.0,0.0,0.0,0.0,0.0,0.0,,,,,,,,,,,,,,0,0,1,,
sophora davidii,,shrub,2.0,,1.1124021905,,15.6,2.49,,0.0,2.0,0.0,1.0,1.0,0.0,,,,,,,,,,,,,,0,0,1,,
sophora flavescens,woody,shrub,1.0,,4.73,,16.61,,,0.0,1.0,0.0,1.0,0.0,0.0,,,,,,,,,,,,,,0,0,1,,
sophora microphylla,woody,tree,3.0,0.5146000000000001,26.25665406,0.18975657566666668,32.7,,,3.0,3.0,3.0,1.0,0.0,0.0,,,,,,,,,,,,,,0,0,1,1.2644510599240797,-0.037490757823688055
sorbaria sorbifolia,woody,shrub,1.0,,,,,,,0.0,0.0,0.0,0.0,0.0,0.0,,,,,,,,,,,,,,0,0,1,,
sorbus aucuparia,woody,shrub/tree,28.0,0.41259831919999995,31.9971582442,0.5676542814000001,12.542474302857142,0.823445398,,5.0,5.0,5.0,7.0,2.0,0.0,,,,,,,,,,,,,,0,0,1,-1.4587468251103364,-0.8719094833007065
sorbus commixta,woody,tree,3.0,,,,8.633333333333333,0.7533333333333333,,0.0,0.0,0.0,3.0,3.0,0.0,,,,,,,,,,,,,,0,0,1,,
sorbus discolor,woody,unspecified,2.0,0.203825,120.93926035,0.2523488565,15.48309462,,,2.0,2.0,2.0,2.0,0.0,0.0,,,,,,,,,,,,,,0,0,1,0.5253508097050776,-0.8845857117433963
sorbus matsumurana,,,1.0,,,,7.5,0.48,,0.0,0.0,0.0,1.0,1.0,0.0,,,,,,,,,,,,,,0,0,1,,
sorghastrum nutans,non-woody,graminoid,10.0,0.253555,110.75,0.24489100000000003,13.945,,,2.0,4.0,2.0,4.0,0.0,0.0,,,,,,,,,,,,,,0,0,1,0.36259655339680286,-0.7071658236197145
sorghastrum pellitum,,,,,,,,,,,,,,,,8.0,26.0,10.067433162,0.363897759625,0.004066363,96.815336825,-32.7625,-64.9325,3.0,1.6666666666666667,1.0,-32.764633333333336,-64.93513333333334,1,1,0,,
sorghum bicolor,non-woody,graminoid,6.0,,,,,,,0.0,0.0,0.0,0.0,0.0,0.0,,,,,,,,,16.0,35.0,1.25,13.101,32.7611,0,1,1,,
sorghum halepense,non-woody,graminoid,2.0,,,,,,,0.0,0.0,0.0,0.0,0.0,0.0,,,,,,,,,,,,,,0,0,1,,
sorocea affinis,,,,,,,,,,,,,,,,,,,,,,,,4.0,2.25,1.5,9.11006,-79.8434,0,1,0,,
sorocea guilleminiana,woody,tree,1.0,0.394,30.45,0.412,,,,1.0,1.0,1.0,0.0,0.0,0.0,,,,,,,,,,,,,,0,0,1,,
sorocea muriculata,woody,tree,1.0,0.643,8.54,0.469,,,,1.0,1.0,1.0,0.0,0.0,0.0,,,,,,,,,,,,,,0,0,1,,
sorocea pubivena,woody,tree,1.0,0.275,21.6,0.739,,,,1.0,1.0,1.0,0.0,0.0,0.0,,,,,,,,,,,,,,0,0,1,,
sparganium erectum,non-woody,herb,1.0,,,,,,,0.0,0.0,0.0,0.0,0.0,0.0,,,,,,,,,,,,,,0,0,1,,
sparganium eurycarpum,non-woody,herb,2.0,,,,,,,0.0,0.0,0.0,0.0,0.0,0.0,,,,,,,,,,,,,,0,0,1,,
sparganium natans,non-woody,herb,1.0,,,,,,,0.0,0.0,0.0,0.0,0.0,0.0,,,,,,,,,,,,,,0,0,1,,
spartina patens,non-woody,graminoid,26.0,,,,8.341066679333332,1.0150000000000001,,0.0,0.0,0.0,6.0,4.0,0.0,,,,,,,,,,,,,,0,0,1,,
spathodea campanulata,woody,tree,2.0,0.431833333,6.562869291,0.417162842,19.43592548,,,1.0,1.0,1.0,1.0,0.0,0.0,,,,,,,,,,,,,,0,0,1,-0.6052987058559435,-0.5414065221427031
spergula arvensis,non-woody,herb,5.0,1.99351048,365.0,0.03480453,,,,1.0,1.0,1.0,0.0,0.0,0.0,,,,,,,,,,,,,,0,0,1,,
spergularia rubra,non-woody,herb,1.0,,,,,,,0.0,0.0,0.0,0.0,0.0,0.0,,,,,,,,,,,,,,0,0,1,,
spermacoce hispida,,unspecified,1.0,,,,,,49.63,0.0,0.0,0.0,0.0,0.0,1.0,,,,,,,,,,,,,,0,0,1,,
sphaeralcea coccinea,non-woody/woody,herb/shrub,6.0,0.3163,65.5839699,0.312666667,,,,1.0,1.0,1.0,0.0,0.0,0.0,,,,,,,,,,,,,,0,0,1,,
sphaeralcea hastulata,,unspecified,8.0,,,,,,,0.0,0.0,0.0,0.0,0.0,0.0,,,,,,,,,,,,,,0,0,1,,
sphaeralcea parvifolia,,unspecified,2.0,,,,,,,0.0,0.0,0.0,0.0,0.0,0.0,,,,,,,,,,,,,,0,0,1,,
sphaeropteris medullaris,non-woody,fern,11.0,0.6100454545454546,23.257565543636364,0.1988124211818182,10.0,,,11.0,11.0,11.0,1.0,0.0,0.0,,,,,,,,,,,,,,0,0,1,-0.4242193956312211,0.4802219367537352
spinacia oleracea,non-woody,herb,2.0,,,,,,,0.0,0.0,0.0,0.0,0.0,0.0,,,,,,,,,,,,,,0,0,1,,
spinacia turkestanica,,unspecified,1.0,,,,,,,0.0,0.0,0.0,0.0,0.0,0.0,,,,,,,,,,,,,,0,0,1,,
spinifex sericeus,,,,,,,,,,,,,,,,,,,,,,,,11.0,32.72727272727273,1.7272727272727273,-36.9183,174.453,0,1,0,,
spinulum annotinum,non-woody,fern,12.0,,,,11.1620337,2.3221001,,0.0,0.0,0.0,2.0,2.0,0.0,,,,,,,,,,,,,,0,0,1,,
spiraea alba,woody,shrub,2.0,,75.85,,,,,0.0,1.0,0.0,0.0,0.0,0.0,,,,,,,,,,,,,,0,0,1,,
spiraea baldshuanica,,unspecified,1.0,,,,,,,0.0,0.0,0.0,0.0,0.0,0.0,,,,,,,,,,,,,,0,0,1,,
spiraea betufolia,woody,shrub,1.0,,,,,,,0.0,0.0,0.0,0.0,0.0,0.0,,,,,,,,,,,,,,0,0,1,,
spiraea canescens,,unspecified,1.0,,,,,,,0.0,0.0,0.0,0.0,0.0,0.0,,,,,,,,,,,,,,0,0,1,,
spiraea chamaedryfolia,woody,shrub,2.0,,,,,,,0.0,0.0,0.0,0.0,0.0,0.0,,,,,,,,,,,,,,0,0,1,,
spiraea crenata,,unspecified,2.0,,,,,,,0.0,0.0,0.0,0.0,0.0,0.0,,,,,,,,,,,,,,0,0,1,,
spiraea dahurica,woody,shrub,1.0,0.122266667,290.9055016,0.29141937,19.0601979,,,1.0,1.0,1.0,1.0,0.0,0.0,,,,,,,,,,,,,,0,0,1,1.8002657494220606,-1.4945530308933026
spiraea decumbens,,unspecified,1.0,,,,,,,0.0,0.0,0.0,0.0,0.0,0.0,,,,,,,,,,,,,,0,0,1,,
spiraea hypericifolia,woody,shrub,8.0,,,,,,,0.0,0.0,0.0,0.0,0.0,0.0,,,,,,,,,,,,,,0,0,1,,
spiraea japonica,woody,shrub,1.0,,,,,,,0.0,0.0,0.0,0.0,0.0,0.0,,,,,,,,,,,,,,0,0,1,,
spiraea media,woody,shrub,2.0,,,,,,,0.0,0.0,0.0,0.0,0.0,0.0,,,,,,,,,,,,,,0,0,1,,
spiraea ouensanensis,woody,shrub,1.0,0.3721,150.1653333,0.0625,11.55326067,,,1.0,1.0,1.0,1.0,0.0,0.0,,,,,,,,,,,,,,0,0,1,1.0822955819081017,-0.04175123395681052
spirorhynchus sabulosus,,unspecified,1.0,,,,,,,0.0,0.0,0.0,0.0,0.0,0.0,,,,,,,,,,,,,,0,0,1,,
spondias mombin,woody,unspecified,47.0,,,,,,43.530814814962966,0.0,0.0,0.0,0.0,0.0,27.0,,,,,,,,,,,,,,0,0,1,,
spondias purpurea,woody,tree,4.0,0.444,8.967958698,0.322945147,13.0801785,,,1.0,1.0,1.0,1.0,0.0,0.0,,,,,,,,,,,,,,0,0,1,-0.7065401010039606,-0.2257853072507615
sporobolus aculeatus,,,1.0,,,,,,,0.0,0.0,0.0,0.0,0.0,0.0,,,,,,,,,,,,,,0,0,1,,
sporobolus alterniflorus,non-woody,graminoid,16.0,,,,6.300000000000001,,,0.0,0.0,0.0,2.0,0.0,0.0,,,,,,,,,,,,,,0,0,1,,
sporobolus anglicus,non-woody,graminoid,11.0,,,,8.9,,,0.0,0.0,0.0,11.0,0.0,0.0,,,,,,,,,,,,,,0,0,1,,
sporobolus compositus,non-woody,graminoid,4.0,,,,,,,0.0,0.0,0.0,0.0,0.0,0.0,,,,,,,,,,,,,,0,0,1,,
sporobolus contractus,non-woody,graminoid,2.0,,,,,,,0.0,0.0,0.0,0.0,0.0,0.0,,,,,,,,,,,,,,0,0,1,,
sporobolus cryptandrus,non-woody,graminoid,15.0,,35.54714285714286,0.476,27.85,,,0.0,7.0,5.0,2.0,0.0,0.0,,,,,,,,,,,,,,0,0,1,,
sporobolus cynosuroides,non-woody,graminoid,2.0,,,,,,,0.0,0.0,0.0,0.0,0.0,0.0,,,,,,,,,,,,,,0,0,1,,
sporobolus diander,non-woody,graminoid,1.0,,,,,,,0.0,0.0,0.0,0.0,0.0,0.0,,,,,,,,,,,,,,0,0,1,,
sporobolus fimbriatus,,,,,,,,,,,,,,,,6.0,43.5,14.705551475666667,0.032174358,0.059494286333333334,99.07909431,-2.6813888889999995,35.12083333,3.0,98.66666666666667,2.3333333333333335,-2.6814,35.1208,1,1,0,,
sporobolus flexuosus,non-woody,graminoid,2.0,,,,,,,0.0,0.0,0.0,0.0,0.0,0.0,,,,,,,,,,,,,,0,0,1,,
sporobolus heterolepis,non-woody,graminoid,2.0,0.35,52.0,0.2,,,,1.0,1.0,1.0,0.0,0.0,0.0,,,,,,,,,,,,,,0,0,1,,
sporobolus indicus,non-woody,graminoid,2.0,,,,,,24.65,0.0,0.0,0.0,0.0,0.0,2.0,,,,,,,,,,,,,,0,0,1,,
sporobolus interruptus,non-woody,graminoid,4.0,,78.88812254666666,,7.124177814,,,0.0,3.0,0.0,1.0,0.0,0.0,,,,,,,,,,,,,,0,0,1,,
sporobolus ioclados,non-woody,graminoid,1.0,,,,,,,0.0,0.0,0.0,0.0,0.0,0.0,2.0,41.0,12.8547233675,0.0,0.119617225,99.681020735,-2.681388889,35.12083333,1.0,5.0,2.0,-2.6814,35.1208,1,1,1,,
sporobolus michauxianus,non-woody,graminoid,4.0,,,,,,,0.0,0.0,0.0,0.0,0.0,0.0,,,,,,,,,,,,,,0,0,1,,
sporobolus nealleyi,non-woody,graminoid,3.0,,,,,,,0.0,0.0,0.0,0.0,0.0,0.0,,,,,,,,,,,,,,0,0,1,,
sporobolus pyramidalis,non-woody,graminoid,1.0,,,,,,,0.0,0.0,0.0,0.0,0.0,0.0,,,,,,,,,,,,,,0,0,1,,
sporobolus rigidus,non-woody,graminoid,12.0,0.48,33.0,0.18,5.2,,,1.0,2.0,1.0,1.0,0.0,0.0,,,,,,,,,,,,,,0,0,1,-0.6020942998470123,0.24153637990703059
sporobolus spicatus,,,,,,,,,,,,,,,,1.0,28.0,9.259259259,9.259259259,8.333333333,79.62962963,-2.681388889,35.12083333,,,,,,1,0,0,,
sporobolus tenellus,non-woody,graminoid,1.0,,,,,,,0.0,0.0,0.0,0.0,0.0,0.0,,,,,,,,,,,,,,0,0,1,,
spyridium subochreatum,woody,shrub,1.0,,,,,,,0.0,0.0,0.0,0.0,0.0,0.0,,,,,,,,,,,,,,0,0,1,,
stachyarrhena acuminata,woody,,1.0,0.376,20.89,0.416,,,,1.0,1.0,1.0,0.0,0.0,0.0,,,,,,,,,,,,,,0,0,1,,
stachys alpina,,unspecified,1.0,,,,,,,0.0,0.0,0.0,0.0,0.0,0.0,,,,,,,,,,,,,,0,0,1,,
stachys annua,non-woody,herb,1.0,,,,,,,0.0,0.0,0.0,0.0,0.0,0.0,,,,,,,,,,,,,,0,0,1,,
stachys arvensis,non-woody,herb,2.0,1.73172309,424.1538462,0.045318492,,,,1.0,1.0,1.0,0.0,0.0,0.0,,,,,,,,,,,,,,0,0,1,,
stachys balansae,,unspecified,2.0,,,,,,,0.0,0.0,0.0,0.0,0.0,0.0,,,,,,,,,,,,,,0,0,1,,
stachys nivea,,unspecified,1.0,,,,,,,0.0,0.0,0.0,0.0,0.0,0.0,,,,,,,,,,,,,,0,0,1,,
stachys officinalis,,,,,,,,,,,,,,,,3.0,11.666666666666666,27.833996067666664,0.9803921569999999,0.9803921569999999,96.84263449000001,43.59111111000001,-1.248055556,,,,,,1,0,0,,
stachys palustris,non-woody,herb,4.0,,,,,,,0.0,0.0,0.0,0.0,0.0,0.0,,,,,,,,,,,,,,0,0,1,,
stachys recta,non-woody,herb,1.0,,,,,,,0.0,0.0,0.0,0.0,0.0,0.0,,,,,,,,,,,,,,0,0,1,,
stachys sylvatica,,,,,,,,,,,,,,,,,,,,,,,,68.0,147.02941176470588,1.8235294117647058,50.86531029411765,4.944279705882353,0,1,0,,
staphylea pinnata,woody,shrub,1.0,,,,,,,0.0,0.0,0.0,0.0,0.0,0.0,,,,,,,,,,,,,,0,0,1,,
stauracanthus genistoides,woody,shrub,1.0,0.442,13.14242352,0.747539428,,,,1.0,1.0,1.0,0.0,0.0,0.0,,,,,,,,,,,,,,0,0,1,,
steganotaenia araliacea,woody,shrub/tree,2.0,,,,,,,0.0,0.0,0.0,0.0,0.0,0.0,,,,,,,,,,,,,,0,0,1,,
stellaria aquatica,non-woody,herb,1.0,,,,,,,0.0,0.0,0.0,0.0,0.0,0.0,,,,,,,,,,,,,,0,0,1,,
stellaria crassipes,non-woody,unspecified,1.0,,,,,,,0.0,0.0,0.0,0.0,0.0,0.0,,,,,,,,,,,,,,0,0,1,,
stellaria decumbens,,,,,,,,,,,,,,,,1.0,1.0,0.0,0.0,0.0,100.0,33.002323,78.45223,,,,,,1,0,0,,
stellaria depressa,,,,,,,,,,,,,,,,2.0,1.0,100.0,0.0,0.0,100.0,32.929999965,77.80634275,,,,,,1,0,0,,
stellaria fontana,,unspecified,1.0,,,,,,,0.0,0.0,0.0,0.0,0.0,0.0,,,,,,,,,,,,,,0,0,1,,
stellaria graminea,non-woody,herb,11.0,1.72576382,303.6916667,0.081619546,,,,1.0,1.0,1.0,0.0,0.0,0.0,,,,,,,,,,,,,,0,0,1,,
stellaria holostea,non-woody,herb,14.0,,,,,,,0.0,0.0,0.0,0.0,0.0,0.0,,,,,,,,,,,,,,0,0,1,,
stellaria longipes,non-woody,herb,3.0,,,,,,,0.0,0.0,0.0,0.0,0.0,0.0,,,,,,,,,,,,,,0,0,1,,
stellaria media,non-woody,herb,5.0,1.76648783,255.1,0.028082346,21.1,,,1.0,2.0,1.0,1.0,0.0,0.0,,,,,,,,,,,,,,0,0,1,2.2609229321242506,3.240764150538185
stellaria nemorum,non-woody,herb,7.0,,,,,,,0.0,0.0,0.0,0.0,0.0,0.0,,,,,,,,,,,,,,0,0,1,,
stenanthera conostephioides,,,1.0,,,,,,,0.0,0.0,0.0,0.0,0.0,0.0,,,,,,,,,,,,,,0,0,1,,
stenaria nigricans,,,1.0,,,,,,,0.0,0.0,0.0,0.0,0.0,0.0,,,,,,,,,,,,,,0,0,1,,
stenosiphon linifolius,non-woody,herb,1.0,,,,,,,0.0,0.0,0.0,0.0,0.0,0.0,,,,,,,,,,,,,,0,0,1,,
stenotus lanuginosus,,unspecified,2.0,,,,,,,0.0,0.0,0.0,0.0,0.0,0.0,,,,,,,,,,,,,,0,0,1,,
sterculia lanceolata,woody,tree,3.0,0.2448283335,98.13110215,0.2728169935,16.58622389,1.2304,36.0,2.0,2.0,2.0,3.0,1.0,1.0,,,,,,,,,,,,,,0,0,1,0.36770017426320345,-0.8042036999490861
sterculia macrophylla,woody,tree,1.0,1.886162159,0.747257345,0.506321067,,,,1.0,1.0,1.0,0.0,0.0,0.0,,,,,,,,,,,,,,0,0,1,,
sterculia monosperma,,unspecified,5.0,0.677020204,32.242399999999996,0.222429204,,,,5.0,5.0,5.0,0.0,0.0,0.0,,,,,,,,,,,,,,0,0,1,,
sterculia rhinopetala,woody,,40.0,,1.1551928500000002,,,,,0.0,40.0,0.0,0.0,0.0,0.0,,,,,,,,,,,,,,0,0,1,,
sticherus cunninghamii,non-woody,fern,1.0,0.29,16.8,0.84,2.07,0.08,,1.0,1.0,1.0,1.0,1.0,0.0,,,,,,,,,,,,,,0,0,1,-3.2513639343883853,-1.6177344487984644
stipa arabica,,unspecified,11.0,,,,,,,0.0,0.0,0.0,0.0,0.0,0.0,,,,,,,,,,,,,,0,0,1,,
stipa baicalensis,non-woody,graminoid,4.0,,78.97,,,,,0.0,4.0,0.0,0.0,0.0,0.0,,,,,,,,,,,,,,0,0,1,,
stipa breviflora,non-woody,graminoid,4.0,,65.3125,,,,,0.0,4.0,0.0,0.0,0.0,0.0,,,,,,,,,,,,,,0,0,1,,
stipa bungeana,non-woody,graminoid,6.0,,58.8625,,,,,0.0,4.0,0.0,0.0,0.0,0.0,,,,,,,,,,,,,,0,0,1,,
stipa capillata,non-woody,graminoid,13.0,,,,,,,0.0,0.0,0.0,0.0,0.0,0.0,,,,,,,,,,,,,,0,0,1,,
stipa comata,,,,,,,,,,,,,,,,6.0,17.666666666666668,37.09316224649999,0.3214529053333333,0.0,99.678547095,50.76666667,-104.6166667,,,,,,1,0,0,,
stipa conferta,,unspecified,1.0,,,,,,,0.0,0.0,0.0,0.0,0.0,0.0,,,,,,,,,,,,,,0,0,1,,
stipa glareosa,non-woody,graminoid,2.0,,,,,,,0.0,0.0,0.0,0.0,0.0,0.0,,,,,,,,,,,,,,0,0,1,,
stipa grandis,non-woody,graminoid,7.0,0.212,51.629999999999995,,,,7.91,3.0,4.0,0.0,0.0,0.0,1.0,,,,,,,,,,,,,,0,0,1,,
stipa hohenackeriana,,unspecified,3.0,,,,,,,0.0,0.0,0.0,0.0,0.0,0.0,,,,,,,,,,,,,,0,0,1,,
stipa holosericea,non-woody,graminoid,11.0,,,,,,,0.0,0.0,0.0,0.0,0.0,0.0,,,,,,,,,,,,,,0,0,1,,
stipa kirghisorum,,unspecified,2.0,,,,,,,0.0,0.0,0.0,0.0,0.0,0.0,,,,,,,,,,,,,,0,0,1,,
stipa krylovii,non-woody,graminoid,13.0,0.20261853571428573,74.7,0.155,9.966666666666667,0.95,10.27,7.0,6.0,2.0,3.0,1.0,2.0,4.0,35.0,41.2630006925,0.04810205125,1.3735834442500001,98.0135924775,47.75777778,107.1319444,4.0,25.75,2.25,47.7578,107.132,1,1,1,0.17148217456472362,-0.5282679319661786
stipa lessingiana,non-woody,graminoid,5.0,,,,,,,0.0,0.0,0.0,0.0,0.0,0.0,,,,,,,,,,,,,,0,0,1,,
stipa macroglossa,,,1.0,,,,,,,0.0,0.0,0.0,0.0,0.0,0.0,,,,,,,,,,,,,,0,0,1,,
stipa orientalis,non-woody,graminoid,12.0,,,,,,,0.0,0.0,0.0,0.0,0.0,0.0,2.0,10.0,39.24050633,0.0,0.0,100.0,32.987582595,77.15326844,,,,,,1,0,1,,
stipa pellita,,unspecified,1.0,,,,,,,0.0,0.0,0.0,0.0,0.0,0.0,,,,,,,,,,,,,,0,0,1,,
stipa pennata,non-woody,graminoid,21.0,0.3918223068,50.809845382000006,0.19876194933333333,10.1,,,5.0,5.0,3.0,2.0,0.0,0.0,,,,,,,,,,,,,,0,0,1,-0.18060687878745213,-0.11286742490657349
stipa pubescens,,,,,,,,,,,,,,,,3.0,16.333333333333332,3.248004404,0.0,0.0,99.58711808333334,-33.67527778,151.2141667,3.0,99.0,1.3333333333333333,-33.6753,151.214,1,1,0,,
stipa pulcherrima,non-woody,graminoid,11.0,,,,,,,0.0,0.0,0.0,0.0,0.0,0.0,,,,,,,,,,,,,,0,0,1,,
stipa purpurea,non-woody,graminoid,1.0,0.59,1.03752,,,,,1.0,1.0,0.0,0.0,0.0,0.0,,,,,,,,,,,,,,0,0,1,,
stipa regeliana,,unspecified,11.0,,,,,,,0.0,0.0,0.0,0.0,0.0,0.0,,,,,,,,,,,,,,0,0,1,,
stipa sareptana,,unspecified,13.0,,,,,,,0.0,0.0,0.0,0.0,0.0,0.0,,,,,,,,,,,,,,0,0,1,,
stipa splendens,,,,,,,,,,,,,,,,1.0,6.0,0.658978583,0.329489292,0.0,99.67051071,32.895627,77.196001,,,,,,1,0,0,,
stipa stuposa,,,,,,,,,,,,,,,,4.0,18.75,5.705380666499999,6.579309653249999,0.0,92.65167316,-41.77277778,147.3030556,,,,,,1,0,0,,
stipa tianschanica,non-woody,graminoid,5.0,,32.238,,8.25,,,0.0,5.0,0.0,1.0,0.0,0.0,,,,,,,,,,,,,,0,0,1,,
stipa tirsa,non-woody,graminoid,11.0,,,,,,,0.0,0.0,0.0,0.0,0.0,0.0,,,,,,,,,,,,,,0,0,1,,
stipa ucrainica,,unspecified,1.0,,,,,,,0.0,0.0,0.0,0.0,0.0,0.0,,,,,,,,,,,,,,0,0,1,,
stipa zalesskii,,unspecified,13.0,,,,,,,0.0,0.0,0.0,0.0,0.0,0.0,,,,,,,,,,,,,,0,0,1,,
stipagrostis amabilis,non-woody,graminoid,2.0,,,,,,,0.0,0.0,0.0,0.0,0.0,0.0,,,,,,,,,,,,,,0,0,1,,
stipagrostis brevifolia,non-woody,graminoid,4.0,,,,,,,0.0,0.0,0.0,0.0,0.0,0.0,,,,,,,,,,,,,,0,0,1,,
stipagrostis karelinii,,,1.0,,,,,,,0.0,0.0,0.0,0.0,0.0,0.0,,,,,,,,,,,,,,0,0,1,,
stipagrostis namaquensis,non-woody,graminoid,1.0,,,,,,,0.0,0.0,0.0,0.0,0.0,0.0,,,,,,,,,,,,,,0,0,1,,
stipagrostis obtusa,non-woody,graminoid,1.0,,,,,,,0.0,0.0,0.0,0.0,0.0,0.0,,,,,,,,,,,,,,0,0,1,,
stipagrostis pennata,non-woody,unspecified,10.0,,12.57,,7.6,,,0.0,1.0,0.0,1.0,0.0,0.0,,,,,,,,,,,,,,0,0,1,,
stipagrostis pungens,non-woody,graminoid,2.0,,,,,,,0.0,0.0,0.0,0.0,0.0,0.0,,,,,,,,,,,,,,0,0,1,,
stipagrostis sabulicola,non-woody,graminoid,1.0,,,,,,,0.0,0.0,0.0,0.0,0.0,0.0,,,,,,,,,,,,,,0,0,1,,
stipagrostis scoparia,non-woody,graminoid,2.0,,,,,,,0.0,0.0,0.0,0.0,0.0,0.0,,,,,,,,,,,,,,0,0,1,,
stipagrostis uniplumis,non-woody,graminoid,2.0,,,,,,,0.0,0.0,0.0,0.0,0.0,0.0,,,,,,,,,,,,,,0,0,1,,
stirlingia latifolia,woody,shrub,2.0,,,,,,,0.0,0.0,0.0,0.0,0.0,0.0,,,,,,,,,,,,,,0,0,1,,
stratiotes aloides,non-woody,herb,1.0,,,,,,,0.0,0.0,0.0,0.0,0.0,0.0,,,,,,,,,,,,,,0,0,1,,
streblus asper,woody,unspecified,2.0,0.389215,12.58122619,0.400258918,,,,1.0,1.0,1.0,0.0,0.0,0.0,,,,,,,,,,,,,,0,0,1,,
streptoloma desertorum,,unspecified,4.0,,,,,,,0.0,0.0,0.0,0.0,0.0,0.0,,,,,,,,,,,,,,0,0,1,,
streptopus lanceolatus,non-woody,herb,2.0,,,,,,,0.0,0.0,0.0,0.0,0.0,0.0,,,,,,,,,,,,,,0,0,1,,
strobilanthes dimorphotricha,non-woody,unspecified,1.0,0.2688,136.4411732,0.134419355,20.015521,,,1.0,1.0,1.0,1.0,0.0,0.0,,,,,,,,,,,,,,0,0,1,1.3585266325949528,-0.5461176023928744
strombocarpa tamarugo,woody,tree,2.0,,,,,,,0.0,0.0,0.0,0.0,0.0,0.0,,,,,,,,,,,,,,0,0,1,,
strombosia pustulata,woody,,39.0,,0.8658420512820513,,,,,0.0,39.0,0.0,0.0,0.0,0.0,,,,,,,,,,,,,,0,0,1,,
strychnos cocculoides,woody,tree,2.0,,,,,,,0.0,0.0,0.0,0.0,0.0,0.0,,,,,,,,,,,,,,0,0,1,,
strychnos innocua,woody,tree,7.0,,,,,,,0.0,0.0,0.0,0.0,0.0,0.0,,,,,,,,,,,,,,0,0,1,,
strychnos pungens,woody,tree,4.0,,,,,,,0.0,0.0,0.0,0.0,0.0,0.0,,,,,,,,,,,,,,0,0,1,,
strychnos spinosa,woody,shrub,1.0,,,,,,,0.0,0.0,0.0,0.0,0.0,0.0,,,,,,,,,,,,,,0,0,1,,
stryphnodendron adstringens,woody,tree,4.0,,,,,,,0.0,0.0,0.0,0.0,0.0,0.0,,,,,,,,,,,,,,0,0,1,,
stryphnodendron rotundifolium,,tree,1.0,,,,,,,0.0,0.0,0.0,0.0,0.0,0.0,,,,,,,,,,,,,,0,0,1,,
styphelia conostephoides,,,2.0,,,,,,,0.0,0.0,0.0,0.0,0.0,0.0,,,,,,,,,,,,,,0,0,1,,
styphelia nesophila,woody,shrub,64.0,,19.7005716759375,0.51971046515625,,,,0.0,32.0,64.0,0.0,0.0,0.0,,,,,,,,,,,,,,0,0,1,,
styphelia woodsii,,,1.0,,,,,,,0.0,0.0,0.0,0.0,0.0,0.0,,,,,,,,,,,,,,0,0,1,,
styphelia xerophylla,,,2.0,,,,,,,0.0,0.0,0.0,0.0,0.0,0.0,,,,,,,,,,,,,,0,0,1,,
styphnolobium japonicum,woody,tree,4.0,0.585903375,24.78107685,0.18975,22.39659375,,,4.0,4.0,4.0,4.0,0.0,0.0,,,,,,,,,,,,,,0,0,1,0.50536388227343,0.27693365694587413
styrax foveolaria,,unspecified,2.0,,,,,,,0.0,0.0,0.0,0.0,0.0,0.0,,,,,,,,,,,,,,0,0,1,,
styrax suberifolius,woody,tree,1.0,0.27965,54.45407407,0.3,15.289048,,,1.0,1.0,1.0,1.0,0.0,0.0,,,,,,,,,,,,,,0,0,1,-0.12329865985591008,-0.6895072735081713
suaeda altissima,,unspecified,1.0,,,,,,,0.0,0.0,0.0,0.0,0.0,0.0,,,,,,,,,,,,,,0,0,1,,
suaeda asphaltica,,unspecified,4.0,,,,,,,0.0,0.0,0.0,0.0,0.0,0.0,,,,,,,,,,,,,,0,0,1,,
suaeda divaricata,woody,shrub,2.0,,,,,,,0.0,0.0,0.0,0.0,0.0,0.0,,,,,,,,,,,,,,0,0,1,,
suaeda maritima,non-woody,herb,1.0,,,,,,,0.0,0.0,0.0,0.0,0.0,0.0,,,,,,,,,,,,,,0,0,1,,
suaeda microphylla,woody,shrub,3.0,,,,,,,0.0,0.0,0.0,0.0,0.0,0.0,,,,,,,,,,,,,,0,0,1,,
suaeda palaestina,,,1.0,,,,,,,0.0,0.0,0.0,0.0,0.0,0.0,,,,,,,,,,,,,,0,0,1,,
suaeda physophora,woody,shrub,1.0,,,,,,,0.0,0.0,0.0,0.0,0.0,0.0,,,,,,,,,,,,,,0,0,1,,
suaeda vera,woody,shrub,2.0,,,,,,,0.0,0.0,0.0,0.0,0.0,0.0,,,,,,,,,,,,,,0,0,1,,
succisa pratensis,non-woody,herb,2.0,,,,,,,0.0,0.0,0.0,0.0,0.0,0.0,,,,,,,,,,,,,,0,0,1,,
sulla coronaria,,,2.0,,,,,,,0.0,0.0,0.0,0.0,0.0,0.0,,,,,,,,,,,,,,0,0,1,,
suriana maritima,,,,,,,,,,,,,,,,1.0,10.0,86.91463741,0.0,0.0,99.97324057,-15.08083333,-148.1483333,,,,,,1,0,0,,
swainsona canescens,,,,,,,,,,,,,,,,2.0,17.0,32.170212765,11.170212765,0.0,86.70212766,-33.69,117.56,,,,,,1,0,0,,
swainsona purpurea,,,,,,,,,,,,,,,,3.0,8.333333333333334,15.938271603333334,0.0,0.0,98.7654321,-33.69,117.56,,,,,,1,0,0,,
sweetia fruticosa,woody,tree,3.0,,,,,,,0.0,0.0,0.0,0.0,0.0,0.0,,,,,,,,,,,,,,0,0,1,,
swertia dichotoma,,unspecified,2.0,,,,,,,0.0,0.0,0.0,0.0,0.0,0.0,,,,,,,,,,,,,,0,0,1,,
swertia iberica,non-woody,herb,3.0,,,,,,,0.0,0.0,0.0,0.0,0.0,0.0,,,,,,,,,,,,,,0,0,1,,
swertia lactea,,unspecified,2.0,,,,,,,0.0,0.0,0.0,0.0,0.0,0.0,,,,,,,,,,,,,,0,0,1,,
swertia perennis,non-woody,herb,2.0,,,,,,,0.0,0.0,0.0,0.0,0.0,0.0,,,,,,,,,,,,,,0,0,1,,
swietenia macrophylla,woody,tree,75.0,,,,,,39.197291666666665,0.0,0.0,0.0,0.0,0.0,48.0,,,,,,,,,,,,,,0,0,1,,
swinglea glutinosa,,unspecified,2.0,0.377466667,15.21411938,0.344650356,22.54547834,,,1.0,1.0,1.0,1.0,0.0,0.0,,,,,,,,,,,,,,0,0,1,-0.05379504879609502,-0.5727214568701209
sympegma regelii,woody,shrub,3.0,,5.54,,23.27,,,0.0,1.0,0.0,1.0,0.0,0.0,,,,,,,,,,,,,,0,0,1,,
symphiotrichum novi-belgii,,,,,,,,,,,,,,,,,,,,,,,,12.0,169.16666666666666,3.4166666666666665,50.08743333333334,14.427633333333333,0,1,0,,
symphoricarpos albus,woody,shrub,2.0,,,,,,,0.0,0.0,0.0,0.0,0.0,0.0,,,,,,,,,,,,,,0,0,1,,
symphoricarpos occidentalis,woody,shrub,1.0,0.302883333,49.10063542,0.337326723,,,,1.0,1.0,1.0,0.0,0.0,0.0,,,,,,,,,,,,,,0,0,1,,
symphoricarpos orbiculatus,woody,shrub,2.0,,,,,,,0.0,0.0,0.0,0.0,0.0,0.0,,,,,,,,,,,,,,0,0,1,,
symphoricarpos vulgaris,,unspecified,2.0,,,,,,,0.0,0.0,0.0,0.0,0.0,0.0,,,,,,,,,,,,,,0,0,1,,
symphyoloma graveolens,,unspecified,1.0,,,,,,,0.0,0.0,0.0,0.0,0.0,0.0,,,,,,,,,,,,,,0,0,1,,
symphyotrichum ascendens,non-woody,herb,4.0,,52.65214327333333,,13.77480507,,,0.0,3.0,0.0,1.0,0.0,0.0,,,,,,,,,,,,,,0,0,1,,
symphyotrichum ciliolatum,non-woody,herb,1.0,0.1754,111.1369355,0.364705882,,,,1.0,1.0,1.0,0.0,0.0,0.0,,,,,,,,,,,,,,0,0,1,,
symphyotrichum ericoides,non-woody,herb,11.0,0.32630000000000003,73.83666666666666,0.15192307700000002,11.0,,,2.0,3.0,2.0,1.0,0.0,0.0,,,,,,,,,,,,,,0,0,1,0.22107498951678542,-0.22311192418216322
symphyotrichum falcatum,non-woody,herb,5.0,0.31118,74.93842622,0.234944544,,,,1.0,4.0,1.0,0.0,0.0,0.0,,,,,,,,,,,,,,0,0,1,,
symphyotrichum laeve,non-woody,herb,3.0,0.3234766666666667,61.511202465,0.2534111276666667,,,,3.0,2.0,3.0,0.0,0.0,0.0,,,,,,,,,,,,,,0,0,1,,
symphyotrichum laurentianum,,herb,3.0,,,,10.1,1.2,,0.0,0.0,0.0,3.0,3.0,0.0,,,,,,,,,,,,,,0,0,1,,
symphyotrichum novae-angliae,non-woody,herb,1.0,0.46,52.0,0.12,,,,1.0,1.0,1.0,0.0,0.0,0.0,,,,,,,,,,,,,,0,0,1,,
symphyotrichum oblongifolium,non-woody,herb,3.0,0.31493,,0.324154,,,,1.0,0.0,1.0,0.0,0.0,0.0,,,,,,,,,,,,,,0,0,1,,
symphyotrichum oolentangiense,non-woody/woody,herb/shrub,4.0,0.35,83.5,0.12,23.133333333333336,,,1.0,4.0,1.0,3.0,0.0,0.0,,,,,,,,,,,,,,0,0,1,1.2571897676810042,-0.26584638445920244
symphyotrichum porteri,,herb,2.0,,,,,,,0.0,0.0,0.0,0.0,0.0,0.0,,,,,,,,,,,,,,0,0,1,,
symphyotrichum puniceum,non-woody/woody,herb/shrub,1.0,0.28,142.0,0.12,,,,1.0,1.0,1.0,0.0,0.0,0.0,,,,,,,,,,,,,,0,0,1,,
symphytum officinale,non-woody,herb,6.0,2.44023954,94.46,0.04312144,,,,1.0,1.0,1.0,0.0,0.0,0.0,,,,,,,,,,,,,,0,0,1,,
symplocos cochinchinensis,woody,shrub/tree,4.0,0.601788889,13.762073439666665,0.42697436699999997,4.21,1.23,,3.0,3.0,3.0,3.0,2.0,0.0,,,,,,,,,,,,,,0,0,1,-1.7144041534290806,0.04866246870998004
syntrichopappus fremontii,non-woody,herb,1.0,,,,,,,0.0,0.0,0.0,0.0,0.0,0.0,,,,,,,,,,,,,,0,0,1,,
syrenia montana,,unspecified,4.0,,,,,,,0.0,0.0,0.0,0.0,0.0,0.0,,,,,,,,,,,,,,0,0,1,,
syringa josikaea,woody,unspecified,1.0,,,,,,,0.0,0.0,0.0,0.0,0.0,0.0,,,,,,,,,,,,,,0,0,1,,
syringa persica,,unspecified,1.0,,,,,,,0.0,0.0,0.0,0.0,0.0,0.0,,,,,,,,,,,,,,0,0,1,,
syringa reticulata,woody,unspecified,18.0,0.5601893566470588,69.54208111466666,0.14944504266666667,20.663471405,,,17.0,12.0,12.0,12.0,0.0,0.0,,,,,,,,,,,,,,0,0,1,0.8330595213743976,0.25130550357241127
syringa vulgaris,woody,shrub/tree,2.0,,,,,,,0.0,0.0,0.0,0.0,0.0,0.0,,,,,,,,,,,,,,0,0,1,,
syzygium acuminatissimum,woody,tree,5.0,0.34,47.12491803,0.234615385,19.23249133,,,1.0,1.0,1.0,1.0,0.0,0.0,,,,,,,,,,,,,,0,0,1,0.32768632181012175,-0.4336800176317155
syzygium afromontanum,,,1.0,,,,,,,0.0,0.0,0.0,0.0,0.0,0.0,,,,,,,,,,,,,,0,0,1,,
syzygium borbonicum,,,1.0,0.387,25.88,0.48,,,,1.0,1.0,1.0,0.0,0.0,0.0,,,,,,,,,,,,,,0,0,1,,
syzygium buxifolium,,,,,,,,,,,,,,,,,,,,,,,,6.0,8.5,2.1666666666666665,29.25,118.12,0,1,0,,
syzygium castaneum,woody,unspecified,12.0,0.5318333333333333,25.049083333333332,0.2585,,,,12.0,12.0,12.0,0.0,0.0,0.0,,,,,,,,,,,,,,0,0,1,,
syzygium coarctatum,,,1.0,,,,,,,0.0,0.0,0.0,0.0,0.0,0.0,,,,,,,,,,,,,,0,0,1,,
syzygium globiflorum,,unspecified,1.0,0.19611,40.88,0.37,11.17,,75.0,1.0,1.0,1.0,1.0,0.0,1.0,,,,,,,,,,,,,,0,0,1,-0.7382007394033552,-0.9777769007054221
syzygium guineense,woody,tree,10.0,,,,,,,0.0,0.0,0.0,0.0,0.0,0.0,,,,,,,,,,,,,,0,0,1,,
syzygium hancei,woody,unspecified,11.0,0.44151879072727274,42.25282693790909,0.4416663747272727,11.451666666666668,,53.0,11.0,11.0,11.0,6.0,0.0,1.0,,,,,,,,,,,,,,0,0,1,-1.0232125499464695,-0.5251403783542286
syzygium jambos,woody,tree,1.0,0.22475,144.2353309,0.18015873,17.28234233,,,1.0,1.0,1.0,1.0,0.0,0.0,,,,,,,,,,,,,,0,0,1,1.063191219829221,-0.7342958574674586
syzygium kunstleri,woody,unspecified,8.0,0.540875,21.5955,0.24,,,,8.0,8.0,8.0,0.0,0.0,0.0,,,,,,,,,,,,,,0,0,1,,
syzygium levinei,woody,unspecified,6.0,0.39868404766666665,55.2705,0.38883333333333336,12.166666666666666,,55.0,6.0,6.0,6.0,6.0,0.0,1.0,,,,,,,,,,,,,,0,0,1,-0.6857694776105079,-0.5468082216607743
syzygium maire,woody,unspecified,6.0,0.33171666666666666,71.37872154333333,0.18251891050000002,16.1,,,6.0,6.0,6.0,1.0,0.0,0.0,,,,,,,,,,,,,,0,0,1,0.45631275419106576,-0.338625135664469
syzygium malaccense,woody,tree,2.0,0.3,160.7,,,,,2.0,2.0,0.0,0.0,0.0,0.0,,,,,,,,,,,,,,0,0,1,,
syzygium napiforme,,unspecified,8.0,0.424875,25.940875,0.318,,,,8.0,8.0,8.0,0.0,0.0,0.0,,,,,,,,,,,,,,0,0,1,,
syzygium nervosum,woody,tree,6.0,,,,,,,0.0,0.0,0.0,0.0,0.0,0.0,,,,,,,,,,,,,,0,0,1,,
syzygium pachysepalum,,unspecified,6.0,0.496,19.454166666666666,0.2916666666666667,,,,6.0,6.0,6.0,0.0,0.0,0.0,,,,,,,,,,,,,,0,0,1,,
syzygium subdecussatum,,unspecified,4.0,0.65425,11.620750000000001,0.26825,,,,4.0,4.0,4.0,0.0,0.0,0.0,,,,,,,,,,,,,,0,0,1,,
tabebuia aurea,woody,tree,4.0,,,,,,,0.0,0.0,0.0,0.0,0.0,0.0,,,,,,,,,,,,,,0,0,1,,
tabebuia heterophylla,woody,shrub/tree,1.0,,,,,,,0.0,0.0,0.0,0.0,0.0,0.0,,,,,,,,,,,,,,0,0,1,,
tabebuia rosea,woody,tree,2.0,0.516566667,11.30030581,0.141971345,19.95786548,,,1.0,1.0,1.0,1.0,0.0,0.0,,,,,,,,,,,,,,0,0,1,0.42881994668223256,0.26102090478760365
tabernaemontana litoralis,,unspecified,2.0,0.4157,19.28552758,0.273019681,22.11504579,,,1.0,1.0,1.0,1.0,0.0,0.0,,,,,,,,,,,,,,0,0,1,0.19037905828303262,-0.32050672293954047
tachigali chrysophylla,woody,tree,2.0,,,,,,,0.0,0.0,0.0,0.0,0.0,0.0,,,,,,,,,,,,,,0,0,1,,
tachigali guianensis,woody,,2.0,,,,,,,0.0,0.0,0.0,0.0,0.0,0.0,,,,,,,,,,,,,,0,0,1,,
taeniatherum caput-medusae,non-woody,graminoid,7.0,,,,,,,0.0,0.0,0.0,0.0,0.0,0.0,,,,,,,,,,,,,,0,0,1,,
tagetes erecta,non-woody,herb,2.0,,,,,,,0.0,0.0,0.0,0.0,0.0,0.0,,,,,,,,,,,,,,0,0,1,,
tagetes minuta,non-woody,herb,2.0,,44.84,0.081,10.3,,71.0,0.0,1.0,1.0,1.0,0.0,1.0,,,,,,,,,,,,,,0,0,1,,
takhtajaniantha austriaca,,,1.0,,,,,,,0.0,0.0,0.0,0.0,0.0,0.0,,,,,,,,,,,,,,0,0,1,,
takhtajaniantha capito,,,3.0,,,,,,,0.0,0.0,0.0,0.0,0.0,0.0,,,,,,,,,,,,,,0,0,1,,
takhtajaniantha pusilla,,unspecified,5.0,,,,,,,0.0,0.0,0.0,0.0,0.0,0.0,,,,,,,,,,,,,,0,0,1,,
talipariti tiliaceum,,,,,,,,,,,,,,,,,,,,,,,,13.0,9.846153846153847,1.2307692307692308,-17.553015384615385,-149.43184615384615,0,1,0,,
tamarindus indica,,unspecified,2.0,0.313233333,9.693172709,0.667071995,9.647481839,,,1.0,1.0,1.0,1.0,0.0,0.0,,,,,,,,,,,,,,0,0,1,-2.1468439450860695,-1.2662494737338525
tamarix aphylla,woody,tree,1.0,,,,,,,0.0,0.0,0.0,0.0,0.0,0.0,,,,,,,,,21.0,261.1904761904762,2.8095238095238093,34.5052380952381,2.880952380952381,0,1,1,,
tamarix arceuthoides,,unspecified,1.0,,,,,,,0.0,0.0,0.0,0.0,0.0,0.0,,,,,,,,,,,,,,0,0,1,,
tamarix chinensis,,shrub,2.0,,,,,,,0.0,0.0,0.0,0.0,0.0,0.0,,,,,,,,,,,,,,0,0,1,,
tamarix gallica,woody,shrub,1.0,,,,,,,0.0,0.0,0.0,0.0,0.0,0.0,,,,,,,,,,,,,,0,0,1,,
tamarix hispida,woody,shrub,1.0,,,,,,,0.0,0.0,0.0,0.0,0.0,0.0,,,,,,,,,,,,,,0,0,1,,
tamarix ramosissima,woody,shrub,35.0,0.7975,,,14.84,,,4.0,0.0,0.0,4.0,0.0,0.0,,,,,,,,,,,,,,0,0,1,,
tamarix taklamakanensis,,unspecified,2.0,,,,,,,0.0,0.0,0.0,0.0,0.0,0.0,,,,,,,,,,,,,,0,0,1,,
tanacetum achilleifolium,,unspecified,7.0,,,,,,,0.0,0.0,0.0,0.0,0.0,0.0,,,,,,,,,,,,,,0,0,1,,
tanacetum balsamita,,unspecified,1.0,,,,,,,0.0,0.0,0.0,0.0,0.0,0.0,,,,,,,,,,,,,,0,0,1,,
tanacetum bipinnatum,,unspecified,1.0,,,,,,,0.0,0.0,0.0,0.0,0.0,0.0,,,,,,,,,,,,,,0,0,1,,
tanacetum carneum,,unspecified,1.0,,,,,,,0.0,0.0,0.0,0.0,0.0,0.0,,,,,,,,,,,,,,0,0,1,,
tanacetum chamaemelifolium,,unspecified,2.0,,,,,,,0.0,0.0,0.0,0.0,0.0,0.0,,,,,,,,,,,,,,0,0,1,,
tanacetum coccineum,,unspecified,10.0,,,,,,,0.0,0.0,0.0,0.0,0.0,0.0,,,,,,,,,,,,,,0,0,1,,
tanacetum corymbosum,,unspecified,1.0,,,,,,,0.0,0.0,0.0,0.0,0.0,0.0,,,,,,,,,,,,,,0,0,1,,
tanacetum daghestanicum,,unspecified,1.0,,,,,,,0.0,0.0,0.0,0.0,0.0,0.0,,,,,,,,,,,,,,0,0,1,,
tanacetum millefolium,,,2.0,,,,,,,0.0,0.0,0.0,0.0,0.0,0.0,,,,,,,,,,,,,,0,0,1,,
tanacetum parthenifolium,non-woody,herb,1.0,,,,,,,0.0,0.0,0.0,0.0,0.0,0.0,,,,,,,,,,,,,,0,0,1,,
tanacetum stoliczkae,,,,,,,,,,,,,,,,1.0,2.0,99.5991984,0.0,0.0,100.0,33.827944,77.6755167,,,,,,1,0,0,,
tanacetum vulgare,non-woody,herb,5.0,,,,,,,0.0,0.0,0.0,0.0,0.0,0.0,,,,,,,,,48.0,607.1666666666666,3.4166666666666665,50.20473333333334,14.671791666666666,0,1,1,,
tanaecium pyramidatum,woody,climber,20.0,1.2440703984,10.86668597115,0.17824463035,18.878225172999997,1.0212541018947368,92.57142857142857,20.0,20.0,20.0,20.0,19.0,14.0,,,,,,,,,,,,,,0,0,1,0.048252174026392605,2.021605526021971
tapirira guianensis,woody,tree,37.0,0.5712127038181818,13.176046465,0.2804829070909091,16.18171818181818,0.769777628,42.97599227373913,11.0,13.0,11.0,11.0,9.0,23.0,,,,,,,,,,,,,,0,0,1,-0.33570980605032147,0.13982468563799608
taraxacum bessarabicum,,,1.0,,,,,,,0.0,0.0,0.0,0.0,0.0,0.0,,,,,,,,,,,,,,0,0,1,,
taraxacum campylodes,non-woody,herb,100.0,0.48118992333333327,180.46163377458333,0.13779375333333332,15.511155007785716,,,9.0,24.0,3.0,14.0,0.0,0.0,,,,,,,,,,,,,,0,0,1,1.2719026123260222,-0.033157159673443785
taraxacum confusum,non-woody,herb,2.0,,,,,,,0.0,0.0,0.0,0.0,0.0,0.0,,,,,,,,,,,,,,0,0,1,,
taraxacum erythrospermum,non-woody,herb,2.0,2.43723021,462.2666667,0.039458715,,,,1.0,1.0,1.0,0.0,0.0,0.0,,,,,,,,,,,,,,0,0,1,,
taraxacum glabrum,,unspecified,1.0,,,,,,,0.0,0.0,0.0,0.0,0.0,0.0,,,,,,,,,,,,,,0,0,1,,
taraxacum glaucanthum,,unspecified,1.0,,,,,,,0.0,0.0,0.0,0.0,0.0,0.0,,,,,,,,,,,,,,0,0,1,,
taraxacum monochlamydeum,,unspecified,1.0,,,,,,,0.0,0.0,0.0,0.0,0.0,0.0,,,,,,,,,,,,,,0,0,1,,
taraxacum officinale,non-woody,herb,4.0,,,,,,,0.0,0.0,0.0,0.0,0.0,0.0,8.0,28.0,34.44157424875,0.515544852125,0.43478260875,97.6944440075,-52.056527779999996,-71.42180555499999,7.0,14.571428571428571,1.5714285714285714,-52.056714285714285,-71.4217,1,1,1,,
taraxacum serotinum,,,2.0,,,,,,,0.0,0.0,0.0,0.0,0.0,0.0,,,,,,,,,,,,,,0,0,1,,
taraxacum stevenii,non-woody,herb,8.0,,,,,,,0.0,0.0,0.0,0.0,0.0,0.0,,,,,,,,,,,,,,0,0,1,,
taraxacum suecicum,,,1.0,,,,,,,0.0,0.0,0.0,0.0,0.0,0.0,,,,,,,,,,,,,,0,0,1,,
taraxacum taraxacoides,non-woody,herb,1.0,,237.0,,30.9,,,0.0,1.0,0.0,1.0,0.0,0.0,,,,,,,,,,,,,,0,0,1,,
tauscheria lasiocarpa,,unspecified,4.0,,,,,,,0.0,0.0,0.0,0.0,0.0,0.0,,,,,,,,,,,,,,0,0,1,,
taxodium distichum,woody,tree,15.0,0.584927028,23.83052904285714,0.16252403685714287,4.696190201249999,,72.0425,7.0,7.0,7.0,4.0,0.0,1.0,,,,,,,,,,,,,,0,0,1,-0.6615923683416266,0.564457964060407
taxus baccata,woody,shrub/tree,9.0,,,,,,,0.0,0.0,0.0,0.0,0.0,0.0,,,,,,,,,,,,,,0,0,1,,
taxus canadensis,woody,shrub,2.0,,,,,,,0.0,0.0,0.0,0.0,0.0,0.0,,,,,,,,,,,,,,0,0,1,,
taxus chinensis,woody,unspecified,10.0,0.9349999999999999,10.675,0.15666666666666665,15.3,,72.203345574,4.0,4.0,3.0,1.0,0.0,5.0,,,,,,,,,,,,,,0,0,1,-0.05748387565727381,1.339942619143177
taxus cuspidata,woody,shrub/tree,14.0,0.5035107436666667,25.432258931666667,0.22098626833333332,3.73632914825,0.65,48.99388889,6.0,6.0,6.0,4.0,1.0,1.0,,,,,,,,,,,,,,0,0,1,-0.9092093682124992,0.24163012715181448
tecomella undulata,,,2.0,,,,,,,0.0,0.0,0.0,0.0,0.0,0.0,,,,,,,,,,,,,,0,0,1,,
tectona grandis,woody,tree,10.0,,,,,,62.15,0.0,0.0,0.0,0.0,0.0,1.0,,,,,,,,,,,,,,0,0,1,,
telekia speciosa,non-woody,herb,1.0,,,,,,,0.0,0.0,0.0,0.0,0.0,0.0,,,,,,,,,,,,,,0,0,1,,
tenaxia cachemyriana,non-woody,graminoid,6.0,,,,,,,0.0,0.0,0.0,0.0,0.0,0.0,,,,,,,,,,,,,,0,0,1,,
tenaxia stricta,,,,,,,,,,,,,,,,1.0,3.0,0.0,0.0,0.0,100.0,-33.97277778,18.94166667,,,,,,1,0,0,,
tephroseris crispa,non-woody,herb,1.0,,,,,,,0.0,0.0,0.0,0.0,0.0,0.0,,,,,,,,,,,,,,0,0,1,,
tephroseris integrifolia,non-woody,herb,1.0,,,,,,,0.0,0.0,0.0,0.0,0.0,0.0,,,,,,,,,,,,,,0,0,1,,
tephroseris kirilowii,non-woody,unspecified,8.0,0.33396161275,,0.2025357705,,,,4.0,0.0,4.0,0.0,0.0,0.0,,,,,,,,,,,,,,0,0,1,,
tephrosia hookeriana,,unspecified,1.0,,,,,,53.12,0.0,0.0,0.0,0.0,0.0,1.0,,,,,,,,,,,,,,0,0,1,,
tephrosia pumila,,unspecified,1.0,,,,,,74.19,0.0,0.0,0.0,0.0,0.0,1.0,,,,,,,,,,,,,,0,0,1,,
tephrosia purpurea,woody,shrub,3.0,,,,,,76.27,0.0,0.0,0.0,0.0,0.0,1.0,,,,,,,,,,,,,,0,0,1,,
terminalia amazonia,woody,tree,20.0,1.3240108252,6.847805882049999,0.31468016275,11.06262735565,0.53524425245,95.85714285714286,20.0,20.0,20.0,20.0,20.0,14.0,,,,,,,,,,,,,,0,0,1,-1.0415272944123997,2.0301050500291122
terminalia brachystemma,woody,shrub/tree,2.0,,,,,,,0.0,0.0,0.0,0.0,0.0,0.0,,,,,,,,,,,,,,0,0,1,,
terminalia macroptera,woody,tree,3.0,,,,4.066666666666666,0.3433333333333333,,0.0,0.0,0.0,3.0,3.0,0.0,,,,,,,,,,,,,,0,0,1,,
terminalia mollis,woody,tree,2.0,,,,,,,0.0,0.0,0.0,0.0,0.0,0.0,,,,,,,,,,,,,,0,0,1,,
terminalia oblonga,woody,tree,30.0,,,,,,,0.0,0.0,0.0,0.0,0.0,0.0,,,,,,,,,,,,,,0,0,1,,
terminalia paniculata,woody,tree,9.0,,,,,,,0.0,0.0,0.0,0.0,0.0,0.0,,,,,,,,,,,,,,0,0,1,,
terminalia sericea,woody,shrub/tree,19.0,,,,,,,0.0,0.0,0.0,0.0,0.0,0.0,,,,,,,,,,,,,,0,0,1,,
terminalia superba,woody,tree,2.0,,,,,,,0.0,0.0,0.0,0.0,0.0,0.0,,,,,,,,,,,,,,0,0,1,,
ternstroemia coriacea,woody,unspecified,4.0,0.759,8.94525,0.2745,,,,4.0,4.0,4.0,0.0,0.0,0.0,,,,,,,,,,,,,,0,0,1,,
ternstroemia gymnanthera,,,,,,,,,,,,,,,,,,,,,,,,6.0,10.833333333333334,1.5,29.25,118.12,0,1,0,,
ternstroemia jelskii,,,1.0,,,,8.15212,0.364202305,,0.0,0.0,0.0,1.0,1.0,0.0,,,,,,,,,,,,,,0,0,1,,
ternstroemia punctata,,,1.0,,,,,,,0.0,0.0,0.0,0.0,0.0,0.0,,,,,,,,,,,,,,0,0,1,,
tetracme quadricornis,non-woody,herb,1.0,,,,,,,0.0,0.0,0.0,0.0,0.0,0.0,,,,,,,,,,,,,,0,0,1,,
tetractomia tetrandra,,unspecified,4.0,0.50325,37.97375,0.14100000000000001,,,,4.0,4.0,4.0,0.0,0.0,0.0,,,,,,,,,,,,,,0,0,1,,
tetradymia axillaris,woody,shrub,1.0,,,,,,,0.0,0.0,0.0,0.0,0.0,0.0,,,,,,,,,,,,,,0,0,1,,
tetragastris panamensis,,,,,,,,,,,,,,,,,,,,,,,,3.0,2.3333333333333335,1.0,9.11006,-79.8434,0,1,0,,
tetragonia reduplicata,woody,shrub,1.0,,,,,,,0.0,0.0,0.0,0.0,0.0,0.0,,,,,,,,,,,,,,0,0,1,,
tetraneuris acaulis,,,1.0,,,,,,,0.0,0.0,0.0,0.0,0.0,0.0,,,,,,,,,,,,,,0,0,1,,
tetrapilus roseus,,unspecified,1.0,0.39436,28.91,0.29,13.75,,90.0,1.0,1.0,1.0,1.0,0.0,1.0,,,,,,,,,,,,,,0,0,1,-0.3954060629705031,-0.3187435929050212
tetraria bromoides,,graminoid,6.0,,,,,,,0.0,0.0,0.0,0.0,0.0,0.0,,,,,,,,,,,,,,0,0,1,,
teucrium chamaedrys,woody,shrub,7.0,0.3145,132.305,0.114,19.689999999999998,1.9,,2.0,2.0,1.0,2.0,1.0,0.0,,,,,,,,,,,,,,0,0,1,1.3699636742291152,-0.37575367871889276
teucrium charidemi,woody,shrub,1.0,0.45115,3.654100463,0.555058017,,,,1.0,1.0,1.0,0.0,0.0,0.0,,,,,,,,,,,,,,0,0,1,,
teucrium divaricatum,,,,,,,,,,,,,,,,4.0,9.5,27.223290934749997,0.029600295000000002,0.0,99.970399705,35.45916667,23.80083333,,,,,,1,0,0,,
teucrium fruticans,woody,shrub,1.0,0.381325,14.89092519,0.650130705,,,35.45277778,1.0,1.0,1.0,0.0,0.0,1.0,,,,,,,,,,,,,,0,0,1,,
teucrium montanum,woody,shrub,3.0,2.17816787,207.3636364,0.168901591,,,,1.0,1.0,1.0,0.0,0.0,0.0,,,,,,,,,,,,,,0,0,1,,
teucrium orientale,non-woody,herb,2.0,,,,,,,0.0,0.0,0.0,0.0,0.0,0.0,,,,,,,,,,,,,,0,0,1,,
teucrium polium,woody,shrub,1.0,,,,,,,0.0,0.0,0.0,0.0,0.0,0.0,,,,,,,,,,,,,,0,0,1,,
teyleria stricta,,climber,2.0,0.659,4.96,,10.33,,,1.0,1.0,0.0,1.0,0.0,0.0,,,,,,,,,,,,,,0,0,1,,
thalictrum aquilegiifolium,non-woody,herb,3.0,0.24500333333333332,,,,,18.0,3.0,0.0,0.0,0.0,0.0,1.0,,,,,,,,,,,,,,0,0,1,,
thalictrum collinum,,unspecified,1.0,,,,,,,0.0,0.0,0.0,0.0,0.0,0.0,,,,,,,,,,,,,,0,0,1,,
thalictrum fendleri,non-woody,herb,4.0,,26.416317280333335,,6.347331405,,,0.0,3.0,0.0,1.0,0.0,0.0,,,,,,,,,,,,,,0,0,1,,
thalictrum foetidum,non-woody,herb,2.0,,,,,,,0.0,0.0,0.0,0.0,0.0,0.0,5.0,25.4,29.1797008792,0.1851322648,0.5366303788,98.849342166,41.567243892,98.7784939,4.0,13.5,2.0,43.5017,104.058,1,1,1,,
thalictrum lucidum,non-woody,herb,3.0,,,,,,,0.0,0.0,0.0,0.0,0.0,0.0,,,,,,,,,,,,,,0,0,1,,
thalictrum minus,non-woody,herb,9.0,,47.925,,,,,0.0,4.0,0.0,0.0,0.0,0.0,12.0,16.333333333333332,37.01897477133333,0.9050740134166667,0.007832080166666667,97.82044069166666,54.047037036666666,159.08194443333332,7.0,28.0,1.2857142857142858,54.334042857142855,159.19971428571426,1,1,1,,
thalictrum petaloideum,non-woody,herb,8.0,0.54347309525,,0.130898873,,,,4.0,0.0,4.0,0.0,0.0,0.0,,,,,,,,,,,,,,0,0,1,,
thalictrum simplex,non-woody,herb,12.0,0.1997,259.0515625,0.123076923,22.86813867,,,1.0,1.0,1.0,1.0,0.0,0.0,,,,,,,,,,,,,,0,0,1,2.441485611678822,-0.9286332916722662
thalictrum squarrosum,non-woody,herb,5.0,,19.698,,13.19,,,0.0,5.0,0.0,1.0,0.0,0.0,,,,,,,,,,,,,,0,0,1,,
thamnosma montana,woody,shrub,3.0,,,,,,,0.0,0.0,0.0,0.0,0.0,0.0,,,,,,,,,,,,,,0,0,1,,
thelesperma megapotamicum,non-woody,herb,1.0,,,,,,,0.0,0.0,0.0,0.0,0.0,0.0,,,,,,,,,,,,,,0,0,1,,
thelypteris confluens,non-woody,fern,1.0,,,,,,,0.0,0.0,0.0,0.0,0.0,0.0,,,,,,,,,,,,,,0,0,1,,
themeda cymbaria,,unspecified,1.0,,,,,,50.26,0.0,0.0,0.0,0.0,0.0,1.0,,,,,,,,,,,,,,0,0,1,,
themeda triandra,non-woody,graminoid,13.0,0.37,61.55,,,,,2.0,2.0,0.0,0.0,0.0,0.0,47.0,34.148936170212764,7.9463520183617025,0.6408659095744681,0.10573098576595745,97.96412938978723,-11.498020094106383,62.819473998297866,18.0,18.333333333333332,1.8888888888888888,-9.979772222222222,58.81873888888889,1,1,1,,
theobroma cacao,woody,tree,542.0,0.5093527508090615,13.162650602409638,0.5013916666666667,13.091666666666667,,,309.0,249.0,240.0,120.0,0.0,0.0,,,,,,,,,,,,,,0,0,1,-1.3317231941425391,-0.4604504130495704
thermopsis lanceolata,non-woody,herb,3.0,,,,,,,0.0,0.0,0.0,0.0,0.0,0.0,,,,,,,,,,,,,,0,0,1,,
thermopsis rhombifolia,non-woody,herb,6.0,0.248125,103.9024606,0.272450855,,,,1.0,1.0,1.0,0.0,0.0,0.0,,,,,,,,,,,,,,0,0,1,,
thespesia garckeana,woody,shrub/tree,2.0,,,,,,,0.0,0.0,0.0,0.0,0.0,0.0,,,,,,,,,,,,,,0,0,1,,
thinopyrum elongatum,non-woody,graminoid,2.0,,,,,,,0.0,0.0,0.0,0.0,0.0,0.0,,,,,,,,,,,,,,0,0,1,,
thinopyrum intermedium,non-woody,graminoid,7.0,,,,,,,0.0,0.0,0.0,0.0,0.0,0.0,,,,,,,,,,,,,,0,0,1,,
thinopyrum junceum,non-woody,graminoid,1.0,,,,,,,0.0,0.0,0.0,0.0,0.0,0.0,,,,,,,,,,,,,,0,0,1,,
thinopyrum obtusiflorum,non-woody,graminoid,3.0,,,,,,,0.0,0.0,0.0,0.0,0.0,0.0,,,,,,,,,,,,,,0,0,1,,
thlaspi arvense,non-woody,herb,3.0,1.51906994,428.45,0.02761525,,,,1.0,1.0,1.0,0.0,0.0,0.0,,,,,,,,,,,,,,0,0,1,,
thlaspi montanum,non-woody,herb,4.0,,45.19609634366666,,19.21671629,,,0.0,3.0,0.0,1.0,0.0,0.0,,,,,,,,,,,,,,0,0,1,,
thlaspi perfoliatum,non-woody,herb,3.0,1.59601966,609.8545455,0.056939638,,,,1.0,1.0,1.0,0.0,0.0,0.0,,,,,,,,,,,,,,0,0,1,,
thlaspi pumila,,unspecified,1.0,,,,,,,0.0,0.0,0.0,0.0,0.0,0.0,,,,,,,,,,,,,,0,0,1,,
thuja occidentalis,woody,tree,27.0,0.4817264466363636,56.777195679818185,0.26884770016666665,5.727952282,,86.74722222,11.0,11.0,6.0,4.0,0.0,1.0,,,,,,,,,,,,,,0,0,1,-0.7233626326056679,0.005754325585449803
thuja plicata,woody,tree,10.0,,,,16.0,,,0.0,0.0,0.0,1.0,0.0,0.0,,,,,,,,,,,,,,0,0,1,,
thuja standishii,woody,tree,2.0,,,,,,,0.0,0.0,0.0,0.0,0.0,0.0,,,,,,,,,,,,,,0,0,1,,
thujopsis dolabrata,woody,tree,2.0,,,,,,,0.0,0.0,0.0,0.0,0.0,0.0,,,,,,,,,,,,,,0,0,1,,
thylacospermum caespitosum,,,,,,,,,,,,,,,,1.0,,,,,,32.8612275,77.18407273,,,,,,1,0,0,,
thymbra capitata,,,1.0,,,,,,,0.0,0.0,0.0,0.0,0.0,0.0,,,,,,,,,,,,,,0,0,1,,
thymelaea hirsuta,woody,shrub,4.0,0.3998,5.337819642,0.52047564,,,,1.0,1.0,1.0,0.0,0.0,0.0,,,,,,,,,,,,,,0,0,1,,
thymus desjatovae,,unspecified,1.0,,,,,,,0.0,0.0,0.0,0.0,0.0,0.0,,,,,,,,,,,,,,0,0,1,,
thymus dolomiticus,,unspecified,15.0,0.3442664448,64.59730806,0.29616120933333334,9.205,,,5.0,5.0,3.0,2.0,0.0,0.0,,,,,,,,,,,,,,0,0,1,-0.4891341989622911,-0.4566437152126851
thymus hyemalis,woody,shrub,1.0,0.417275,4.951101427,0.650083319,,,,1.0,1.0,1.0,0.0,0.0,0.0,,,,,,,,,,,,,,0,0,1,,
thymus linearis,,,,,,,,,,,,,,,,1.0,9.0,22.44224422,0.0,0.0,100.0,32.895627,77.196001,,,,,,1,0,0,,
thymus mastichina,woody,shrub,1.0,0.280925,21.28351979,0.928743105,,,,1.0,1.0,1.0,0.0,0.0,0.0,,,,,,,,,4.0,75.25,4.0,37.4,-2.83333,0,1,1,,
thymus pannonicus,woody,,5.0,,,,,,,0.0,0.0,0.0,0.0,0.0,0.0,,,,,,,,,,,,,,0,0,1,,
thymus praecox,non-woody/woody,herb/shrub,2.0,,,,,,,0.0,0.0,0.0,0.0,0.0,0.0,,,,,,,,,,,,,,0,0,1,,
thymus pulegioides,non-woody,herb,7.0,1.8247468800000002,634.63247865,0.050519607499999994,,,,2.0,2.0,2.0,0.0,0.0,0.0,,,,,,,,,,,,,,0,0,1,,
thymus serpyllum,non-woody,herb,1.0,,,,,,,0.0,0.0,0.0,0.0,0.0,0.0,8.0,23.125,32.049776771625,0.400232285875,0.335223291875,95.0083618525,58.10333333,22.18972222,,,,,,1,0,1,,
thymus transcaucasicus,,unspecified,5.0,,,,,,,0.0,0.0,0.0,0.0,0.0,0.0,,,,,,,,,,,,,,0,0,1,,
thymus zygis,,,,,,,,,,,,,,,,,,,,,,,,4.0,20.25,2.5,37.4,-2.83333,0,1,0,,
thynus mongolicus,,unspecified,1.0,,14.88,,6.43,,,0.0,1.0,0.0,1.0,0.0,0.0,,,,,,,,,,,,,,0,0,1,,
thysanotus dichotomus,non-woody,herb,1.0,,,,,,,0.0,0.0,0.0,0.0,0.0,0.0,,,,,,,,,,,,,,0,0,1,,
tiarella cordifolia,non-woody,herb,1.0,,88.7,,,,,0.0,1.0,0.0,0.0,0.0,0.0,,,,,,,,,,,,,,0,0,1,,
tibouchina aspera,,,1.0,,,,,,,0.0,0.0,0.0,0.0,0.0,0.0,,,,,,,,,,,,,,0,0,1,,
tidestromia lanuginosa,,,2.0,,,,,,,0.0,0.0,0.0,0.0,0.0,0.0,,,,,,,,,,,,,,0,0,1,,
tilia americana,woody,tree,7.0,0.447375,100.84931738,0.08384970774999999,1.42,,,4.0,4.0,4.0,1.0,0.0,0.0,,,,,,,,,,,,,,0,0,1,-0.06332814470988768,0.31048621656400416
tilia amurensis,woody,tree,19.0,0.34790000000000004,131.046438,0.235,16.272636,1.7,,6.0,1.0,1.0,2.0,1.0,0.0,,,,,,,,,,,,,,0,0,1,0.677575197007848,-0.5114137204774741
tilia cordata,woody,tree,139.0,0.7105029544375,20.447281287846156,0.4848299238125,10.6292274585,1.4428571428571428,84.06666666666666,16.0,13.0,16.0,16.0,7.0,6.0,,,,,,,,,,,,,,0,0,1,-1.445862923526815,0.10076774325610194
tilia endochrysea,,unspecified,3.0,,,,,,,0.0,0.0,0.0,0.0,0.0,0.0,,,,,,,,,,,,,,0,0,1,,
tilia mandshurica,woody,tree,15.0,0.3724277296,51.45938539800001,0.296096673,15.559999999999999,,,15.0,10.0,5.0,5.0,0.0,0.0,,,,,,,,,,,,,,0,0,1,-0.1319884039539973,-0.44680914277021705
tilia maximowicziana,woody,tree,1.0,,,,7.7,0.78,,0.0,0.0,0.0,1.0,1.0,0.0,,,,,,,,,,,,,,0,0,1,,
tilia mongolica,woody,tree,5.0,0.36047108,39.264112925999996,0.499067336,15.959999999999999,,,5.0,5.0,5.0,5.0,0.0,0.0,,,,,,,,,,,,,,0,0,1,-0.9092249968770241,-0.9079757734463557
tilia oliveri,woody,tree,1.0,0.206975,149.6261111,0.2,13.485251,,,1.0,1.0,1.0,1.0,0.0,0.0,,,,,,,,,,,,,,0,0,1,0.7626187069033212,-0.7820735993397845
tilia platyphyllos,woody,tree,2.0,,,,,,,0.0,0.0,0.0,0.0,0.0,0.0,,,,,,,,,,,,,,0,0,1,,
tocoyena pittieri,woody,tree,2.0,,0.40075,,,,,0.0,2.0,0.0,0.0,0.0,0.0,,,,,,,,,,,,,,0,0,1,,
tofieldia calyculata,non-woody,herb,1.0,,,,,,,0.0,0.0,0.0,0.0,0.0,0.0,,,,,,,,,,,,,,0,0,1,,
tofieldia pusilla,non-woody,herb,12.0,0.565,,,,,,2.0,0.0,0.0,0.0,0.0,0.0,,,,,,,,,,,,,,0,0,1,,
tordylium maximum,non-woody,herb,4.0,0.281,267.86,0.09,15.615,2.8,,2.0,2.0,2.0,2.0,1.0,0.0,,,,,,,,,,,,,,0,0,1,2.08432349602495,-0.5724644662063513
torminalis glaberrima,,,3.0,,,,,,,0.0,0.0,0.0,0.0,0.0,0.0,,,,,,,,,,,,,,0,0,1,,
tornabenea annua,,,,,,,,,,,,,,,,7.0,15.142857142857142,40.17749784914286,10.738024193714285,0.9624457752857144,87.86499293142857,15.1793254,-23.68904761857143,,,,,,1,0,0,,
torreya californica,woody,tree,4.0,1.038122222,4.364553279666667,0.296745789,,,,3.0,3.0,3.0,0.0,0.0,0.0,,,,,,,,,,,,,,0,0,1,,
torreya nucifera,woody,tree,6.0,0.979388889,5.787432885666667,0.27020649966666666,,,,3.0,3.0,3.0,0.0,0.0,0.0,,,,,,,,,,,,,,0,0,1,,
townsendia exscapa,non-woody,herb,4.0,,47.32943198,,9.15694356,,,0.0,3.0,0.0,1.0,0.0,0.0,,,,,,,,,,,,,,0,0,1,,
toxicodendron acuminatum,,,1.0,0.545566667,12.44041789,0.406961912,9.25,0.72,,1.0,1.0,1.0,1.0,1.0,0.0,,,,,,,,,,,,,,0,0,1,-1.2801414489676142,-0.11147093426872517
toxicodendron radicans,woody,shrub,1.0,,,,,,,0.0,0.0,0.0,0.0,0.0,0.0,,,,,,,,,,,,,,0,0,1,,
toxicodendron succedaneum,,,,,,,,,,,,,,,,,,,,,,,,7.0,3.857142857142857,1.2857142857142858,29.25,118.12,0,1,0,,
toxicodendron vernicifluum,woody,tree,6.0,,,,11.083333333333334,0.5633333333333334,,0.0,0.0,0.0,6.0,6.0,0.0,,,,,,,,,,,,,,0,0,1,,
toxicoscordion venenosum,non-woody,herb,1.0,0.3483,82.315,0.123076923,,,,1.0,1.0,1.0,0.0,0.0,0.0,,,,,,,,,,,,,,0,0,1,,
trachelospermum axillare,woody,unspecified,2.0,0.2914,77.518501835,0.2,20.544027999999997,,,2.0,2.0,2.0,2.0,0.0,0.0,,,,,,,,,,,,,,0,0,1,0.7603541786827801,-0.545458916399125
trachycarpus fortunei,,,,,,,,,,,,,,,,6.0,20.833333333333332,14.480295442666666,4.6089913266666676,0.5957597763333333,69.47560854166666,29.438888889999998,118.14999996666667,,,,,,1,0,0,,
trachydium roylei,non-woody,herb,1.0,,,,,,,0.0,0.0,0.0,0.0,0.0,0.0,,,,,,,,,,,,,,0,0,1,,
trachypogon spicatus,non-woody,graminoid,2.0,,,,,,,0.0,0.0,0.0,0.0,0.0,0.0,,,,,,,,,,,,,,0,0,1,,
trachystemon orientalis,,,,,,,,,,,,,,,,7.0,13.428571428571429,25.671889681142858,4.599001775,0.0,95.39611755714284,41.93333333,43.42333333,2.0,18.5,2.0,41.9333,43.4233,1,1,0,,
tradescantia bracteata,non-woody,herb,1.0,0.37108,,0.336623,,,,1.0,0.0,1.0,0.0,0.0,0.0,,,,,,,,,,,,,,0,0,1,,
tradescantia cerinthoides,,unspecified,1.0,,,,,,,0.0,0.0,0.0,0.0,0.0,0.0,,,,,,,,,,,,,,0,0,1,,
tradescantia occidentalis,non-woody,herb,1.0,,,,,,,0.0,0.0,0.0,0.0,0.0,0.0,,,,,,,,,,,,,,0,0,1,,
tradescantia ohiensis,non-woody,herb,3.0,0.3288,,0.239331,,,,1.0,0.0,1.0,0.0,0.0,0.0,,,,,,,,,,,,,,0,0,1,,
tradescantia pallida,,unspecified,1.0,,,,,,,0.0,0.0,0.0,0.0,0.0,0.0,,,,,,,,,,,,,,0,0,1,,
tradescantia virginiana,non-woody,herb,3.0,,,,,,,0.0,0.0,0.0,0.0,0.0,0.0,,,,,,,,,,,,,,0,0,1,,
tradescantia zebrina,,unspecified,1.0,,,,,,,0.0,0.0,0.0,0.0,0.0,0.0,,,,,,,,,,,,,,0,0,1,,
tragopogon capitatus,,unspecified,3.0,,,,,,,0.0,0.0,0.0,0.0,0.0,0.0,,,,,,,,,,,,,,0,0,1,,
tragopogon dubius,non-woody,herb,3.0,0.359875,114.6341667,0.275026077,,,,2.0,1.0,2.0,0.0,0.0,0.0,,,,,,,,,,,,,,0,0,1,,
tragopogon dubuis,non-woody,herb,4.0,,48.559164366666664,,11.36849523,,,0.0,3.0,0.0,1.0,0.0,0.0,,,,,,,,,,,,,,0,0,1,,
tragopogon gracilis,,,,,,,,,,,,,,,,1.0,3.0,1.986754967,0.0,0.0,100.0,33.076825,77.216602,,,,,,1,0,0,,
tragopogon marginifolius,,unspecified,2.0,,,,,,,0.0,0.0,0.0,0.0,0.0,0.0,,,,,,,,,,,,,,0,0,1,,
tragopogon orientalis,,unspecified,4.0,,,,,,,0.0,0.0,0.0,0.0,0.0,0.0,,,,,,,,,,,,,,0,0,1,,
tragopogon pratensis,non-woody,herb,2.0,2.48162777,221.4571429,0.038540564,,,,1.0,1.0,1.0,0.0,0.0,0.0,,,,,,,,,,,,,,0,0,1,,
tragus racemosus,non-woody,graminoid,1.0,,,,,,,0.0,0.0,0.0,0.0,0.0,0.0,,,,,,,,,,,,,,0,0,1,,
trattinnickia lawrancei,woody,tree,1.0,0.215,62.84859551,0.438423645,21.93346,0.759184643,,1.0,1.0,1.0,1.0,1.0,0.0,,,,,,,,,,,,,,0,0,1,-0.07492553366364808,-1.254975056041378
traunsteinera sphaerica,non-woody,herb,1.0,,,,,,,0.0,0.0,0.0,0.0,0.0,0.0,,,,,,,,,,,,,,0,0,1,,
trema micranthum,woody,shrub/tree,30.0,,,,,,,0.0,0.0,0.0,0.0,0.0,0.0,,,,,,,,,,,,,,0,0,1,,
trevoa quinquenervia,woody,shrub,1.0,,,,,,,0.0,0.0,0.0,0.0,0.0,0.0,,,,,,,,,,,,,,0,0,1,,
trianthema hereroensis,non-woody,herb,3.0,,,,,,,0.0,0.0,0.0,0.0,0.0,0.0,,,,,,,,,,,,,,0,0,1,,
trianthema portulacastrum,non-woody,herb,2.0,,,,,,44.14,0.0,0.0,0.0,0.0,0.0,1.0,,,,,,,,,,,,,,0,0,1,,
tribolium uniolae,,,,,,,,,,,,,,,,1.0,11.0,34.7826087,11.5942029,0.0,82.60869565,-33.97361111,18.94416667,,,,,,1,0,0,,
tribulus terrestris,non-woody,herb,2.0,,,,,,,0.0,0.0,0.0,0.0,0.0,0.0,,,,,,,,,,,,,,0,0,1,,
tribulus zeyheri,non-woody,herb,1.0,,,,,,,0.0,0.0,0.0,0.0,0.0,0.0,,,,,,,,,,,,,,0,0,1,,
trichilia elegans,woody,tree,24.0,,,,,,,0.0,0.0,0.0,0.0,0.0,0.0,,,,,,,,,,,,,,0,0,1,,
trichilia septentrionalis,woody,tree,5.0,0.72301,14.3139494824,0.30729487240000003,23.237512,2.253667595,,5.0,5.0,5.0,5.0,3.0,0.0,,,,,,,,,,,,,,0,0,1,0.04183232283651901,0.3688920296917775
trichilia tuberculata,woody,tree,1.0,,,,,,,0.0,0.0,0.0,0.0,0.0,0.0,,,,,,,,,,,,,,0,0,1,,
trichodesma indicum,non-woody,herb,1.0,,,,,,47.87,0.0,0.0,0.0,0.0,0.0,1.0,,,,,,,,,,,,,,0,0,1,,
trichodesma zeylanicum,non-woody,herb,1.0,,,,,,35.19,0.0,0.0,0.0,0.0,0.0,1.0,,,,,,,,,,,,,,0,0,1,,
trichophorum alpinum,non-woody,graminoid,1.0,,,,,,,0.0,0.0,0.0,0.0,0.0,0.0,,,,,,,,,,,,,,0,0,1,,
trichophorum cespitosum,non-woody,graminoid,4.0,0.425,35.47,,4.4,,,1.0,1.0,0.0,1.0,0.0,0.0,,,,,,,,,,,,,,0,0,1,,
trichostigma octandrum,non-woody,climber,2.0,,,,,,,0.0,0.0,0.0,0.0,0.0,0.0,,,,,,,,,,,,,,0,0,1,,
tricoryne elatior,,,,,,,,,,,,,,,,4.0,9.5,1.73767253875,9.642280827,0.0,88.5632380475,-37.33333333,142.15,1.0,1.0,1.0,-37.3333,142.15,1,1,0,,
tridax procumbens,non-woody,herb,1.0,,,,,,80.81,0.0,0.0,0.0,0.0,0.0,1.0,,,,,,,,,,,,,,0,0,1,,
trientalis europaea,,,,,,,,,,,,,,,,8.0,9.25,6.730318730625,0.88105894,1.23787143725,97.593240675,69.80597222,27.13,3.0,23.0,1.0,69.8034,27.115466666666666,1,1,0,,
trifolium alpestre,non-woody,herb,5.0,2.24663771,367.1857143,0.121823057,,,,1.0,1.0,1.0,0.0,0.0,0.0,,,,,,,,,,,,,,0,0,1,,
trifolium ambiguum,non-woody,herb,8.0,,,,,,,0.0,0.0,0.0,0.0,0.0,0.0,,,,,,,,,,,,,,0,0,1,,
trifolium angustifolium,non-woody,herb,6.0,0.4079999999999999,128.06,0.10250000000000001,24.146666666666665,2.0,31.4,3.0,3.0,2.0,3.0,1.0,1.0,,,,,,,,,,,,,,0,0,1,1.6774520905141266,-0.16663027867833127
trifolium arvense,non-woody,herb,4.0,2.26004659,525.0076923,0.035782208,,,,1.0,1.0,1.0,0.0,0.0,0.0,,,,,,,,,,,,,,0,0,1,,
trifolium aureum,non-woody,herb,3.0,,,,,,,0.0,0.0,0.0,0.0,0.0,0.0,,,,,,,,,,,,,,0,0,1,,
trifolium badium,non-woody,herb,2.0,,,,,,,0.0,0.0,0.0,0.0,0.0,0.0,,,,,,,,,,,,,,0,0,1,,
trifolium campestre,non-woody,herb,7.0,2.45239483,554.09583335,0.051945454,,,17.9,1.0,2.0,2.0,0.0,0.0,1.0,,,,,,,,,,,,,,0,0,1,,
trifolium canescens,,unspecified,6.0,,,,,,,0.0,0.0,0.0,0.0,0.0,0.0,,,,,,,,,,,,,,0,0,1,,
trifolium dasyphyllum,,herb,2.0,,,,,,,0.0,0.0,0.0,0.0,0.0,0.0,,,,,,,,,,,,,,0,0,1,,
trifolium dubium,non-woody,herb,8.0,0.8762141699999999,261.41794873333333,0.0302582,,,,3.0,3.0,1.0,0.0,0.0,0.0,,,,,,,,,,,,,,0,0,1,,
trifolium fontanum,,unspecified,1.0,,,,,,,0.0,0.0,0.0,0.0,0.0,0.0,,,,,,,,,,,,,,0,0,1,,
trifolium fragiferum,non-woody,herb,5.0,,224.9,0.0962,,,26.0,0.0,1.0,1.0,0.0,0.0,1.0,,,,,,,,,,,,,,0,0,1,,
trifolium hirtum,non-woody,herb,4.0,0.288356067,271.19236565,,,,,2.0,2.0,0.0,0.0,0.0,0.0,,,,,,,,,,,,,,0,0,1,,
trifolium hybridum,non-woody,herb,2.0,,,,,,,0.0,0.0,0.0,0.0,0.0,0.0,,,,,,,,,,,,,,0,0,1,,
trifolium incarnatum,non-woody,herb,6.0,0.27526194400000004,263.07977725,,,,,2.0,2.0,0.0,0.0,0.0,0.0,,,,,,,,,,,,,,0,0,1,,
trifolium longipes,non-woody,herb,5.0,,31.5052455,,16.93052888,,,0.0,4.0,0.0,1.0,0.0,0.0,,,,,,,,,,,,,,0,0,1,,
trifolium lupinaster,non-woody,unspecified,9.0,,5.932499999999999,,,,,0.0,4.0,0.0,0.0,0.0,0.0,,,,,,,,,,,,,,0,0,1,,
trifolium medium,non-woody,herb,8.0,3.23177705,240.7538462,0.103467415,,,,1.0,1.0,1.0,0.0,0.0,0.0,,,,,,,,,,,,,,0,0,1,,
trifolium montanum,non-woody,herb,12.0,2.7624263,203.45,0.101276567,,,,1.0,1.0,1.0,0.0,0.0,0.0,,,,,,,,,,,,,,0,0,1,,
trifolium parryi,,unspecified,2.0,,,,,,,0.0,0.0,0.0,0.0,0.0,0.0,,,,,,,,,,,,,,0,0,1,,
trifolium pratense,non-woody,herb,29.0,0.5521704025,182.260621612,0.07045242525,23.6,,8.7,8.0,10.0,4.0,1.0,0.0,1.0,4.0,15.0,31.014934679,3.06563591325,0.1439290685,96.51233779,47.47277778,10.06777778,9.0,41.77777777777778,1.0,65.93573333333333,16.66798888888889,1,1,1,2.0833714261195846,0.18540810197732022
trifolium purpureum,non-woody,herb,6.0,0.3388213924,200.3561972,0.026701851,,,,5.0,5.0,1.0,0.0,0.0,0.0,,,,,,,,,,,,,,0,0,1,,
trifolium repens,non-woody,herb,58.0,1.3211444385,178.162042925,0.047403236749999994,26.05551264769231,,33.1,2.0,16.0,4.0,13.0,0.0,2.0,,,,,,,,,24.0,51.666666666666664,1.0416666666666667,68.26581666666667,17.613087500000002,0,1,1,2.13210749374955,2.1405173648895275
trifolium resupinatum,non-woody,herb,2.0,0.142,,0.212,,,,1.0,0.0,1.0,0.0,0.0,0.0,,,,,,,,,,,,,,0,0,1,,
trifolium spadiceum,non-woody,herb,3.0,,,,,,,0.0,0.0,0.0,0.0,0.0,0.0,,,,,,,,,,,,,,0,0,1,,
trifolium spumosum,non-woody,herb,4.0,0.3110110545,245.69566595,,,,,2.0,2.0,0.0,0.0,0.0,0.0,,,,,,,,,,,,,,0,0,1,,
trifolium squamosum,non-woody,herb,1.0,0.172,,0.269,,,,1.0,0.0,1.0,0.0,0.0,0.0,,,,,,,,,,,,,,0,0,1,,
trifolium subterraneum,non-woody,herb,61.0,0.3982843820212766,138.67253094413044,0.06214982681081081,,1.863789264166667,24.063321019166665,47.0,46.0,37.0,0.0,36.0,36.0,,,,,,,,,,,,,,0,0,1,,
trifolium trichocephalum,,unspecified,5.0,,,,,,,0.0,0.0,0.0,0.0,0.0,0.0,,,,,,,,,,,,,,0,0,1,,
trifolium tumens,,unspecified,2.0,,,,,,,0.0,0.0,0.0,0.0,0.0,0.0,,,,,,,,,,,,,,0,0,1,,
triglochin maritima,non-woody,herb,2.0,,,,,,,0.0,0.0,0.0,0.0,0.0,0.0,,,,,,,,,,,,,,0,0,1,,
triglochin palustris,non-woody,herb,2.0,,,,,,,0.0,0.0,0.0,0.0,0.0,0.0,,,,,,,,,,,,,,0,0,1,,
trigonella balansae,,unspecified,2.0,,,,,,,0.0,0.0,0.0,0.0,0.0,0.0,,,,,,,,,,,,,,0,0,1,,
trigonella grandiflora,,unspecified,2.0,,,,,,,0.0,0.0,0.0,0.0,0.0,0.0,,,,,,,,,,,,,,0,0,1,,
trigonella stellata,,,1.0,,,,,,,0.0,0.0,0.0,0.0,0.0,0.0,,,,,,,,,,,,,,0,0,1,,
trinia glauca,non-woody,herb,2.0,,,,,,,0.0,0.0,0.0,0.0,0.0,0.0,,,,,,,,,,,,,,0,0,1,,
trinia hispida,,,2.0,,,,,,,0.0,0.0,0.0,0.0,0.0,0.0,,,,,,,,,,,,,,0,0,1,,
triodia pungens,non-woody,graminoid,1.0,,,,,,,0.0,0.0,0.0,0.0,0.0,0.0,,,,,,,,,,,,,,0,0,1,,
tripidium ravennae,non-woody,graminoid,2.0,,,,,,,0.0,0.0,0.0,0.0,0.0,0.0,,,,,,,,,,,,,,0,0,1,,
tripidium rufipilum,,unspecified,3.0,,,,,,,0.0,0.0,0.0,0.0,0.0,0.0,,,,,,,,,,,,,,0,0,1,,
triplaris cumingiana,woody,tree,6.0,0.2980966665,4.183620361,0.5231482925,16.578842205,,,2.0,4.0,2.0,2.0,0.0,0.0,,,,,,,,,,,,,,0,0,1,-1.1723364046168332,-1.0689468545895604
tripleurospermum caucasicum,,unspecified,2.0,,,,,,,0.0,0.0,0.0,0.0,0.0,0.0,,,,,,,,,,,,,,0,0,1,,
tripleurospermum inodorum,non-woody,herb,2.0,2.17653749,293.7,0.074594309,,,,1.0,1.0,1.0,0.0,0.0,0.0,,,,,,,,,,,,,,0,0,1,,
tripleurospermum maritimum,non-woody,herb,1.0,,,,,,,0.0,0.0,0.0,0.0,0.0,0.0,,,,,,,,,,,,,,0,0,1,,
triplochiton scleroxylon,woody,,1.0,,,,,,,0.0,0.0,0.0,0.0,0.0,0.0,,,,,,,,,,,,,,0,0,1,,
triplophyllum vogelii,,,,,,,,,,,,,,,,3.0,12.333333333333334,2.824646449333333,0.0,0.0,78.84350869333333,0.617222222,10.41361111,1.0,2.0,2.0,0.6172,10.4136,1,1,0,,
tripolium pannonicum,non-woody,herb,2.0,,,,,,,0.0,0.0,0.0,0.0,0.0,0.0,,,,,,,,,,,,,,0,0,1,,
tripsacum dactyloides,non-woody,graminoid,1.0,,,,,,,0.0,0.0,0.0,0.0,0.0,0.0,,,,,,,,,,,,,,0,0,1,,
tripsacum laxum,,,1.0,,,,,,,0.0,0.0,0.0,0.0,0.0,0.0,,,,,,,,,,,,,,0,0,1,,
triptilodiscus pygmaeus,,,,,,,,,,,,,,,,2.0,5.0,33.486707568,0.0,0.0,100.0,-41.77277778,147.3030556,,,,,,1,0,0,,
triraphis mollis,,,,,,,,,,,,,,,,8.0,19.375,5.193787490125,0.336544753,0.015489467125,99.1079684425,-23.766805554999998,133.87611114999999,5.0,102.6,1.0,-23.76674,133.8768,1,1,0,,
triricum turgidum,non-woody,graminoid,1.0,,,,,,,0.0,0.0,0.0,0.0,0.0,0.0,,,,,,,,,,,,,,0,0,1,,
trisetum clarkei,,,,,,,,,,,,,,,,1.0,11.0,23.37164751,0.095785441,0.095785441,99.80842912,32.92857039,77.22147706,,,,,,1,0,0,,
trisetum flavescens,non-woody,graminoid,39.0,0.84421749,373.89588557499997,0.16380720425,12.272,,,2.0,4.0,4.0,5.0,0.0,0.0,,,,,,,,,,,,,,0,0,1,2.162064553484951,0.5514925074923497
trisetum spicatum,,,,,,,,,,,,,,,,1.0,,,,,,32.895627,77.196001,,,,,,1,0,0,,
tristachya leucothrix,non-woody,graminoid,1.0,,,,,,,0.0,0.0,0.0,0.0,0.0,0.0,,,,,,,,,,,,,,0,0,1,,
tristaniopsis elliptica,woody,unspecified,4.0,0.29725,41.426249999999996,0.38875000000000004,,,,4.0,4.0,4.0,0.0,0.0,0.0,,,,,,,,,,,,,,0,0,1,,
tristaniopsis obovata,woody,tree,8.0,0.3125,39.996625,0.397625,,,,8.0,8.0,8.0,0.0,0.0,0.0,,,,,,,,,,,,,,0,0,1,,
triticum aestivum,non-woody,graminoid,217.0,,,,12.42,,,0.0,0.0,0.0,5.0,0.0,0.0,,,,,,,,,28.0,41.785714285714285,1.7142857142857142,50.3,-107.683,0,1,1,,
triticum timopheevii,,unspecified,1.0,,,,,,,0.0,0.0,0.0,0.0,0.0,0.0,,,,,,,,,,,,,,0,0,1,,
triticum turgidum,non-woody,graminoid,7.0,0.5,37.42,,15.335,,,2.0,2.0,0.0,2.0,0.0,0.0,,,,,,,,,,,,,,0,0,1,,
triumfetta amuletum,non-woody,herb,2.0,,,,,,,0.0,0.0,0.0,0.0,0.0,0.0,,,,,,,,,,,,,,0,0,1,,
trollius asiaticus,,unspecified,2.0,,,,,,,0.0,0.0,0.0,0.0,0.0,0.0,,,,,,,,,,,,,,0,0,1,,
trollius europaeus,non-woody,herb,10.0,,,,12.83182565,1.717210592,,0.0,0.0,0.0,2.0,2.0,0.0,,,,,,,,,,,,,,0,0,1,,
trollius ranunculinus,,unspecified,2.0,,,,,,,0.0,0.0,0.0,0.0,0.0,0.0,,,,,,,,,,,,,,0,0,1,,
trymatococcus amazonicus,woody,tree,1.0,0.581,7.46,0.531,,,,1.0,1.0,1.0,0.0,0.0,0.0,,,,,,,,,,,,,,0,0,1,,
tsuga canadensis,woody,tree,19.0,0.45847637757142856,26.29294064588889,0.26428445777777776,1.741780575,,,7.0,9.0,9.0,5.0,0.0,0.0,,,,,,,,,,,,,,0,0,1,-1.1896255559399127,0.05794827144486998
tsuga diversifolia,woody,tree,2.0,,,,,,,0.0,0.0,0.0,0.0,0.0,0.0,,,,,,,,,,,,,,0,0,1,,
tsuga heterophylla,woody,tree,22.0,,,,3.44,,,0.0,0.0,0.0,5.0,0.0,0.0,,,,,,,,,,,,,,0,0,1,,
tsuga sieboldii,woody,tree,2.0,,,,,,,0.0,0.0,0.0,0.0,0.0,0.0,,,,,,,,,,,,,,0,0,1,,
tulipa biflora,,unspecified,9.0,,,,,,,0.0,0.0,0.0,0.0,0.0,0.0,,,,,,,,,,,,,,0,0,1,,
tulipa bifloriformis,non-woody,herb,1.0,,,,,,,0.0,0.0,0.0,0.0,0.0,0.0,,,,,,,,,,,,,,0,0,1,,
tulipa gesneriana,non-woody,herb,1.0,,,,,,,0.0,0.0,0.0,0.0,0.0,0.0,,,,,,,,,,,,,,0,0,1,,
tulipa greigii,,unspecified,2.0,,,,,,,0.0,0.0,0.0,0.0,0.0,0.0,,,,,,,,,,,,,,0,0,1,,
tulipa kaufmanniana,,unspecified,1.0,,,,,,,0.0,0.0,0.0,0.0,0.0,0.0,,,,,,,,,,,,,,0,0,1,,
tulipa lehmanniana,,unspecified,1.0,,,,,,,0.0,0.0,0.0,0.0,0.0,0.0,,,,,,,,,,,,,,0,0,1,,
tulipa suaveolens,,unspecified,1.0,,,,,,,0.0,0.0,0.0,0.0,0.0,0.0,,,,,,,,,,,,,,0,0,1,,
turaniphytum eranthemum,,unspecified,2.0,,,,,,,0.0,0.0,0.0,0.0,0.0,0.0,,,,,,,,,,,,,,0,0,1,,
turpinia occidentalis,woody,tree,3.0,0.6015666666666667,27.49619348666667,0.14075567566666666,22.55244,,,3.0,3.0,3.0,3.0,0.0,0.0,,,,,,,,,,,,,,0,0,1,0.7063807983468308,0.41742233380636856
turraeanthus africanus,,,48.0,,0.8691358958333333,,,,,0.0,48.0,0.0,0.0,0.0,0.0,,,,,,,,,,,,,,0,0,1,,
turritis glabra,non-woody,herb,1.0,,,,,,,0.0,0.0,0.0,0.0,0.0,0.0,,,,,,,,,,,,,,0,0,1,,
tussilago farfara,non-woody,herb,7.0,,,,,,,0.0,0.0,0.0,0.0,0.0,0.0,2.0,25.0,17.96367848,0.071684588,0.35023612,99.57807929500001,59.36,26.95194444,,,,,,1,0,1,,
tylecodon wallichii,woody,shrub,1.0,,,,,,,0.0,0.0,0.0,0.0,0.0,0.0,,,,,,,,,,,,,,0,0,1,,
typha latifolia,non-woody,herb,1.0,,,,,,,0.0,0.0,0.0,0.0,0.0,0.0,,,,,,,,,,,,,,0,0,1,,
uapaca kirkiana,woody,tree,7.0,,,,,,,0.0,0.0,0.0,0.0,0.0,0.0,,,,,,,,,,,,,,0,0,1,,
uapaca nitida,woody,tree,3.0,,,,,,,0.0,0.0,0.0,0.0,0.0,0.0,,,,,,,,,,,,,,0,0,1,,
ulex europaeus,woody,shrub,2.0,,,,,,,0.0,0.0,0.0,0.0,0.0,0.0,,,,,,,,,,,,,,0,0,1,,
ulex jussiaei,woody,shrub,1.0,,,,,,,0.0,0.0,0.0,0.0,0.0,0.0,,,,,,,,,,,,,,0,0,1,,
ulex parviflorus,woody,shrub,3.0,0.3731791665,9.189147922,0.7167318595000001,,,,2.0,2.0,2.0,0.0,0.0,0.0,,,,,,,,,,,,,,0,0,1,,
ulmus americana,woody,tree,72.0,0.3591206815384615,50.28129702076923,0.4091410636923077,12.531714285714285,,,13.0,13.0,13.0,7.0,0.0,0.0,,,,,,,,,,,,,,0,0,1,-0.7567165830779509,-0.6873643813764235
ulmus crassifolia,woody,tree,6.0,,,,,,,0.0,0.0,0.0,0.0,0.0,0.0,,,,,,,,,,,,,,0,0,1,,
ulmus davidiana,woody,tree,17.0,0.46734796782352944,60.38083724875,0.29946638400000003,19.05707761857143,,,17.0,12.0,7.0,7.0,0.0,0.0,,,,,,,,,,,,,,0,0,1,0.14213375541730167,-0.27554272985948186
ulmus glabra,woody,tree,2.0,,,,,,,0.0,0.0,0.0,0.0,0.0,0.0,,,,,,,,,,,,,,0,0,1,,
ulmus laciniata,woody,tree,11.0,0.3559588184,74.93467244799999,,9.9,0.85,,10.0,5.0,0.0,1.0,1.0,0.0,,,,,,,,,,,,,,0,0,1,,
ulmus laevis,woody,tree,1.0,,,,,,,0.0,0.0,0.0,0.0,0.0,0.0,,,,,,,,,,,,,,0,0,1,,
ulmus macrocarpa,woody,tree,5.0,0.5058811073999999,32.263024778200005,0.39413886859999997,11.7,,,5.0,5.0,5.0,5.0,0.0,0.0,,,,,,,,,,,,,,0,0,1,-0.9176355446429616,-0.246432620725165
ulmus minor,woody,tree,2.0,0.34785,19.93477395,0.577706024,,,12.58405172,1.0,1.0,1.0,0.0,0.0,1.0,,,,,,,,,,,,,,0,0,1,,
ulmus pumila,woody,tree,22.0,0.28262210383333336,75.44920203333334,0.205555556,21.78493263,3.0,,6.0,6.0,1.0,2.0,1.0,0.0,,,,,,,,,,,,,,0,0,1,0.8168471419737451,-0.5923864621713195
ulmus rubra,woody,tree,4.0,0.37,79.1,0.122,1.53,,,1.0,1.0,1.0,1.0,0.0,0.0,,,,,,,,,,,,,,0,0,1,-0.3199313372919399,0.06612128814132284
umbilicus schmidtii,,,,,,,,,,,,,,,,4.0,15.5,23.77636621625,4.27597062,0.753746176,92.1180428525,15.18027778,-23.69083333,,,,,,1,0,0,,
unonopsis rufescens,woody,tree,2.0,0.5362583335,9.803491803,0.307490915,,,,2.0,1.0,1.0,0.0,0.0,0.0,,,,,,,,,,,,,,0,0,1,,
urera baccifera,woody,shrub/tree,30.0,,,,,,,0.0,0.0,0.0,0.0,0.0,0.0,,,,,,,,,,,,,,0,0,1,,
urera caracasana,woody,shrub/tree,24.0,,,,,,,0.0,0.0,0.0,0.0,0.0,0.0,,,,,,,,,,,,,,0,0,1,,
urochloa dictyoneura,non-woody,graminoid,4.0,,,,3.725,0.29000000000000004,,0.0,0.0,0.0,4.0,4.0,0.0,,,,,,,,,,,,,,0,0,1,,
urochloa eminii,non-woody,graminoid,1.0,,,,11.0,,,0.0,0.0,0.0,1.0,0.0,0.0,,,,,,,,,,,,,,0,0,1,,
urochloa mutica,non-woody,graminoid,4.0,,,,,,,0.0,0.0,0.0,0.0,0.0,0.0,,,,,,,,,,,,,,0,0,1,,
urochloa ramosa,non-woody,graminoid,1.0,,,,,,15.24,0.0,0.0,0.0,0.0,0.0,1.0,,,,,,,,,,,,,,0,0,1,,
ursinia anthemoides,non-woody,herb,1.0,,,,,,,0.0,0.0,0.0,0.0,0.0,0.0,,,,,,,,,,,,,,0,0,1,,
urtica cannabina,non-woody,herb,1.0,,,,,,,0.0,0.0,0.0,0.0,0.0,0.0,,,,,,,,,,,,,,0,0,1,,
urtica dioica,non-woody,herb,7.0,2.08850703,410.3333333,0.035272517,,,,1.0,1.0,1.0,0.0,0.0,0.0,,,,,,,,,,,,,,0,0,1,,
urtica urens,non-woody,herb,2.0,,,,,,,0.0,0.0,0.0,0.0,0.0,0.0,,,,,,,,,,,,,,0,0,1,,
utania racemosa,woody,unspecified,4.0,,,,,,,0.0,0.0,0.0,0.0,0.0,0.0,,,,,,,,,,,,,,0,0,1,,
utania volubilis,woody,unspecified,1.0,,,,,,,0.0,0.0,0.0,0.0,0.0,0.0,,,,,,,,,,,,,,0,0,1,,
vaccaria hispanica,non-woody,herb,2.0,,,,,,,0.0,0.0,0.0,0.0,0.0,0.0,,,,,,,,,,,,,,0,0,1,,
vaccaria viscosum,,unspecified,1.0,,,,,,,0.0,0.0,0.0,0.0,0.0,0.0,,,,,,,,,,,,,,0,0,1,,
vaccinium angustifolium,woody,shrub,2.0,,,,,,,0.0,0.0,0.0,0.0,0.0,0.0,,,,,,,,,,,,,,0,0,1,,
vaccinium bracteatum,woody,shrub,5.0,0.26,550.9,,,,,1.0,1.0,0.0,0.0,0.0,0.0,,,,,,,,,,,,,,0,0,1,,
vaccinium corymbosum,woody,shrub,7.0,0.13513963071428572,307.458644928,0.36343038940000005,,,19.847604617142856,7.0,5.0,5.0,0.0,0.0,7.0,,,,,,,,,,,,,,0,0,1,,
vaccinium mandarinorum,woody,tree,1.0,0.07812,106.71,0.53,11.38,,55.0,1.0,1.0,1.0,1.0,0.0,1.0,,,,,,,,,,,,,,0,0,1,-0.826249528840131,-1.7336972360703164
vaccinium microcarpum,,unspecified,2.0,,,,,,,0.0,0.0,0.0,0.0,0.0,0.0,,,,,,,,,,,,,,0,0,1,,
vaccinium myrtilloides,woody,shrub,2.0,,,,,,,0.0,0.0,0.0,0.0,0.0,0.0,,,,,,,,,,,,,,0,0,1,,
vaccinium myrtillus,woody,shrub,45.0,0.24,137.77201726666667,,10.78512421,1.3248776425000002,,4.0,3.0,0.0,4.0,4.0,0.0,,,,,,,,,,,,,,0,0,1,,
vaccinium oxycoccos,woody,shrub,4.0,,,,,,,0.0,0.0,0.0,0.0,0.0,0.0,,,,,,,,,,,,,,0,0,1,,
vaccinium pallidum,woody,shrub,1.0,,,,9.79,,,0.0,0.0,0.0,1.0,0.0,0.0,,,,,,,,,,,,,,0,0,1,,
vaccinium palustre,,unspecified,6.0,,,,,,,0.0,0.0,0.0,0.0,0.0,0.0,,,,,,,,,,,,,,0,0,1,,
vaccinium smallii,woody,,1.0,,,,6.7,0.32,,0.0,0.0,0.0,1.0,1.0,0.0,,,,,,,,,,,,,,0,0,1,,
vaccinium uliginosum,woody,shrub,58.0,0.2283714285714286,108.17979547428571,,9.604236309500001,1.2197706775,,14.0,14.0,0.0,12.0,12.0,0.0,,,,,,,,,,,,,,0,0,1,,
vaccinium vitis-idaea,woody,shrub,91.0,0.20818,195.54981203709676,,11.243384351891892,1.7239531667878787,,30.0,31.0,0.0,37.0,33.0,0.0,,,,,,,,,,,,,,0,0,1,,
vachellia amythethophylla,woody,tree,2.0,,,,,,,0.0,0.0,0.0,0.0,0.0,0.0,,,,,,,,,,,,,,0,0,1,,
vachellia bidwillii,woody,tree,1.0,,,,,,,0.0,0.0,0.0,0.0,0.0,0.0,,,,,,,,,,,,,,0,0,1,,
vachellia bussei,,,1.0,,,,,,,0.0,0.0,0.0,0.0,0.0,0.0,,,,,,,,,,,,,,0,0,1,,
vachellia eburnea,,unspecified,1.0,,,,,,67.12,0.0,0.0,0.0,0.0,0.0,1.0,,,,,,,,,,,,,,0,0,1,,
vachellia edgeworthii,,,1.0,,,,,,,0.0,0.0,0.0,0.0,0.0,0.0,,,,,,,,,,,,,,0,0,1,,
vachellia erioloba,woody,tree,14.0,,,,,,,0.0,0.0,0.0,0.0,0.0,0.0,,,,,,,,,4.0,21.0,1.25,-24.6778,28.6608,0,1,1,,
vachellia farnesiana,woody,shrub/tree,1.0,,,,,,79.98,0.0,0.0,0.0,0.0,0.0,1.0,,,,,,,,,,,,,,0,0,1,,
vachellia gerrardii,woody,tree,2.0,,,,,,,0.0,0.0,0.0,0.0,0.0,0.0,,,,,,,,,,,,,,0,0,1,,
vachellia hockii,woody,unspecified,2.0,,,,,,,0.0,0.0,0.0,0.0,0.0,0.0,,,,,,,,,,,,,,0,0,1,,
vachellia karroo,,unspecified,1.0,,,,,,,0.0,0.0,0.0,0.0,0.0,0.0,,,,,,,,,,,,,,0,0,1,,
vachellia leucophloea,woody,tree,1.0,,,,,,40.74,0.0,0.0,0.0,0.0,0.0,1.0,,,,,,,,,,,,,,0,0,1,,
vachellia luederitzii,,,1.0,,,,,,,0.0,0.0,0.0,0.0,0.0,0.0,,,,,,,,,,,,,,0,0,1,,
vachellia nilotica,woody,tree,17.0,,,,17.8,1.1,58.54,0.0,0.0,0.0,1.0,1.0,1.0,,,,,,,,,,,,,,0,0,1,,
vachellia reficiens,woody,tree,3.0,,,,,,,0.0,0.0,0.0,0.0,0.0,0.0,,,,,,,,,,,,,,0,0,1,,
vachellia robusta,woody,tree,2.0,,,,,,,0.0,0.0,0.0,0.0,0.0,0.0,,,,,,,,,,,,,,0,0,1,,
vachellia seyal,woody,shrub,7.0,,,,,,,0.0,0.0,0.0,0.0,0.0,0.0,,,,,,,,,2.0,216.5,1.0,14.5781,-17.0172,0,1,1,,
vachellia sieberiana,woody,tree,4.0,,,,,,,0.0,0.0,0.0,0.0,0.0,0.0,,,,,,,,,,,,,,0,0,1,,
vachellia tortilis,woody,shrub/tree,11.0,,,,,,,0.0,0.0,0.0,0.0,0.0,0.0,,,,,,,,,,,,,,0,0,1,,
valeriana alliariifolia,,unspecified,5.0,,,,,,,0.0,0.0,0.0,0.0,0.0,0.0,,,,,,,,,,,,,,0,0,1,,
valeriana alpestris,non-woody,herb,7.0,,48.7,,8.572,0.626602865,,0.0,1.0,0.0,1.0,1.0,0.0,,,,,,,,,,,,,,0,0,1,,
valeriana capitata,,herb,1.0,,,,,,,0.0,0.0,0.0,0.0,0.0,0.0,,,,,,,,,,,,,,0,0,1,,
valeriana cardamines,non-woody,herb,2.0,,,,,,,0.0,0.0,0.0,0.0,0.0,0.0,,,,,,,,,,,,,,0,0,1,,
valeriana carinata,,,2.0,,,,,,,0.0,0.0,0.0,0.0,0.0,0.0,,,,,,,,,,,,,,0,0,1,,
valeriana clarionifolia,,,1.0,,,,,,,0.0,0.0,0.0,0.0,0.0,0.0,,,,,,,,,,,,,,0,0,1,,
valeriana colchica,,unspecified,1.0,,,,,,,0.0,0.0,0.0,0.0,0.0,0.0,,,,,,,,,,,,,,0,0,1,,
valeriana dioica,non-woody,herb,1.0,,,,,,,0.0,0.0,0.0,0.0,0.0,0.0,,,,,,,,,,,,,,0,0,1,,
valeriana himalayana,,,,,,,,,,,,,,,,2.0,9.0,4.491571372,0.0,4.146011717,95.853988285,33.8070393,77.217269335,,,,,,1,0,0,,
valeriana jelenevskyi,,unspecified,1.0,,,,,,,0.0,0.0,0.0,0.0,0.0,0.0,,,,,,,,,,,,,,0,0,1,,
valeriana locusta,,,2.0,1.61086485,563.26,0.12422171,,,,1.0,1.0,1.0,0.0,0.0,0.0,,,,,,,,,,,,,,0,0,1,,
valeriana officinalis,non-woody,herb,21.0,0.8728069408,503.1444444,0.2653375702,,,,5.0,1.0,5.0,0.0,0.0,0.0,,,,,,,,,,,,,,0,0,1,,
valeriana rossica,,unspecified,1.0,,,,,,,0.0,0.0,0.0,0.0,0.0,0.0,,,,,,,,,,,,,,0,0,1,,
valeriana saxicola,non-woody,herb,1.0,,,,,,,0.0,0.0,0.0,0.0,0.0,0.0,,,,,,,,,,,,,,0,0,1,,
valerianella carinata,non-woody,herb,1.0,,,,,,,0.0,0.0,0.0,0.0,0.0,0.0,,,,,,,,,,,,,,0,0,1,,
valerianella rimosa,non-woody,herb,1.0,,,,,,,0.0,0.0,0.0,0.0,0.0,0.0,,,,,,,,,,,,,,0,0,1,,
valerianella turkestanica,,unspecified,1.0,,,,,,,0.0,0.0,0.0,0.0,0.0,0.0,,,,,,,,,,,,,,0,0,1,,
vepris nobilis,woody,shrub/tree,1.0,0.75,6.35,0.39,,,,1.0,1.0,1.0,0.0,0.0,0.0,,,,,,,,,,,,,,0,0,1,,
veratrum album,non-woody,herb,1.0,,,,,,,0.0,0.0,0.0,0.0,0.0,0.0,,,,,,,,,,,,,,0,0,1,,
veratrum lobelianum,non-woody,herb,14.0,,,,,,,0.0,0.0,0.0,0.0,0.0,0.0,,,,,,,,,,,,,,0,0,1,,
veratrum nigrum,non-woody,herb,2.0,0.3396,126.313532905,0.093278814,14.39414,,,2.0,2.0,2.0,2.0,0.0,0.0,,,,,,,,,,,,,,0,0,1,1.0215408415389065,-0.18922432921821672
veratrum oxysepalum,,,,,,,,,,,,,,,,4.0,3.5,36.8506493525,2.8814935065,0.0,91.72077922,53.0425,158.6697222,1.0,6.0,1.0,53.0425,158.67,1,1,0,,
verbascum lychnitis,non-woody,herb,1.0,,,,,,,0.0,0.0,0.0,0.0,0.0,0.0,,,,,,,,,,,,,,0,0,1,,
verbascum nigrum,non-woody,herb,1.0,,,,,,,0.0,0.0,0.0,0.0,0.0,0.0,,,,,,,,,,,,,,0,0,1,,
verbascum phoeniceum,non-woody,herb,2.0,,,,,,,0.0,0.0,0.0,0.0,0.0,0.0,,,,,,,,,,,,,,0,0,1,,
verbascum pyramidatum,non-woody,herb,1.0,,,,,,,0.0,0.0,0.0,0.0,0.0,0.0,,,,,,,,,,,,,,0,0,1,,
verbascum thapsus,non-woody,herb,10.0,0.33,42.494974729999996,0.19,10.57730317,,,1.0,4.0,1.0,1.0,0.0,0.0,,,,,,,,,,,,,,0,0,1,-0.15660883212330395,-0.24156156447969193
verbena bracteata,non-woody,herb,4.0,,46.875157019999996,,14.37707663,,,0.0,3.0,0.0,1.0,0.0,0.0,,,,,,,,,,,,,,0,0,1,,
verbena hastata,non-woody,herb,1.0,0.32,92.0,0.13,,,,1.0,1.0,1.0,0.0,0.0,0.0,,,,,,,,,,,,,,0,0,1,,
verbena officinalis,non-woody,herb,2.0,,,,,,,0.0,0.0,0.0,0.0,0.0,0.0,,,,,,,,,,,,,,0,0,1,,
verbena stricta,non-woody,herb,4.0,,,,,,,0.0,0.0,0.0,0.0,0.0,0.0,,,,,,,,,,,,,,0,0,1,,
verbena urticifolia,non-woody,herb,1.0,,,,,,,0.0,0.0,0.0,0.0,0.0,0.0,,,,,,,,,,,,,,0,0,1,,
verbesina alternifolia,non-woody,herb,1.0,0.4536,,0.312013,,,,1.0,0.0,1.0,0.0,0.0,0.0,,,,,,,,,,,,,,0,0,1,,
verinica argute-serrata,,unspecified,1.0,,,,,,,0.0,0.0,0.0,0.0,0.0,0.0,,,,,,,,,,,,,,0,0,1,,
vernicia fordii,woody,tree,1.0,,,,,,,0.0,0.0,0.0,0.0,0.0,0.0,,,,,,,,,,,,,,0,0,1,,
vernonia baldwinii,non-woody,herb,6.0,0.33183,,0.34941,,,,1.0,0.0,1.0,0.0,0.0,0.0,,,,,,,,,,,,,,0,0,1,,
veronia fasciculata,non-woody,herb,1.0,0.31,123.0,0.11,,,,1.0,1.0,1.0,0.0,0.0,0.0,,,,,,,,,,,,,,0,0,1,,
veronica agrestis,non-woody,herb,1.0,,,,,,,0.0,0.0,0.0,0.0,0.0,0.0,,,,,,,,,,,,,,0,0,1,,
veronica anagallis-aquatica,non-woody,herb,2.0,,,,,,,0.0,0.0,0.0,0.0,0.0,0.0,,,,,,,,,,,,,,0,0,1,,
veronica anagalloides,,,,,,,,,,,,,,,,1.0,7.0,30.0,0.0,0.0,100.0,34.05454405,77.64859864,,,,,,1,0,0,,
veronica arvensis,non-woody,herb,3.0,1.6314813,713.9166667,0.098561623,,,,1.0,1.0,1.0,0.0,0.0,0.0,,,,,,,,,,,,,,0,0,1,,
veronica austriaca,non-woody,herb,6.0,2.05973435,623.7909091,0.043223918,,,,1.0,1.0,1.0,0.0,0.0,0.0,,,,,,,,,,,,,,0,0,1,,
veronica beccabunga,non-woody,herb,3.0,,,,,,,0.0,0.0,0.0,0.0,0.0,0.0,1.0,,,,,,32.8612275,77.18407273,,,,,,1,0,1,,
veronica biloba,,unspecified,1.0,,,,,,,0.0,0.0,0.0,0.0,0.0,0.0,1.0,2.0,100.0,33.33333333,0.0,66.66666667,32.81302812,77.12123293,,,,,,1,0,1,,
veronica campylopoda,,unspecified,2.0,,,,,,,0.0,0.0,0.0,0.0,0.0,0.0,,,,,,,,,,,,,,0,0,1,,
veronica chamaedrys,non-woody,herb,11.0,2.08380157,506.6545455,0.090199136,,,,1.0,1.0,1.0,0.0,0.0,0.0,13.0,13.538461538461538,44.911042643076925,7.204269477153847,0.02090301,91.15393824846154,58.881260684615384,25.506282052307693,,,,,,1,0,1,,
veronica ciliata,,,,,,,,,,,,,,,,1.0,12.0,43.45991561,0.0,0.0,100.0,32.864303,77.184991,,,,,,1,0,0,,
veronica denudata,,unspecified,1.0,,,,,,,0.0,0.0,0.0,0.0,0.0,0.0,,,,,,,,,,,,,,0,0,1,,
veronica epacridea,woody,unspecified,3.0,,79.25228944566668,,4.847881535,,,0.0,3.0,0.0,1.0,0.0,0.0,,,,,,,,,,,,,,0,0,1,,
veronica gentianoides,non-woody,herb,15.0,,40.1,,10.739,1.492768124,,0.0,1.0,0.0,1.0,1.0,0.0,,,,,,,,,,,,,,0,0,1,,
veronica gorbunovii,,unspecified,1.0,,,,,,,0.0,0.0,0.0,0.0,0.0,0.0,,,,,,,,,,,,,,0,0,1,,
veronica hederifolia,non-woody,herb,3.0,2.28864064,365.0333333,0.028613367,,,,1.0,1.0,1.0,0.0,0.0,0.0,,,,,,,,,,,,,,0,0,1,,
veronica incana,non-woody,herb,2.0,,,,,,,0.0,0.0,0.0,0.0,0.0,0.0,4.0,27.0,35.457473565,0.35710145475,0.015571473,99.56943074,47.75777778,107.1322222,4.0,15.0,2.0,47.7578,107.132,1,1,1,,
veronica lilliputiana,,unspecified,60.0,,172.46848410958333,0.033333333,,,,0.0,24.0,60.0,0.0,0.0,0.0,,,,,,,,,,,,,,0,0,1,,
veronica longifolia,non-woody,herb,5.0,,,,,,,0.0,0.0,0.0,0.0,0.0,0.0,,,,,,,,,,,,,,0,0,1,,
veronica officinalis,non-woody,herb,7.0,1.66194172,681.2545455,0.060127764,,,,1.0,1.0,1.0,0.0,0.0,0.0,,,,,,,,,,,,,,0,0,1,,
veronica peduncularis,,unspecified,1.0,,,,,,,0.0,0.0,0.0,0.0,0.0,0.0,,,,,,,,,,,,,,0,0,1,,
veronica persica,non-woody,herb,7.0,0.7972547166666667,419.9533333333334,0.06646479666666667,13.094999999999999,2.3,,3.0,3.0,3.0,2.0,1.0,0.0,,,,,,,,,,,,,,0,0,1,2.8893506269793465,0.562657104013054
veronica petraea,,unspecified,1.0,,,,,,,0.0,0.0,0.0,0.0,0.0,0.0,,,,,,,,,,,,,,0,0,1,,
veronica plantaginea,,unspecified,2.0,,,,,,,0.0,0.0,0.0,0.0,0.0,0.0,,,,,,,,,,,,,,0,0,1,,
veronica polita,non-woody,herb,1.0,,,,,,,0.0,0.0,0.0,0.0,0.0,0.0,,,,,,,,,,,,,,0,0,1,,
veronica praecox,non-woody,herb,1.0,,,,,,,0.0,0.0,0.0,0.0,0.0,0.0,,,,,,,,,,,,,,0,0,1,,
veronica schistosa,,unspecified,1.0,,,,,,,0.0,0.0,0.0,0.0,0.0,0.0,,,,,,,,,,,,,,0,0,1,,
veronica serpyllifolia,non-woody,herb,4.0,1.53969091,525.7333333,0.107550118,,,,1.0,1.0,1.0,0.0,0.0,0.0,,,,,,,,,,,,,,0,0,1,,
veronica spicata,non-woody,herb,13.0,1.89175276,241.7928571,0.183054921,,,,1.0,1.0,1.0,0.0,0.0,0.0,10.0,20.3,9.4693613274,0.005008765300000001,0.011435460599999999,99.231094004,58.105166663,22.190222221,3.0,5.666666666666667,1.0,58.1094,22.1914,1,1,1,,
veronica spuria,non-woody,unspecified,3.0,0.1867,226.9158333,0.163636364,20.28546426,,,1.0,1.0,1.0,1.0,0.0,0.0,,,,,,,,,,,,,,0,0,1,1.8999636015060808,-0.9652577127395942
veronica telephiifolia,,unspecified,2.0,,,,,,,0.0,0.0,0.0,0.0,0.0,0.0,,,,,,,,,,,,,,0,0,1,,
veronica triphyllos,non-woody,herb,1.0,,,,,,,0.0,0.0,0.0,0.0,0.0,0.0,,,,,,,,,,,,,,0,0,1,,
veronica verna,non-woody,herb,2.0,,,,,,,0.0,0.0,0.0,0.0,0.0,0.0,,,,,,,,,,,,,,0,0,1,,
veronicastrum virginicum,non-woody,herb,1.0,0.3,131.0,0.11,,,,1.0,1.0,1.0,0.0,0.0,0.0,,,,,,,,,,,,,,0,0,1,,
viburnum dentatum,woody,shrub,6.0,0.5365283126666666,9.562606279,0.4834601115,11.106874999999999,,77.375,3.0,4.0,4.0,2.0,0.0,2.0,,,,,,,,,,,,,,0,0,1,-1.439188570334043,-0.32145874057958274
viburnum edule,woody,shrub,1.0,,11.6,0.37,13.8,,,0.0,1.0,1.0,1.0,0.0,0.0,,,,,,,,,,,,,,0,0,1,,
viburnum lantana,woody,shrub/tree,6.0,,12.1,0.36,8.9,,,0.0,1.0,1.0,1.0,0.0,0.0,,,,,,,,,,,,,,0,0,1,,
viburnum opulus,woody,shrub/tree,6.0,,8.3,0.41,11.1,,,0.0,1.0,1.0,1.0,0.0,0.0,,,,,,,,,,,,,,0,0,1,,
viburnum orientale,woody,shrub,1.0,,,,,,,0.0,0.0,0.0,0.0,0.0,0.0,,,,,,,,,,,,,,0,0,1,,
viburnum sargentii,woody,unspecified,1.0,,,,,,,0.0,0.0,0.0,0.0,0.0,0.0,,,,,,,,,,,,,,0,0,1,,
viburnum sieboldii,woody,shrub/tree,1.0,,12.2,0.27,13.0,,,0.0,1.0,1.0,1.0,0.0,0.0,,,,,,,,,,,,,,0,0,1,,
viburnum stipitatum,,,1.0,0.9775,4.016494494,0.331652174,19.61034,,,1.0,1.0,1.0,1.0,0.0,0.0,,,,,,,,,,,,,,0,0,1,-0.4321909030673841,1.0174453784525275
viburnum tinus,woody,shrub,1.0,0.453275,11.2699308,0.635587092,,,25.33101852,1.0,1.0,1.0,0.0,0.0,1.0,,,,,,,,,,,,,,0,0,1,,
vicia alpestris,,unspecified,2.0,,,,,,,0.0,0.0,0.0,0.0,0.0,0.0,,,,,,,,,,,,,,0,0,1,,
vicia americana,non-woody,climber,8.0,0.3631783335,83.8167479472,0.096375062,21.77102804,,,2.0,5.0,2.0,1.0,0.0,0.0,,,,,,,,,,,,,,0,0,1,1.2439483685233999,-0.16381998428935046
vicia amoena,non-woody,herb,4.0,,14.584999999999999,,,,,0.0,4.0,0.0,0.0,0.0,0.0,,,,,,,,,,,,,,0,0,1,,
vicia balansae,,unspecified,1.0,,,,,,,0.0,0.0,0.0,0.0,0.0,0.0,,,,,,,,,,,,,,0,0,1,,
vicia cracca,non-woody,climber,13.0,3.37464685,85.16923075,0.10699584250000001,,,14.3,1.0,2.0,2.0,0.0,0.0,1.0,,,,,,,,,,,,,,0,0,1,,
vicia faba,non-woody,herb,3.0,,,,,,,0.0,0.0,0.0,0.0,0.0,0.0,,,,,,,,,,,,,,0,0,1,,
vicia graminea,non-woody,herb,2.0,,11.0,0.07,28.9,,36.0,0.0,1.0,1.0,1.0,0.0,1.0,,,,,,,,,,,,,,0,0,1,,
vicia hirsuta,non-woody,climber,3.0,2.40556727,366.6166667,0.073111515,,,,1.0,1.0,1.0,0.0,0.0,0.0,,,,,,,,,,,,,,0,0,1,,
vicia lathyroides,non-woody,herb,2.0,2.90566919,294.7142857,0.044380379,,,,1.0,1.0,1.0,0.0,0.0,0.0,,,,,,,,,,,,,,0,0,1,,
vicia lens,,unspecified,3.0,,,,,,,0.0,0.0,0.0,0.0,0.0,0.0,,,,,,,,,,,,,,0,0,1,,
vicia multicaulis,,unspecified,5.0,,16.7,,,,,0.0,4.0,0.0,0.0,0.0,0.0,,,,,,,,,,,,,,0,0,1,,
vicia pulchella,non-woody,herb,4.0,,26.062824723333335,,27.79198647,,,0.0,3.0,0.0,1.0,0.0,0.0,,,,,,,,,,,,,,0,0,1,,
vicia sativa,non-woody,climber,5.0,3.01852346,214.1,0.033177685,,,,1.0,1.0,1.0,0.0,0.0,0.0,,,,,,,,,,,,,,0,0,1,,
vicia sepium,non-woody,herb,15.0,3.96695451,77.475,0.083175138,,,,1.0,1.0,1.0,0.0,0.0,0.0,,,,,,,,,,,,,,0,0,1,,
vicia sylvatica,non-woody,herb,2.0,,,,,,,0.0,0.0,0.0,0.0,0.0,0.0,,,,,,,,,,,,,,0,0,1,,
vicia tenuifolia,non-woody,climber,7.0,3.39270721,152.0923077,0.135346023,,,5.8,1.0,2.0,2.0,0.0,0.0,1.0,,,,,,,,,,,,,,0,0,1,,
vicia tetrasperma,non-woody,herb,3.0,2.55436765,235.3166667,0.035947833,,,,1.0,1.0,1.0,0.0,0.0,0.0,,,,,,,,,,,,,,0,0,1,,
vicia unijuga,non-woody,herb,1.0,,3.130100177,,,,,0.0,1.0,0.0,0.0,0.0,0.0,,,,,,,,,,,,,,0,0,1,,
vicia villosa,non-woody,climber,5.0,0.43,93.66666666666667,0.12,30.15,,,1.0,3.0,1.0,2.0,0.0,0.0,,,,,,,,,,,,,,0,0,1,1.8054410590754102,-0.1720947226617386
vietnamosasa pusilla,,unspecified,1.0,,,,11.3,,,0.0,0.0,0.0,1.0,0.0,0.0,4.0,4.75,10.59322034,0.0,0.0,89.5480226,16.85944444,100.4652778,1.0,30.0,1.0,16.8594,100.465,1,1,1,,
vigna radiata,non-woody,herb,2.0,,,,,,,0.0,0.0,0.0,0.0,0.0,0.0,,,,,,,,,,,,,,0,0,1,,
vigna unguiculata,non-woody,herb,1.0,,,,,,,0.0,0.0,0.0,0.0,0.0,0.0,,,,,,,,,,,,,,0,0,1,,
vinca major,non-woody/woody,herb/shrub,1.0,,,,,,,0.0,0.0,0.0,0.0,0.0,0.0,,,,,,,,,,,,,,0,0,1,,
vinca minor,non-woody/woody,herb/shrub,1.0,,,,,,,0.0,0.0,0.0,0.0,0.0,0.0,4.0,15.25,39.955848402250005,1.64816415675,0.0,97.42590992,44.75444444,-0.395277778,2.0,38.5,2.5,44.7544,-0.395278,1,1,1,,
vincetoxicum hirundinaria,non-woody,herb,1.0,,,,,,,0.0,0.0,0.0,0.0,0.0,0.0,4.0,14.75,30.711156238500003,0.0,0.0,99.35221662000001,56.53638889,16.47694444,2.0,10.5,1.0,56.5364,16.4769,1,1,1,,
vincetoxicum rehmannii,,unspecified,2.0,,,,,,,0.0,0.0,0.0,0.0,0.0,0.0,,,,,,,,,,,,,,0,0,1,,
viola adunca,non-woody,herb,1.0,0.24115,83.2199336,0.357352941,,,,1.0,1.0,1.0,0.0,0.0,0.0,,,,,,,,,,,,,,0,0,1,,
viola altaica,non-woody,herb,1.0,,211.7,,,3.710551383,,0.0,1.0,0.0,0.0,1.0,0.0,,,,,,,,,,,,,,0,0,1,,
viola arvensis,non-woody,herb,5.0,1.69106529,558.0,0.0188589,,,,1.0,1.0,1.0,0.0,0.0,0.0,,,,,,,,,,,,,,0,0,1,,
viola biflora,non-woody,herb,2.0,,,,,,,0.0,0.0,0.0,0.0,0.0,0.0,,,,,,,,,,,,,,0,0,1,,
viola canadensis,non-woody,herb,4.0,,58.38466050666667,,8.820996881,,,0.0,3.0,0.0,1.0,0.0,0.0,,,,,,,,,,,,,,0,0,1,,
viola canina,non-woody,herb,9.0,,,,,,,0.0,0.0,0.0,0.0,0.0,0.0,,,,,,,,,,,,,,0,0,1,,
viola caucasica,,unspecified,2.0,,,,,,,0.0,0.0,0.0,0.0,0.0,0.0,,,,,,,,,,,,,,0,0,1,,
viola collina,non-woody,herb,1.0,,,,,,,0.0,0.0,0.0,0.0,0.0,0.0,,,,,,,,,,,,,,0,0,1,,
viola cornuta,non-woody,herb,1.0,,,,,,,0.0,0.0,0.0,0.0,0.0,0.0,,,,,,,,,,,,,,0,0,1,,
viola cucullata,non-woody,unspecified,2.0,,,,,,,0.0,0.0,0.0,0.0,0.0,0.0,,,,,,,,,,,,,,0,0,1,,
viola epipsila,non-woody,herb,1.0,,,,,,,0.0,0.0,0.0,0.0,0.0,0.0,,,,,,,,,,,,,,0,0,1,,
viola hirta,non-woody,herb,5.0,,,,,,,0.0,0.0,0.0,0.0,0.0,0.0,,,,,,,,,,,,,,0,0,1,,
viola labradorica,,unspecified,1.0,,,,,,,0.0,0.0,0.0,0.0,0.0,0.0,,,,,,,,,,,,,,0,0,1,,
viola mauritii,,unspecified,1.0,,,,,,,0.0,0.0,0.0,0.0,0.0,0.0,,,,,,,,,,,,,,0,0,1,,
viola minuta,,unspecified,2.0,,,,,,,0.0,0.0,0.0,0.0,0.0,0.0,,,,,,,,,,,,,,0,0,1,,
viola mirabilis,non-woody,herb,4.0,,,,,,,0.0,0.0,0.0,0.0,0.0,0.0,14.0,11.571428571428571,33.07211995321428,8.0046620235,2.472733476642857,88.35433409285714,58.859781747142854,25.36775793857143,3.0,1.6666666666666667,1.0,58.5839,23.568,1,1,1,,
viola oreades,,unspecified,1.0,,,,,,,0.0,0.0,0.0,0.0,0.0,0.0,,,,,,,,,,,,,,0,0,1,,
viola palustris,non-woody,herb,2.0,,,,,,,0.0,0.0,0.0,0.0,0.0,0.0,,,,,,,,,,,,,,0,0,1,,
viola pubescens,non-woody,herb,6.0,1.23,412.53999999999996,,30.080000000000002,,,5.0,5.0,0.0,5.0,0.0,0.0,,,,,,,,,,,,,,0,0,1,,
viola purpurea,non-woody,herb,2.0,,,,,,,0.0,0.0,0.0,0.0,0.0,0.0,,,,,,,,,,,,,,0,0,1,,
viola reichenbachiana,non-woody,herb,1.0,,,,,,,0.0,0.0,0.0,0.0,0.0,0.0,,,,,,,,,,,,,,0,0,1,,
viola riviniana,non-woody,herb,1.0,,,,,,,0.0,0.0,0.0,0.0,0.0,0.0,,,,,,,,,,,,,,0,0,1,,
viola rupestris,non-woody,herb,8.0,,,,,,,0.0,0.0,0.0,0.0,0.0,0.0,9.0,23.555555555555557,10.390010282777776,0.022427118444444442,0.11815496966666666,87.58404451,55.45756481555556,28.08835864,,,,,,1,0,1,,
viola somchetica,,unspecified,1.0,,,,,,,0.0,0.0,0.0,0.0,0.0,0.0,,,,,,,,,,,,,,0,0,1,,
viola thomasiana,,unspecified,2.0,0.408,31.0,,18.17,,,1.0,1.0,0.0,1.0,0.0,0.0,,,,,,,,,,,,,,0,0,1,,
viola tricolor,non-woody,herb,4.0,,,,,,,0.0,0.0,0.0,0.0,0.0,0.0,,,,,,,,,,,,,,0,0,1,,
viola uliginosa,non-woody,herb,1.0,,,,,,,0.0,0.0,0.0,0.0,0.0,0.0,,,,,,,,,,,,,,0,0,1,,
virola koschnyi,woody,unspecified,21.0,,,,,,22.8738681072,0.0,0.0,0.0,0.0,0.0,20.0,,,,,,,,,,,,,,0,0,1,,
virola sebifera,woody,unspecified,19.0,1.44,3.223735484,0.190464488,20.00952,1.115194985,40.86084435788236,1.0,1.0,1.0,1.0,1.0,17.0,,,,,,,,,6.0,2.6666666666666665,1.3333333333333333,9.11006,-79.8434,0,1,1,-0.01246297582422427,2.484112351784446
virola surinamensis,woody,tree,5.0,,,,,,,0.0,0.0,0.0,0.0,0.0,0.0,,,,,,,,,,,,,,0,0,1,,
viscaria cardinalis,,unspecified,1.0,,,,,,,0.0,0.0,0.0,0.0,0.0,0.0,,,,,,,,,,,,,,0,0,1,,
viscaria oculata,,unspecified,1.0,,,,,,,0.0,0.0,0.0,0.0,0.0,0.0,,,,,,,,,,,,,,0,0,1,,
vismia gracilis,woody,tree,2.0,,,,,,,0.0,0.0,0.0,0.0,0.0,0.0,,,,,,,,,,,,,,0,0,1,,
vismia japurensis,woody,tree,2.0,,,,,,,0.0,0.0,0.0,0.0,0.0,0.0,,,,,,,,,,,,,,0,0,1,,
vismia macrophylla,woody,tree,2.0,,,,,,,0.0,0.0,0.0,0.0,0.0,0.0,,,,,,,,,,,,,,0,0,1,,
vismia tomentosa,,tree,2.0,,,,,,,0.0,0.0,0.0,0.0,0.0,0.0,,,,,,,,,,,,,,0,0,1,,
vitellaria paradoxa,woody,,1.0,,,,,,,0.0,0.0,0.0,0.0,0.0,0.0,,,,,,,,,,,,,,0,0,1,,
vitex lucens,woody,tree,12.0,0.5437833333333334,41.355838515,0.11565265225,22.5,,,12.0,12.0,12.0,1.0,0.0,0.0,,,,,,,,,,,,,,0,0,1,0.8991700542619968,0.30592456850617794
vitex negundo,woody,shrub,1.0,,,,,,66.27,0.0,0.0,0.0,0.0,0.0,1.0,,,,,,,,,,,,,,0,0,1,,
vitis amurensis,woody,climber,2.0,0.27505,104.01133692,0.1733653845,26.766694164999997,,,2.0,2.0,2.0,2.0,0.0,0.0,,,,,,,,,,,,,,0,0,1,1.479793048368645,-0.6510065411872535
vitis vinifera,woody,shrub,17.0,0.3883691665625,2.626244543125,0.46471757,,,34.2953125008125,16.0,16.0,1.0,0.0,0.0,16.0,,,,,,,,,76.0,84.60526315789474,2.6578947368421053,43.136559210526315,3.8679756578947364,0,1,1,,
vitis vulpina,woody,climber,34.0,0.7021566666666668,20.264316073866667,0.16638198003333335,,,,30.0,30.0,30.0,0.0,0.0,0.0,,,,,,,,,,,,,,0,0,1,,
vochysia ferruginea,woody,tree,1.0,,,,,,,0.0,0.0,0.0,0.0,0.0,0.0,,,,,,,,,,,,,,0,0,1,,
vochysia guatemalensis,woody,tree,1.0,,,,,,,0.0,0.0,0.0,0.0,0.0,0.0,,,,,,,,,,,,,,0,0,1,,
voyria tenella,,,,,,,,,,,,,,,,,,,,,,,,27.0,6.518518518518518,1.037037037037037,9.110884444444444,-79.83342222222221,0,1,0,,
wahlenbergia albomarginata,non-woody,herb,6.0,,8.806402597666667,0.18879210233333335,,,,0.0,3.0,6.0,0.0,0.0,0.0,,,,,,,,,,,,,,0,0,1,,
waldheimia nivea,,,,,,,,,,,,,,,,2.0,6.5,37.88515406,0.630252101,0.070028011,99.159663865,34.2547515,77.628758,,,,,,1,0,0,,
waldheimia tomentosa,,,,,,,,,,,,,,,,5.0,2.75,15.9722222225,0.0,32.986111109999996,67.013888889,33.090301824,77.131704326,,,,,,1,0,0,,
waldheimia tridactylites,,,,,,,,,,,,,,,,3.0,1.0,100.0,100.0,0.0,0.0,33.10977913,77.39432602,,,,,,1,0,0,,
washingtonia filifera,woody,tree,1.0,,,,,,,0.0,0.0,0.0,0.0,0.0,0.0,,,,,,,,,,,,,,0,0,1,,
watsonia borbonica,non-woody,herb,3.0,,,,,,,0.0,0.0,0.0,0.0,0.0,0.0,,,,,,,,,,,,,,0,0,1,,
weigela suavis,,unspecified,1.0,,,,,,,0.0,0.0,0.0,0.0,0.0,0.0,,,,,,,,,,,,,,0,0,1,,
weinmannia elliptica,,,7.0,0.4092513752857143,23.484052291428572,0.3290834028571429,9.025385714285715,0.5756520263333333,,7.0,7.0,7.0,7.0,6.0,0.0,,,,,,,,,,,,,,0,0,1,-0.9111107732634108,-0.2974171249080792
weinmannia fagaroides,woody,,1.0,0.417,9.214338052,0.795364238,9.1599,,,1.0,1.0,1.0,1.0,0.0,0.0,,,,,,,,,,,,,,0,0,1,-2.66837748625435,-1.2804472194026977
weinmannia loxensis,,unspecified,2.0,,,,,,,0.0,0.0,0.0,0.0,0.0,0.0,,,,,,,,,,,,,,0,0,1,,
weinmannia magnifolia,,,1.0,0.5128,8.534897436,0.565217391,6.82508,0.391737835,,1.0,1.0,1.0,1.0,1.0,0.0,,,,,,,,,,,,,,0,0,1,-2.0375634405545315,-0.5035239635662215
weinmannia microphylla,,,10.0,0.38123780630000004,22.9485494987,0.4870321689,8.285709,0.37188888062500003,,10.0,10.0,10.0,10.0,8.0,0.0,,,,,,,,,,,,,,0,0,1,-1.5261241867154778,-0.7040605822209078
weinmannia ovata,,,1.0,0.3372,14.8007696,0.756,7.00205,,,1.0,1.0,1.0,1.0,0.0,0.0,,,,,,,,,,,,,,0,0,1,-2.6245806776111884,-1.3753795774879705
weinmannia silvicola,,unspecified,10.0,0.38312,44.072685026,0.22687274870000002,9.8,,,10.0,10.0,10.0,10.0,0.0,0.0,,,,,,,,,,,,,,0,0,1,-0.345757258678555,-0.1817102007584099
welwitschia mirabilis,woody,shrub/tree,1.0,,,,,,,0.0,0.0,0.0,0.0,0.0,0.0,,,,,,,,,,,,,,0,0,1,,
wendlandia heynei,woody,tree,2.0,,,,,,,0.0,0.0,0.0,0.0,0.0,0.0,,,,,,,,,,,,,,0,0,1,,
wendlandia uvariifolia,,unspecified,1.0,0.22417,45.27,0.43,18.79,,78.0,1.0,1.0,1.0,1.0,0.0,1.0,,,,,,,,,,,,,,0,0,1,-0.3884251525754307,-1.1445923449821693
whipplea modesta,,,1.0,,,,,,,0.0,0.0,0.0,0.0,0.0,0.0,,,,,,,,,,,,,,0,0,1,,
willemetia stipitata,non-woody,herb,1.0,,,,,,,0.0,0.0,0.0,0.0,0.0,0.0,,,,,,,,,,,,,,0,0,1,,
withania frutescens,woody,shrub,1.0,0.3918,5.831896907,0.461331482,,,,1.0,1.0,1.0,0.0,0.0,0.0,,,,,,,,,,,,,,0,0,1,,
woodwardia japonica,non-woody,fern,4.0,,0.78260982775,,5.10658505275,0.55240224175,,0.0,4.0,0.0,4.0,4.0,0.0,,,,,,,,,,,,,,0,0,1,,
wulfenia carinthiaca,,,3.0,,,,,,,0.0,0.0,0.0,0.0,0.0,0.0,,,,,,,,,,,,,,0,0,1,,
wurfbainia villosa,non-woody,unspecified,1.0,0.231955556,187.4048069,0.133168538,14.848926,,,1.0,1.0,1.0,1.0,0.0,0.0,,,,,,,,,,,,,,0,0,1,1.346609480720244,-0.6510333133437395
wyethia amplexicaulis,non-woody,herb,4.0,,,,,,,0.0,0.0,0.0,0.0,0.0,0.0,,,,,,,,,,,,,,0,0,1,,
xanthisma gracile,non-woody,herb,4.0,,104.08772538,,12.77929187,,,0.0,3.0,0.0,1.0,0.0,0.0,,,,,,,,,,,,,,0,0,1,,
xanthisma spinulosum,non-woody,herb,6.0,0.3163,115.7175,0.106666667,,,,1.0,1.0,1.0,0.0,0.0,0.0,,,,,,,,,,,,,,0,0,1,,
xanthium strumarium,non-woody,herb,5.0,0.45453,,0.160897,,,,1.0,0.0,1.0,0.0,0.0,0.0,,,,,,,,,,,,,,0,0,1,,
xanthophyllum flavescens,woody,tree,5.0,0.7474666665,6.3742348035,0.465728513,8.445,0.45499999999999996,,4.0,4.0,4.0,4.0,4.0,0.0,,,,,,,,,,,,,,0,0,1,-1.635945046426268,0.28630770242307113
xanthophyllum tenue,,unspecified,4.0,0.43574999999999997,25.22925,0.28625,,,,4.0,4.0,4.0,0.0,0.0,0.0,,,,,,,,,,,,,,0,0,1,,
xanthorrhoea australis,woody,shrub,1.0,,,,,,,0.0,0.0,0.0,0.0,0.0,0.0,,,,,,,,,,,,,,0,0,1,,
xanthostemon aurantiacus,,,,,,,,,,,,,,,,2.0,5.5,0.751890386,0.110864745,0.0,55.017340385,-22.18222222,166.7316667,,,,,,1,0,0,,
xenostegia tridentata,non-woody,herb,1.0,,,,,,82.33,0.0,0.0,0.0,0.0,0.0,1.0,,,,,,,,,,,,,,0,0,1,,
xyris surinamensis,,,1.0,,,,,,,0.0,0.0,0.0,0.0,0.0,0.0,,,,,,,,,,,,,,0,0,1,,
yucca elata,woody,shrub/tree,4.0,,,,,,,0.0,0.0,0.0,0.0,0.0,0.0,,,,,,,,,,,,,,0,0,1,,
yucca glauca,non-woody/woody,herb/shrub,7.0,,,,,,,0.0,0.0,0.0,0.0,0.0,0.0,,,,,,,,,,,,,,0,0,1,,
yucca schidigera,woody,shrub,3.0,,,,,,,0.0,0.0,0.0,0.0,0.0,0.0,,,,,,,,,,,,,,0,0,1,,
zabelia biflora,woody,shrub,1.0,0.5292,30.94705706,0.146696035,19.14759733,,,1.0,1.0,1.0,1.0,0.0,0.0,,,,,,,,,,,,,,0,0,1,0.4832639237538805,0.261224409423998
zamia lucayana,,,4.0,0.327513889,58.8724502,0.21967511933333336,2.521669427,,,3.0,3.0,3.0,3.0,0.0,0.0,,,,,,,,,,,,,,0,0,1,-0.7249304278891978,-0.23521418577165432
zanthoxylum americanum,woody,shrub,2.0,,,,,,,0.0,0.0,0.0,0.0,0.0,0.0,,,,,,,,,,,,,,0,0,1,,
zanthoxylum avicennae,woody,shrub,6.0,,,,15.6,0.42,,0.0,0.0,0.0,6.0,6.0,0.0,,,,,,,,,,,,,,0,0,1,,
zanthoxylum fagara,woody,shrub,6.0,,,,,,,0.0,0.0,0.0,0.0,0.0,0.0,,,,,,,,,,,,,,0,0,1,,
zanthoxylum monogynum,woody,shrub/tree,30.0,,,,,,,0.0,0.0,0.0,0.0,0.0,0.0,,,,,,,,,,,,,,0,0,1,,
zanthoxylum rigidum,woody,tree,1.0,,,,,,,0.0,0.0,0.0,0.0,0.0,0.0,,,,,,,,,,,,,,0,0,1,,
zea mays,non-woody,graminoid,102.0,,,,16.5,,73.71382011450001,0.0,0.0,0.0,2.0,0.0,20.0,,,,,,,,,126.0,995.5079365079365,1.9841269841269842,42.32861904761905,-60.68333333333334,0,1,1,,
zilla macroptera,,,2.0,,,,,,,0.0,0.0,0.0,0.0,0.0,0.0,,,,,,,,,,,,,,0,0,1,,
zilla spinosa,,,2.0,,,,,,,0.0,0.0,0.0,0.0,0.0,0.0,,,,,,,,,,,,,,0,0,1,,
zinnia acerosa,,,2.0,,,,,,,0.0,0.0,0.0,0.0,0.0,0.0,,,,,,,,,,,,,,0,0,1,,
zinnia elegans,non-woody,herb,1.0,,,,,,,0.0,0.0,0.0,0.0,0.0,0.0,,,,,,,,,,,,,,0,0,1,,
zinnia grandiflora,,unspecified,2.0,,,,,,,0.0,0.0,0.0,0.0,0.0,0.0,,,,,,,,,,,,,,0,0,1,,
zinnia peruviana,non-woody,herb,2.0,,43.98,0.136,8.3,,39.0,0.0,1.0,1.0,1.0,0.0,1.0,,,,,,,,,,,,,,0,0,1,,
zizia aurea,non-woody,herb,2.0,0.3105,100.0,0.1313715,,,,2.0,1.0,2.0,0.0,0.0,0.0,,,,,,,,,,,,,,0,0,1,,
ziziphora pamiroalaica,,unspecified,2.0,,,,,,,0.0,0.0,0.0,0.0,0.0,0.0,,,,,,,,,,,,,,0,0,1,,
ziziphora pedicellata,,unspecified,1.0,,,,,,,0.0,0.0,0.0,0.0,0.0,0.0,,,,,,,,,,,,,,0,0,1,,
ziziphora puschkinii,,unspecified,2.0,,,,,,,0.0,0.0,0.0,0.0,0.0,0.0,,,,,,,,,,,,,,0,0,1,,
ziziphus abyssinica,woody,shrub/tree,2.0,,,,,,,0.0,0.0,0.0,0.0,0.0,0.0,,,,,,,,,,,,,,0,0,1,,
ziziphus jujuba,woody,shrub/tree,3.0,,,,,,,0.0,0.0,0.0,0.0,0.0,0.0,,,,,,,,,,,,,,0,0,1,,
ziziphus lotus,woody,,1.0,,,,,,,0.0,0.0,0.0,0.0,0.0,0.0,,,,,,,,,,,,,,0,0,1,,
ziziphus mauritiana,woody,shrub/tree,1.0,,,,,,,0.0,0.0,0.0,0.0,0.0,0.0,,,,,,,,,,,,,,0,0,1,,
ziziphus mucronata,woody,shrub/tree,2.0,,,,,,,0.0,0.0,0.0,0.0,0.0,0.0,,,,,,,,,,,,,,0,0,1,,
ziziphus nummularia,,,1.0,,,,,,,0.0,0.0,0.0,0.0,0.0,0.0,,,,,,,,,,,,,,0,0,1,,
zornia gibbosa,,unspecified,1.0,,,,,,87.95,0.0,0.0,0.0,0.0,0.0,1.0,,,,,,,,,,,,,,0,0,1,,
zuccagnia punctata,woody,shrub,1.0,,,,,,,0.0,0.0,0.0,0.0,0.0,0.0,,,,,,,,,,,,,,0,0,1,,
zygia inaequalis,,,1.0,0.367,26.16,0.362,,,,1.0,1.0,1.0,0.0,0.0,0.0,,,,,,,,,,,,,,0,0,1,,
zygophyllum album,,,2.0,,,,,,,0.0,0.0,0.0,0.0,0.0,0.0,,,,,,,,,,,,,,0,0,1,,
zygophyllum arabicum,,,1.0,,,,,,,0.0,0.0,0.0,0.0,0.0,0.0,,,,,,,,,,,,,,0,0,1,,
zygophyllum clavatum,non-woody/woody,herb/shrub,1.0,,,,,,,0.0,0.0,0.0,0.0,0.0,0.0,,,,,,,,,,,,,,0,0,1,,
zygophyllum coccineum,non-woody/woody,herb/shrub,1.0,,,,,,,0.0,0.0,0.0,0.0,0.0,0.0,,,,,,,,,,,,,,0,0,1,,
zygophyllum creticum,,,1.0,,,,,,,0.0,0.0,0.0,0.0,0.0,0.0,,,,,,,,,,,,,,0,0,1,,
zygophyllum dumosum,non-woody/woody,herb/shrub,9.0,,,,,,,0.0,0.0,0.0,0.0,0.0,0.0,,,,,,,,,,,,,,0,0,1,,
zygophyllum fabago,non-woody,herb,3.0,,,,,,,0.0,0.0,0.0,0.0,0.0,0.0,,,,,,,,,,,,,,0,0,1,,
zygophyllum molle,,,1.0,,,,,,,0.0,0.0,0.0,0.0,0.0,0.0,,,,,,,,,,,,,,0,0,1,,
zygophyllum pinnatum,,unspecified,1.0,,,,,,,0.0,0.0,0.0,0.0,0.0,0.0,,,,,,,,,,,,,,0,0,1,,
zygophyllum prismatocarpum,woody,shrub,2.0,,,,,,,0.0,0.0,0.0,0.0,0.0,0.0,,,,,,,,,,,,,,0,0,1,,
zygophyllum rosowii,non-woody,herb,1.0,,,,,,,0.0,0.0,0.0,0.0,0.0,0.0,,,,,,,,,,,,,,0,0,1,,
zygophyllum simplex,non-woody/woody,herb/shrub,1.0,,,,,,,0.0,0.0,0.0,0.0,0.0,0.0,,,,,,,,,,,,,,0,0,1,,
zygophyllum stapffii,,,1.0,,,,,,,0.0,0.0,0.0,0.0,0.0,0.0,,,,,,,,,,,,,,0,0,1,,
zygophyllum xanthoxylon,,,2.0,,,,,,,0.0,0.0,0.0,0.0,0.0,0.0,,,,,,,,,,,,,,0,0,1,,
zygophyllum xanthoxylum,non-woody/woody,herb/shrub,1.0,,12.13,,8.94,,,0.0,1.0,0.0,1.0,0.0,0.0,,,,,,,,,,,,,,0,0,1,,
zyziphus mauritiana,,,,,,,,,,,,,,,,,,,,,,,,1.0,1.0,1.0,-19.0223,34.1814,0,1,0,,
